<?xml version="1.0" encoding="UTF-8" standalone="yes"?>
<?xml-stylesheet type="text/xsl" href="frame.xsl"?>
<frame cBy="Shw" cDate="07/03/2001 07:31:37 PDT Tue" name="Accoutrements" ID="158" xsi:schemaLocation="../schema/frame.xsd" xmlns="http://framenet.icsi.berkeley.edu" xmlns:xsi="http://www.w3.org/2001/XMLSchema-instance">
    <definition>&lt;def-root&gt;A &lt;fen&gt;Wearer&lt;/fen&gt; wears accessories, which are made of  some &lt;fen&gt;Material&lt;/fen&gt; and may have a &lt;fen&gt;Style&lt;/fen&gt;.  Most of the accessories are non-essential (clothing) items. &lt;ex&gt;&lt;fex name="Wearer"&gt;She&lt;/fex&gt; wore &lt;fex name="Descriptor"&gt;a black&lt;/fex&gt; &lt;fex name="Material"&gt;velvet&lt;/fex&gt; &lt;t&gt;hat&lt;/t&gt; &lt;fex name="Body_location"&gt;on her head&lt;/fex&gt;.&lt;/ex&gt;&lt;/def-root&gt;</definition>
    <semType name="Artifact" ID="61"/>
    <FE bgColor="FF0000" fgColor="FFFFFF" coreType="Peripheral" cBy="Shw" cDate="07/03/2001 07:48:07 PDT Tue" abbrev="Wear" name="Wearer" ID="1283">
        <definition>&lt;def-root&gt;The &lt;fen&gt;Wearer&lt;/fen&gt; wears the &lt;fen&gt;Accoutrement&lt;/fen&gt;.
&lt;ex&gt;Why must you always wear &lt;fex name="Wearer"&gt;your&lt;/fex&gt; &lt;t&gt;helmet&lt;/t&gt; when I'm driving?&lt;/ex&gt;&lt;/def-root&gt;</definition>
    </FE>
    <FE bgColor="00BFFF" fgColor="FFFFFF" coreType="Peripheral" cBy="Shw" cDate="07/03/2001 08:00:37 PDT Tue" abbrev="Stl" name="Style" ID="1284">
        <definition>&lt;def-root&gt;This FE identifies  the &lt;fen&gt;Style&lt;/fen&gt; of the &lt;fen&gt;Accoutrement&lt;/fen&gt;. &lt;ex&gt;He wore &lt;fex name="Style"&gt;a Jacobean&lt;/fex&gt; &lt;t&gt;wig&lt;/t&gt;.&lt;/ex&gt;&lt;/def-root&gt;</definition>
    </FE>
    <FE bgColor="1E90FF" fgColor="FFFFFF" coreType="Peripheral" cBy="Shw" cDate="07/03/2001 08:01:50 PDT Tue" abbrev="Mat" name="Material" ID="1285">
        <definition>&lt;def-root&gt;This FE identifies the &lt;fen&gt;Material&lt;/fen&gt; from which the &lt;fen&gt;Accoutrement&lt;/fen&gt; is made.&lt;ex&gt;He wore a &lt;fex name="Material"&gt;gold&lt;/fex&gt; &lt;t&gt;watch&lt;/t&gt;.&lt;/ex&gt;&lt;/def-root&gt;</definition>
    </FE>
    <FE bgColor="0000FF" fgColor="FFFFFF" coreType="Core" cBy="ACW" cDate="07/31/2001 03:25:43 PDT Tue" abbrev="Acout" name="Accoutrement" ID="1554">
        <definition>&lt;def-root&gt;This FE identifies  the &lt;fen&gt;Accoutrement&lt;/fen&gt;. &lt;ex&gt;She wore a &lt;fex name="Acout"&gt;tiara&lt;/fex&gt;.&lt;/ex&gt;&lt;/def-root&gt;</definition>
        <semType name="Artifact" ID="61"/>
    </FE>
    <FE bgColor="9400D3" fgColor="FFFFFF" coreType="Peripheral" cBy="ACW" cDate="07/31/2001 05:07:11 PDT Tue" abbrev="Desc" name="Descriptor" ID="1555">
        <definition>&lt;def-root&gt;This FE identifies a characteristic or description of the &lt;fen&gt;Accoutrement&lt;/fen&gt;. &lt;ex&gt;Kim wore &lt;fex name="Desc"&gt;an exquisite&lt;/fex&gt; &lt;t&gt;tiara&lt;/t&gt;.&lt;/ex&gt;&lt;/def-root&gt;</definition>
    </FE>
    <FE bgColor="800080" fgColor="FFFFFF" coreType="Peripheral" cBy="ACW" cDate="08/02/2001 10:39:48 PDT Thu" abbrev="Use" name="Use" ID="1557">
        <definition>&lt;def-root&gt;This FE identifies the purpose for which an &lt;fen&gt;Accoutrement&lt;/fen&gt; is worn or made.

&lt;ex&gt;She was wearing &lt;fex name="Use"&gt;reading&lt;/fex&gt; &lt;t&gt;glasses&lt;/t&gt;.&lt;/ex&gt;&lt;/def-root&gt;</definition>
    </FE>
    <FE bgColor="00008B" fgColor="FFFFFF" coreType="Peripheral" cBy="Shw" cDate="08/02/2001 12:02:48 PDT Thu" abbrev="Part" name="Part" ID="1558">
        <definition>&lt;def-root&gt;This FE identifies a part of the &lt;fen&gt;Accoutrement&lt;/fen&gt;. &lt;ex&gt;He bought a leather &lt;t&gt;cap&lt;/t&gt; &lt;fex name="Part"&gt;with sheepskin flaps&lt;/fex&gt;.&lt;/ex&gt;&lt;/def-root&gt;</definition>
    </FE>
    <FE bgColor="008000" fgColor="FFFFFF" coreType="Peripheral" cBy="KCo" cDate="05/01/2002 11:32:03 PDT Wed" abbrev="Body_loc" name="Body_location" ID="2724">
        <definition>&lt;def-root&gt;This FE identifies the place on the body where a particular &lt;fen&gt;Accoutrement&lt;/fen&gt; is located.
&lt;ex&gt;Tess wore a single &lt;t&gt;ring&lt;/t&gt; &lt;fex name="Body_loc"&gt;in her left nostril&lt;/fex&gt;.&lt;/ex&gt;&lt;/def-root&gt;</definition>
        <semType name="Locative_relation" ID="182"/>
    </FE>
    <FE bgColor="006400" fgColor="FFFFFF" coreType="Peripheral" cBy="MJE" cDate="11/15/2004 11:45:57 PST Mon" abbrev="cre" name="Creator" ID="7226">
        <definition>&lt;def-root&gt;The individual or group who created the &lt;fen&gt;Accoutrement&lt;/fen&gt;.

&lt;ex&gt;We found this &lt;fex name="cre"&gt;Chinese&lt;/fex&gt; &lt;t&gt;anklet&lt;/t&gt; two layers below Tel-Wilaya 3.&lt;/ex&gt;
&lt;ex&gt;&lt;fex name="cre"&gt;De Beers&lt;/fex&gt; &lt;t&gt;jewelry&lt;/t&gt; is justly famous.&lt;/ex&gt;&lt;/def-root&gt;</definition>
    </FE>
    <FE bgColor="FFA500" fgColor="FFFFFF" coreType="Peripheral" cBy="MJE" cDate="11/15/2004 11:58:11 PST Mon" abbrev="tim" name="Time_of_creation" ID="7227">
        <definition>&lt;def-root&gt;The time at which the &lt;fen&gt;Accoutrement&lt;/fen&gt; was created.

&lt;ex&gt;What was a &lt;fex name="tim"&gt;17th century&lt;/fex&gt; &lt;t&gt;brooch&lt;/t&gt; doing in her attic?&lt;/ex&gt;&lt;/def-root&gt;</definition>
    </FE>
    <FE bgColor="FF69B4" fgColor="FFFFFF" coreType="Peripheral" cBy="MJE" cDate="11/15/2004 12:00:43 PST Mon" abbrev="nam" name="Name" ID="7228">
        <definition>&lt;def-root&gt;A name given to an individual &lt;fen&gt;Accoutrement&lt;/fen&gt; to distinguish it from all other objects.

&lt;ex&gt;The &lt;t&gt;ring&lt;/t&gt; &lt;fex name="nam"&gt;Narya&lt;/fex&gt; was passed to Gandalf.&lt;/ex&gt;&lt;/def-root&gt;</definition>
    </FE>
    <frameRelation type="Inherits from">
        <relatedFrame ID="421">Artifact</relatedFrame>
    </frameRelation>
    <frameRelation type="Is Inherited by"/>
    <frameRelation type="Perspective on"/>
    <frameRelation type="Is Perspectivized in"/>
    <frameRelation type="Uses"/>
    <frameRelation type="Is Used by">
        <relatedFrame ID="160">Wearing</relatedFrame>
        <relatedFrame ID="1210">Undressing</relatedFrame>
        <relatedFrame ID="1211">Dressing</relatedFrame>
    </frameRelation>
    <frameRelation type="Subframe of"/>
    <frameRelation type="Has Subframe(s)"/>
    <frameRelation type="Precedes"/>
    <frameRelation type="Is Preceded by"/>
    <frameRelation type="Is Inchoative of"/>
    <frameRelation type="Is Causative of"/>
    <frameRelation type="See also"/>
    <lexUnit status="Finished_Initial" incorporatedFE="Accoutrement" POS="N" name="regalia.n" ID="3056" lemmaID="32375" cBy="Shw" cDate="07/13/2001 03:23:13 PDT Fri">
        <definition>COD: the insignia of royalty, especially the crown and other ornaments used at a coronation. </definition>
        <sentenceCount annotated="15" total="69"/>
        <lexeme order="1" headword="false" breakBefore="false" POS="N" name="regalia"/>
    </lexUnit>
    <lexUnit status="Finished_Initial" incorporatedFE="Accoutrement" POS="N" name="anklet.n" ID="3358" lemmaID="1449" cBy="Shw" cDate="07/30/2001 01:53:38 PDT Mon">
        <definition>COD: an ornament worn round an ankle. </definition>
        <sentenceCount annotated="7" total="15"/>
        <lexeme order="1" headword="false" breakBefore="false" POS="N" name="anklet"/>
    </lexUnit>
    <lexUnit status="Finished_Initial" incorporatedFE="Accoutrement" POS="N" name="ring.n" ID="3359" lemmaID="33294" cBy="Shw" cDate="07/30/2001 01:54:42 PDT Mon">
        <definition>COD: a small circular band, typically of precious metal, worn on a finger as an ornament or as a token of marriage or engagement. [Jewellery] </definition>
        <sentenceCount annotated="24" total="336"/>
        <lexeme order="1" headword="false" breakBefore="false" POS="N" name="ring"/>
    </lexUnit>
    <lexUnit status="Finished_Initial" incorporatedFE="Accoutrement" POS="N" name="earring.n" ID="3360" lemmaID="12097" cBy="Shw" cDate="07/30/2001 02:01:23 PDT Mon">
        <definition>COD: a piece of jewellery worn on the lobe or edge of the ear. </definition>
        <sentenceCount annotated="20" total="181"/>
        <lexeme order="1" headword="false" breakBefore="false" POS="N" name="earring"/>
    </lexUnit>
    <lexUnit status="Finished_Initial" incorporatedFE="Accoutrement" POS="N" name="jewellery.n" ID="3362" lemmaID="20941" cBy="Shw" cDate="07/30/2001 02:05:42 PDT Mon">
        <definition>COD: mass noun personal ornaments, such as necklaces, rings, or bracelets, that are made from or contain jewels and precious metal. </definition>
        <sentenceCount annotated="40" total="352"/>
        <lexeme order="1" headword="false" breakBefore="false" POS="N" name="jewelry"/>
    </lexUnit>
    <lexUnit status="Finished_Initial" incorporatedFE="Accoutrement" POS="N" name="necklace.n" ID="3363" lemmaID="25586" cBy="Shw" cDate="07/30/2001 02:06:55 PDT Mon">
        <definition>COD: an ornamental chain or string of beads, jewels, or links worn round the neck.</definition>
        <sentenceCount annotated="40" total="196"/>
        <lexeme order="1" headword="false" breakBefore="false" POS="N" name="necklace"/>
    </lexUnit>
    <lexUnit status="Finished_Initial" incorporatedFE="Accoutrement" POS="N" name="bangle.n" ID="3364" lemmaID="2814" cBy="Shw" cDate="07/30/2001 02:07:47 PDT Mon">
        <definition>COD: a rigid ornamental band worn around the arm. </definition>
        <sentenceCount annotated="7" total="44"/>
        <lexeme order="1" headword="false" breakBefore="false" POS="N" name="bangle"/>
    </lexUnit>
    <lexUnit status="Finished_Initial" incorporatedFE="Accoutrement" POS="N" name="bracelet.n" ID="3365" lemmaID="4388" cBy="Shw" cDate="07/30/2001 02:08:55 PDT Mon">
        <definition>COD: an ornamental band or chain worn on the wrist or arm. [Jewellery] </definition>
        <sentenceCount annotated="32" total="148"/>
        <lexeme order="1" headword="false" breakBefore="false" POS="N" name="bracelet"/>
    </lexUnit>
    <lexUnit status="Finished_Initial" incorporatedFE="Accoutrement" POS="N" name="coronet.n" ID="3366" lemmaID="8407" cBy="Shw" cDate="07/30/2001 02:16:35 PDT Mon">
        <definition>FN: a small crown, sometimes of flowers, used for decorating the head</definition>
        <sentenceCount annotated="6" total="44"/>
        <lexeme order="1" headword="false" breakBefore="false" POS="N" name="coronet"/>
    </lexUnit>
    <lexUnit status="Finished_Initial" incorporatedFE="Accoutrement" POS="N" name="crown.n" ID="3367" lemmaID="9096" cBy="Shw" cDate="07/30/2001 02:22:43 PDT Mon">
        <definition>COD: a circular ornamental headdress worn by a monarch as a symbol of authority. </definition>
        <sentenceCount annotated="17" total="234"/>
        <lexeme order="1" headword="false" breakBefore="false" POS="N" name="crown"/>
    </lexUnit>
    <lexUnit status="Finished_Initial" incorporatedFE="Accoutrement" POS="N" name="brooch.n" ID="3368" lemmaID="4703" cBy="Shw" cDate="07/30/2001 02:27:09 PDT Mon">
        <definition>COD: an ornament fastened to clothing with a hinged pin and catch. </definition>
        <sentenceCount annotated="20" total="125"/>
        <lexeme order="1" headword="false" breakBefore="false" POS="N" name="brooch"/>
    </lexUnit>
    <lexUnit status="Finished_Initial" incorporatedFE="Accoutrement" POS="N" name="tiara.n" ID="3370" lemmaID="40355" cBy="Shw" cDate="07/30/2001 02:35:57 PDT Mon">
        <definition>COD: a.a jewelled ornamental band worn on the front of a woman's hair</definition>
        <sentenceCount annotated="10" total="32"/>
        <lexeme order="1" headword="false" breakBefore="false" POS="N" name="tiara"/>
    </lexUnit>
    <lexUnit status="Finished_Initial" incorporatedFE="Accoutrement" POS="N" name="circlet.n" ID="3371" lemmaID="6547" cBy="Shw" cDate="07/30/2001 02:52:02 PDT Mon">
        <definition>COD: an ornamental circular band worn on the head. </definition>
        <sentenceCount annotated="7" total="30"/>
        <lexeme order="1" headword="false" breakBefore="false" POS="N" name="circlet"/>
    </lexUnit>
    <lexUnit status="Finished_Initial" incorporatedFE="Accoutrement" POS="N" name="diadem.n" ID="3372" lemmaID="10545" cBy="Shw" cDate="07/30/2001 02:52:41 PDT Mon">
        <definition>COD: a jewelled crown or headband worn as a symbol of sovereignty. </definition>
        <sentenceCount annotated="4" total="19"/>
        <lexeme order="1" headword="false" breakBefore="false" POS="N" name="diadem"/>
    </lexUnit>
    <lexUnit status="Finished_Initial" incorporatedFE="Accoutrement" POS="N" name="chain.n" ID="3373" lemmaID="5986" cBy="Shw" cDate="07/30/2001 02:54:20 PDT Mon">
        <definition>COD: a connected flexible series of metal links used for fastening, pulling, etc., or in jewellery. </definition>
        <sentenceCount annotated="22" total="263"/>
        <lexeme order="1" headword="false" breakBefore="false" POS="N" name="chain"/>
    </lexUnit>
    <lexUnit status="Finished_Initial" incorporatedFE="Accoutrement" POS="N" name="locket.n" ID="3374" lemmaID="22625" cBy="Shw" cDate="07/30/2001 02:55:31 PDT Mon">
        <definition>COD: a small ornamental case worn round a person's neck on a chain and used to hold things of sentimental value. </definition>
        <sentenceCount annotated="10" total="58"/>
        <lexeme order="1" headword="false" breakBefore="false" POS="N" name="locket"/>
    </lexUnit>
    <lexUnit status="Finished_Initial" incorporatedFE="Accoutrement" POS="N" name="pendant.n" ID="3375" lemmaID="28303" cBy="Shw" cDate="07/30/2001 02:56:03 PDT Mon">
        <definition>COD: a piece of jewellery that hangs from a necklace chain.</definition>
        <sentenceCount annotated="15" total="102"/>
        <lexeme order="1" headword="false" breakBefore="false" POS="N" name="pendant"/>
    </lexUnit>
    <lexUnit status="Finished_Initial" incorporatedFE="Accoutrement" POS="N" name="wig.n" ID="3376" lemmaID="44149" cBy="Shw" cDate="07/30/2001 03:00:49 PDT Mon">
        <definition>COD: a covering for the head made of real or artificial hair. </definition>
        <sentenceCount annotated="21" total="174"/>
        <lexeme order="1" headword="false" breakBefore="false" POS="N" name="wig"/>
    </lexUnit>
    <lexUnit status="Finished_Initial" incorporatedFE="Accoutrement" POS="N" name="toupee.n" ID="3377" lemmaID="40841" cBy="Shw" cDate="07/30/2001 03:01:48 PDT Mon">
        <definition>COD: a small wig or artificial hairpiece worn to cover a bald spot. </definition>
        <sentenceCount annotated="5" total="19"/>
        <lexeme order="1" headword="false" breakBefore="false" POS="N" name="toupee"/>
    </lexUnit>
    <lexUnit status="Finished_Initial" incorporatedFE="Accoutrement" POS="N" name="cufflink.n" ID="3399" lemmaID="45023" cBy="Shw" cDate="07/31/2001 04:32:45 PDT Tue">
        <definition>COD: a device for fastening together the sides of a shirt cuff, passed through a hole in each side of the cuff.</definition>
        <sentenceCount annotated="6" total="21"/>
        <lexeme order="1" headword="false" breakBefore="false" POS="N" name="cufflink"/>
    </lexUnit>
    <lexUnit status="Finished_Initial" incorporatedFE="Accoutrement" POS="N" name="glasses.n" ID="3429" lemmaID="16307" cBy="Shw" cDate="08/01/2001 02:15:31 PDT Wed">
        <definition>COD: a pair of lenses set in a frame that rests on the nose and ears, used to correct or assist defective eyesight. </definition>
        <sentenceCount annotated="34" total="339"/>
        <lexeme order="1" headword="false" breakBefore="false" POS="N" name="glasses"/>
    </lexUnit>
    <lexUnit status="Finished_Initial" incorporatedFE="Accoutrement" POS="N" name="spectacles.n" ID="3430" lemmaID="37244" cBy="Shw" cDate="08/01/2001 02:15:57 PDT Wed">
        <definition>COD: Brit. a pair of glasses. </definition>
        <sentenceCount annotated="64" total="256"/>
        <lexeme order="1" headword="false" breakBefore="false" POS="N" name="spectacles"/>
    </lexUnit>
    <lexUnit status="Finished_Initial" incorporatedFE="Accoutrement" POS="N" name="hat.n" ID="3432" lemmaID="17538" cBy="Shw" cDate="08/01/2001 02:17:14 PDT Wed">
        <definition>COD: a shaped covering for the head, typically with a brim and a crown. </definition>
        <sentenceCount annotated="44" total="360"/>
        <lexeme order="1" headword="false" breakBefore="false" POS="N" name="hat"/>
    </lexUnit>
    <lexUnit status="Finished_Initial" incorporatedFE="Accoutrement" POS="N" name="hat-pin.n" ID="3433" lemmaID="17554" cBy="Shw" cDate="08/01/2001 02:17:47 PDT Wed">
        <definition>COD: a long pin used to hold a woman's hat in position.  (listed as hatpin)</definition>
        <sentenceCount annotated="5" total="9"/>
        <lexeme order="1" headword="false" breakBefore="false" POS="N" name="hat-pin"/>
    </lexUnit>
    <lexUnit status="Finished_Initial" incorporatedFE="Accoutrement" POS="N" name="cap.n" ID="3435" lemmaID="5426" cBy="Shw" cDate="08/01/2001 02:18:41 PDT Wed">
        <definition>COD: a soft, flat hat without a brim and usually with a peak. </definition>
        <sentenceCount annotated="40" total="397"/>
        <lexeme order="1" headword="false" breakBefore="false" POS="N" name="cap"/>
    </lexUnit>
    <lexUnit status="Finished_Initial" incorporatedFE="Accoutrement" POS="N" name="bonnet.n" ID="3436" lemmaID="4135" cBy="Shw" cDate="08/01/2001 02:18:57 PDT Wed">
        <definition>COD: a woman's or child's hat tied under the chin and with a brim framing the face. </definition>
        <sentenceCount annotated="26" total="143"/>
        <lexeme order="1" headword="false" breakBefore="false" POS="N" name="bonnet"/>
    </lexUnit>
    <lexUnit status="Finished_Initial" incorporatedFE="Accoutrement" POS="N" name="mask.n" ID="3437" lemmaID="23596" cBy="Shw" cDate="08/01/2001 02:19:22 PDT Wed">
        <definition>COD: a covering for all or part of the face, worn as a disguise, for protection or hygiene, or for theatrical effect. </definition>
        <sentenceCount annotated="15" total="134"/>
        <lexeme order="1" headword="false" breakBefore="false" POS="N" name="mask"/>
    </lexUnit>
    <lexUnit status="Finished_Initial" incorporatedFE="Accoutrement" POS="N" name="bandanna.n" ID="3438" lemmaID="2789" cBy="Shw" cDate="08/01/2001 02:20:47 PDT Wed">
        <definition>COD: a large coloured handkerchief or neckerchief. </definition>
        <sentenceCount annotated="5" total="14"/>
        <lexeme order="1" headword="false" breakBefore="false" POS="N" name="bandana"/>
    </lexUnit>
    <lexUnit status="Finished_Initial" incorporatedFE="Accoutrement" POS="N" name="headband.n" ID="3439" lemmaID="17628" cBy="Shw" cDate="08/01/2001 02:21:10 PDT Wed">
        <definition>COD: a band of fabric worn around the head as a decoration or to keep the hair of</definition>
        <sentenceCount annotated="10" total="53"/>
        <lexeme order="1" headword="false" breakBefore="false" POS="N" name="headband"/>
    </lexUnit>
    <lexUnit status="Finished_Initial" incorporatedFE="Accoutrement" POS="N" name="hairpiece.n" ID="3440" lemmaID="17225" cBy="Shw" cDate="08/01/2001 02:21:54 PDT Wed">
        <definition>COD: a patch or bunch of false hair used to augment a person's natural hair. </definition>
        <sentenceCount annotated="6" total="9"/>
        <lexeme order="1" headword="false" breakBefore="false" POS="N" name="hairpiece"/>
    </lexUnit>
    <lexUnit status="Finished_Initial" incorporatedFE="Accoutrement" POS="N" name="fez.n" ID="3442" lemmaID="14245" cBy="Shw" cDate="08/01/2001 02:23:36 PDT Wed">
        <definition>COD: pl. fezzes a flat-topped conical red hat with a black tassel on top, worn by men in some Muslim countries. </definition>
        <sentenceCount annotated="5" total="18"/>
        <lexeme order="1" headword="false" breakBefore="false" POS="N" name="fez"/>
    </lexUnit>
    <lexUnit status="Finished_Initial" incorporatedFE="Accoutrement" POS="N" name="skullcap.n" ID="3443" lemmaID="45037" cBy="Shw" cDate="08/01/2001 02:25:07 PDT Wed">
        <definition>COD: a small close-fitting peakless cap or protective helmet. </definition>
        <sentenceCount annotated="5" total="11"/>
        <lexeme order="1" headword="false" breakBefore="false" POS="N" name="skullcap"/>
    </lexUnit>
    <lexUnit status="Finished_Initial" incorporatedFE="Accoutrement" POS="N" name="top-hat.n" ID="3444" lemmaID="45038" cBy="Shw" cDate="08/01/2001 02:29:33 PDT Wed">
        <definition>COD: a man's formal hat with a high cylindrical crown.  (listed as top hat)</definition>
        <sentenceCount annotated="5" total="6"/>
        <lexeme order="1" headword="false" breakBefore="false" POS="N" name="top-hat"/>
    </lexUnit>
    <lexUnit status="Finished_Initial" incorporatedFE="Accoutrement" POS="N" name="accoutrement.n" ID="3445" lemmaID="45039" cBy="Shw" cDate="08/01/2001 02:39:41 PDT Wed">
        <definition>COD: an additional item of dress or equipment. </definition>
        <sentenceCount annotated="8" total="34"/>
        <lexeme order="1" headword="false" breakBefore="false" POS="N" name="accoutrement"/>
    </lexUnit>
    <lexUnit status="Insufficient_Attestations" incorporatedFE="Accoutrement" POS="N" name="yarmulkah.n" ID="3446" lemmaID="45040" cBy="Shw" cDate="08/01/2001 02:42:25 PDT Wed">
        <definition>COD: a skullcap worn in public by Orthodox Jewish men or during prayer by other Jewish men.  (listed as yarmulke)</definition>
        <sentenceCount annotated="1" total="2"/>
        <lexeme order="1" headword="false" breakBefore="false" POS="N" name="yarmulkah"/>
    </lexUnit>
    <lexUnit status="Finished_Initial" incorporatedFE="Accoutrement" POS="N" name="balaclava.n" ID="3447" lemmaID="2716" cBy="Shw" cDate="08/01/2001 02:43:11 PDT Wed">
        <definition>COD: a close-fitting woollen hat covering the whole head and encircling the neck. </definition>
        <sentenceCount annotated="13" total="43"/>
        <lexeme order="1" headword="false" breakBefore="false" POS="N" name="balaclava"/>
    </lexUnit>
    <lexUnit status="Finished_Initial" incorporatedFE="Accoutrement" POS="N" name="beret.n" ID="3448" lemmaID="3407" cBy="Shw" cDate="08/01/2001 02:43:26 PDT Wed">
        <definition>COD: a round flattish cap of felt or cloth. </definition>
        <sentenceCount annotated="26" total="100"/>
        <lexeme order="1" headword="false" breakBefore="false" POS="N" name="beret"/>
    </lexUnit>
    <lexUnit status="Finished_Initial" incorporatedFE="Accoutrement" POS="N" name="biretta.n" ID="3449" lemmaID="3658" cBy="Shw" cDate="08/01/2001 02:43:41 PDT Wed">
        <definition>COD: a square cap with three flat projections on top, worn by Roman Catholic clergymen.</definition>
        <sentenceCount annotated="5" total="23"/>
        <lexeme order="1" headword="false" breakBefore="false" POS="N" name="biretta"/>
    </lexUnit>
    <lexUnit status="Finished_Initial" incorporatedFE="Accoutrement" POS="N" name="boater.n" ID="3450" lemmaID="4014" cBy="Shw" cDate="08/01/2001 02:43:59 PDT Wed">
        <definition>COD: a flat-topped hardened straw hat with a brim. orig. worn while boating.</definition>
        <sentenceCount annotated="9" total="44"/>
        <lexeme order="1" headword="false" breakBefore="false" POS="N" name="boater"/>
    </lexUnit>
    <lexUnit status="Finished_Initial" incorporatedFE="Accoutrement" POS="N" name="bowler.n" ID="3451" lemmaID="4349" cBy="Shw" cDate="08/01/2001 02:44:20 PDT Wed">
        <definition>COD: a man's hard felt hat with a round dome-shaped crown. </definition>
        <sentenceCount annotated="7" total="166"/>
        <lexeme order="1" headword="false" breakBefore="false" POS="N" name="bowler"/>
    </lexUnit>
    <lexUnit status="Finished_Initial" incorporatedFE="Accoutrement" POS="N" name="nightcap.n" ID="3452" lemmaID="25842" cBy="Shw" cDate="08/01/2001 02:44:37 PDT Wed">
        <definition>COD: historical a cap worn in bed. </definition>
        <sentenceCount annotated="5" total="45"/>
        <lexeme order="1" headword="false" breakBefore="false" POS="N" name="nightcap"/>
    </lexUnit>
    <lexUnit status="Finished_Initial" incorporatedFE="Accoutrement" POS="N" name="panama.n" ID="3453" lemmaID="27641" cBy="Shw" cDate="08/01/2001 02:44:57 PDT Wed">
        <definition>COD: a man's wide-brimmed hat of straw-like material, originally made from the leaves of a tropical palm tree. </definition>
        <sentenceCount annotated="8" total="29"/>
        <lexeme order="1" headword="false" breakBefore="false" POS="N" name="panama"/>
    </lexUnit>
    <lexUnit status="Finished_Initial" incorporatedFE="Accoutrement" POS="N" name="sombrero.n" ID="3454" lemmaID="36912" cBy="Shw" cDate="08/01/2001 02:45:17 PDT Wed">
        <definition>COD: .pl. -os a broad-brimmed felt or straw hat, typically worn in Mexico and the south-western US. </definition>
        <sentenceCount annotated="6" total="40"/>
        <lexeme order="1" headword="false" breakBefore="false" POS="N" name="sombrero"/>
    </lexUnit>
    <lexUnit status="Finished_Initial" incorporatedFE="Accoutrement" POS="N" name="trilby.n" ID="3456" lemmaID="41231" cBy="Shw" cDate="08/01/2001 02:46:03 PDT Wed">
        <definition>COD: pl. -ies chiefly Brit. a soft felt hat with a narrow brim and indented crown. </definition>
        <sentenceCount annotated="10" total="52"/>
        <lexeme order="1" headword="false" breakBefore="false" POS="N" name="trilby"/>
    </lexUnit>
    <lexUnit status="Finished_Initial" incorporatedFE="Accoutrement" POS="N" name="turban.n" ID="3457" lemmaID="41499" cBy="Shw" cDate="08/01/2001 02:46:54 PDT Wed">
        <definition>COD: a man's headdress, consisting of a long length of material wound round a cap or the head, worn especially by Muslims and Sikhs.</definition>
        <sentenceCount annotated="12" total="72"/>
        <lexeme order="1" headword="false" breakBefore="false" POS="N" name="turban"/>
    </lexUnit>
    <lexUnit status="Finished_Initial" incorporatedFE="Accoutrement" POS="N" name="shako.n" ID="3458" lemmaID="45041" cBy="Shw" cDate="08/01/2001 02:51:53 PDT Wed">
        <definition>COD: a cylindrical or conical military hat with a peak and a plume or pompom. </definition>
        <sentenceCount annotated="5" total="12"/>
        <lexeme order="1" headword="false" breakBefore="false" POS="N" name="shako"/>
    </lexUnit>
    <lexUnit status="Finished_Initial" incorporatedFE="Accoutrement" POS="N" name="veil.n" ID="3459" lemmaID="42783" cBy="Shw" cDate="08/01/2001 02:53:40 PDT Wed">
        <definition>COD: a piece of fine material worn to protect or conceal the face</definition>
        <sentenceCount annotated="40" total="182"/>
        <lexeme order="1" headword="false" breakBefore="false" POS="N" name="veil"/>
    </lexUnit>
    <lexUnit status="Finished_Initial" incorporatedFE="Accoutrement" POS="N" name="headdress.n" ID="3460" lemmaID="17631" cBy="Shw" cDate="08/01/2001 02:57:53 PDT Wed">
        <definition>COD: an ornamental covering for the head, especially one worn on ceremonial occasions. </definition>
        <sentenceCount annotated="13" total="52"/>
        <lexeme order="1" headword="false" breakBefore="false" POS="N" name="headdress"/>
    </lexUnit>
    <lexUnit status="Finished_Initial" incorporatedFE="Accoutrement" POS="N" name="headpiece.n" ID="3461" lemmaID="17652" cBy="Shw" cDate="08/01/2001 02:59:15 PDT Wed">
        <definition>COD: a device worn on the head. </definition>
        <sentenceCount annotated="5" total="13"/>
        <lexeme order="1" headword="false" breakBefore="false" POS="N" name="headpiece"/>
    </lexUnit>
    <lexUnit status="Finished_Initial" incorporatedFE="Accoutrement" POS="N" name="belt.n" ID="3462" lemmaID="3336" cBy="Shw" cDate="08/01/2001 05:22:24 PDT Wed">
        <definition>COD: a strip of leather or other material worn around the waist to support or hold in clothes or to carry weapons.</definition>
        <sentenceCount annotated="34" total="345"/>
        <lexeme order="1" headword="false" breakBefore="false" POS="N" name="belt"/>
    </lexUnit>
    <lexUnit status="Finished_Initial" incorporatedFE="Accoutrement" POS="N" name="trinket.n" ID="3463" lemmaID="41256" cBy="Shw" cDate="08/01/2001 05:22:41 PDT Wed">
        <definition>COD: a small ornament or item of jewellery that is of little value. </definition>
        <sentenceCount annotated="8" total="59"/>
        <lexeme order="1" headword="false" breakBefore="false" POS="N" name="trinket"/>
    </lexUnit>
    <lexUnit status="Finished_Initial" incorporatedFE="Accoutrement" POS="N" name="choker.n" ID="3541" lemmaID="6408" cBy="Shw" cDate="08/02/2001 01:26:06 PDT Thu">
        <definition>COD: a close-fitting necklace or ornamental neckband. </definition>
        <sentenceCount annotated="7" total="25"/>
        <lexeme order="1" headword="false" breakBefore="false" POS="N" name="choker"/>
    </lexUnit>
    <lexUnit status="Finished_Initial" incorporatedFE="Accoutrement" POS="N" name="sporran.n" ID="3600" lemmaID="37475" cBy="Shw" cDate="08/03/2001 01:22:05 PDT Fri">
        <definition>COD: a small pouch worn around the waist so as to hang in front of the kilt as part of men's Scottish Highland dress. </definition>
        <sentenceCount annotated="4" total="10"/>
        <lexeme order="1" headword="false" breakBefore="false" POS="N" name="sporran"/>
    </lexUnit>
    <lexUnit status="Finished_Initial" incorporatedFE="Accoutrement" POS="N" name="snood.n" ID="3604" lemmaID="36668" cBy="Shw" cDate="08/03/2001 01:31:44 PDT Fri">
        <definition>COD: an ornamental hairnet or pouch worn over the hair at the back of a woman's head. </definition>
        <sentenceCount annotated="5" total="5"/>
        <lexeme order="1" headword="false" breakBefore="false" POS="N" name="snood"/>
    </lexUnit>
    <lexUnit status="Finished_Initial" incorporatedFE="Accoutrement" POS="N" name="hairnet.n" ID="3605" lemmaID="17223" cBy="Shw" cDate="08/03/2001 01:33:50 PDT Fri">
        <definition>COD: a fine mesh for confining the hair. </definition>
        <sentenceCount annotated="6" total="7"/>
        <lexeme order="1" headword="false" breakBefore="false" POS="N" name="hairnet"/>
    </lexUnit>
    <lexUnit status="Finished_Initial" incorporatedFE="Accoutrement" POS="N" name="hairslide.n" ID="3606" lemmaID="45064" cBy="Shw" cDate="08/03/2001 01:38:34 PDT Fri">
        <definition>COD: Brit. a clip for keeping a woman's hair in position. </definition>
        <sentenceCount annotated="6" total="8"/>
        <lexeme order="1" headword="false" breakBefore="false" POS="N" name="hairslide"/>
    </lexUnit>
    <lexUnit status="Finished_Initial" incorporatedFE="Accoutrement" POS="N" name="hairpin.n" ID="3608" lemmaID="17226" cBy="Shw" cDate="08/03/2001 02:01:38 PDT Fri">
        <definition>COD: a U-shaped pin for fastening the hair. </definition>
        <sentenceCount annotated="8" total="72"/>
        <lexeme order="1" headword="false" breakBefore="false" POS="N" name="hairpin"/>
    </lexUnit>
    <lexUnit status="Finished_Initial" incorporatedFE="Accoutrement" POS="N" name="hairband.n" ID="3609" lemmaID="45065" cBy="Shw" cDate="08/03/2001 02:10:31 PDT Fri">
        <definition>COD: a band for securing or tying back one's hair.</definition>
        <sentenceCount annotated="4" total="8"/>
        <lexeme order="1" headword="false" breakBefore="false" POS="N" name="hairband"/>
    </lexUnit>
    <lexUnit status="Insufficient_Attestations" incorporatedFE="Accoutrement" POS="N" name="hairgrip.n" ID="3610" lemmaID="17218" cBy="Shw" cDate="08/03/2001 02:16:29 PDT Fri">
        <definition>COD: Brit. a flat hairpin with the ends close together. </definition>
        <sentenceCount annotated="3" total="3"/>
        <lexeme order="1" headword="false" breakBefore="false" POS="N" name="hairgrip"/>
    </lexUnit>
    <lexUnit status="Finished_Initial" incorporatedFE="Accoutrement" POS="N" name="sash.n" ID="3611" lemmaID="34161" cBy="Shw" cDate="08/03/2001 02:35:45 PDT Fri">
        <definition>COD: a long strip or loop of cloth worn over one shoulder or round the waist. </definition>
        <sentenceCount annotated="28" total="86"/>
        <lexeme order="1" headword="false" breakBefore="false" POS="N" name="sash"/>
    </lexUnit>
    <lexUnit status="Finished_Initial" incorporatedFE="Accoutrement" POS="N" name="watch.n" ID="3612" lemmaID="43528" cBy="Shw" cDate="08/03/2001 02:37:46 PDT Fri">
        <definition>COD: a small timepiece worn typically on a strap on one's wrist. </definition>
        <sentenceCount annotated="33" total="344"/>
        <lexeme order="1" headword="false" breakBefore="false" POS="N" name="watch"/>
    </lexUnit>
    <lexUnit status="Finished_Initial" incorporatedFE="Accoutrement" POS="N" name="medal.n" ID="3613" lemmaID="23843" cBy="Shw" cDate="08/03/2001 02:40:45 PDT Fri">
        <definition>COD: a metal disc with an inscription or design, awarded to acknowledge distinctive achievement or made to commemorate an event. </definition>
        <sentenceCount annotated="41" total="283"/>
        <lexeme order="1" headword="false" breakBefore="false" POS="N" name="medal"/>
    </lexUnit>
    <lexUnit status="Finished_Initial" incorporatedFE="Accoutrement" POS="N" name="medallion.n" ID="3614" lemmaID="23844" cBy="Shw" cDate="08/03/2001 02:41:31 PDT Fri">
        <definition>COD: a piece of jewellery in the shape of a medal, worn as a pendant. </definition>
        <sentenceCount annotated="15" total="107"/>
        <lexeme order="1" headword="false" breakBefore="false" POS="N" name="medallion"/>
    </lexUnit>
    <lexUnit status="Finished_Initial" incorporatedFE="Accoutrement" POS="N" name="ribbon.n" ID="3615" lemmaID="33197" cBy="Shw" cDate="08/03/2001 02:42:37 PDT Fri">
        <definition>COD: a long, narrow strip of fabric, used for tying something or for decoration. </definition>
        <sentenceCount annotated="22" total="228"/>
        <lexeme order="1" headword="false" breakBefore="false" POS="N" name="ribbon"/>
    </lexUnit>
    <lexUnit status="Finished_Initial" incorporatedFE="Accoutrement" POS="N" name="badge.n" ID="3616" lemmaID="2665" cBy="Shw" cDate="08/03/2001 02:44:30 PDT Fri">
        <definition>COD: a small piece of metal, plastic, or cloth bearing a design or words, typically worn to identify a person or to indicate support for a cause. </definition>
        <sentenceCount annotated="48" total="259"/>
        <lexeme order="1" headword="false" breakBefore="false" POS="N" name="badge"/>
    </lexUnit>
    <lexUnit status="Finished_Initial" incorporatedFE="Accoutrement" POS="N" name="armband.n" ID="3617" lemmaID="45066" cBy="Shw" cDate="08/03/2001 02:46:33 PDT Fri">
        <definition>COD: a band worn around the upper arm to hold up a shirtsleeve or as a form of identification. </definition>
        <sentenceCount annotated="7" total="29"/>
        <lexeme order="1" headword="false" breakBefore="false" POS="N" name="armband"/>
    </lexUnit>
    <lexUnit status="Needs_SCs" incorporatedFE="Accoutrement" POS="N" name="armlet.n" ID="3618" lemmaID="1945" cBy="Shw" cDate="08/03/2001 02:50:33 PDT Fri">
        <definition>COD: a bracelet worn round the upper arm. </definition>
        <sentenceCount annotated="3" total="4"/>
        <lexeme order="1" headword="false" breakBefore="false" POS="N" name="armlet"/>
    </lexUnit>
    <lexUnit status="Finished_Initial" incorporatedFE="Accoutrement" POS="N" name="goggles.n" ID="3620" lemmaID="16483" cBy="Shw" cDate="08/03/2001 03:04:06 PDT Fri">
        <definition>COD: close-fitting protective glasses with side shields. </definition>
        <sentenceCount annotated="25" total="101"/>
        <lexeme order="1" headword="false" breakBefore="false" POS="N" name="goggles"/>
    </lexUnit>
    <lexUnit status="Finished_Initial" incorporatedFE="Accoutrement" POS="N" name="mitre.n" ID="3672" lemmaID="45093" cBy="Shw" cDate="08/07/2001 02:51:17 PDT Tue">
        <definition>COD: a tall headdress worn by bishops and senior abbots, tapering to a point at front and back with a deep cleft between. [Eccl] </definition>
        <sentenceCount annotated="7" total="74"/>
        <lexeme order="1" headword="false" breakBefore="false" POS="N" name="mitre"/>
    </lexUnit>
    <lexUnit status="Finished_Initial" incorporatedFE="Accoutrement" POS="N" name="helm.n" ID="3673" lemmaID="17825" cBy="Shw" cDate="08/07/2001 03:02:39 PDT Tue">
        <definition>FN: a helmet.</definition>
        <sentenceCount annotated="9" total="49"/>
        <lexeme order="1" headword="false" breakBefore="false" POS="N" name="helm"/>
    </lexUnit>
    <lexUnit status="Finished_Initial" incorporatedFE="Accoutrement" POS="N" name="helmet.n" ID="3674" lemmaID="17826" cBy="Shw" cDate="08/07/2001 03:13:15 PDT Tue">
        <definition>COD: a hard or padded protective hat. </definition>
        <sentenceCount annotated="31" total="279"/>
        <lexeme order="1" headword="false" breakBefore="false" POS="N" name="helmet"/>
    </lexUnit>
    <lexUnit status="Finished_Initial" incorporatedFE="Accoutrement" POS="N" name="gorget.n" ID="3675" lemmaID="45094" cBy="Shw" cDate="08/07/2001 04:16:03 PDT Tue">
        <definition>COD: an article of clothing or piece of armour covering the throat</definition>
        <sentenceCount annotated="5" total="5"/>
        <lexeme order="1" headword="false" breakBefore="false" POS="N" name="gorget"/>
    </lexUnit>
    <lexUnit status="Finished_Initial" incorporatedFE="Accoutrement" POS="N" name="greaves.n" ID="3676" lemmaID="16772" cBy="Shw" cDate="08/07/2001 04:22:07 PDT Tue">
        <definition>COD: historical a piece of armour for the shin. [MilHist]  (listed as greave)</definition>
        <sentenceCount annotated="4" total="9"/>
        <lexeme order="1" headword="false" breakBefore="false" POS="N" name="greaves"/>
    </lexUnit>
    <lexUnit status="Finished_Initial" incorporatedFE="Accoutrement" POS="N" name="coif.n" ID="3677" lemmaID="7111" cBy="Shw" cDate="08/07/2001 04:29:14 PDT Tue">
        <definition>FN: a close-fitting cap, currently made of cloth, but formerly made of  metal and worn under armour for protection</definition>
        <sentenceCount annotated="4" total="10"/>
        <lexeme order="1" headword="false" breakBefore="false" POS="N" name="coif"/>
    </lexUnit>
    <lexUnit status="Finished_Initial" incorporatedFE="Accoutrement" POS="N" name="hauberk.n" ID="3678" lemmaID="17557" cBy="Shw" cDate="08/07/2001 04:32:22 PDT Tue">
        <definition>COD: historical a full-length coat of mail. </definition>
        <sentenceCount annotated="6" total="11"/>
        <lexeme order="1" headword="false" breakBefore="false" POS="N" name="hauberk"/>
    </lexUnit>
    <lexUnit status="Finished_Initial" incorporatedFE="Accoutrement" POS="N" name="mantle.n" ID="3679" lemmaID="23426" cBy="Shw" cDate="08/07/2001 05:12:10 PDT Tue">
        <definition>FN: a loose sleeveless cloak or shawl.</definition>
        <sentenceCount annotated="7" total="105"/>
        <lexeme order="1" headword="false" breakBefore="false" POS="N" name="mantle"/>
    </lexUnit>
    <lexUnit status="Created" POS="N" name="gas mask.n" ID="12212" lemmaID="50061" cBy="RLG" cDate="06/14/2005 05:59:53 PDT Tue">
        <definition>COD: a protective mask used to cover the face as a defence against poison gas.</definition>
        <sentenceCount annotated="2" total="2"/>
        <lexeme order="1" headword="false" breakBefore="false" POS="N" name="gas"/>
        <lexeme order="2" headword="true" breakBefore="false" POS="N" name="mask"/>
    </lexUnit>
</frame>