<?xml version="1.0" encoding="UTF-8" standalone="yes"?>
<?xml-stylesheet type="text/xsl" href="frame.xsl"?>
<frame cBy="MJE" cDate="06/21/2005 08:37:39 PDT Tue" name="Accomplishment" ID="1519" xsi:schemaLocation="../schema/frame.xsd" xmlns="http://framenet.icsi.berkeley.edu" xmlns:xsi="http://www.w3.org/2001/XMLSchema-instance">
    <definition>&lt;def-root&gt;After a period in which the &lt;fen&gt;Agent&lt;/fen&gt; has been working on a &lt;fen&gt;Goal&lt;/fen&gt;, the &lt;fen&gt;Agent&lt;/fen&gt; manages to attain it.  The &lt;fen&gt;Goal&lt;/fen&gt; may be a desired state, or be conceptualized as an event.
&lt;ex&gt;&lt;/ex&gt;
&lt;ex&gt;&lt;fex name="Agent"&gt;Jeremey&lt;/fex&gt; &lt;fex name="Manner"&gt;obediently&lt;/fex&gt; &lt;t&gt;accomplished&lt;/t&gt; &lt;fex name="Goal"&gt;this task&lt;/fex&gt;.&lt;/ex&gt;

&lt;ex&gt;In response, the Prime Minister has simply cited &lt;fex name="Agent"&gt;his&lt;/fex&gt; &lt;fex name="Domain"&gt;free-market&lt;/fex&gt; &lt;t&gt;&lt;fex name="Goal"&gt;accomplishments&lt;/fex&gt;&lt;/t&gt;. &lt;/ex&gt;
 &lt;/def-root&gt;</definition>
    <FE bgColor="FF00FF" fgColor="FFFFFF" coreType="Peripheral" cBy="MJE" cDate="06/21/2005 08:37:39 PDT Tue" abbrev="Mns" name="Means" ID="8281">
        <definition>&lt;def-root&gt;An intentional action performed by the &lt;fen&gt;Agent&lt;/fen&gt; that lets them accomplish their &lt;fen&gt;Goal&lt;/fen&gt;. 

&lt;ex&gt;Can you , too , &lt;t&gt;achieve&lt;/t&gt; omniscience &lt;fex name="Mns"&gt;by calling on the power of God&lt;/fex&gt; ?&lt;/ex&gt;&lt;/def-root&gt;</definition>
        <semType name="State_of_affairs" ID="177"/>
    </FE>
    <FE bgColor="FF0000" fgColor="FFFFFF" coreType="Core" cBy="MJE" cDate="06/21/2005 08:37:39 PDT Tue" abbrev="Agt" name="Agent" ID="8283">
        <definition>&lt;def-root&gt;The conscious entity, generally a person, that performs the intentional act that fulfills the &lt;fen&gt;Goal&lt;/fen&gt;.&lt;/def-root&gt;</definition>
        <semType name="Sentient" ID="5"/>
    </FE>
    <FE bgColor="808080" fgColor="FFFFFF" coreType="Peripheral" cBy="MJE" cDate="06/21/2005 08:37:39 PDT Tue" abbrev="Ins" name="Instrument" ID="8284">
        <definition>&lt;def-root&gt;An entity directed by the &lt;fen&gt;Agent&lt;/fen&gt; that allows them to achieve their &lt;fen&gt;Goal&lt;/fen&gt;.

&lt;ex&gt;&lt;fex name="Ins"&gt;With a simple hammer and saw&lt;/fex&gt; , you can &lt;t&gt;accomplish&lt;/t&gt; almost anything !&lt;/ex&gt;&lt;/def-root&gt;</definition>
        <semType name="Physical_entity" ID="70"/>
    </FE>
    <FE bgColor="008000" fgColor="FFFFFF" coreType="Peripheral" cBy="MJE" cDate="06/21/2005 08:37:39 PDT Tue" abbrev="Place" name="Place" ID="8285">
        <definition>&lt;def-root&gt;This FE identifies the place where the &lt;fen&gt;Agent&lt;/fen&gt; achieves their &lt;fen&gt;Goal&lt;/fen&gt;.

&lt;ex&gt;She had already &lt;t&gt;achieved&lt;/t&gt; that feat &lt;fex name="Place"&gt;in Burma&lt;/fex&gt; .&lt;/ex&gt;
&lt;/def-root&gt;</definition>
        <semType name="Locative_relation" ID="182"/>
    </FE>
    <FE bgColor="FFFF00" fgColor="000000" coreType="Peripheral" cBy="MJE" cDate="06/21/2005 08:37:39 PDT Tue" abbrev="Time" name="Time" ID="8287">
        <definition>&lt;def-root&gt;This FE identifies the time when the &lt;fen&gt;Agent&lt;/fen&gt; achieves their &lt;fen&gt;Goal&lt;/fen&gt;.

&lt;ex&gt;&lt;fex name="Time"&gt;By 1700&lt;/fex&gt; , our forces will have &lt;t&gt;achieved&lt;/t&gt; total victory .&lt;/ex&gt;&lt;/def-root&gt;</definition>
        <semType name="Time" ID="141"/>
    </FE>
    <FE bgColor="FFA500" fgColor="000000" coreType="Peripheral" cBy="MJE" cDate="06/21/2005 08:37:39 PDT Tue" abbrev="man" name="Manner" ID="8289">
        <definition>&lt;def-root&gt;Any description of the event which is not covered by more specific FEs, including secondary effects (quietly, loudly), and general descriptions comparing events (the same way). It may also indicate salient characteristics of the &lt;fen&gt;Agent&lt;/fen&gt; that also affect the action (presumptuously, coldly, deliberately, eagerly, carefully). 

&lt;ex&gt;Perhaps you &lt;t&gt;achieved&lt;/t&gt; perfection &lt;fex name="man"&gt;too quickly&lt;/fex&gt; .&lt;/ex&gt;&lt;/def-root&gt;</definition>
        <semType name="Manner" ID="173"/>
    </FE>
    <FE bgColor="90876C" fgColor="FFFFFF" coreType="Extra-Thematic" cBy="MJE" cDate="06/21/2005 08:37:39 PDT Tue" abbrev="exp" name="Explanation" ID="8290">
        <definition>&lt;def-root&gt;A state-of-affairs from which the accomplishment would be predicted.

&lt;ex&gt;Yes, he was humble, but he &lt;t&gt;achieved&lt;/t&gt; enlightenment &lt;fex name="exp"&gt;only because he came from the upper class&lt;/fex&gt;.&lt;/ex&gt;&lt;/def-root&gt;</definition>
        <semType name="State_of_affairs" ID="177"/>
    </FE>
    <FE bgColor="FF69B4" fgColor="FFFFFF" coreType="Extra-Thematic" cBy="MJE" cDate="06/21/2005 08:37:39 PDT Tue" abbrev="Degr" name="Degree" ID="8291">
        <definition>&lt;def-root&gt;The extent to which the &lt;fen&gt;Agent&lt;/fen&gt; achieves the &lt;fen&gt;Goal&lt;/fen&gt;. 

&lt;ex&gt;He has only &lt;fex name="Degr"&gt;partially&lt;/fex&gt; &lt;t&gt;achieved&lt;/t&gt; his objective .&lt;/ex&gt;

&lt;/def-root&gt;</definition>
        <semType name="Degree" ID="172"/>
    </FE>
    <FE bgColor="0000FF" fgColor="FFFFFF" coreType="Core" cBy="MJE" cDate="06/21/2005 08:59:11 PDT Tue" abbrev="goa" name="Goal" ID="8305">
        <definition>&lt;def-root&gt;The state or action that the &lt;fen&gt;Agent&lt;/fen&gt; has wished to participate in.

&lt;ex&gt;Iraq had &lt;t&gt;achieved&lt;/t&gt; &lt;fex name="goa"&gt;its programme objective of producing nuclear weapons&lt;/fex&gt; . &lt;/ex&gt;&lt;/def-root&gt;</definition>
    </FE>
    <FE bgColor="800080" fgColor="FFFFFF" coreType="Extra-Thematic" cBy="MiL" cDate="06/24/2005 05:10:37 PDT Fri" abbrev="" name="Outcome" ID="8350">
        <definition>&lt;def-root&gt;The &lt;fen&gt;Outcome&lt;/fen&gt; is the failure or success of accomplishing  a &lt;fen&gt;Goal&lt;/fen&gt;.&lt;/def-root&gt;</definition>
    </FE>
    <FE bgColor="00BFFF" fgColor="000000" coreType="Extra-Thematic" cBy="MiL" cDate="06/27/2005 01:46:53 PDT Mon" abbrev="" name="Circumstances" ID="8351">
        <definition>&lt;def-root&gt;Some specification of the circumstances under which &lt;fen&gt;Goal&lt;/fen&gt; is accomplished.&lt;/def-root&gt;</definition>
    </FE>
    <FE bgColor="7FFF00" fgColor="000000" coreType="Peripheral" cBy="MiL" cDate="06/27/2005 03:06:44 PDT Mon" abbrev="" name="Duration" ID="8352">
        <definition>&lt;def-root&gt;The length of time that it takes for &lt;fen&gt;Goal&lt;/fen&gt; to be accomplished. &lt;/def-root&gt;</definition>
        <semType name="Duration" ID="142"/>
    </FE>
    <FE bgColor="9400D3" fgColor="FFFFFF" coreType="Extra-Thematic" cBy="RLG" cDate="01/25/2007 01:58:27 PST Thu" abbrev="dom" name="Domain" ID="10991">
        <definition>&lt;def-root&gt;The particular aspect or domain of the &lt;fen&gt;Goal&lt;/fen&gt; that is achieved.

&lt;ex&gt;No one can surpass his &lt;fex name="dom"&gt;economic and financial&lt;/fex&gt; &lt;t&gt;achievements&lt;/t&gt;.&lt;/ex&gt;&lt;/def-root&gt;</definition>
    </FE>
    <FE bgColor="2E8B57" fgColor="FFFFFF" coreType="Extra-Thematic" cBy="KmG" cDate="03/21/2007 01:18:28 PDT Wed" abbrev="" name="Particular_iteration" ID="11240">
        <definition>&lt;def-root&gt;Expressions marked with this extra-thematic FE modify a non-iterative use of the target, and indicate that it is conceived as embedded within an iterated series of similar events or states. &lt;/def-root&gt;</definition>
    </FE>
    <frameRelation type="Inherits from"/>
    <frameRelation type="Is Inherited by"/>
    <frameRelation type="Perspective on"/>
    <frameRelation type="Is Perspectivized in"/>
    <frameRelation type="Uses">
        <relatedFrame ID="198">Intentionally_act</relatedFrame>
    </frameRelation>
    <frameRelation type="Is Used by"/>
    <frameRelation type="Subframe of"/>
    <frameRelation type="Has Subframe(s)"/>
    <frameRelation type="Precedes"/>
    <frameRelation type="Is Preceded by"/>
    <frameRelation type="Is Inchoative of"/>
    <frameRelation type="Is Causative of"/>
    <frameRelation type="See also"/>
    <lexUnit status="Finished_Initial" POS="V" name="accomplish.v" ID="12305" lemmaID="291" cBy="MJE" cDate="06/21/2005 09:17:13 PDT Tue">
        <definition>COD: achieve or complete successfully.</definition>
        <sentenceCount annotated="50" total="270"/>
        <lexeme order="1" headword="false" breakBefore="false" POS="V" name="accomplish"/>
    </lexUnit>
    <lexUnit status="Finished_Initial" POS="V" name="achieve.v" ID="12306" lemmaID="345" cBy="MJE" cDate="06/21/2005 09:17:56 PDT Tue">
        <definition>COD: bring about or accomplish by effort, skill, or courage.</definition>
        <sentenceCount annotated="53" total="273"/>
        <lexeme order="1" headword="false" breakBefore="false" POS="V" name="achieve"/>
    </lexUnit>
    <lexUnit status="New" POS="N" name="accomplishment.n" ID="12307" lemmaID="293" cBy="MJE" cDate="06/21/2005 09:18:28 PDT Tue">
        <definition>COD: something that has been achieved successfully.</definition>
        <sentenceCount annotated="2" total="116"/>
        <lexeme order="1" headword="false" breakBefore="false" POS="N" name="accomplishment"/>
    </lexUnit>
    <lexUnit status="Created" POS="N" name="achievement.n" ID="13220" lemmaID="346" cBy="MiL" cDate="06/19/2006 10:57:40 PDT Mon">
        <definition>FN: Something that has been successfully achieved.</definition>
        <sentenceCount annotated="0" total="0"/>
        <lexeme order="1" headword="false" breakBefore="false" POS="N" name="achievement"/>
    </lexUnit>
    <lexUnit status="Created" POS="V" name="bring about.v" ID="13221" lemmaID="49838" cBy="MiL" cDate="06/19/2006 11:00:50 PDT Mon">
        <definition>FN: Cause goal to be accomplished.</definition>
        <sentenceCount annotated="1" total="1"/>
        <lexeme order="1" headword="true" breakBefore="false" POS="V" name="bring"/>
        <lexeme order="2" headword="false" breakBefore="true" POS="ADV" name="about"/>
    </lexUnit>
    <lexUnit status="Created" POS="V" name="effect.v" ID="17292" lemmaID="12260" cBy="CVa" cDate="01/29/2013 05:30:51 PST Tue">
        <definition>FN: to cause something to be done</definition>
        <sentenceCount annotated="0" total="0"/>
        <lexeme order="1" headword="false" breakBefore="false" POS="V" name="effect"/>
    </lexUnit>
</frame>