<?xml version="1.0" encoding="UTF-8" standalone="yes"?>
<?xml-stylesheet type="text/xsl" href="frame.xsl"?>
<frame cBy="MJE" cDate="07/10/2001 08:55:27 PDT Tue" name="Activity_prepare" ID="170" xsi:schemaLocation="../schema/frame.xsd" xmlns="http://framenet.icsi.berkeley.edu" xmlns:xsi="http://www.w3.org/2001/XMLSchema-instance">
    <definition>&lt;def-root&gt;An &lt;fen&gt;Agent&lt;/fen&gt; prepares for an &lt;fen&gt;Activity&lt;/fen&gt;.
&lt;ex&gt;&lt;/ex&gt;
&lt;ex&gt;&lt;fex name="Agent"&gt;The troops&lt;/fex&gt; were &lt;t&gt;preparing&lt;/t&gt; &lt;fex name="Agent"&gt;themselves&lt;/fex&gt; &lt;fex name="Activity"&gt;for the mission&lt;/fex&gt;.&lt;/ex&gt;

&lt;ex&gt;&lt;fex name="Agent"&gt;The boats&lt;/fex&gt; are &lt;t&gt;getting&lt;/t&gt; &lt;t&gt;ready&lt;/t&gt; &lt;fex name="Activity"&gt;to leave the pier&lt;/fex&gt;.&lt;/ex&gt;&lt;/def-root&gt;</definition>
    <FE bgColor="FF0000" fgColor="FFFFFF" coreType="Core" cBy="MRLP" cDate="04/05/2002 12:32:12 PST Fri" abbrev="Agent" name="Agent" ID="2556">
        <definition>&lt;def-root&gt;An &lt;fen&gt;Agent&lt;/fen&gt; prepares for an &lt;fen&gt;Activity&lt;/fen&gt;.&lt;/def-root&gt;</definition>
        <semType name="Sentient" ID="5"/>
    </FE>
    <FE bgColor="0000FF" fgColor="FFFFFF" coreType="Core" cBy="MRLP" cDate="04/05/2002 12:33:10 PST Fri" abbrev="Act" name="Activity" ID="2557">
        <definition>&lt;def-root&gt;This FE identifies the &lt;fen&gt;Activity&lt;/fen&gt; for which an &lt;fen&gt;Agent&lt;/fen&gt; is preparing.&lt;/def-root&gt;</definition>
    </FE>
    <FE bgColor="008000" fgColor="FFFFFF" coreType="Peripheral" cBy="MRLP" cDate="04/05/2002 12:34:18 PST Fri" abbrev="Place" name="Place" ID="2558">
        <definition>&lt;def-root&gt;This FE identifies the &lt;fen&gt;Place&lt;/fen&gt; where an &lt;fen&gt;Agent&lt;/fen&gt; prepares for an &lt;fen&gt;Activity&lt;/fen&gt;.&lt;/def-root&gt;</definition>
        <semType name="Locative_relation" ID="182"/>
    </FE>
    <FE bgColor="FFA500" fgColor="FFFFFF" coreType="Peripheral" cBy="MRLP" cDate="04/05/2002 12:35:08 PST Fri" abbrev="Time" name="Time" ID="2559">
        <definition>&lt;def-root&gt;This FE identifies the &lt;fen&gt;Time&lt;/fen&gt; at which an &lt;fen&gt;Agent&lt;/fen&gt; prepares for an &lt;fen&gt;Activity&lt;/fen&gt;.&lt;/def-root&gt;</definition>
        <semType name="Time" ID="141"/>
    </FE>
    <FE bgColor="FF00FF" fgColor="FFFFFF" coreType="Peripheral" cBy="MRLP" cDate="04/05/2002 12:37:46 PST Fri" abbrev="Mnr" name="Manner" ID="2560">
        <definition>&lt;def-root&gt;This FE identifies the &lt;fen&gt;Manner&lt;/fen&gt; in which an &lt;fen&gt;Agent&lt;/fen&gt; prepares for an &lt;fen&gt;Activity&lt;/fen&gt;. &lt;/def-root&gt;</definition>
        <semType name="Manner" ID="173"/>
    </FE>
    <FE bgColor="A52A2A" fgColor="FFFFFF" coreType="Peripheral" cBy="MRLP" cDate="04/05/2002 12:38:40 PST Fri" abbrev="Means" name="Means" ID="2561">
        <definition>&lt;def-root&gt;Thsi FE identifies the &lt;fen&gt;Means&lt;/fen&gt; with which an &lt;fen&gt;Agent&lt;/fen&gt; prepares for an &lt;fen&gt;Activity&lt;/fen&gt;.&lt;/def-root&gt;</definition>
        <semType name="State_of_affairs" ID="177"/>
    </FE>
    <FE bgColor="800080" fgColor="FFFFFF" coreType="Extra-Thematic" cBy="MRLP" cDate="04/05/2002 12:39:32 PST Fri" abbrev="Purp" name="Purpose" ID="2562">
        <definition>&lt;def-root&gt;This FE identifies the &lt;fen&gt;Purpose&lt;/fen&gt; for which an &lt;fen&gt;Agent&lt;/fen&gt; prepares for an &lt;fen&gt;Activity&lt;/fen&gt;.&lt;/def-root&gt;</definition>
        <semType name="State_of_affairs" ID="177"/>
    </FE>
    <FE bgColor="00008B" fgColor="FFFFFF" coreType="Peripheral" cBy="MRLP" cDate="04/05/2002 12:50:29 PST Fri" abbrev="Dur" name="Duration" ID="2570">
        <definition>&lt;def-root&gt;This FE identifes the length of &lt;fen&gt;Time&lt;/fen&gt; during which an &lt;fen&gt;Agent&lt;/fen&gt; prepares for an &lt;fen&gt;Activity&lt;/fen&gt;.&lt;/def-root&gt;</definition>
        <semType name="Duration" ID="142"/>
    </FE>
    <FE bgColor="9400D3" fgColor="FFFFFF" coreType="Extra-Thematic" cBy="MRLP" cDate="04/09/2002 10:18:14 PDT Tue" abbrev="Depict" name="Depictive" ID="2588">
        <definition>&lt;def-root&gt;This FE is used for the &lt;fen&gt;Depictive&lt;/fen&gt; phrase describing the actor or undergoer of an action.&lt;/def-root&gt;</definition>
    </FE>
    <FE bgColor="FFFF00" fgColor="000000" coreType="Peripheral" cBy="MiL" cDate="04/28/2006 12:33:04 PDT Fri" abbrev="" name="Degree" ID="10067">
        <definition>&lt;def-root&gt;This FE describes the amount of preparation the Agent puts into an activity. &lt;/def-root&gt;</definition>
        <semType name="Degree" ID="172"/>
    </FE>
    <FE bgColor="EEE8AA" fgColor="000000" coreType="Extra-Thematic" cBy="KmG" cDate="05/11/2006 05:43:34 PDT Thu" abbrev="" name="Beneficiary" ID="10087">
        <definition>&lt;def-root&gt;This extrathematic FE applies to participants that derive a benefit from the occurrence of the event specified by the target predicate. Further, the target predicate should involve some sort of Agent that intends that the benefit go to the Beneficiary.&lt;/def-root&gt;</definition>
    </FE>
    <FE bgColor="FF69B4" fgColor="000000" coreType="Extra-Thematic" cBy="KmG" cDate="05/12/2006 10:51:26 PDT Fri" abbrev="Ite" name="Iterations" ID="10089">
        <definition>&lt;def-root&gt;The frame element &lt;fex name="Iterations"&gt;Iterations&lt;/fex&gt; is used for expressions that indicate the number of times an event or state (of the kind denoted by the target in its clause) has taken place or held.&lt;/def-root&gt;</definition>
    </FE>
    <FE bgColor="7FFF00" fgColor="00008B" coreType="Extra-Thematic" cBy="KmG" cDate="10/05/2007 01:26:04 PDT Fri" abbrev="" name="Event_description" ID="11985">
        <definition>&lt;def-root&gt;This FE describes the state of affairs denoted by the target as role fillers in other frames. The state of affairs reported by the target is understood to play a role in the state of affairs of the modifier. &lt;/def-root&gt;</definition>
    </FE>
    <frameRelation type="Inherits from"/>
    <frameRelation type="Is Inherited by"/>
    <frameRelation type="Perspective on"/>
    <frameRelation type="Is Perspectivized in">
        <relatedFrame ID="1928">Preliminaries</relatedFrame>
    </frameRelation>
    <frameRelation type="Uses">
        <relatedFrame ID="88">Eventive_affecting</relatedFrame>
    </frameRelation>
    <frameRelation type="Is Used by"/>
    <frameRelation type="Subframe of">
        <relatedFrame ID="124">Activity</relatedFrame>
    </frameRelation>
    <frameRelation type="Has Subframe(s)"/>
    <frameRelation type="Precedes">
        <relatedFrame ID="169">Activity_ready_state</relatedFrame>
    </frameRelation>
    <frameRelation type="Is Preceded by"/>
    <frameRelation type="Is Inchoative of"/>
    <frameRelation type="Is Causative of"/>
    <frameRelation type="See also"/>
    <lexUnit status="Insufficient_Attestations" POS="V" name="prepare.v" ID="5507" lemmaID="30239" cBy="MRLP" cDate="04/12/2002 01:36:45 PDT Fri">
        <definition>COD: make ready for use or consideration, or make or get ready to do or deal with something. </definition>
        <sentenceCount annotated="11" total="250"/>
        <lexeme order="1" headword="false" breakBefore="false" POS="V" name="prepare"/>
    </lexUnit>
    <lexUnit status="Created" POS="V" name="get ready.v" ID="11356" lemmaID="49762" cBy="MiL" cDate="11/30/2004 04:33:27 PST Tue">
        <definition>FN: prepare</definition>
        <sentenceCount annotated="2" total="2"/>
        <lexeme order="1" headword="true" breakBefore="false" POS="V" name="get"/>
        <lexeme order="2" headword="false" breakBefore="true" POS="A" name="ready"/>
    </lexUnit>
    <lexUnit status="Insufficient_Attestations" POS="V" name="ready.v" ID="11357" lemmaID="31987" cBy="MiL" cDate="11/30/2004 04:35:09 PST Tue">
        <definition>FN: to get ready (for an activity).  </definition>
        <sentenceCount annotated="2" total="144"/>
        <lexeme order="1" headword="false" breakBefore="false" POS="V" name="ready"/>
    </lexUnit>
    <lexUnit status="Created" POS="V" name="fix.v" ID="11852" lemmaID="14547" cBy="MiL" cDate="04/15/2005 06:10:44 PDT Fri">
        <definition>FN: prepare to perform an activity</definition>
        <sentenceCount annotated="0" total="0"/>
        <lexeme order="1" headword="false" breakBefore="false" POS="V" name="fix"/>
    </lexUnit>
    <lexUnit status="Problem" POS="V" name="rally.v" ID="11882" lemmaID="31748" cBy="MiL" cDate="04/20/2005 05:20:33 PDT Wed">
        <definition>COD: bring or come together for concerted action.</definition>
        <sentenceCount annotated="4" total="143"/>
        <lexeme order="1" headword="false" breakBefore="false" POS="V" name="rally"/>
    </lexUnit>
    <lexUnit status="Created" POS="V" name="gear up.v" ID="11883" lemmaID="49943" cBy="MiL" cDate="04/20/2005 05:22:04 PDT Wed">
        <definition>FN: make ready or prepare for activity.</definition>
        <sentenceCount annotated="0" total="0"/>
        <lexeme order="1" headword="true" breakBefore="false" POS="V" name="gear"/>
        <lexeme order="2" headword="false" breakBefore="true" POS="PREP" name="up"/>
    </lexUnit>
    <lexUnit status="Created" POS="N" name="preparation.n" ID="13867" lemmaID="30236" cBy="KmG" cDate="02/26/2007 03:29:32 PST Mon">
        <definition>COD: the action or process of preparing or being prepared.</definition>
        <sentenceCount annotated="2" total="2"/>
        <lexeme order="1" headword="false" breakBefore="false" POS="N" name="preparation"/>
    </lexUnit>
    <lexUnit status="Created" POS="V" name="compose.v" ID="17679" lemmaID="7522" cBy="WMcQ" cDate="08/19/2014 12:44:21 PDT Tue">
        <definition>FN: Make oneself ready for further action or perception.</definition>
        <sentenceCount annotated="1" total="1"/>
        <lexeme order="1" headword="false" breakBefore="false" POS="V" name="compose"/>
    </lexUnit>
</frame>