<?xml version="1.0" encoding="UTF-8" standalone="yes"?>
<?xml-stylesheet type="text/xsl" href="frame.xsl"?>
<frame cBy="MJE" cDate="01/22/2015 07:39:10 PST Thu" name="Adjacency" ID="2891" xsi:schemaLocation="../schema/frame.xsd" xmlns="http://framenet.icsi.berkeley.edu" xmlns:xsi="http://www.w3.org/2001/XMLSchema-instance">
    <definition>&lt;def-root&gt;A &lt;fen&gt;Figure&lt;/fen&gt; is located adjacent to a &lt;fen&gt;Ground&lt;/fen&gt;. This is equivalent to the &lt;fen&gt;Figure&lt;/fen&gt; and &lt;fen&gt;Ground&lt;/fen&gt; either constituting or being associated with a zone, with each zone in contact with the zone of the other.

&lt;ex&gt;&lt;fex name="Figures"&gt;The two houses&lt;/fex&gt; were &lt;t&gt;adjacent&lt;/t&gt; , so she bought them together .&lt;/ex&gt;
&lt;ex&gt;&lt;fex name="Figure"&gt;The bedroom&lt;/fex&gt; &lt;t&gt;adjoining&lt;/t&gt; &lt;fex name="Ground"&gt;hers&lt;/fex&gt; was much smaller .&lt;/ex&gt;
&lt;ex&gt;&lt;fex name="Figure"&gt;The park&lt;/fex&gt; &lt;t&gt;borders&lt;/t&gt; &lt;fex name="Ground"&gt;a very upscale neighborhood&lt;/fex&gt; .&lt;/ex&gt;
&lt;ex&gt;While you solder , make sure the &lt;t&gt;neighboring&lt;/t&gt; &lt;fex name="Figure"&gt;pins&lt;/fex&gt; don't get overheated . &lt;fex name="Ground"&gt;DNI&lt;/fex&gt; &lt;/ex&gt;

This frame is intended to cover productive metaphor cases such as those found in "adjacent web pages"--referring to pages that metaphorically "share a border" by virtue of sharing a hyperlink, as well as many additional cases of entities which are cognitively associated in other ways.  There are a number of less productive metaphors that are also intended to be included in this frame, e.g. "behavior bordering on lunacy", "cleanliness is next to godliness", despite the fact that conventionally we do not find "adjacent to lunacy", etc.  Though these expressions sound creative, they are immediately understandable and contextually unobjectionable.&lt;/def-root&gt;</definition>
    <semType name="Locative_relation" ID="182"/>
    <FE bgColor="008000" fgColor="FFFFFF" coreType="Core" cBy="MJE" cDate="01/22/2015 07:39:10 PST Thu" abbrev="Grnd" name="Ground" ID="16256">
        <definition>&lt;def-root&gt;The &lt;fen&gt;Ground&lt;/fen&gt; serves as a basis for describing the location of the &lt;fen&gt;Figure&lt;/fen&gt;.

&lt;ex&gt;The cat is &lt;t&gt;adjacent&lt;/t&gt; &lt;fex name="Grnd"&gt;to the mat&lt;/fex&gt;.&lt;/ex&gt;&lt;/def-root&gt;</definition>
        <excludesFE name="Figures" ID="16261"/>
    </FE>
    <FE bgColor="FF0000" fgColor="FFFFFF" coreType="Core" cBy="MJE" cDate="01/22/2015 07:39:10 PST Thu" abbrev="Fig" name="Figure" ID="16257">
        <definition>&lt;def-root&gt;The &lt;fen&gt;Figure&lt;/fen&gt; is perceived as located relative to a certain &lt;fen&gt;Ground&lt;/fen&gt; location. The figure can be an entity or an event.

&lt;ex&gt;&lt;fex name="Fig"&gt;The cat&lt;/fex&gt; is &lt;t&gt;adjacent&lt;/t&gt; to the mat.&lt;/ex&gt;
&lt;/def-root&gt;</definition>
        <excludesFE name="Figures" ID="16261"/>
    </FE>
    <FE bgColor="9400D3" fgColor="FFFFFF" coreType="Extra-Thematic" cBy="MJE" cDate="01/22/2015 07:39:10 PST Thu" abbrev="Dist" name="Distance" ID="16258">
        <definition>&lt;def-root&gt;This  FE identifies the  &lt;fen&gt;Distance&lt;/fen&gt; between the &lt;fen&gt;Figure&lt;/fen&gt; and the &lt;fen&gt;Ground&lt;/fen&gt;.  This FE requires an image schema with a vector that extends from the &lt;fen&gt;Ground&lt;/fen&gt;, or a subpart of the &lt;fen&gt;Ground&lt;/fen&gt;, in some direction, and the &lt;fen&gt;Distance&lt;/fen&gt; is measured along this vector from the &lt;fen&gt;Ground&lt;/fen&gt; to the profiled region.  

&lt;ex&gt;The cat is &lt;fex name="Dist"&gt;immediately&lt;/fex&gt; &lt;t&gt;adjacent&lt;/t&gt; to the mat.&lt;/ex&gt;
&lt;/def-root&gt;</definition>
    </FE>
    <FE bgColor="1E90FF" fgColor="FFFFFF" coreType="Extra-Thematic" cBy="MJE" cDate="01/22/2015 07:39:10 PST Thu" abbrev="Dir" name="Direction" ID="16259">
        <definition>&lt;def-root&gt;This FE identifies the &lt;fen&gt;Direction&lt;/fen&gt; from a reference location (generally, the deictic center) of a path to the &lt;fen&gt;Figure&lt;/fen&gt;. This FE is filled by one of a closed class of adverbs:  up, down, out (meaning 'beyond the boundary around the viewpoint'), off (meaning 'disconnect between landmark and figure'), back (meaning 'along a line from front to back of landmark, and relatively inaccessible'), and, more rarely, away, along, and dialectally, back down (meaning 'down and behind').
&lt;/def-root&gt;</definition>
    </FE>
    <FE bgColor="FFA500" fgColor="FFFFFF" coreType="Peripheral" cBy="MJE" cDate="01/22/2015 07:39:10 PST Thu" abbrev="tim" name="Time" ID="16260">
        <definition>&lt;def-root&gt;The period of time during which the locative relation between &lt;fen&gt;Figure&lt;/fen&gt; and &lt;fen&gt;Ground&lt;/fen&gt; obtains.

&lt;/def-root&gt;</definition>
        <semType name="Time" ID="141"/>
    </FE>
    <FE bgColor="00008B" fgColor="FFFFFF" coreType="Core-Unexpressed" cBy="MJE" cDate="01/22/2015 07:39:10 PST Thu" abbrev="" name="Figures" ID="16261">
        <definition>&lt;def-root&gt;The &lt;fen&gt;Figures&lt;/fen&gt; are items which mutually serve to identify the location of the other items.&lt;/def-root&gt;</definition>
    </FE>
    <FE bgColor="800080" fgColor="FFFFFF" coreType="Extra-Thematic" cBy="HPh" cDate="04/30/2015 01:01:56 PDT Thu" abbrev="" name="Deixis" ID="16410">
        <definition>&lt;def-root&gt;An indication of how the locative phrase relates to the grounding of the speech situation, either locating it near (here) or far (there, yonder), or specifically separated from the speech context by distance or a barrier (over).  Fillers of this FE are restricted to this closed class of items.

&lt;ex&gt;It is lying &lt;fex name="Deixis"&gt;here&lt;/fex&gt; &lt;t&gt;next to&lt;/t&gt; my desk.&lt;/ex&gt;&lt;/def-root&gt;</definition>
    </FE>
    <FE bgColor="FF69B4" fgColor="FFFFFF" coreType="Extra-Thematic" cBy="HPh" cDate="04/30/2015 01:17:54 PDT Thu" abbrev="" name="Accessibility" ID="16411">
        <definition>&lt;def-root&gt;An indication of how accessible the &lt;fen&gt;Figure&lt;/fen&gt; is to some participant in the speech context (either the speaker or the addressee, or some other highly salient viewpoint in a narrative).  This FE normally describes availability for manipulation and use, but may simply describe how easily seen or difficult to see the &lt;fen&gt;Figure&lt;/fen&gt; is. There is a closed class of items that can fill this slot, including only 'just' and 'right' indicating ease of access, and 'way', 'all the way', or (dialectally) 'clear' indicating distance and difficulty of access.  

&lt;ex&gt;The flashlight 's &lt;fex name="Accessibility"&gt;right&lt;/fex&gt; &lt;t&gt;next to&lt;/t&gt; my handbag.&lt;/ex&gt;&lt;/def-root&gt;</definition>
    </FE>
    <FE bgColor="A9A9A9" fgColor="FFFFFF" coreType="Extra-Thematic" cBy="HPh" cDate="04/30/2015 01:19:49 PDT Thu" abbrev="" name="Directness" ID="16412">
        <definition>&lt;def-root&gt;An indication of how closely the position of &lt;fen&gt;Figure&lt;/fen&gt; matches the prototype expected from the image schema associated with the target.  This FE is normally filled by closed-class, dedicated adverbs like right, straight, directly, and due (and some combinations of these), but also occurs with rarer items like 'smack dab'.


&lt;ex&gt;The houses are &lt;fex name="Directness"&gt;directly&lt;/fex&gt; &lt;t&gt;adjacent&lt;/t&gt; to each other.&lt;/ex&gt;&lt;/def-root&gt;</definition>
    </FE>
    <frameRelation type="Inherits from">
        <relatedFrame ID="199">Locative_relation</relatedFrame>
    </frameRelation>
    <frameRelation type="Is Inherited by"/>
    <frameRelation type="Perspective on"/>
    <frameRelation type="Is Perspectivized in"/>
    <frameRelation type="Uses"/>
    <frameRelation type="Is Used by"/>
    <frameRelation type="Subframe of"/>
    <frameRelation type="Has Subframe(s)"/>
    <frameRelation type="Precedes"/>
    <frameRelation type="Is Preceded by"/>
    <frameRelation type="Is Inchoative of"/>
    <frameRelation type="Is Causative of"/>
    <frameRelation type="See also"/>
    <lexUnit status="Finished_Initial" POS="A" name="adjacent.a" ID="17795" lemmaID="493" cBy="MJE" cDate="01/22/2015 10:48:12 PST Thu">
        <definition>FN: in an area immediately next to an area occupied by (something).</definition>
        <sentenceCount annotated="44" total="245"/>
        <lexeme order="1" headword="false" breakBefore="false" POS="A" name="adjacent"/>
    </lexUnit>
    <lexUnit status="Finished_Initial" POS="V" name="border.v" ID="17796" lemmaID="4228" cBy="MJE" cDate="01/22/2015 10:51:03 PST Thu">
        <definition>FN: share a boundary with.</definition>
        <sentenceCount annotated="15" total="163"/>
        <lexeme order="1" headword="false" breakBefore="false" POS="V" name="border"/>
    </lexUnit>
    <lexUnit status="Finished_Initial" POS="V" name="neighbor.v" ID="17797" lemmaID="49963" cBy="MJE" cDate="01/22/2015 10:53:41 PST Thu">
        <definition>FN: to be in an area next to.</definition>
        <sentenceCount annotated="2" total="25"/>
        <lexeme order="1" headword="true" breakBefore="false" POS="V" name="neighbor"/>
    </lexUnit>
    <lexUnit status="Finished_Initial" POS="A" name="neighboring.a" ID="17798" lemmaID="49964" cBy="MJE" cDate="01/22/2015 10:54:42 PST Thu">
        <definition>FN: in an adjacent area.</definition>
        <sentenceCount annotated="19" total="99"/>
        <lexeme order="1" headword="true" breakBefore="false" POS="A" name="neighboring"/>
    </lexUnit>
    <lexUnit status="Insufficient_Attestations" POS="N" name="adjacency.n" ID="17799" lemmaID="51802" cBy="MJE" cDate="01/22/2015 11:19:04 PST Thu">
        <definition>FN: the state of being in zones bordering each other.</definition>
        <sentenceCount annotated="0" total="17"/>
        <lexeme order="1" headword="true" breakBefore="false" POS="N" name="adjacency"/>
    </lexUnit>
    <lexUnit status="Finished_Initial" POS="A" name="adjoining.a" ID="17802" lemmaID="498" cBy="MJE" cDate="01/22/2015 11:29:46 PST Thu">
        <definition>FN: sharing a boundary with.</definition>
        <sentenceCount annotated="19" total="108"/>
        <lexeme order="1" headword="false" breakBefore="false" POS="A" name="adjoining"/>
    </lexUnit>
    <lexUnit status="Finished_Initial" POS="V" name="adjoin.v" ID="17803" lemmaID="497" cBy="MJE" cDate="01/22/2015 11:35:33 PST Thu">
        <definition>FN: to border on.</definition>
        <sentenceCount annotated="25" total="81"/>
        <lexeme order="1" headword="false" breakBefore="false" POS="V" name="adjoin"/>
    </lexUnit>
    <lexUnit status="Finished_Initial" POS="A" name="contiguous.a" ID="17804" lemmaID="8068" cBy="MJE" cDate="01/22/2015 11:37:58 PST Thu">
        <definition>FN: (esp. of a group of zones) sharing common borders (without occupying the same space).</definition>
        <sentenceCount annotated="15" total="172"/>
        <lexeme order="1" headword="false" breakBefore="false" POS="A" name="contiguous"/>
    </lexUnit>
    <lexUnit status="Finished_Initial" POS="N" name="contiguity.n" ID="17805" lemmaID="8067" cBy="MJE" cDate="01/22/2015 11:40:47 PST Thu">
        <definition>FN: the state of sharing a boundary with.</definition>
        <sentenceCount annotated="6" total="15"/>
        <lexeme order="1" headword="false" breakBefore="false" POS="N" name="contiguity"/>
    </lexUnit>
    <lexUnit status="Finished_Initial" POS="PREP" name="next to.prep" ID="17806" lemmaID="49454" cBy="MJE" cDate="01/22/2015 11:42:54 PST Thu">
        <definition>FN: without any boundary intervening.</definition>
        <sentenceCount annotated="111" total="560"/>
        <lexeme order="1" headword="false" breakBefore="false" POS="ADV" name="next"/>
        <lexeme order="2" headword="true" breakBefore="false" POS="PREP" name="to"/>
    </lexUnit>
    <lexUnit status="Insufficient_Attestations" POS="N" name="neighbor.n" ID="17807" lemmaID="49725" cBy="MJE" cDate="01/23/2015 11:40:57 PST Fri">
        <definition>FN: an entity that is next to (some contextually relevant entity).</definition>
        <sentenceCount annotated="0" total="0"/>
        <lexeme order="1" headword="true" breakBefore="false" POS="N" name="neighbor"/>
    </lexUnit>
    <lexUnit status="Finished_Initial" POS="V" name="abut.v" ID="17827" lemmaID="49961" cBy="MJE" cDate="02/13/2015 01:55:46 PST Fri">
        <definition>COD: (of land or a building) be next to or have a common boundary with</definition>
        <sentenceCount annotated="13" total="47"/>
        <lexeme order="1" headword="true" breakBefore="false" POS="V" name="abut"/>
    </lexUnit>
    <lexUnit status="Finished_Initial" POS="A" name="bordering.a" ID="17838" lemmaID="51815" cBy="HPh" cDate="02/26/2015 05:00:21 PST Thu">
        <definition>FN: sharing a boundary with.</definition>
        <sentenceCount annotated="20" total="130"/>
        <lexeme order="1" headword="true" breakBefore="false" POS="A" name="bordering"/>
    </lexUnit>
</frame>