<?xml version="1.0" encoding="UTF-8" standalone="yes"?>
<?xml-stylesheet type="text/xsl" href="frame.xsl"?>
<frame cBy="JKR" cDate="05/09/2001 04:32:40 PDT Wed" name="Aggregate" ID="103" xsi:schemaLocation="../schema/frame.xsd" xmlns="http://framenet.icsi.berkeley.edu" xmlns:xsi="http://www.w3.org/2001/XMLSchema-instance">
    <definition>&lt;def-root&gt;This frame contains nouns denoting &lt;fen&gt;Aggregate&lt;/fen&gt;s of &lt;fen&gt;Individuals&lt;/fen&gt;.  The &lt;fen&gt;Aggregate&lt;/fen&gt;s may be described by an &lt;fen&gt;Aggregate_property&lt;/fen&gt;. 

&lt;ex&gt;An &lt;t&gt;&lt;fex name="Agg"&gt;army&lt;/fex&gt;&lt;/t&gt; &lt;fex name="Individuals"&gt;of postal workers&lt;/fex&gt; descended on my office.&lt;/ex&gt;

&lt;/def-root&gt;</definition>
    <FE bgColor="FF0000" fgColor="FFFFFF" coreType="Core" cBy="JKR" cDate="06/05/2001 02:44:17 PDT Tue" abbrev="Ind" name="Individuals" ID="744">
        <definition>&lt;def-root&gt;This FE identifies the people or things that form  the &lt;fen&gt;Aggregate&lt;/fen&gt;.
&lt;ex&gt;A &lt;t&gt;crowd&lt;/t&gt; &lt;fex name="Individuals"&gt;of hoodlums&lt;/fex&gt; filled the plaza.&lt;/ex&gt;
&lt;/def-root&gt;</definition>
    </FE>
    <FE bgColor="9400D3" fgColor="FFFFFF" coreType="Core" cBy="JKR" cDate="06/05/2001 02:48:14 PDT Tue" abbrev="Agg" name="Aggregate" ID="745">
        <definition>&lt;def-root&gt;This FE identifies the collection of entities that are the &lt;fen&gt;Aggregate&lt;/fen&gt;.
&lt;ex&gt;A &lt;fex name="Aggregate"&gt;&lt;t&gt;crowd&lt;/t&gt;&lt;/fex&gt; of hoodlums filled the plaza.&lt;/ex&gt;&lt;/def-root&gt;</definition>
    </FE>
    <FE bgColor="00BFFF" fgColor="FFFFFF" coreType="Extra-Thematic" cBy="MJE" cDate="06/07/2001 05:35:31 PDT Thu" abbrev="agg" name="Aggregate_property" ID="786">
        <definition>&lt;def-root&gt;This FE describes a property of the &lt;fen&gt;Aggregate&lt;/fen&gt; rather than the &lt;fen&gt;Individuals&lt;/fen&gt; and is used to tag the adjective that modifies the aggregate noun when it is unambiguous.&lt;ex&gt;A &lt;fex name="Aggregate_property"&gt;large&lt;/fex&gt; &lt;t&gt;crowd&lt;/t&gt; of hoodlums filled the plaza.&lt;/ex&gt;&lt;/def-root&gt;</definition>
    </FE>
    <FE bgColor="A52A2A" fgColor="FFFFFF" coreType="Extra-Thematic" cBy="KmG" cDate="02/20/2007 06:04:34 PST Tue" abbrev="" name="Name" ID="11062">
        <definition>&lt;def-root&gt;The term used to refer to the &lt;fen&gt;Aggregate&lt;/fen&gt;.&lt;/def-root&gt;</definition>
    </FE>
    <FE bgColor="EEE8AA" fgColor="000000" coreType="Extra-Thematic" cBy="KmG" cDate="08/02/2007 12:20:01 PDT Thu" abbrev="Con" name="Container_possessor" ID="11945">
        <definition>&lt;def-root&gt;The location or political locale that the Organization is contained within.&lt;/def-root&gt;</definition>
    </FE>
    <FE bgColor="008000" fgColor="FFFFFF" coreType="Extra-Thematic" cBy="KmG" cDate="10/29/2007 04:15:31 PDT Mon" abbrev="" name="Domain" ID="12031">
        <definition>&lt;def-root&gt;The relevant &lt;fen&gt;Domain&lt;/fen&gt; as it pertains to the &lt;fen&gt;Aggregate&lt;/fen&gt;.&lt;/def-root&gt;</definition>
    </FE>
    <frameRelation type="Inherits from"/>
    <frameRelation type="Is Inherited by">
        <relatedFrame ID="1511">Store</relatedFrame>
        <relatedFrame ID="1371">Organization</relatedFrame>
        <relatedFrame ID="2591">Entourage</relatedFrame>
        <relatedFrame ID="2597">Convoy</relatedFrame>
        <relatedFrame ID="2524">Product_line</relatedFrame>
        <relatedFrame ID="2828">Team</relatedFrame>
    </frameRelation>
    <frameRelation type="Perspective on"/>
    <frameRelation type="Is Perspectivized in"/>
    <frameRelation type="Uses"/>
    <frameRelation type="Is Used by"/>
    <frameRelation type="Subframe of"/>
    <frameRelation type="Has Subframe(s)"/>
    <frameRelation type="Precedes"/>
    <frameRelation type="Is Preceded by"/>
    <frameRelation type="Is Inchoative of"/>
    <frameRelation type="Is Causative of"/>
    <frameRelation type="See also"/>
    <lexUnit status="Finished_Initial" POS="N" name="army.n" ID="2108" lemmaID="1957" cBy="JKR" cDate="05/09/2001 04:33:03 PDT Wed">
        <definition>COD: a large number of similar people or things</definition>
        <sentenceCount annotated="22" total="241"/>
        <lexeme order="1" headword="false" breakBefore="false" POS="N" name="army"/>
    </lexUnit>
    <lexUnit status="Finished_Initial" POS="N" name="colony.n" ID="2109" lemmaID="7221" cBy="JKR" cDate="05/09/2001 04:33:18 PDT Wed">
        <definition>COD: a community of animals or plants of one kind living close together or forming a physically connected structure</definition>
        <sentenceCount annotated="11" total="127"/>
        <lexeme order="1" headword="false" breakBefore="false" POS="N" name="colony"/>
    </lexUnit>
    <lexUnit status="Finished_Initial" POS="N" name="brood.n" ID="2110" lemmaID="4704" cBy="JKR" cDate="05/09/2001 04:34:11 PDT Wed">
        <definition>COD: a family of young animals, especially birds, produced at one hatching or birth</definition>
        <sentenceCount annotated="9" total="95"/>
        <lexeme order="1" headword="false" breakBefore="false" POS="N" name="brood"/>
    </lexUnit>
    <lexUnit status="Finished_Initial" POS="N" name="bunch.n" ID="2111" lemmaID="4919" cBy="JKR" cDate="05/09/2001 04:34:42 PDT Wed">
        <definition>COD: Chiefly N.Amer. a lot</definition>
        <sentenceCount annotated="31" total="173"/>
        <lexeme order="1" headword="false" breakBefore="false" POS="N" name="bunch"/>
    </lexUnit>
    <lexUnit status="Finished_Initial" POS="N" name="group.n" ID="2112" lemmaID="16929" cBy="JKR" cDate="05/09/2001 04:35:11 PDT Wed">
        <definition>COD: a number of people or things located, gathered, or classed together</definition>
        <sentenceCount annotated="113" total="351"/>
        <lexeme order="1" headword="false" breakBefore="false" POS="N" name="group"/>
    </lexUnit>
    <lexUnit status="Finished_Initial" POS="N" name="cluster.n" ID="2113" lemmaID="6928" cBy="JKR" cDate="05/09/2001 04:37:33 PDT Wed">
        <definition>COD: a group of similar things positioned or occurring closely together</definition>
        <sentenceCount annotated="19" total="146"/>
        <lexeme order="1" headword="false" breakBefore="false" POS="N" name="cluster"/>
    </lexUnit>
    <lexUnit status="Finished_Initial" POS="N" name="herd.n" ID="2114" lemmaID="17892" cBy="JKR" cDate="05/10/2001 02:41:47 PDT Thu">
        <definition>COD: a large group of animals, especially hoofed mammals, that live or are kept </definition>
        <sentenceCount annotated="25" total="197"/>
        <lexeme order="1" headword="false" breakBefore="false" POS="N" name="herd"/>
    </lexUnit>
    <lexUnit status="Finished_Initial" POS="N" name="squad.n" ID="2115" lemmaID="37595" cBy="JKR" cDate="05/10/2001 06:24:01 PDT Thu">
        <definition>COD: a small number of soldiers assembled for drill or assigned to a particular task</definition>
        <sentenceCount annotated="9" total="266"/>
        <lexeme order="1" headword="false" breakBefore="false" POS="N" name="squad"/>
    </lexUnit>
    <lexUnit status="Finished_Initial" POS="N" name="pack.n" ID="2116" lemmaID="27481" cBy="JKR" cDate="05/10/2001 10:07:28 PDT Thu">
        <definition>COD:  group of wild animals, especially wolves, living and hunting together</definition>
        <sentenceCount annotated="38" total="232"/>
        <lexeme order="1" headword="false" breakBefore="false" POS="N" name="pack"/>
    </lexUnit>
    <lexUnit status="Finished_Initial" POS="N" name="swarm.n" ID="2117" lemmaID="39082" cBy="JKR" cDate="05/10/2001 10:12:16 PDT Thu">
        <definition>FN: a large group of sentients.</definition>
        <sentenceCount annotated="15" total="120"/>
        <lexeme order="1" headword="false" breakBefore="false" POS="N" name="swarm"/>
    </lexUnit>
    <lexUnit status="Finished_Initial" POS="N" name="host.n" ID="2118" lemmaID="18471" cBy="JKR" cDate="05/10/2001 10:13:37 PDT Thu">
        <definition>COD: a large number of</definition>
        <sentenceCount annotated="34" total="213"/>
        <lexeme order="1" headword="false" breakBefore="false" POS="N" name="host"/>
    </lexUnit>
    <lexUnit status="Finished_Initial" POS="N" name="collection.n" ID="2119" lemmaID="7176" cBy="JKR" cDate="05/10/2001 10:17:33 PDT Thu">
        <definition>FN: an accumulation or group.</definition>
        <sentenceCount annotated="41" total="288"/>
        <lexeme order="1" headword="false" breakBefore="false" POS="N" name="collection"/>
    </lexUnit>
    <lexUnit status="Finished_Initial" POS="N" name="gaggle.n" ID="2120" lemmaID="15808" cBy="JKR" cDate="05/10/2001 10:29:03 PDT Thu">
        <definition>COD: a flock of geese (Ornithology)</definition>
        <sentenceCount annotated="11" total="32"/>
        <lexeme order="1" headword="false" breakBefore="false" POS="N" name="gaggle"/>
    </lexUnit>
    <lexUnit status="Finished_Initial" POS="N" name="flock.n" ID="2121" lemmaID="14747" cBy="JKR" cDate="05/11/2001 01:03:38 PDT Fri">
        <definition>COD: a number of birds moving or resting together</definition>
        <sentenceCount annotated="22" total="192"/>
        <lexeme order="1" headword="false" breakBefore="false" POS="N" name="flock"/>
    </lexUnit>
    <lexUnit status="Finished_Initial" POS="N" name="team.n" ID="2122" lemmaID="39658" cBy="JKR" cDate="05/11/2001 01:04:45 PDT Fri">
        <definition>FN: two or more people or animals working together</definition>
        <sentenceCount annotated="34" total="269"/>
        <lexeme order="1" headword="false" breakBefore="false" POS="N" name="team"/>
    </lexUnit>
    <lexUnit status="Finished_Initial" POS="N" name="batch.n" ID="2123" lemmaID="3017" cBy="JKR" cDate="05/11/2001 01:09:01 PDT Fri">
        <definition>COD: a quantity or consignment of goods produced at one time</definition>
        <sentenceCount annotated="16" total="139"/>
        <lexeme order="1" headword="false" breakBefore="false" POS="N" name="batch"/>
    </lexUnit>
    <lexUnit status="Finished_Initial" POS="N" name="party.n" ID="2124" lemmaID="27940" cBy="JKR" cDate="05/11/2001 01:09:51 PDT Fri">
        <definition>COD: a group of people taking part in a particular activity or trip</definition>
        <sentenceCount annotated="23" total="226"/>
        <lexeme order="1" headword="false" breakBefore="false" POS="N" name="party"/>
    </lexUnit>
    <lexUnit status="Finished_Initial" POS="N" name="cohort.n" ID="2125" lemmaID="7110" cBy="JKR" cDate="05/11/2001 01:10:43 PDT Fri">
        <definition>COD:  a group of people banded together or treated as a group</definition>
        <sentenceCount annotated="14" total="162"/>
        <lexeme order="1" headword="false" breakBefore="false" POS="N" name="cohort"/>
    </lexUnit>
    <lexUnit status="Finished_Initial" POS="N" name="legion.n" ID="2126" lemmaID="22041" cBy="JKR" cDate="05/11/2001 01:11:33 PDT Fri">
        <definition>COD:  vast number of people or things</definition>
        <sentenceCount annotated="21" total="123"/>
        <lexeme order="1" headword="false" breakBefore="false" POS="N" name="legion"/>
    </lexUnit>
    <lexUnit status="Finished_Initial" POS="N" name="heap.n" ID="2127" lemmaID="17674" cBy="JKR" cDate="05/11/2001 01:12:31 PDT Fri">
        <definition>FN: a large pile</definition>
        <sentenceCount annotated="14" total="183"/>
        <lexeme order="1" headword="false" breakBefore="false" POS="N" name="heap"/>
    </lexUnit>
    <lexUnit status="Finished_Initial" POS="N" name="class.n" ID="2130" lemmaID="6672" cBy="JKR" cDate="05/11/2001 01:17:21 PDT Fri">
        <definition>COD: a set or category of things having some property in common and differentiated from others by kind or quality</definition>
        <sentenceCount annotated="15" total="341"/>
        <lexeme order="1" headword="false" breakBefore="false" POS="N" name="class"/>
    </lexUnit>
    <lexUnit status="Finished_Initial" POS="N" name="clique.n" ID="2131" lemmaID="6818" cBy="JKR" cDate="05/11/2001 01:18:03 PDT Fri">
        <definition>COD: a small group of people who spend time together and do not readily allow others to join them</definition>
        <sentenceCount annotated="10" total="58"/>
        <lexeme order="1" headword="false" breakBefore="false" POS="N" name="clique"/>
    </lexUnit>
    <lexUnit status="Finished_Initial" POS="N" name="crew.n" ID="2132" lemmaID="8923" cBy="JKR" cDate="05/11/2001 01:18:58 PDT Fri">
        <definition>COD: a group of people who work on and operate a ship, boat, aircraft, or train</definition>
        <sentenceCount annotated="11" total="283"/>
        <lexeme order="1" headword="false" breakBefore="false" POS="N" name="crew"/>
    </lexUnit>
    <lexUnit status="Finished_Initial" POS="N" name="assembly.n" ID="2133" lemmaID="2138" cBy="JKR" cDate="05/11/2001 01:19:44 PDT Fri">
        <definition>COD: a group of people gathered together</definition>
        <sentenceCount annotated="11" total="149"/>
        <lexeme order="1" headword="false" breakBefore="false" POS="N" name="assembly"/>
    </lexUnit>
    <lexUnit status="Finished_Initial" POS="N" name="variety.n" ID="2134" lemmaID="42730" cBy="JKR" cDate="05/11/2001 01:20:28 PDT Fri">
        <definition>COD: a number of things of the same general class that are distinct in character or quality</definition>
        <sentenceCount annotated="56" total="395"/>
        <lexeme order="1" headword="false" breakBefore="false" POS="N" name="variety"/>
    </lexUnit>
    <lexUnit status="Finished_Initial" POS="N" name="crowd.n" ID="2135" lemmaID="9091" cBy="JKR" cDate="05/11/2001 03:08:42 PDT Fri">
        <definition>COD: a large number of people gathered together</definition>
        <sentenceCount annotated="38" total="281"/>
        <lexeme order="1" headword="false" breakBefore="false" POS="N" name="crowd"/>
    </lexUnit>
    <lexUnit status="Finished_Initial" POS="N" name="assortment.n" ID="2136" lemmaID="2177" cBy="JKR" cDate="05/11/2001 03:14:40 PDT Fri">
        <definition>COD: a miscellaneous collection</definition>
        <sentenceCount annotated="15" total="48"/>
        <lexeme order="1" headword="false" breakBefore="false" POS="N" name="assortment"/>
    </lexUnit>
    <lexUnit status="Finished_Initial" POS="N" name="gang.n" ID="2137" lemmaID="15887" cBy="JKR" cDate="05/16/2001 12:50:52 PDT Wed">
        <definition>COD: a group of individuals who regularly associate together</definition>
        <sentenceCount annotated="23" total="143"/>
        <lexeme order="1" headword="false" breakBefore="false" POS="N" name="gang"/>
    </lexUnit>
    <lexUnit status="Finished_Initial" POS="N" name="throng.n" ID="2139" lemmaID="40289" cBy="JKR" cDate="05/16/2001 01:14:33 PDT Wed">
        <definition>COD: a large, densely packed crowd</definition>
        <sentenceCount annotated="16" total="84"/>
        <lexeme order="1" headword="false" breakBefore="false" POS="N" name="throng"/>
    </lexUnit>
    <lexUnit status="Finished_Initial" POS="N" name="multitude.n" ID="2140" lemmaID="25204" cBy="JKR" cDate="05/16/2001 01:27:42 PDT Wed">
        <definition>COD: a large number of people or things</definition>
        <sentenceCount annotated="23" total="89"/>
        <lexeme order="1" headword="false" breakBefore="false" POS="N" name="multitude"/>
    </lexUnit>
    <lexUnit status="Finished_Initial" POS="N" name="assemblage.n" ID="2141" lemmaID="2136" cBy="JKR" cDate="05/16/2001 01:31:20 PDT Wed">
        <definition>COD: a collection or gathering</definition>
        <sentenceCount annotated="5" total="93"/>
        <lexeme order="1" headword="false" breakBefore="false" POS="N" name="assemblage"/>
    </lexUnit>
    <lexUnit status="Finished_Initial" POS="N" name="band.n" ID="2525" lemmaID="2783" cBy="JKR" cDate="06/06/2001 04:44:20 PDT Wed">
        <definition>FN: a group of animals or people</definition>
        <sentenceCount annotated="22" total="221"/>
        <lexeme order="1" headword="false" breakBefore="false" POS="N" name="band"/>
    </lexUnit>
    <lexUnit status="Finished_Initial" POS="N" name="clutch.n" ID="2531" lemmaID="6930" cBy="JKR" cDate="06/06/2001 05:27:45 PDT Wed">
        <definition>COD: a group, especially of eggs fertilized at the same time, laid in a single session and (in birds) incubated together</definition>
        <sentenceCount annotated="34" total="143"/>
        <lexeme order="1" headword="false" breakBefore="false" POS="N" name="clutch"/>
    </lexUnit>
    <lexUnit status="Finished_Initial" POS="N" name="multiplicity.n" ID="2552" lemmaID="25199" cBy="JKR" cDate="06/08/2001 11:32:40 PDT Fri">
        <definition>COD: a large number or variety</definition>
        <sentenceCount annotated="17" total="61"/>
        <lexeme order="1" headword="false" breakBefore="false" POS="N" name="multiplicity"/>
    </lexUnit>
    <lexUnit status="Finished_Initial" POS="N" name="bevy.n" ID="2661" lemmaID="3476" cBy="JKR" cDate="06/18/2001 06:37:19 PDT Mon">
        <definition>COD: a large group of people or things</definition>
        <sentenceCount annotated="13" total="28"/>
        <lexeme order="1" headword="false" breakBefore="false" POS="N" name="bevy"/>
    </lexUnit>
    <lexUnit status="Finished_Initial" POS="N" name="circle.n" ID="2662" lemmaID="6545" cBy="JKR" cDate="06/18/2001 06:39:14 PDT Mon">
        <definition>COD: a group of people with a shared profession, interests, or acquaintance</definition>
        <sentenceCount annotated="41" total="270"/>
        <lexeme order="1" headword="false" breakBefore="false" POS="N" name="circle"/>
    </lexUnit>
    <lexUnit status="Finished_Initial" POS="N" name="coterie.n" ID="2663" lemmaID="8531" cBy="JKR" cDate="06/18/2001 06:40:58 PDT Mon">
        <definition>COD: a small exclusive group of people with shared interests or tastes</definition>
        <sentenceCount annotated="19" total="57"/>
        <lexeme order="1" headword="false" breakBefore="false" POS="N" name="coterie"/>
    </lexUnit>
    <lexUnit status="Finished_Initial" POS="N" name="family.n" ID="2664" lemmaID="13903" cBy="JKR" cDate="06/18/2001 06:43:01 PDT Mon">
        <definition>COD: a group united by a significant shared characteristic</definition>
        <sentenceCount annotated="23" total="370"/>
        <lexeme order="1" headword="false" breakBefore="false" POS="N" name="family"/>
    </lexUnit>
    <lexUnit status="Finished_Initial" POS="N" name="corps.n" ID="2665" lemmaID="8415" cBy="JKR" cDate="06/18/2001 06:44:08 PDT Mon">
        <definition>COD: a body of people engaged in a particular activity</definition>
        <sentenceCount annotated="16" total="248"/>
        <lexeme order="1" headword="false" breakBefore="false" POS="N" name="corps"/>
    </lexUnit>
    <lexUnit status="Finished_Initial" POS="N" name="set.n" ID="2666" lemmaID="35223" cBy="JKR" cDate="06/18/2001 07:03:03 PDT Mon">
        <definition>COD: a group or collection of things belonging or used together or resembling one another</definition>
        <sentenceCount annotated="72" total="443"/>
        <lexeme order="1" headword="false" breakBefore="false" POS="N" name="set"/>
    </lexUnit>
    <lexUnit status="Finished_Initial" POS="N" name="slew.n" ID="2667" lemmaID="36326" cBy="JKR" cDate="06/18/2001 07:13:35 PDT Mon">
        <definition>COD: a large number or quantity</definition>
        <sentenceCount annotated="5" total="25"/>
        <lexeme order="1" headword="false" breakBefore="false" POS="N" name="slew"/>
    </lexUnit>
    <lexUnit status="Finished_Initial" POS="N" name="package.n" ID="2859" lemmaID="27483" cBy="JKR" cDate="07/03/2001 07:32:15 PDT Tue">
        <definition>COD: also package deal a set of proposals or terms offered or agreed as a whole</definition>
        <sentenceCount annotated="32" total="302"/>
        <lexeme order="1" headword="false" breakBefore="false" POS="N" name="package"/>
    </lexUnit>
    <lexUnit status="Finished_Initial" POS="N" name="shoal.n" ID="2880" lemmaID="35584" cBy="JKR" cDate="07/06/2001 08:51:19 PDT Fri">
        <definition>FN: a large group or crowd</definition>
        <sentenceCount annotated="19" total="135"/>
        <lexeme order="1" headword="false" breakBefore="false" POS="N" name="shoal"/>
    </lexUnit>
    <lexUnit status="Finished_Initial" POS="N" name="school.n" ID="2881" lemmaID="34419" cBy="JKR" cDate="07/06/2001 09:05:53 PDT Fri">
        <definition>COD: a large group of fish or sea mammals, or a group of people sharing similar ideas, methods, or style. </definition>
        <sentenceCount annotated="15" total="167"/>
        <lexeme order="1" headword="false" breakBefore="false" POS="N" name="school"/>
    </lexUnit>
    <lexUnit status="Rules_Defined" POS="N" name="covey.n" ID="2882" lemmaID="8691" cBy="JKR" cDate="07/06/2001 09:20:29 PDT Fri">
        <definition>COD: a small flock of birds, especially partridge.</definition>
        <sentenceCount annotated="2" total="6"/>
        <lexeme order="1" headword="false" breakBefore="false" POS="N" name="covey"/>
    </lexUnit>
    <lexUnit status="Finished_Initial" POS="N" name="crop.n" ID="2883" lemmaID="9006" cBy="JKR" cDate="07/06/2001 09:26:48 PDT Fri">
        <definition>COD: an amount of related people or things appearing at one time</definition>
        <sentenceCount annotated="33" total="232"/>
        <lexeme order="1" headword="false" breakBefore="false" POS="N" name="crop"/>
    </lexUnit>
    <lexUnit status="Finished_Initial" POS="N" name="mob.n" ID="2884" lemmaID="24637" cBy="JKR" cDate="07/06/2001 09:34:08 PDT Fri">
        <definition>COD: a disorderly or violent crowd, or an associated group of people, or a flock or herd of animals. </definition>
        <sentenceCount annotated="20" total="144"/>
        <lexeme order="1" headword="false" breakBefore="false" POS="N" name="mob"/>
    </lexUnit>
    <lexUnit status="Finished_Initial" POS="N" name="harem.n" ID="2885" lemmaID="17472" cBy="JKR" cDate="07/06/2001 09:40:42 PDT Fri">
        <definition>COD: the wives (or concubines) of a polygamous man. </definition>
        <sentenceCount annotated="9" total="96"/>
        <lexeme order="1" headword="false" breakBefore="false" POS="N" name="harem"/>
    </lexUnit>
    <lexUnit status="Finished_Initial" POS="N" name="horde.n" ID="2886" lemmaID="18391" cBy="JKR" cDate="07/06/2001 09:45:19 PDT Fri">
        <definition>COD: a large group of people. </definition>
        <sentenceCount annotated="29" total="117"/>
        <lexeme order="1" headword="false" breakBefore="false" POS="N" name="horde"/>
    </lexUnit>
    <lexUnit status="Finished_Initial" POS="N" name="stand.n" ID="2887" lemmaID="37784" cBy="JKR" cDate="07/06/2001 09:50:06 PDT Fri">
        <definition>COD: a group of trees or other plants. </definition>
        <sentenceCount annotated="15" total="145"/>
        <lexeme order="1" headword="false" breakBefore="false" POS="N" name="stand"/>
    </lexUnit>
    <lexUnit status="Finished_Initial" POS="N" name="repertoire.n" ID="2888" lemmaID="32686" cBy="JKR" cDate="07/06/2001 09:57:55 PDT Fri">
        <definition>COD: the body of pieces known or regularly performed by a performer or company. </definition>
        <sentenceCount annotated="23" total="160"/>
        <lexeme order="1" headword="false" breakBefore="false" POS="N" name="repertoire"/>
    </lexUnit>
    <lexUnit status="Finished_Initial" POS="N" name="posse.n" ID="2889" lemmaID="29853" cBy="JKR" cDate="07/06/2001 10:22:34 PDT Fri">
        <definition>COD: a group of people with a common characteristic, interest, or purpose. </definition>
        <sentenceCount annotated="9" total="68"/>
        <lexeme order="1" headword="false" breakBefore="false" POS="N" name="posse"/>
    </lexUnit>
    <lexUnit status="Finished_Initial" POS="N" name="huddle.n" ID="2890" lemmaID="18588" cBy="JKR" cDate="07/06/2001 10:27:02 PDT Fri">
        <definition>COD: a number of people or things crowded together. </definition>
        <sentenceCount annotated="11" total="74"/>
        <lexeme order="1" headword="false" breakBefore="false" POS="N" name="huddle"/>
    </lexUnit>
    <lexUnit status="Insufficient_Attestations" POS="N" name="claque.n" ID="2891" lemmaID="6657" cBy="JKR" cDate="07/06/2001 10:33:48 PDT Fri">
        <definition>COD: a group of people hired to applaud or heckle a performer. </definition>
        <sentenceCount annotated="0" total="1"/>
        <lexeme order="1" headword="false" breakBefore="false" POS="N" name="claque"/>
    </lexUnit>
    <lexUnit status="Finished_Initial" POS="N" name="repertory.n" ID="2896" lemmaID="32687" cBy="JKR" cDate="07/06/2001 12:01:31 PDT Fri">
        <definition>COD: another term for repertoire</definition>
        <sentenceCount annotated="9" total="72"/>
        <lexeme order="1" headword="false" breakBefore="false" POS="N" name="repertory"/>
    </lexUnit>
    <lexUnit status="Finished_Initial" POS="N" name="population.n" ID="2926" lemmaID="29776" cBy="JKR" cDate="07/09/2001 12:14:02 PDT Mon">
        <definition>COD: all the inhabitants of a particular place</definition>
        <sentenceCount annotated="84" total="266"/>
        <lexeme order="1" headword="false" breakBefore="false" POS="N" name="population"/>
    </lexUnit>
    <lexUnit status="Finished_Initial" POS="N" name="quartet.n" ID="3143" lemmaID="31449" cBy="JKR" cDate="07/18/2001 01:27:20 PDT Wed">
        <definition>COD: a set of four people or things</definition>
        <sentenceCount annotated="7" total="108"/>
        <lexeme order="1" headword="false" breakBefore="false" POS="N" name="quartet"/>
    </lexUnit>
    <lexUnit status="Finished_Initial" POS="N" name="quintet.n" ID="3144" lemmaID="31553" cBy="JKR" cDate="07/18/2001 01:30:42 PDT Wed">
        <definition>COD: a set of five people or things</definition>
        <sentenceCount annotated="4" total="61"/>
        <lexeme order="1" headword="false" breakBefore="false" POS="N" name="quintet"/>
    </lexUnit>
    <lexUnit status="Finished_Initial" POS="N" name="trio.n" ID="3145" lemmaID="41257" cBy="JKR" cDate="07/18/2001 01:38:05 PDT Wed">
        <definition>COD: a set or group of three</definition>
        <sentenceCount annotated="16" total="137"/>
        <lexeme order="1" headword="false" breakBefore="false" POS="N" name="trio"/>
    </lexUnit>
    <lexUnit status="Insufficient_Attestations" POS="N" name="sextet.n" ID="3146" lemmaID="35287" cBy="JKR" cDate="07/18/2001 01:47:18 PDT Wed">
        <definition>COD: a set of six people or things</definition>
        <sentenceCount annotated="1" total="15"/>
        <lexeme order="1" headword="false" breakBefore="false" POS="N" name="sextet"/>
    </lexUnit>
    <lexUnit status="Finished_Initial" POS="N" name="flotilla.n" ID="4033" lemmaID="14779" cBy="JKR" cDate="09/19/2001 10:55:55 PDT Wed">
        <definition>COD: a small fleet of ships or boats. </definition>
        <sentenceCount annotated="17" total="119"/>
        <lexeme order="1" headword="false" breakBefore="false" POS="N" name="flotilla"/>
    </lexUnit>
    <lexUnit status="Finished_Initial" POS="N" name="clump.n" ID="6000" lemmaID="6921" cBy="ACW" cDate="06/05/2002 11:34:26 PDT Wed">
        <definition>COD: a small group of trees or plants growing closely together. </definition>
        <sentenceCount annotated="39" total="186"/>
        <lexeme order="1" headword="false" breakBefore="false" POS="N" name="clump"/>
    </lexUnit>
    <lexUnit status="Rules_Defined" POS="N" name="passel.n" ID="8600" lemmaID="47700" cBy="JKR" cDate="04/22/2003 05:03:22 PDT Tue">
        <definition>COD: a large group</definition>
        <sentenceCount annotated="2" total="12"/>
        <lexeme order="1" headword="true" breakBefore="false" POS="N" name="passel"/>
    </lexUnit>
    <lexUnit status="Created" POS="N" name="community.n" ID="10697" lemmaID="7412" cBy="JKR" cDate="06/30/2004 10:58:52 PDT Wed">
        <definition>COD: the people of an area or country considered collectively; society.</definition>
        <sentenceCount annotated="32" total="35"/>
        <lexeme order="1" headword="false" breakBefore="false" POS="N" name="community"/>
    </lexUnit>
    <lexUnit status="Created" POS="N" name="body.n" ID="13115" lemmaID="4044" cBy="RLG" cDate="03/14/2006 05:32:17 PST Tue">
        <definition>COD: an organized group of people with a common function</definition>
        <sentenceCount annotated="2" total="2"/>
        <lexeme order="1" headword="false" breakBefore="false" POS="N" name="body"/>
    </lexUnit>
    <lexUnit status="Created" POS="N" name="tribe.n" ID="13782" lemmaID="41195" cBy="KmG" cDate="02/23/2007 04:18:38 PST Fri">
        <definition>COD: a social division in a traditional society consisting of linked families or communities with a common culture and dialect.</definition>
        <sentenceCount annotated="14" total="15"/>
        <lexeme order="1" headword="false" breakBefore="false" POS="N" name="tribe"/>
    </lexUnit>
    <lexUnit status="Finished_Initial" POS="N" name="force.n" ID="16150" lemmaID="15020" cBy="MLC" cDate="11/08/2010 05:24:04 PST Mon">
        <definition>FN: a collection of people that tend to share come commonality or goal. </definition>
        <sentenceCount annotated="11" total="11"/>
        <lexeme order="1" headword="false" breakBefore="false" POS="N" name="force"/>
    </lexUnit>
    <lexUnit status="Created" POS="N" name="book.n" ID="16753" lemmaID="4156" cBy="CVa" cDate="10/25/2011 03:11:36 PDT Tue">
        <definition>FN: a collection of entities, usually bound</definition>
        <sentenceCount annotated="0" total="0"/>
        <lexeme order="1" headword="false" breakBefore="false" POS="N" name="book"/>
    </lexUnit>
    <lexUnit status="Created" POS="N" name="combination.n" ID="17097" lemmaID="7267" cBy="PKe" cDate="05/17/2012 02:47:11 PDT Thu">
        <definition>FN: A collection consisting of more than one distinct item or set of items.</definition>
        <sentenceCount annotated="1" total="1"/>
        <lexeme order="1" headword="false" breakBefore="false" POS="N" name="combination"/>
    </lexUnit>
</frame>