<?xml version="1.0" encoding="UTF-8" standalone="yes"?>
<?xml-stylesheet type="text/xsl" href="frame.xsl"?>
<frame cBy="KmG" cDate="03/29/2007 04:55:31 PDT Thu" name="Aging" ID="1919" xsi:schemaLocation="../schema/frame.xsd" xmlns="http://framenet.icsi.berkeley.edu" xmlns:xsi="http://www.w3.org/2001/XMLSchema-instance">
    <definition>&lt;def-root&gt;An &lt;fen&gt;Entity&lt;/fen&gt; is undergoing a change in age typically associated with some deterioration or change in state. 

&lt;ex&gt;&lt;fex name="Entity"&gt;This bark&lt;/fex&gt; &lt;t&gt;ages&lt;/t&gt; and turns black.&lt;/ex&gt;

&lt;ex&gt;The U.S. is to upgrade &lt;t&gt;aging&lt;/t&gt; &lt;fex name="Entity"&gt;missile defense systems&lt;/fex&gt; with advanced tech.&lt;/ex&gt;
&lt;/def-root&gt;</definition>
    <FE bgColor="FF0000" fgColor="FFFFFF" coreType="Core" cBy="KmG" cDate="03/29/2007 04:55:31 PDT Thu" abbrev="ent" name="Entity" ID="11542">
        <definition>&lt;def-root&gt;The &lt;fen&gt;Entity&lt;/fen&gt; which is undergoing aging. 

&lt;/def-root&gt;</definition>
    </FE>
    <FE bgColor="FFA500" fgColor="FFFFFF" coreType="Peripheral" cBy="KmG" cDate="03/29/2007 04:55:32 PDT Thu" abbrev="tim" name="Time" ID="11546">
        <definition>&lt;def-root&gt;The &lt;fen&gt;Time&lt;/fen&gt; during which the &lt;fen&gt;Entity&lt;/fen&gt; ages. &lt;/def-root&gt;</definition>
        <semType name="Time" ID="141"/>
    </FE>
    <FE bgColor="A52A2A" fgColor="FFFFFF" coreType="Extra-Thematic" cBy="KmG" cDate="03/29/2007 04:55:32 PDT Thu" abbrev="cir" name="Circumstances" ID="11547">
        <definition>&lt;def-root&gt;Some specification of the circumstances under which the &lt;fen&gt;Entity&lt;/fen&gt; undergoes the aging event.&lt;/def-root&gt;</definition>
    </FE>
    <FE bgColor="FF00FF" fgColor="FFFFFF" coreType="Peripheral" cBy="KmG" cDate="03/30/2007 09:03:20 PDT Fri" abbrev="man" name="Manner" ID="11551">
        <definition>&lt;def-root&gt;Any description of the event (or state) which is not covered by more specific FEs, including force (&lt;ment&gt;hard&lt;/ment&gt;, &lt;ment&gt;softly&lt;/ment&gt;), secondary effects (&lt;ment&gt;quietly&lt;/ment&gt;, &lt;ment&gt;loudly&lt;/ment&gt;), and general descriptions comparing events (&lt;ment&gt;the same way&lt;/ment&gt;). In agentive frames, it may indicate salient characteristics of an intentional Theme that affect the action (&lt;ment&gt;presumptuously&lt;/ment&gt;, &lt;ment&gt;coldly&lt;/ment&gt;, &lt;ment&gt;deliberately&lt;/ment&gt;, &lt;ment&gt;eagerly&lt;/ment&gt;, &lt;ment&gt;carefully&lt;/ment&gt;).

&lt;ex&gt;These kinds of condoms &lt;t&gt;aged&lt;/t&gt; &lt;fex name="Manner"&gt;quickly&lt;/fex&gt;.&lt;/ex&gt;

&lt;/def-root&gt;</definition>
    </FE>
    <FE bgColor="008000" fgColor="FFFFFF" coreType="Peripheral" cBy="KmG" cDate="03/30/2007 09:08:13 PDT Fri" abbrev="pla" name="Place" ID="11552">
        <definition>&lt;def-root&gt;This FE indicates where the &lt;fen&gt;Entity&lt;/fen&gt; is located. &lt;/def-root&gt;</definition>
    </FE>
    <FE bgColor="A9A9A9" fgColor="FFFFFF" coreType="Extra-Thematic" cBy="KmG" cDate="07/10/2007 06:56:47 PDT Tue" abbrev="" name="Result" ID="11904">
        <definition>&lt;def-root&gt;The end &lt;fen&gt;Result&lt;/fen&gt; of the &lt;fen&gt;Entity&lt;/fen&gt; aging. &lt;/def-root&gt;</definition>
    </FE>
    <frameRelation type="Inherits from">
        <relatedFrame ID="88">Eventive_affecting</relatedFrame>
    </frameRelation>
    <frameRelation type="Is Inherited by"/>
    <frameRelation type="Perspective on"/>
    <frameRelation type="Is Perspectivized in"/>
    <frameRelation type="Uses">
        <relatedFrame ID="972">Age</relatedFrame>
    </frameRelation>
    <frameRelation type="Is Used by"/>
    <frameRelation type="Subframe of"/>
    <frameRelation type="Has Subframe(s)"/>
    <frameRelation type="Precedes"/>
    <frameRelation type="Is Preceded by"/>
    <frameRelation type="Is Inchoative of"/>
    <frameRelation type="Is Causative of"/>
    <frameRelation type="See also"/>
    <lexUnit status="Finished_Initial" POS="A" name="aging.a" ID="14250" lemmaID="50616" cBy="KmG" cDate="03/30/2007 09:07:56 PDT Fri">
        <definition>FN: the state of growing older.</definition>
        <sentenceCount annotated="19" total="54"/>
        <lexeme order="1" headword="true" breakBefore="false" POS="A" name="aging"/>
    </lexUnit>
    <lexUnit status="Finished_Initial" POS="V" name="age.v" ID="14252" lemmaID="50617" cBy="KmG" cDate="03/30/2007 09:20:14 PDT Fri">
        <definition>FN: to become older. </definition>
        <sentenceCount annotated="8" total="186"/>
        <lexeme order="1" headword="true" breakBefore="false" POS="V" name="age"/>
    </lexUnit>
    <lexUnit status="Finished_Initial" POS="V" name="mature.v" ID="15349" lemmaID="23721" cBy="JKs" cDate="06/10/2009 01:23:22 PDT Wed">
        <definition>FN: become older</definition>
        <sentenceCount annotated="7" total="7"/>
        <lexeme order="1" headword="false" breakBefore="false" POS="V" name="mature"/>
    </lexUnit>
</frame>