<?xml version="1.0" encoding="UTF-8" standalone="yes"?>
<?xml-stylesheet type="text/xsl" href="frame.xsl"?>
<frame cBy="MJE" cDate="02/25/2008 07:03:03 PST Mon" name="Alignment_image_schema" ID="2020" xsi:schemaLocation="../schema/frame.xsd" xmlns="http://framenet.icsi.berkeley.edu" xmlns:xsi="http://www.w3.org/2001/XMLSchema-instance">
    <definition>&lt;def-root&gt;An &lt;fen&gt;Alignment_match&lt;/fen&gt; region has the same orientation as the relatively linear &lt;fen&gt;Ground&lt;/fen&gt;.  The &lt;fen&gt;Alignment_mismatch&lt;/fen&gt; region is oriented perpendicularly to the &lt;fen&gt;Ground&lt;/fen&gt;.&lt;/def-root&gt;</definition>
    <semType name="Non-Lexical Frame" ID="16"/>
    <FE bgColor="FF0000" fgColor="FFFFFF" coreType="Core" cBy="MJE" cDate="02/25/2008 07:03:03 PST Mon" abbrev="" name="Alignment_match" ID="12260">
        <definition>&lt;def-root&gt;A region of space oriented the same as the &lt;fen&gt;Ground&lt;/fen&gt;.&lt;/def-root&gt;</definition>
    </FE>
    <FE bgColor="0000FF" fgColor="FFFFFF" coreType="Core" cBy="MJE" cDate="02/25/2008 07:03:03 PST Mon" abbrev="" name="Ground" ID="12261">
        <definition>&lt;def-root&gt;An entity whose location and orientation is relatively well-known and which, thus, can serve as a land-mark to identify the &lt;fen&gt;Alignment_match&lt;/fen&gt; and &lt;fen&gt;Alignment_mismatch&lt;/fen&gt; regions.&lt;/def-root&gt;</definition>
    </FE>
    <FE bgColor="800080" fgColor="FFFFFF" coreType="Core" cBy="MJE" cDate="02/25/2008 07:08:31 PST Mon" abbrev="" name="Alignment_mismatch" ID="12262">
        <definition>&lt;def-root&gt;A region oriented approximately perpendicular to the &lt;fen&gt;Ground&lt;/fen&gt;&lt;/def-root&gt;</definition>
    </FE>
    <frameRelation type="Inherits from">
        <relatedFrame ID="2016">Image_schema</relatedFrame>
    </frameRelation>
    <frameRelation type="Is Inherited by"/>
    <frameRelation type="Perspective on"/>
    <frameRelation type="Is Perspectivized in"/>
    <frameRelation type="Uses"/>
    <frameRelation type="Is Used by"/>
    <frameRelation type="Subframe of"/>
    <frameRelation type="Has Subframe(s)"/>
    <frameRelation type="Precedes"/>
    <frameRelation type="Is Preceded by"/>
    <frameRelation type="Is Inchoative of"/>
    <frameRelation type="Is Causative of"/>
    <frameRelation type="See also"/>
</frame>