<?xml version="1.0" encoding="UTF-8" standalone="yes"?>
<?xml-stylesheet type="text/xsl" href="frame.xsl"?>
<frame cBy="MJE" cDate="06/02/2005 07:28:52 PDT Thu" name="Amassing" ID="1482" xsi:schemaLocation="../schema/frame.xsd" xmlns="http://framenet.icsi.berkeley.edu" xmlns:xsi="http://www.w3.org/2001/XMLSchema-instance">
    <definition>&lt;def-root&gt;A &lt;fen&gt;Recipient&lt;/fen&gt; (who may or may not be agentive) ends up in possession of a &lt;fen&gt;Mass_theme&lt;/fen&gt; (which may be conceptualized as a single mass entity, or may be a group of individual entities).  Some lexical units (e.g. &lt;t&gt;stockpile&lt;/t&gt;) specifically indicate an intentional &lt;fen&gt;Recipient&lt;/fen&gt;.

This frame differs from Gathering_up in that this frame refers specifically to the acquisition and (according to expectation) long-term possession of entities, rather than (as in the Gathering_up frame) simply talking about causing a group of entities to be located in the same place.  In sum, Gathering_up concerns (co-)locations, but Amassing concerns possession.

&lt;ex&gt;&lt;fex name="Recipient"&gt;Bogs&lt;/fex&gt; &lt;t&gt;accumulate&lt;/t&gt; &lt;fex name="Mass_theme"&gt;carbon&lt;/fex&gt; &lt;fex name="Duration"&gt;for thousands of years&lt;/fex&gt;.&lt;/ex&gt;&lt;/def-root&gt;</definition>
    <FE bgColor="00008B" fgColor="FFFFFF" coreType="Core" cBy="MJE" cDate="06/02/2005 07:28:52 PDT Thu" abbrev="rec" name="Recipient" ID="8080">
        <definition>&lt;def-root&gt;The &lt;fen&gt;Recipient&lt;/fen&gt; indicates the entity that ends up in possession of the &lt;fen&gt;Mass_theme&lt;/fen&gt;.&lt;/def-root&gt;</definition>
    </FE>
    <FE bgColor="9400D3" fgColor="FFFFFF" coreType="Core" cBy="MJE" cDate="06/02/2005 07:28:52 PDT Thu" abbrev="mas" name="Mass_theme" ID="8081">
        <definition>&lt;def-root&gt;The collection of objects that ends up in the &lt;fen&gt;Recipient&lt;/fen&gt;'s possession.&lt;/def-root&gt;</definition>
    </FE>
    <FE bgColor="0000FF" fgColor="FFFFFF" coreType="Peripheral" cBy="MJE" cDate="06/02/2005 07:28:52 PDT Thu" abbrev="sou" name="Source" ID="8082">
        <definition>&lt;def-root&gt;The &lt;fen&gt;Source&lt;/fen&gt; is the location that the &lt;fen&gt;Mass_theme&lt;/fen&gt; formerly occupied.  Persons that begin in possession of the &lt;fen&gt;Mass_theme&lt;/fen&gt; may metonymically stand in for the &lt;fen&gt;Source&lt;/fen&gt;.&lt;/def-root&gt;</definition>
        <semType name="Source" ID="151"/>
    </FE>
    <FE bgColor="006400" fgColor="FFFFFF" coreType="Peripheral" cBy="MJE" cDate="06/02/2005 07:28:52 PDT Thu" abbrev="pla" name="Place" ID="8083">
        <definition>&lt;def-root&gt;The &lt;fen&gt;Place&lt;/fen&gt; denotes where the &lt;fen&gt;Mass_theme&lt;/fen&gt; is acquired.&lt;/def-root&gt;</definition>
        <semType name="Locative_relation" ID="182"/>
    </FE>
    <FE bgColor="9F79EE" fgColor="FFFFFF" coreType="Extra-Thematic" cBy="MJE" cDate="06/02/2005 07:28:52 PDT Thu" abbrev="pur" name="Purpose" ID="8084">
        <definition>&lt;def-root&gt;The purpose for which an intentional amassment is performed.&lt;/def-root&gt;</definition>
        <semType name="State_of_affairs" ID="177"/>
    </FE>
    <FE bgColor="90876C" fgColor="FFFFFF" coreType="Extra-Thematic" cBy="MJE" cDate="06/02/2005 07:28:52 PDT Thu" abbrev="Exp" name="Explanation" ID="8085">
        <definition>&lt;def-root&gt;The &lt;fen&gt;Explanation&lt;/fen&gt; refers to the existing eventuality that the &lt;fen&gt;Recipient&lt;/fen&gt; is responding to.&lt;/def-root&gt;</definition>
        <semType name="State_of_affairs" ID="177"/>
    </FE>
    <FE bgColor="FFA500" fgColor="FFFFFF" coreType="Peripheral" cBy="MJE" cDate="06/02/2005 07:28:52 PDT Thu" abbrev="Time" name="Time" ID="8086">
        <definition>&lt;def-root&gt;When the event occurs.&lt;/def-root&gt;</definition>
        <semType name="Time" ID="141"/>
    </FE>
    <FE bgColor="FF00FF" fgColor="FFFFFF" coreType="Peripheral" cBy="MJE" cDate="06/02/2005 07:28:52 PDT Thu" abbrev="Mns" name="Means" ID="8087">
        <definition>&lt;def-root&gt;The &lt;fen&gt;Means&lt;/fen&gt; is the action of the &lt;fen&gt;Recipient&lt;/fen&gt; which results in their possession of the &lt;fen&gt;Mass_theme&lt;/fen&gt;.&lt;/def-root&gt;</definition>
        <semType name="State_of_affairs" ID="177"/>
    </FE>
    <FE bgColor="FF69B4" fgColor="FFFFFF" coreType="Peripheral" cBy="MJE" cDate="06/02/2005 07:28:52 PDT Thu" abbrev="man" name="Manner" ID="8088">
        <definition>&lt;def-root&gt;A description of the Amassing which is not covered by more specific FEs.  It includes such specifications as comparisons to other events (&lt;ment&gt;similarly&lt;/ment&gt;), rates of acquisition (&lt;ment&gt;slowly&lt;/ment&gt;), and descriptions of the &lt;fen&gt;Recipient&lt;/fen&gt; which also influence the action (&lt;ment&gt;eagerly&lt;/ment&gt;).

&lt;ex&gt;If you press the show duplicates button, then all the redundant bookmarks that you have &lt;fex name="man"&gt;haphazardly&lt;/fex&gt; &lt;t&gt;accumulated&lt;/t&gt; will be neatly displayed in alphabetical order .&lt;/ex&gt;&lt;/def-root&gt;</definition>
        <semType name="Manner" ID="173"/>
    </FE>
    <FE bgColor="A9A9A9" fgColor="FFFFFF" coreType="Extra-Thematic" cBy="MJE" cDate="06/02/2005 07:28:52 PDT Thu" abbrev="res" name="Result" ID="8089">
        <definition>&lt;def-root&gt;The state that either the &lt;fen&gt;Recipient&lt;/fen&gt; or the &lt;fen&gt;Mass_theme&lt;/fen&gt; end up in after the acquisition.

&lt;/def-root&gt;</definition>
    </FE>
    <FE bgColor="2E8B57" fgColor="FFFFFF" coreType="Peripheral" cBy="MiL" cDate="07/15/2005 03:35:17 PDT Fri" abbrev="Dur" name="Duration" ID="8518">
        <definition>&lt;def-root&gt;This FE describes the length of time over which amassing occurs.

&lt;ex&gt;Bogs &lt;t&gt;accumulate&lt;/t&gt; carbon &lt;fex name="Dur"&gt;for thousands of years&lt;/fex&gt; .&lt;/ex&gt;&lt;/def-root&gt;</definition>
        <semType name="Duration" ID="142"/>
    </FE>
    <FE bgColor="00BFFF" fgColor="000000" coreType="Peripheral" cBy="MiL" cDate="07/15/2005 04:02:04 PDT Fri" abbrev="Cir" name="Circumstances" ID="8531">
        <definition>&lt;def-root&gt;Some specification of the circumstances under which amassing occurs.&lt;/def-root&gt;</definition>
    </FE>
    <FE bgColor="FFFF00" fgColor="000000" coreType="Extra-Thematic" cBy="MiL" cDate="07/18/2005 01:14:51 PDT Mon" abbrev="Rol" name="Role" ID="8599">
        <definition>&lt;def-root&gt; &lt;fen&gt;Role&lt;/fen&gt; is used for the capacity in which the &lt;fen&gt;Recipient&lt;/fen&gt;  amasses stuff, and is expressed in &lt;ment&gt;as&lt;/ment&gt;-PPs.

&lt;ex&gt;By the time I was 16 , I was winning major contests , &lt;t&gt;amassing&lt;/t&gt; a few quid in the bank &lt;fex name="Rol"&gt;as a part-time model&lt;/fex&gt; and walking as though I had a brush handle up my arse .&lt;/ex&gt;
&lt;/def-root&gt;</definition>
    </FE>
    <frameRelation type="Inherits from">
        <relatedFrame ID="179">Getting</relatedFrame>
    </frameRelation>
    <frameRelation type="Is Inherited by"/>
    <frameRelation type="Perspective on"/>
    <frameRelation type="Is Perspectivized in"/>
    <frameRelation type="Uses"/>
    <frameRelation type="Is Used by"/>
    <frameRelation type="Subframe of"/>
    <frameRelation type="Has Subframe(s)"/>
    <frameRelation type="Precedes"/>
    <frameRelation type="Is Preceded by"/>
    <frameRelation type="Is Inchoative of"/>
    <frameRelation type="Is Causative of"/>
    <frameRelation type="See also"/>
    <lexUnit status="Finished_Initial" POS="V" name="amass.v" ID="12173" lemmaID="1175" cBy="MJE" cDate="06/02/2005 08:19:02 PDT Thu">
        <definition>FN: to accumulate over time</definition>
        <sentenceCount annotated="37" total="156"/>
        <lexeme order="1" headword="false" breakBefore="false" POS="V" name="amass"/>
    </lexUnit>
    <lexUnit status="Finished_Initial" POS="V" name="accumulate.v" ID="12174" lemmaID="313" cBy="MJE" cDate="06/02/2005 08:25:55 PDT Thu">
        <definition>COD: gather together a number or quantity of.</definition>
        <sentenceCount annotated="28" total="192"/>
        <lexeme order="1" headword="false" breakBefore="false" POS="V" name="accumulate"/>
    </lexUnit>
    <lexUnit status="Finished_Initial" POS="V" name="stockpile.v" ID="12175" lemmaID="38125" cBy="MJE" cDate="06/02/2005 08:26:41 PDT Thu">
        <definition>COD: accumulate a large stock of.</definition>
        <sentenceCount annotated="26" total="165"/>
        <lexeme order="1" headword="false" breakBefore="false" POS="V" name="stockpile"/>
    </lexUnit>
    <lexUnit status="Created" POS="V" name="hoard.v" ID="15640" lemmaID="18170" cBy="RLG" cDate="02/22/2010 10:16:10 PST Mon">
        <definition>COD: amass and hide or store away. </definition>
        <sentenceCount annotated="0" total="0"/>
        <lexeme order="1" headword="false" breakBefore="false" POS="V" name="hoard"/>
    </lexUnit>
    <lexUnit status="Created" POS="N" name="accumulation.n" ID="16924" lemmaID="314" cBy="WmS" cDate="03/01/2012 10:29:46 PST Thu">
        <definition>FN: Gathered to one location</definition>
        <sentenceCount annotated="0" total="0"/>
        <lexeme order="1" headword="false" breakBefore="false" POS="N" name="accumulation"/>
    </lexUnit>
</frame>