<?xml version="1.0" encoding="UTF-8" standalone="yes"?>
<?xml-stylesheet type="text/xsl" href="frame.xsl"?>
<frame cBy="JKR" cDate="02/19/2004 04:49:08 PST Thu" name="Architectural_part" ID="971" xsi:schemaLocation="../schema/frame.xsd" xmlns="http://framenet.icsi.berkeley.edu" xmlns:xsi="http://www.w3.org/2001/XMLSchema-instance">
    <definition>&lt;def-root&gt;An entity is integrated into a building as a &lt;fen&gt;Part&lt;/fen&gt; of a (possibly unexpressed) &lt;fen&gt;Whole&lt;/fen&gt; which may refer to the whole building or merely to a sub-part of the building.

&lt;ex&gt;We need &lt;fex name="Dsc"&gt;new&lt;/fex&gt; &lt;fex name="Part"&gt;&lt;t&gt;counters&lt;/t&gt;&lt;/fex&gt; for the kitchen&lt;/ex&gt;

&lt;ex&gt;The storm ripped off the &lt;fex name="Whole"&gt;bathroom's&lt;/fex&gt; &lt;fex name="Part"&gt;&lt;t&gt;roof&lt;/t&gt;&lt;/fex&gt;&lt;/ex&gt;

&lt;/def-root&gt;</definition>
    <semType name="Transparent Noun" ID="9"/>
    <FE bgColor="0000FF" fgColor="FFFFFF" coreType="Core" cBy="JKR" cDate="02/19/2004 04:49:08 PST Thu" abbrev="" name="Part" ID="5924">
        <definition>&lt;def-root&gt;A  &lt;fen&gt;Part&lt;/fen&gt; of a larger architectural unit, the  &lt;fen&gt;Whole&lt;/fen&gt;.

&lt;ex&gt;Marty leaned against the  &lt;fex name="Part"&gt;&lt;t&gt;fireplace&lt;/t&gt;&lt;/fex&gt;.&lt;/ex&gt;&lt;/def-root&gt;</definition>
    </FE>
    <FE bgColor="FF0000" fgColor="FFFFFF" coreType="Core" cBy="JKR" cDate="02/19/2004 04:49:08 PST Thu" abbrev="" name="Whole" ID="5925">
        <definition>&lt;def-root&gt;An architectural unit which includes the &lt;fen&gt;Part&lt;/fen&gt;.

 &lt;ex&gt;The &lt;fex name="Whole"&gt;living-room&lt;/fex&gt; &lt;t&gt;fireplace&lt;/t&gt;  is just for show.&lt;/ex&gt;&lt;/def-root&gt;</definition>
    </FE>
    <FE bgColor="008000" fgColor="FFFFFF" coreType="Peripheral" cBy="JKR" cDate="02/19/2004 04:49:08 PST Thu" abbrev="Dsc" name="Descriptor" ID="5926">
        <definition>&lt;def-root&gt;A property relating to the  &lt;fen&gt;Part&lt;/fen&gt;.

&lt;ex&gt;The building had a &lt;fex name="Dsc"&gt;dilapidated&lt;/fex&gt; &lt;t&gt;facade&lt;/t&gt;. &lt;/ex&gt;&lt;/def-root&gt;</definition>
    </FE>
    <FE bgColor="A52A2A" fgColor="FFFFFF" coreType="Peripheral" cBy="JKR" cDate="02/19/2004 04:49:08 PST Thu" abbrev="Orientation" name="Orientation" ID="5927">
        <definition>&lt;def-root&gt;This is a property of the  &lt;fen&gt;Part&lt;/fen&gt; that situates  the  &lt;fen&gt;Part&lt;/fen&gt; within the &lt;fen&gt;Whole&lt;/fen&gt;.

&lt;ex&gt;Looks like he fell through the &lt;fex name="Orientation"&gt;side&lt;/fex&gt; &lt;t&gt;wall&lt;/t&gt;, innit?&lt;/ex&gt; &lt;/def-root&gt;</definition>
    </FE>
    <FE bgColor="FFA500" fgColor="FFFFFF" coreType="Peripheral" cBy="JKR" cDate="02/19/2004 05:20:44 PST Thu" abbrev="" name="Material" ID="5928">
        <definition>&lt;def-root&gt;Any indication of what makes up the &lt;fen&gt;Part&lt;/fen&gt;, including components, ingredients, etc.

&lt;ex&gt;The house has a &lt;fex name="Material"&gt;marble&lt;/fex&gt; &lt;t&gt;floor&lt;/t&gt;&lt;/ex&gt;&lt;/def-root&gt;</definition>
    </FE>
    <FE bgColor="800080" fgColor="FFFFFF" coreType="Peripheral" cBy="JKR" cDate="02/19/2004 05:41:33 PST Thu" abbrev="" name="Creator" ID="5929">
        <definition>&lt;def-root&gt;The Individual  who creates the &lt;fen&gt;Part&lt;/fen&gt;.


&lt;ex&gt;If &lt;fex name="Creator"&gt;a mason's&lt;/fex&gt; &lt;t&gt;wall&lt;/t&gt; collapses, is it always his fault?&lt;/ex&gt;
&lt;/def-root&gt;</definition>
    </FE>
    <frameRelation type="Inherits from">
        <relatedFrame ID="970">Shaped_part</relatedFrame>
    </frameRelation>
    <frameRelation type="Is Inherited by">
        <relatedFrame ID="1025">Connecting_architecture</relatedFrame>
    </frameRelation>
    <frameRelation type="Perspective on"/>
    <frameRelation type="Is Perspectivized in"/>
    <frameRelation type="Uses"/>
    <frameRelation type="Is Used by"/>
    <frameRelation type="Subframe of"/>
    <frameRelation type="Has Subframe(s)"/>
    <frameRelation type="Precedes"/>
    <frameRelation type="Is Preceded by"/>
    <frameRelation type="Is Inchoative of"/>
    <frameRelation type="Is Causative of"/>
    <frameRelation type="See also"/>
    <lexUnit status="Finished_Initial" POS="N" name="fireplace.n" ID="10064" lemmaID="14455" cBy="JKR" cDate="02/19/2004 05:24:35 PST Thu">
        <definition>COD: a partially enclosed space at the base of a chimney for a domestic fire</definition>
        <sentenceCount annotated="20" total="160"/>
        <lexeme order="1" headword="false" breakBefore="false" POS="N" name="fireplace"/>
    </lexUnit>
    <lexUnit status="Created" POS="N" name="floor.n" ID="10065" lemmaID="14757" cBy="JKR" cDate="02/19/2004 05:25:27 PST Thu">
        <definition>COD: the lower surface of a room, on which one may walk</definition>
        <sentenceCount annotated="14" total="14"/>
        <lexeme order="1" headword="false" breakBefore="false" POS="N" name="floor"/>
    </lexUnit>
    <lexUnit status="Created" POS="N" name="ceiling.n" ID="10066" lemmaID="5851" cBy="JKR" cDate="02/19/2004 05:26:21 PST Thu">
        <definition>COD: the upper interior surface of a room</definition>
        <sentenceCount annotated="4" total="5"/>
        <lexeme order="1" headword="false" breakBefore="false" POS="N" name="ceiling"/>
    </lexUnit>
    <lexUnit status="Created" POS="N" name="mantel.n" ID="10067" lemmaID="23421" cBy="JKR" cDate="02/19/2004 05:30:03 PST Thu">
        <definition>FN: a structure of wood, marble, or stone around a fireplace</definition>
        <sentenceCount annotated="0" total="0"/>
        <lexeme order="1" headword="false" breakBefore="false" POS="N" name="mantel"/>
    </lexUnit>
    <lexUnit status="Created" POS="N" name="roof.n" ID="10068" lemmaID="33499" cBy="JKR" cDate="02/19/2004 05:32:18 PST Thu">
        <definition>FN: the structure covering the top of a building or vehicle (as seen from outside)</definition>
        <sentenceCount annotated="2" total="2"/>
        <lexeme order="1" headword="false" breakBefore="false" POS="N" name="roof"/>
    </lexUnit>
    <lexUnit status="Created" POS="N" name="rail.n" ID="10069" lemmaID="31711" cBy="JKR" cDate="02/19/2004 05:36:01 PST Thu">
        <definition>COD: a bar or series of bars fixed on upright supports or attached to a wall or ceiling, serving as part of a fence or barrier or used to hang things on</definition>
        <sentenceCount annotated="0" total="0"/>
        <lexeme order="1" headword="false" breakBefore="false" POS="N" name="rail"/>
    </lexUnit>
    <lexUnit status="Created" POS="N" name="wall.n" ID="10070" lemmaID="43375" cBy="JKR" cDate="02/19/2004 05:56:56 PST Thu">
        <definition>COD: a side of a building or room</definition>
        <sentenceCount annotated="20" total="21"/>
        <lexeme order="1" headword="false" breakBefore="false" POS="N" name="wall"/>
    </lexUnit>
    <lexUnit status="Created" POS="N" name="counter.n" ID="11103" lemmaID="8570" cBy="MiL" cDate="11/05/2004 03:07:59 PST Fri">
        <definition>FN: a flat-topped, level surface usually in the kitchen</definition>
        <sentenceCount annotated="0" total="0"/>
        <lexeme order="1" headword="false" breakBefore="false" POS="N" name="counter"/>
    </lexUnit>
    <lexUnit status="Created" POS="N" name="facade.n" ID="11104" lemmaID="13760" cBy="MiL" cDate="11/05/2004 03:39:23 PST Fri">
        <definition>COD: the face of a building, especially its principal front.</definition>
        <sentenceCount annotated="3" total="3"/>
        <lexeme order="1" headword="false" breakBefore="false" POS="N" name="facade"/>
    </lexUnit>
    <lexUnit status="Created" POS="N" name="foundation.n" ID="14986" lemmaID="50880" cBy="JKs" cDate="04/30/2008 02:55:29 PDT Wed">
        <definition>FN: the base upon which a building is built</definition>
        <sentenceCount annotated="1" total="1"/>
        <lexeme order="1" headword="true" breakBefore="false" POS="N" name="foundation"/>
    </lexUnit>
    <lexUnit status="Created" POS="N" name="flight.n" ID="15943" lemmaID="14707" cBy="MJE" cDate="07/27/2010 02:55:57 PDT Tue">
        <definition>FN: a stair between floors/landings usually forming part of a larger stair .</definition>
        <sentenceCount annotated="1" total="1"/>
        <lexeme order="1" headword="false" breakBefore="false" POS="N" name="flight"/>
    </lexUnit>
    <lexUnit status="Created" POS="N" name="landing.n" ID="15944" lemmaID="21653" cBy="MJE" cDate="07/27/2010 03:22:04 PDT Tue">
        <definition>FN: a section of floor from which a stairway is accessible, especially such a piece of floor between flights of stairs.</definition>
        <sentenceCount annotated="1" total="1"/>
        <lexeme order="1" headword="false" breakBefore="false" POS="N" name="landing"/>
    </lexUnit>
    <lexUnit status="Created" POS="N" name="window.n" ID="16095" lemmaID="44223" cBy="MLC" cDate="09/29/2010 03:32:12 PDT Wed">
        <definition>FN: an opening in a wall defined usually surrounded by a frame which usually holds glass. </definition>
        <sentenceCount annotated="17" total="17"/>
        <lexeme order="1" headword="false" breakBefore="false" POS="N" name="window"/>
    </lexUnit>
</frame>