<?xml version="1.0" encoding="UTF-8" standalone="yes"?>
<?xml-stylesheet type="text/xsl" href="frame.xsl"?>
<frame cBy="AlK" cDate="03/08/2010 04:02:13 PST Mon" name="Arithmetic_commutative" ID="2245" xsi:schemaLocation="../schema/frame.xsd" xmlns="http://framenet.icsi.berkeley.edu" xmlns:xsi="http://www.w3.org/2001/XMLSchema-instance">
    <definition>&lt;def-root&gt;This frame describes types of arithmetic operations and statements which have the commutative property, i.e. the operation is bi-directional, e.g. addition and multiplication. The terms involved are either individually labeled &lt;fen&gt;Term1&lt;/fen&gt; and &lt;fen&gt;Term2&lt;/fen&gt; or grouped together as a single noun phrase labeled &lt;fen&gt;Terms&lt;/fen&gt;. &lt;/def-root&gt;</definition>
    <semType name="Non-Lexical Frame" ID="16"/>
    <FE bgColor="800080" fgColor="FFFFFF" coreType="Core" cBy="AlK" cDate="03/08/2010 04:50:09 PST Mon" abbrev="" name="Terms" ID="13699">
        <definition>&lt;def-root&gt;Two more or elements of a commutative arithmetic operation. This frame element may be represented as &lt;fen&gt;Term1&lt;/fen&gt; and &lt;fen&gt;Term2&lt;/fen&gt;.&lt;/def-root&gt;</definition>
    </FE>
    <FE bgColor="0000FF" fgColor="FFFFFF" coreType="Core" cBy="AlK" cDate="03/08/2010 04:50:32 PST Mon" abbrev="" name="Term1" ID="13700">
        <definition>&lt;def-root&gt;The grammatically more prominent number involved in a commutative operation.&lt;/def-root&gt;</definition>
    </FE>
    <FE bgColor="FF0000" fgColor="FFFFFF" coreType="Core" cBy="AlK" cDate="03/08/2010 04:56:36 PST Mon" abbrev="" name="Term2" ID="13703">
        <definition>&lt;def-root&gt;The grammatically less prominent number involved in commutative operation.&lt;/def-root&gt;</definition>
    </FE>
    <FEcoreSet>
        <memberFE name="Terms" ID="13699"/>
        <memberFE name="Term1" ID="13700"/>
        <memberFE name="Term2" ID="13703"/>
    </FEcoreSet>
    <frameRelation type="Inherits from">
        <relatedFrame ID="2234">Arithmetic</relatedFrame>
    </frameRelation>
    <frameRelation type="Is Inherited by"/>
    <frameRelation type="Perspective on"/>
    <frameRelation type="Is Perspectivized in">
        <relatedFrame ID="2243">Commutative_process</relatedFrame>
        <relatedFrame ID="2244">Commutative_statement</relatedFrame>
    </frameRelation>
    <frameRelation type="Uses"/>
    <frameRelation type="Is Used by"/>
    <frameRelation type="Subframe of"/>
    <frameRelation type="Has Subframe(s)"/>
    <frameRelation type="Precedes"/>
    <frameRelation type="Is Preceded by"/>
    <frameRelation type="Is Inchoative of"/>
    <frameRelation type="Is Causative of"/>
    <frameRelation type="See also"/>
</frame>