<?xml version="1.0" encoding="UTF-8" standalone="yes"?>
<?xml-stylesheet type="text/xsl" href="frame.xsl"?>
<frame cBy="ChW" cDate="02/07/2001 04:12:10 PST Wed" name="Arriving" ID="54" xsi:schemaLocation="../schema/frame.xsd" xmlns="http://framenet.icsi.berkeley.edu" xmlns:xsi="http://www.w3.org/2001/XMLSchema-instance">
    <definition>&lt;def-root&gt;An object &lt;fen&gt;Theme&lt;/fen&gt; moves in the direction of a &lt;fen&gt;Goal&lt;/fen&gt;. The &lt;fen&gt;Goal&lt;/fen&gt; may be expressed or it may be understood from context, but its is always implied by the verb itself.
&lt;ex&gt;&lt;/ex&gt;
&lt;ex&gt;&lt;fex name="Theme"&gt;Some students&lt;/fex&gt; &lt;t&gt;arrived&lt;/t&gt; &lt;fex name="Goal"&gt;at the school&lt;/fex&gt; &lt;fex name="Time"&gt;on Sunday&lt;/fex&gt;.&lt;/ex&gt;

&lt;ex&gt;It was &lt;fex name="Theme"&gt;his&lt;/fex&gt; &lt;t&gt;arrival&lt;/t&gt; &lt;fex name="Goal"&gt;at Nijmegen&lt;/fex&gt; &lt;fex name="Time"&gt;in 837&lt;/fex&gt; that made the Vikings withdraw.&lt;/ex&gt;
&lt;/def-root&gt;</definition>
    <FE bgColor="FF0000" fgColor="FFFFFF" coreType="Core" cBy="ChW" cDate="02/07/2001 04:12:10 PST Wed" abbrev="Thm" name="Theme" ID="223">
        <definition>&lt;def-root&gt;&lt;fen&gt;Theme&lt;/fen&gt; is the object that moves. It may be an entity that moves under its own power, but it need not be. &lt;ex&gt;&lt;fex name="Theme"&gt;The officer&lt;/fex&gt; &lt;t&gt;approached&lt;/t&gt; the house.&lt;/ex&gt;&lt;ex&gt;I ducked as &lt;fex name="Theme"&gt;the baseball&lt;/fex&gt; &lt;t&gt;approached&lt;/t&gt; my head.&lt;/ex&gt;&lt;/def-root&gt;</definition>
        <semType name="Physical_object" ID="68"/>
    </FE>
    <FE bgColor="9F79EE" fgColor="FFFFFF" coreType="Peripheral" cBy="ChW" cDate="02/07/2001 04:12:10 PST Wed" abbrev="Src" name="Source" ID="224">
        <definition>&lt;def-root&gt;&lt;fen&gt;Source&lt;/fen&gt; is any expression which implies a definite starting-point of motion. While &lt;fen&gt;Source&lt;/fen&gt; expressions are possible in this frame, they are relatively infrequent.  If present, they often express a general direction from which a &lt;fen&gt;Theme&lt;/fen&gt; moves, rather than a landmark away from which it moves.&lt;ex&gt;The cat &lt;t&gt;approached&lt;/t&gt; the bird &lt;fex name="Source"&gt;from behind&lt;/fex&gt;.&lt;/ex&gt;&lt;ex&gt;She &lt;t&gt;arrived&lt;/t&gt; &lt;fex name="Source"&gt;from New York&lt;/fex&gt; yesterday.&lt;/ex&gt;&lt;/def-root&gt;</definition>
        <semType name="Source" ID="151"/>
    </FE>
    <FE bgColor="0000FF" fgColor="FFFFFF" coreType="Peripheral" cBy="ChW" cDate="02/07/2001 04:12:10 PST Wed" abbrev="Path" name="Path" ID="225">
        <definition>&lt;def-root&gt;&lt;fen&gt;Path&lt;/fen&gt; is any description of a trajectory of motion which is neither a &lt;fen&gt;Source&lt;/fen&gt; nor a &lt;fen&gt;Goal&lt;/fen&gt;.  In this frame, &lt;fen&gt;Path&lt;/fen&gt; expressions almost always have a via-sense.&lt;ex&gt;The officer &lt;t&gt;approached&lt;/t&gt; the house &lt;fex name="Path"&gt;through the bushes&lt;/fex&gt;.&lt;/ex&gt; &lt;/def-root&gt;</definition>
    </FE>
    <FE bgColor="00BFFF" fgColor="FFFFFF" coreType="Core" cBy="ChW" cDate="02/07/2001 04:12:10 PST Wed" abbrev="Goal" name="Goal" ID="226">
        <definition>&lt;def-root&gt;&lt;fen&gt;Goal&lt;/fen&gt; is any expression that tells where the &lt;fen&gt;Theme&lt;/fen&gt; ends up, or would end up, as a result of the motion. &lt;ex&gt;We &lt;t&gt;arrived&lt;/t&gt; &lt;fex name="Goal"&gt;in Paris&lt;/fex&gt; before midnight.&lt;/ex&gt; Although always conceptually present and specific, &lt;fen&gt;Goal&lt;/fen&gt; may sometimes be understood from context, rather than expressed by any separate constituent. &lt;ex&gt;Our visitors &lt;t&gt;arrived&lt;/t&gt; yesterday.&lt;/ex&gt;&lt;/def-root&gt;</definition>
        <semType name="Location" ID="54"/>
    </FE>
    <FE bgColor="FF00FF" fgColor="FFFFFF" coreType="Peripheral" cBy="ChW" cDate="02/07/2001 04:12:10 PST Wed" abbrev="Manr" name="Manner" ID="227">
        <definition>&lt;def-root&gt;A &lt;fen&gt;Manner&lt;/fen&gt; expression  describes a property of motion which is not directly related to the trajectory of motion.  Descriptions of speed, steadiness, grace, means of motion, and other things count as &lt;fen&gt;Manner&lt;/fen&gt; expressions.&lt;ex&gt;The messenger &lt;t&gt;entered&lt;/t&gt; the room &lt;fex name="Manner"&gt;clumsily&lt;/fex&gt;.&lt;/ex&gt; &lt;/def-root&gt;</definition>
        <semType name="Manner" ID="173"/>
    </FE>
    <FE bgColor="A52A2A" fgColor="FFFFFF" coreType="Peripheral" cBy="MJE" cDate="09/18/2001 12:37:03 PDT Tue" abbrev="Mns" name="Means" ID="1936">
        <definition>&lt;def-root&gt;This FE identifies the &lt;fen&gt;Means&lt;/fen&gt; by which a &lt;fen&gt;Theme&lt;/fen&gt; arrives.&lt;/def-root&gt;</definition>
        <semType name="State_of_affairs" ID="177"/>
    </FE>
    <FE bgColor="00008B" fgColor="FFFFFF" coreType="Peripheral" cBy="MJE" cDate="09/18/2001 12:37:39 PDT Tue" abbrev="MoT" name="Mode_of_transportation" ID="1938">
        <definition>&lt;def-root&gt;The &lt;fen&gt;Mode_of_transportation&lt;/fen&gt; expresses how the motion of the Theme is effected, by its body or by a vehicle which holds and conveys the &lt;fen&gt;Theme&lt;/fen&gt;.   Vehicles can move in any way and in any medium. They are usually expressed obliquely with 'in' or 'by'.

&lt;ex&gt;I &lt;t&gt;reached&lt;/t&gt; Canada &lt;fex name="Mode_of_transportation"&gt;by car&lt;/fex&gt;.&lt;/ex&gt; 
&lt;ex&gt;I &lt;t&gt;reached&lt;/t&gt; Mexico &lt;fex name="Mode_of_transportation"&gt;on foot&lt;/fex&gt;.&lt;/ex&gt; &lt;/def-root&gt;</definition>
    </FE>
    <FE bgColor="7CCD7C" fgColor="000000" coreType="Extra-Thematic" cBy="MJE" cDate="09/18/2001 12:38:24 PDT Tue" abbrev="Thm_c" name="Cotheme" ID="1939">
        <definition>&lt;def-root&gt;&lt;fen&gt;Cotheme&lt;/fen&gt; is the second moving object, expressed as a direct object or an oblique. &lt;ex&gt;Pat &lt;t&gt;came&lt;/t&gt; &lt;fex name="Cotheme"&gt; with me&lt;/fex&gt; down the street.&lt;/ex&gt;
&lt;ex&gt;The squirrel  &lt;t&gt;returned&lt;/t&gt; &lt;fex name="Cotheme"&gt;with the nut&lt;/fex&gt;.&lt;/ex&gt; &lt;/def-root&gt;</definition>
    </FE>
    <FE bgColor="FFA500" fgColor="FFFFFF" coreType="Peripheral" cBy="MJE" cDate="10/04/2001 03:37:12 PDT Thu" abbrev="Time" name="Time" ID="2051">
        <definition>&lt;def-root&gt;This FE identifies the &lt;fen&gt;Time&lt;/fen&gt; when arriving occurs.&lt;/def-root&gt;</definition>
        <semType name="Time" ID="141"/>
    </FE>
    <FE bgColor="808080" fgColor="FFFFFF" coreType="Extra-Thematic" cBy="ACW" cDate="08/19/2002 03:31:49 PDT Mon" abbrev="New" name="New_situation" ID="3580">
        <definition>&lt;def-root&gt;The &lt;fen&gt;New_situation&lt;/fen&gt; are the state of the &lt;fen&gt;Goal&lt;/fen&gt; when the &lt;fen&gt;Theme&lt;/fen&gt; arrives. 
&lt;ex&gt;&lt;fex name="Theme"&gt;The senator&lt;/fex&gt; &lt;t&gt;arrived&lt;/t&gt; &lt;fex name="New_situation"&gt;to a standing ovation&lt;/fex&gt;.&lt;/ex&gt;&lt;/def-root&gt;</definition>
    </FE>
    <FE bgColor="9400D3" fgColor="FFFFFF" coreType="Extra-Thematic" cBy="ACW" cDate="08/19/2002 03:33:04 PDT Mon" abbrev="Dep" name="Depictive" ID="3581">
        <definition>&lt;def-root&gt;The &lt;fen&gt;Depictive&lt;/fen&gt; is a phrase which describes the state of the &lt;fen&gt;Theme&lt;/fen&gt; upon arrival. &lt;ex&gt;&lt;fex name="Theme"&gt;The Princess of Wales&lt;/fex&gt; &lt;t&gt;arrived&lt;/t&gt; &lt;fex name="Depictive"&gt;smiling&lt;/fex&gt;.&lt;/ex&gt;&lt;/def-root&gt;</definition>
    </FE>
    <FE bgColor="7FFF00" fgColor="000000" coreType="Extra-Thematic" cBy="MJE" cDate="11/21/2005 02:27:33 PST Mon" abbrev="per" name="Period_of_iterations" ID="9432">
        <definition>&lt;def-root&gt;The time period within which the arrival repeats multiple times.

&lt;/def-root&gt;</definition>
    </FE>
    <FE bgColor="FFFF00" fgColor="000000" coreType="Extra-Thematic" cBy="KmG" cDate="05/04/2006 01:33:05 PDT Thu" abbrev="" name="Circumstances" ID="10077">
        <definition>&lt;def-root&gt;Circumstances describe the state of the world (at a particular time and place) which is specifically independent of the event itself and any of its participants. &lt;/def-root&gt;</definition>
    </FE>
    <FE bgColor="006400" fgColor="FFFFFF" coreType="Extra-Thematic" cBy="KmG" cDate="05/04/2006 01:47:36 PDT Thu" abbrev="Pur" name="Purpose" ID="10079">
        <definition>&lt;def-root&gt;This FE identifies the purpose for which the &lt;fen&gt;Theme&lt;/fen&gt; arrives to the Goal.&lt;/def-root&gt;</definition>
        <semType name="State_of_affairs" ID="177"/>
    </FE>
    <FE bgColor="EEE8AA" fgColor="000000" coreType="Extra-Thematic" cBy="KmG" cDate="06/13/2006 10:49:04 PDT Tue" abbrev="" name="Degree" ID="10279">
        <definition>&lt;def-root&gt;This frame element selects some gradable attribute and modifies the expected value for it.&lt;/def-root&gt;</definition>
    </FE>
    <FE bgColor="90876C" fgColor="000000" coreType="Extra-Thematic" cBy="KmG" cDate="03/14/2007 09:57:59 PDT Wed" abbrev="eve" name="Event_description" ID="11182">
        <definition>&lt;def-root&gt;This FE marks the state of affairs reported by the Arriving Event as understood to play a role in the state of affairs of the modifier.&lt;/def-root&gt;</definition>
    </FE>
    <FE bgColor="A9A9A9" fgColor="000000" coreType="Extra-Thematic" cBy="KmG" cDate="03/22/2007 10:17:31 PDT Thu" abbrev="re-e" name="Re-encoding" ID="11242">
        <definition>&lt;def-root&gt;This FE presents the current frame as an integral part of a larger conceptualization expressed by another frame. The frame expressed by the target typically corresponds to a Means action.&lt;/def-root&gt;</definition>
    </FE>
    <FE bgColor="FF69B4" fgColor="000000" coreType="Extra-Thematic" cBy="KmG" cDate="10/12/2007 01:10:51 PDT Fri" abbrev="" name="Frequency" ID="11987">
        <definition>&lt;def-root&gt;How often the &lt;fen&gt;Theme&lt;/fen&gt; arrives at the &lt;fen&gt;Goal&lt;/fen&gt;.&lt;/def-root&gt;</definition>
    </FE>
    <FE bgColor="008000" fgColor="FFFFFF" coreType="Peripheral" cBy="JKs" cDate="07/28/2008 02:54:00 PDT Mon" abbrev="" name="Place" ID="13039">
        <definition>&lt;def-root&gt;This FE identifies the &lt;fen&gt;Place&lt;/fen&gt; where the arriving event occurs.&lt;/def-root&gt;</definition>
    </FE>
    <frameRelation type="Inherits from">
        <relatedFrame ID="88">Eventive_affecting</relatedFrame>
    </frameRelation>
    <frameRelation type="Is Inherited by">
        <relatedFrame ID="1943">Visiting_scenario_arrival</relatedFrame>
        <relatedFrame ID="2642">Vehicle_landing</relatedFrame>
    </frameRelation>
    <frameRelation type="Perspective on"/>
    <frameRelation type="Is Perspectivized in"/>
    <frameRelation type="Uses"/>
    <frameRelation type="Is Used by">
        <relatedFrame ID="1870">Having_or_lacking_access</relatedFrame>
    </frameRelation>
    <frameRelation type="Subframe of">
        <relatedFrame ID="1310">Traversing</relatedFrame>
    </frameRelation>
    <frameRelation type="Has Subframe(s)"/>
    <frameRelation type="Precedes"/>
    <frameRelation type="Is Preceded by">
        <relatedFrame ID="57">Departing</relatedFrame>
    </frameRelation>
    <frameRelation type="Is Inchoative of"/>
    <frameRelation type="Is Causative of"/>
    <frameRelation type="See also"/>
    <lexUnit status="FN1_Sent" POS="N" name="approach.n" ID="937" lemmaID="1768" cBy="ChW" cDate="02/08/2001 01:28:55 PST Thu">
        <definition>FN: an act of approaching</definition>
        <sentenceCount annotated="13" total="284"/>
        <lexeme order="1" headword="false" breakBefore="false" POS="N" name="approach"/>
    </lexUnit>
    <lexUnit status="FN1_Sent" POS="V" name="approach.v" ID="938" lemmaID="1769" cBy="ChW" cDate="02/08/2001 01:28:55 PST Thu">
        <definition>COD: come near or nearer to in distance, time, or standard.</definition>
        <sentenceCount annotated="43" total="368"/>
        <lexeme order="1" headword="false" breakBefore="false" POS="V" name="approach"/>
    </lexUnit>
    <lexUnit status="FN1_Sent" POS="N" name="arrival.n" ID="939" lemmaID="1982" cBy="ChW" cDate="02/08/2001 01:28:55 PST Thu">
        <definition>FN: the act of arriving</definition>
        <sentenceCount annotated="25" total="221"/>
        <lexeme order="1" headword="false" breakBefore="false" POS="N" name="arrival"/>
    </lexUnit>
    <lexUnit status="Finished_Initial" POS="V" name="arrive.v" ID="940" lemmaID="1983" cBy="ChW" cDate="02/08/2001 01:28:56 PST Thu">
        <definition>COD: reach a destination.</definition>
        <sentenceCount annotated="87" total="517"/>
        <lexeme order="1" headword="false" breakBefore="false" POS="V" name="arrive"/>
    </lexUnit>
    <lexUnit status="FN1_Sent" POS="V" name="come.v" ID="941" lemmaID="7278" cBy="ChW" cDate="02/08/2001 01:28:56 PST Thu">
        <definition>COD:  move or travel towards or into a place thought of as near or familiar to the speaker</definition>
        <sentenceCount annotated="121" total="609"/>
        <lexeme order="1" headword="false" breakBefore="false" POS="V" name="come"/>
    </lexUnit>
    <lexUnit status="FN1_Sent" POS="V" name="enter.v" ID="942" lemmaID="12844" cBy="ChW" cDate="02/08/2001 01:28:56 PST Thu">
        <definition>COD: come or go into</definition>
        <sentenceCount annotated="49" total="425"/>
        <lexeme order="1" headword="false" breakBefore="false" POS="V" name="enter"/>
    </lexUnit>
    <lexUnit status="FN1_Sent" POS="N" name="entrance.n" ID="943" lemmaID="12886" cBy="ChW" cDate="02/08/2001 01:28:56 PST Thu">
        <definition>COD: an act of entering</definition>
        <sentenceCount annotated="31" total="229"/>
        <lexeme order="1" headword="false" breakBefore="false" POS="N" name="entrance"/>
    </lexUnit>
    <lexUnit status="FN1_Sent" POS="N" name="return.n" ID="944" lemmaID="33049" cBy="ChW" cDate="02/08/2001 01:28:56 PST Thu">
        <definition>COD: an act of returning.</definition>
        <sentenceCount annotated="33" total="238"/>
        <lexeme order="1" headword="false" breakBefore="false" POS="N" name="return"/>
    </lexUnit>
    <lexUnit status="FN1_Sent" POS="V" name="return.v" ID="945" lemmaID="33050" cBy="ChW" cDate="02/08/2001 01:28:56 PST Thu">
        <definition>COD:  come or go back to a place</definition>
        <sentenceCount annotated="45" total="250"/>
        <lexeme order="1" headword="false" breakBefore="false" POS="V" name="return"/>
    </lexUnit>
    <lexUnit status="FN1_Sent" POS="N" name="visit.n" ID="946" lemmaID="43127" cBy="ChW" cDate="02/08/2001 01:28:56 PST Thu">
        <definition>COD: an act of visiting</definition>
        <sentenceCount annotated="21" total="80"/>
        <lexeme order="1" headword="false" breakBefore="false" POS="N" name="visit"/>
    </lexUnit>
    <lexUnit status="FN1_Sent" POS="V" name="visit.v" ID="947" lemmaID="43128" cBy="ChW" cDate="02/08/2001 01:28:56 PST Thu">
        <definition>COD: go to see and spend some time</definition>
        <sentenceCount annotated="49" total="298"/>
        <lexeme order="1" headword="false" breakBefore="false" POS="V" name="visit"/>
    </lexUnit>
    <lexUnit status="Finished_Initial" POS="V" name="reach.v" ID="4883" lemmaID="31956" cBy="MJE" cDate="02/11/2002 03:57:31 PST Mon">
        <definition>FN: to arrive at</definition>
        <sentenceCount annotated="71" total="240"/>
        <lexeme order="1" headword="false" breakBefore="false" POS="V" name="reach"/>
    </lexUnit>
    <lexUnit status="Insufficient_Attestations" POS="V" name="make.v" ID="4884" lemmaID="23215" cBy="MJE" cDate="02/11/2002 04:06:49 PST Mon">
        <definition>COD: manage to arrive at (a place) or catch (a train or other transport). </definition>
        <sentenceCount annotated="1" total="333"/>
        <lexeme order="1" headword="false" breakBefore="false" POS="V" name="make"/>
    </lexUnit>
    <lexUnit status="Finished_Initial" POS="V" name="get.v" ID="4885" lemmaID="16168" cBy="MJE" cDate="02/11/2002 04:17:39 PST Mon">
        <definition>COD:  come or go eventually or with some difficulty</definition>
        <sentenceCount annotated="42" total="312"/>
        <lexeme order="1" headword="false" breakBefore="false" POS="V" name="get"/>
    </lexUnit>
    <lexUnit status="Finished_Initial" POS="V" name="make it.v" ID="11062" lemmaID="49640" cBy="MJE" cDate="10/04/2004 03:03:46 PDT Mon">
        <definition>FN: manage to arrive (at the planned or expected time)</definition>
        <sentenceCount annotated="23" total="327"/>
        <lexeme order="1" headword="true" breakBefore="false" POS="V" name="make"/>
        <lexeme order="2" headword="false" breakBefore="false" POS="N" name="it"/>
    </lexUnit>
    <lexUnit status="Needs_SCs" POS="V" name="descend (on).v" ID="12883" lemmaID="10312" cBy="MJE" cDate="11/08/2005 07:28:49 PST Tue">
        <definition>FN: come to a place en masse (of a temporary nuisance).</definition>
        <sentenceCount annotated="4" total="4"/>
        <lexeme order="1" headword="false" breakBefore="false" POS="V" name="descend"/>
    </lexUnit>
    <lexUnit status="Needs_SCs" POS="V" name="crest.v" ID="12963" lemmaID="8914" cBy="MJE" cDate="11/21/2005 02:48:44 PST Mon">
        <definition>COD: reach the top of.</definition>
        <sentenceCount annotated="3" total="3"/>
        <lexeme order="1" headword="false" breakBefore="false" POS="V" name="crest"/>
    </lexUnit>
    <lexUnit status="Finished_Initial" POS="N" name="entry.n" ID="13510" lemmaID="12906" cBy="RLG" cDate="08/21/2006 11:44:22 PDT Mon">
        <definition>COD: an act or the action of entering.</definition>
        <sentenceCount annotated="46" total="618"/>
        <lexeme order="1" headword="false" breakBefore="false" POS="N" name="entry"/>
    </lexUnit>
    <lexUnit status="Created" POS="N" name="influx.n" ID="14271" lemmaID="19887" cBy="RLG" cDate="03/30/2007 04:10:37 PDT Fri">
        <definition>COD: the arrival or entry of large numbers of people or things.</definition>
        <sentenceCount annotated="3" total="3"/>
        <lexeme order="1" headword="false" breakBefore="false" POS="N" name="influx"/>
    </lexUnit>
    <lexUnit status="Created" POS="V" name="hit.v" ID="16383" lemmaID="18154" cBy="MLC" cDate="07/06/2011 04:52:43 PDT Wed">
        <definition>FN: to reach a destination or location. </definition>
        <sentenceCount annotated="8" total="8"/>
        <lexeme order="1" headword="false" breakBefore="false" POS="V" name="hit"/>
    </lexUnit>
    <lexUnit status="Created" POS="V" name="appear.v" ID="16415" lemmaID="1709" cBy="AlK" cDate="07/27/2011 02:10:33 PDT Wed">
        <definition>FN: to suddenly arrive</definition>
        <sentenceCount annotated="10" total="10"/>
        <lexeme order="1" headword="false" breakBefore="false" POS="V" name="appear"/>
    </lexUnit>
    <lexUnit status="Created" POS="V" name="find.v" ID="16602" lemmaID="14391" cBy="CVa" cDate="09/13/2011 05:07:39 PDT Tue">
        <definition>FN: to reach a destination or a goal</definition>
        <sentenceCount annotated="0" total="0"/>
        <lexeme order="1" headword="false" breakBefore="false" POS="V" name="find"/>
    </lexUnit>
</frame>