<?xml version="1.0" encoding="UTF-8" standalone="yes"?>
<?xml-stylesheet type="text/xsl" href="frame.xsl"?>
<frame cBy="HCB" cDate="06/21/2001 02:15:13 PDT Thu" name="Arson" ID="138" xsi:schemaLocation="../schema/frame.xsd" xmlns="http://framenet.icsi.berkeley.edu" xmlns:xsi="http://www.w3.org/2001/XMLSchema-instance">
    <definition>&lt;def-root&gt;A &lt;fen&gt;Perpetrator&lt;/fen&gt; intentionally sets fire to his own or someone else's property, often in order to collect an insurance payment on this property.

&lt;ex&gt;&lt;fex name="Perpetrator"&gt;Two men&lt;/fex&gt; were charged with &lt;fex name="Offense"&gt;&lt;t&gt;arson&lt;/t&gt;&lt;/fex&gt;.&lt;/ex&gt;&lt;/def-root&gt;</definition>
    <FE bgColor="FF69B4" fgColor="FFFFFF" coreType="Peripheral" cBy="HCB" cDate="07/13/2001 11:25:30 PDT Fri" abbrev="Degr" name="Degree" ID="1348">
        <definition>&lt;def-root&gt;This FE identifies the &lt;fen&gt;Degree&lt;/fen&gt; to which an event occurs&lt;/def-root&gt;</definition>
        <semType name="Degree" ID="172"/>
    </FE>
    <FE bgColor="9400D3" fgColor="FFFFFF" coreType="Extra-Thematic" cBy="HCB" cDate="07/13/2001 11:25:30 PDT Fri" abbrev="Depict" name="Depictive" ID="1349">
        <definition>&lt;def-root&gt;&lt;fen&gt;Depictive&lt;/fen&gt; identifies a phrase that describes the actor of an action.&lt;/def-root&gt;</definition>
    </FE>
    <FE bgColor="9F79EE" fgColor="FFFFFF" coreType="Core" cBy="HCB" cDate="07/13/2001 11:25:30 PDT Fri" abbrev="off" name="Offense" ID="1350">
        <definition>&lt;def-root&gt;The illegal setting of fire to destroy something.&lt;/def-root&gt;</definition>
        <semType name="State_of_affairs" ID="177"/>
    </FE>
    <FE bgColor="FF00FF" fgColor="FFFFFF" coreType="Peripheral" cBy="HCB" cDate="07/13/2001 11:25:30 PDT Fri" abbrev="Manr" name="Manner" ID="1351">
        <definition>&lt;def-root&gt;This FE identifies the &lt;fen&gt;Manner&lt;/fen&gt; in which an action is performed.&lt;/def-root&gt;</definition>
        <semType name="Manner" ID="173"/>
    </FE>
    <FE bgColor="A52A2A" fgColor="FFFFFF" coreType="Peripheral" cBy="HCB" cDate="07/13/2001 11:25:30 PDT Fri" abbrev="Mns" name="Means" ID="1352">
        <definition>&lt;def-root&gt;This FE identifies the &lt;fen&gt;Means&lt;/fen&gt; by which arson is committed.&lt;/def-root&gt;</definition>
        <semType name="State_of_affairs" ID="177"/>
    </FE>
    <FE bgColor="808080" fgColor="FFFFFF" coreType="Peripheral" cBy="HCB" cDate="07/13/2001 11:25:30 PDT Fri" abbrev="Purp" name="Purpose" ID="1353">
        <definition>&lt;def-root&gt;The action that the &lt;fen&gt;Perpetrator&lt;/fen&gt; is trying to accomplish with the arson &lt;fen&gt;Event&lt;/fen&gt;.

&lt;ex&gt;&lt;t&gt;Arson&lt;/t&gt; &lt;fex name="Purp"&gt;for insurance fraud&lt;/fex&gt; is quite common.&lt;/ex&gt;&lt;/def-root&gt;</definition>
        <semType name="State_of_affairs" ID="177"/>
    </FE>
    <FE bgColor="00BFFF" fgColor="FFFFFF" coreType="Peripheral" cBy="HCB" cDate="07/13/2001 11:26:03 PDT Fri" abbrev="Dur" name="Duration" ID="1355">
        <definition>&lt;def-root&gt;This FE identifies the &lt;fen&gt;Duration&lt;/fen&gt; of time that a state holds or a process is ongoing.&lt;/def-root&gt;</definition>
        <semType name="Duration" ID="142"/>
    </FE>
    <FE bgColor="008000" fgColor="FFFFFF" coreType="Peripheral" cBy="HCB" cDate="07/13/2001 11:26:03 PDT Fri" abbrev="Place" name="Place" ID="1358">
        <definition>&lt;def-root&gt;This FE identifies the &lt;fen&gt;Place&lt;/fen&gt; where the arson occurs.&lt;/def-root&gt;</definition>
        <semType name="Locative_relation" ID="182"/>
    </FE>
    <FE bgColor="FFA500" fgColor="FFFFFF" coreType="Peripheral" cBy="HCB" cDate="07/13/2001 11:26:03 PDT Fri" abbrev="Time" name="Time" ID="1360">
        <definition>&lt;def-root&gt;This FE identifies the &lt;fen&gt;Time&lt;/fen&gt; when the arson occurs.&lt;/def-root&gt;</definition>
        <semType name="Time" ID="141"/>
    </FE>
    <FE bgColor="FF0000" fgColor="FFFFFF" coreType="Core" cBy="HCB" cDate="07/13/2001 11:35:57 PDT Fri" abbrev="Perp" name="Perpetrator" ID="1361">
        <definition>&lt;def-root&gt;The &lt;fen&gt;Perpetrator&lt;/fen&gt; sets fire to a building in order to gain some benefit from so doing.
&lt;ex&gt;&lt;fex name="Perpetrator"&gt;The two men&lt;/fex&gt; were charged with &lt;t&gt;arson&lt;/t&gt; when found running from the burning factory.&lt;/ex&gt;&lt;/def-root&gt;</definition>
        <semType name="Sentient" ID="5"/>
    </FE>
    <FE bgColor="0000FF" fgColor="FFFFFF" coreType="Core" cBy="HCB" cDate="07/13/2001 11:42:36 PDT Fri" abbrev="Vict" name="Victim" ID="1363">
        <definition>&lt;def-root&gt;&lt;fen&gt;Victim&lt;/fen&gt; identifies the enity that is negatively effected by the arson. &lt;ex&gt;There has been an increase in the number of  &lt;t&gt;arson&lt;/t&gt; attacks &lt;fex name="Victim"&gt;on local schools&lt;/fex&gt;.&lt;/ex&gt;&lt;/def-root&gt;</definition>
        <semType name="Sentient" ID="5"/>
    </FE>
    <FE bgColor="00008B" fgColor="FFFFFF" coreType="Extra-Thematic" cBy="Hay" cDate="10/02/2003 11:40:55 PDT Thu" abbrev="Freq" name="Frequency" ID="5467">
        <definition>&lt;def-root&gt;The frequency with which an act of arson is committed. 

&lt;ex&gt;The churches were plagued with &lt;fex name="Freq"&gt;frequent&lt;/fex&gt; &lt;t&gt;arson&lt;/t&gt;.&lt;/ex&gt;&lt;/def-root&gt;</definition>
    </FE>
    <FE bgColor="90876C" fgColor="FFFFFF" coreType="Extra-Thematic" cBy="HPh" cDate="05/05/2015 05:01:02 PDT Tue" abbrev="exp" name="Explanation" ID="16440">
        <definition>&lt;def-root&gt;The &lt;fen&gt;Explanation&lt;/fen&gt; denotes a proposition from which the main clause (headed by the target) logically follows. This often means that the &lt;fen&gt;Explanation&lt;/fen&gt; causes the target's proposition, but not in all cases.&lt;/def-root&gt;</definition>
        <semType name="State_of_affairs" ID="177"/>
    </FE>
    <frameRelation type="Inherits from">
        <relatedFrame ID="432">Offenses</relatedFrame>
    </frameRelation>
    <frameRelation type="Is Inherited by"/>
    <frameRelation type="Perspective on"/>
    <frameRelation type="Is Perspectivized in"/>
    <frameRelation type="Uses">
        <relatedFrame ID="230">Intentionally_affect</relatedFrame>
        <relatedFrame ID="283">Setting_fire</relatedFrame>
    </frameRelation>
    <frameRelation type="Is Used by"/>
    <frameRelation type="Subframe of"/>
    <frameRelation type="Has Subframe(s)"/>
    <frameRelation type="Precedes"/>
    <frameRelation type="Is Preceded by"/>
    <frameRelation type="Is Inchoative of"/>
    <frameRelation type="Is Causative of"/>
    <frameRelation type="See also"/>
    <lexUnit status="Finished_Initial" POS="N" name="arson.n" ID="3047" lemmaID="1997" cBy="HCB" cDate="07/13/2001 11:43:12 PDT Fri">
        <definition>COD: the criminal act of deliberately setting fire to property. </definition>
        <sentenceCount annotated="17" total="96"/>
        <lexeme order="1" headword="false" breakBefore="false" POS="N" name="arson"/>
    </lexUnit>
    <lexUnit status="Finished_Initial" POS="N" name="arsonist.n" ID="3048" lemmaID="1998" cBy="HCB" cDate="07/13/2001 11:58:55 PDT Fri">
        <definition>FN: the criminal who deliberately set things on fire</definition>
        <sentenceCount annotated="11" total="45"/>
        <lexeme order="1" headword="false" breakBefore="false" POS="N" name="arsonist"/>
    </lexUnit>
</frame>