<?xml version="1.0" encoding="UTF-8" standalone="yes"?>
<?xml-stylesheet type="text/xsl" href="frame.xsl"?>
<frame cBy="JKR" cDate="11/30/2005 07:49:56 PST Wed" name="Artificiality" ID="1660" xsi:schemaLocation="../schema/frame.xsd" xmlns="http://framenet.icsi.berkeley.edu" xmlns:xsi="http://www.w3.org/2001/XMLSchema-instance">
    <definition>&lt;def-root&gt;An &lt;fen&gt;Entity&lt;/fen&gt; is evaluated for whether or not it belongs to a particular &lt;fen&gt;Reference_category&lt;/fen&gt; in a context where its category membership is doubtful. The criterion or criteria that are relevant to evaluating &lt;fen&gt;Reference_category&lt;/fen&gt; membership depend on the individual lexical units and/or on the context. Typically, either the material composition of the &lt;fen&gt;Entity&lt;/fen&gt;, its method of creation, or the identity (and proper authority) of its creators are critical for proper category membership. Note that &lt;fen&gt;Entity&lt;/fen&gt; also covers behaviors.

&lt;ex&gt;It can be hard to get your money back after discovering you've bought a &lt;t&gt;bogus&lt;/t&gt;
&lt;fex name="Reference_category"&gt;autograph&lt;/fex&gt; for hundreds or thousands of dollars! &lt;/ex&gt;

&lt;ex&gt;It can be hard to get your money back after discovering 
you've bought &lt;fex name="Entity"&gt;a BOGUS autograph&lt;/fex&gt; for hundreds or thousands of dollars! &lt;/ex&gt;


&lt;ex&gt;A &lt;t&gt;bogus&lt;/t&gt; &lt;fex name="Reference_category"&gt;policeman&lt;/fex&gt; pulling over motorists was arrested after stopping a car carrying
four real officers.&lt;/ex&gt;

&lt;ex&gt;&lt;fex name="Entity"&gt;A BOGUS policeman pulling over motorists&lt;/fex&gt; was arrested after stopping a car carrying four real officers.&lt;/ex&gt;


&lt;ex&gt;You people are pretty thick if you think you have evidence to prove that &lt;fex name="ent"&gt;the moon landing&lt;/fex&gt; &lt;m&gt;was&lt;/m&gt; &lt;t&gt;fake&lt;/t&gt;.&lt;/ex&gt;
&lt;ex&gt;You people are pretty thick if you think you have evidence to prove that the &lt;fex name="Reference_category"&gt;moon landing&lt;/fex&gt; &lt;m&gt;was&lt;/m&gt; &lt;t&gt;fake&lt;/t&gt;.&lt;/ex&gt;

&lt;/def-root&gt;</definition>
    <FE bgColor="FF0000" fgColor="FFFFFF" coreType="Core" cBy="JKR" cDate="11/30/2005 07:52:31 PST Wed" abbrev="ent" name="Entity" ID="9484">
        <definition>&lt;def-root&gt;The &lt;fen&gt;Entity&lt;/fen&gt; that is being evaluated in terms of whether it is an instance of the &lt;fen&gt;Reference_category&lt;/fen&gt;.

&lt;ex&gt;&lt;fex name="ent"&gt;The bomb found at the US Embassy in Berlin&lt;/fex&gt; &lt;m&gt;was&lt;/m&gt; &lt;t&gt;fake&lt;/t&gt;.&lt;/ex&gt;&lt;/def-root&gt;</definition>
    </FE>
    <FE bgColor="00008B" fgColor="FFFFFF" coreType="Core" cBy="JKR" cDate="11/30/2005 08:38:27 PST Wed" abbrev="typ" name="Reference_category" ID="9485">
        <definition>&lt;def-root&gt;The type relative to which the &lt;fen&gt;Entity&lt;/fen&gt; is evaluated.&lt;/def-root&gt;</definition>
    </FE>
    <FE bgColor="008000" fgColor="FFFFFF" coreType="Peripheral" cBy="JKR" cDate="12/01/2005 01:34:26 PST Thu" abbrev="deg" name="Degree" ID="9488">
        <definition>&lt;def-root&gt;The extent to which the &lt;fen&gt;Entity&lt;/fen&gt; seems to belong (or not, if so specified by the lexical unit) to the category of the &lt;fen&gt;Reference_category&lt;/fen&gt; is clear. Typically, this frame element is realized as an end-of-scale expression.

&lt;ex&gt;Of course, the picture was &lt;fex name="deg"&gt;completely&lt;/fex&gt; &lt;t&gt;fake&lt;/t&gt;, as could be seen by a number of clues.&lt;/ex&gt;&lt;/def-root&gt;</definition>
        <semType name="Degree" ID="172"/>
    </FE>
    <frameRelation type="Inherits from">
        <relatedFrame ID="1015">Gradable_attributes</relatedFrame>
    </frameRelation>
    <frameRelation type="Is Inherited by"/>
    <frameRelation type="Perspective on"/>
    <frameRelation type="Is Perspectivized in"/>
    <frameRelation type="Uses"/>
    <frameRelation type="Is Used by">
        <relatedFrame ID="1661">Forging</relatedFrame>
    </frameRelation>
    <frameRelation type="Subframe of"/>
    <frameRelation type="Has Subframe(s)"/>
    <frameRelation type="Precedes"/>
    <frameRelation type="Is Preceded by"/>
    <frameRelation type="Is Inchoative of"/>
    <frameRelation type="Is Causative of"/>
    <frameRelation type="See also"/>
    <lexUnit status="Finished_Initial" POS="A" name="artificial.a" ID="13003" lemmaID="2023" cBy="JKR" cDate="11/30/2005 07:59:13 PST Wed">
        <definition>COD: made as a copy of something natural.</definition>
        <sentenceCount annotated="21" total="121"/>
        <lexeme order="1" headword="false" breakBefore="false" POS="A" name="artificial"/>
    </lexUnit>
    <lexUnit status="Finished_Initial" POS="A" name="bogus.a" ID="13004" lemmaID="4057" cBy="JKR" cDate="11/30/2005 07:59:51 PST Wed">
        <definition>COD: not genuine or true</definition>
        <sentenceCount annotated="30" total="69"/>
        <lexeme order="1" headword="false" breakBefore="false" POS="A" name="bogus"/>
    </lexUnit>
    <lexUnit status="Finished_Initial" POS="A" name="fake.a" ID="13005" lemmaID="13863" cBy="JKR" cDate="11/30/2005 08:00:21 PST Wed">
        <definition>COD: not genuine.</definition>
        <sentenceCount annotated="23" total="87"/>
        <lexeme order="1" headword="false" breakBefore="false" POS="A" name="fake"/>
    </lexUnit>
    <lexUnit status="Finished_Initial" POS="A" name="counterfeit.a" ID="13006" lemmaID="8589" cBy="JKR" cDate="11/30/2005 08:01:15 PST Wed">
        <definition>COD: made in exact imitation of something valuable with the intention to deceive or defraud.</definition>
        <sentenceCount annotated="20" total="44"/>
        <lexeme order="1" headword="false" breakBefore="false" POS="A" name="counterfeit"/>
    </lexUnit>
    <lexUnit status="Finished_Initial" POS="A" name="false.a" ID="13007" lemmaID="13882" cBy="JKR" cDate="11/30/2005 08:02:16 PST Wed">
        <definition>COD: artificial.</definition>
        <sentenceCount annotated="18" total="128"/>
        <lexeme order="1" headword="false" breakBefore="false" POS="A" name="false"/>
    </lexUnit>
    <lexUnit status="Finished_Initial" POS="A" name="genuine.a" ID="13008" lemmaID="16118" cBy="JKR" cDate="11/30/2005 08:03:14 PST Wed">
        <definition>COD: truly what it is said to be; authentic</definition>
        <sentenceCount annotated="20" total="81"/>
        <lexeme order="1" headword="false" breakBefore="false" POS="A" name="genuine"/>
        <semType name="Negative" ID="99"/>
    </lexUnit>
    <lexUnit status="Finished_Initial" POS="A" name="ersatz.a" ID="13009" lemmaID="13071" cBy="JKR" cDate="11/30/2005 08:04:15 PST Wed">
        <definition>COD: not real or genuine</definition>
        <sentenceCount annotated="14" total="18"/>
        <lexeme order="1" headword="false" breakBefore="false" POS="A" name="ersatz"/>
    </lexUnit>
    <lexUnit status="Needs_SCs" POS="N" name="phoney.n" ID="13015" lemmaID="28797" cBy="JKR" cDate="12/01/2005 05:03:05 PST Thu">
        <definition>COD: a fraudulent person or thing. </definition>
        <sentenceCount annotated="2" total="20"/>
        <lexeme order="1" headword="false" breakBefore="false" POS="N" name="phoney"/>
    </lexUnit>
    <lexUnit status="Needs_SCs" POS="A" name="pseudo.a" ID="13016" lemmaID="30983" cBy="JKR" cDate="12/01/2005 05:03:16 PST Thu">
        <definition>COD: not genuine; fake, pretentious, or insincere. </definition>
        <sentenceCount annotated="9" total="34"/>
        <lexeme order="1" headword="false" breakBefore="false" POS="A" name="pseudo"/>
    </lexUnit>
    <lexUnit status="Needs_SCs" POS="A" name="phoney.a" ID="13022" lemmaID="28798" cBy="JKR" cDate="12/01/2005 05:37:45 PST Thu">
        <definition>COD: not genuine. </definition>
        <sentenceCount annotated="6" total="81"/>
        <lexeme order="1" headword="false" breakBefore="false" POS="A" name="phoney"/>
    </lexUnit>
    <lexUnit status="Created" POS="A" name="real.a" ID="17047" lemmaID="31998" cBy="PKe" cDate="05/03/2012 02:32:05 PDT Thu">
        <definition>FN: Genuine, official, actual</definition>
        <sentenceCount annotated="0" total="0"/>
        <lexeme order="1" headword="false" breakBefore="false" POS="A" name="real"/>
        <semType name="Negative" ID="99"/>
    </lexUnit>
    <lexUnit status="Created" POS="A" name="actual.a" ID="17048" lemmaID="420" cBy="PKe" cDate="05/03/2012 02:32:36 PDT Thu">
        <definition>FN: Not artificial; genuine</definition>
        <sentenceCount annotated="0" total="0"/>
        <lexeme order="1" headword="false" breakBefore="false" POS="A" name="actual"/>
        <semType name="Negative" ID="99"/>
    </lexUnit>
    <lexUnit status="Created" POS="A" name="true.a" ID="17049" lemmaID="41367" cBy="PKe" cDate="05/03/2012 02:32:59 PDT Thu">
        <definition>FN: Not false; Genuine, real, actual</definition>
        <sentenceCount annotated="0" total="0"/>
        <lexeme order="1" headword="false" breakBefore="false" POS="A" name="true"/>
        <semType name="Negative" ID="99"/>
    </lexUnit>
    <lexUnit status="Created" POS="A" name="disingenuous.a" ID="17485" lemmaID="11012" cBy="MJE" cDate="06/03/2014 03:42:56 PDT Tue">
        <definition>FN: having a character that misleads a perceiver as to implications.</definition>
        <sentenceCount annotated="0" total="0"/>
        <lexeme order="1" headword="false" breakBefore="false" POS="A" name="disingenuous"/>
    </lexUnit>
</frame>