<?xml version="1.0" encoding="UTF-8" standalone="yes"?>
<?xml-stylesheet type="text/xsl" href="frame.xsl"?>
<frame cBy="MJE" cDate="11/01/2002 05:21:21 PST Fri" name="Artifact" ID="421" xsi:schemaLocation="../schema/frame.xsd" xmlns="http://framenet.icsi.berkeley.edu" xmlns:xsi="http://www.w3.org/2001/XMLSchema-instance">
    <definition>&lt;def-root&gt;An &lt;fen&gt;Artifact&lt;/fen&gt; is deliberately made or modified by an intelligent entity to be put to a certain kind of &lt;fen&gt;Use&lt;/fen&gt;.  Various properties of the &lt;fen&gt;Artifact&lt;/fen&gt; may be specified, such as its &lt;fen&gt;Creator&lt;/fen&gt;, &lt;fen&gt;Time_of_creation&lt;/fen&gt;, &lt;fen&gt;Name&lt;/fen&gt;, &lt;fen&gt;Type&lt;/fen&gt;, and the &lt;fen&gt;Material&lt;/fen&gt; of which it is composed.  The &lt;fen&gt;Artifact&lt;/fen&gt; may or may not be a physical entity.

&lt;ex&gt;There are reports that Kim Il Sung asked China to share its &lt;fex name="Type"&gt;nuclear&lt;/fex&gt; &lt;fex name="Use"&gt;weapons&lt;/fex&gt; &lt;fex name="Artifact"&gt;&lt;t&gt;technology&lt;/t&gt;&lt;/fex&gt;.&lt;/ex&gt;&lt;/def-root&gt;</definition>
    <FE bgColor="FF69B4" fgColor="FFFFFF" coreType="Core" cBy="MJE" cDate="11/01/2002 05:59:38 PST Fri" abbrev="Artifact" name="Artifact" ID="3874">
        <definition>&lt;def-root&gt;This FE identifies the entity or substance that is designed to have a particular &lt;fen&gt;Use&lt;/fen&gt;. This can refer to physical artifacts, like a mug or computer monitor, or a digital artifact, such as a website or document.&lt;/def-root&gt;</definition>
    </FE>
    <FE bgColor="9400D3" fgColor="FFFFFF" coreType="Peripheral" cBy="MJE" cDate="11/01/2002 05:59:42 PST Fri" abbrev="Use" name="Use" ID="3875">
        <definition>&lt;def-root&gt;The use for which an artifact is intended.&lt;/def-root&gt;</definition>
    </FE>
    <FE bgColor="FF0000" fgColor="FFFFFF" coreType="Extra-Thematic" cBy="MJE" cDate="02/12/2004 06:30:23 PST Thu" abbrev="" name="Creator" ID="5860">
        <definition>&lt;def-root&gt;An individual or individuals that bring the &lt;fen&gt;Artifact&lt;/fen&gt; into existence.&lt;/def-root&gt;</definition>
    </FE>
    <FE bgColor="FFA500" fgColor="FFFFFF" coreType="Extra-Thematic" cBy="MJE" cDate="02/12/2004 06:31:45 PST Thu" abbrev="" name="Time_of_creation" ID="5861">
        <definition>&lt;def-root&gt;The time at which an &lt;fen&gt;Artifact&lt;/fen&gt; comes into existence.&lt;/def-root&gt;</definition>
    </FE>
    <FE bgColor="008000" fgColor="FFFFFF" coreType="Extra-Thematic" cBy="MJE" cDate="02/12/2004 06:32:40 PST Thu" abbrev="" name="Name" ID="5862">
        <definition>&lt;def-root&gt;The term used to refer to an &lt;fen&gt;Artifact&lt;/fen&gt;.&lt;/def-root&gt;</definition>
    </FE>
    <FE bgColor="00008B" fgColor="FFFFFF" coreType="Extra-Thematic" cBy="MJE" cDate="02/12/2004 06:33:45 PST Thu" abbrev="" name="Type" ID="5863">
        <definition>&lt;def-root&gt;An indication of the subtype of &lt;fen&gt;Artifact&lt;/fen&gt;.&lt;/def-root&gt;</definition>
    </FE>
    <FE bgColor="A9A9A9" fgColor="FFFFFF" coreType="Extra-Thematic" cBy="MJE" cDate="02/12/2004 06:34:31 PST Thu" abbrev="" name="Material" ID="5864">
        <definition>&lt;def-root&gt;Any indication of what makes up the &lt;fen&gt;Artifact&lt;/fen&gt;, including components, ingredients, etc.&lt;/def-root&gt;</definition>
    </FE>
    <frameRelation type="Inherits from">
        <relatedFrame ID="251">Entity</relatedFrame>
    </frameRelation>
    <frameRelation type="Is Inherited by">
        <relatedFrame ID="426">Weapon</relatedFrame>
        <relatedFrame ID="419">Connectors</relatedFrame>
        <relatedFrame ID="134">Clothing</relatedFrame>
        <relatedFrame ID="158">Accoutrements</relatedFrame>
        <relatedFrame ID="950">Law</relatedFrame>
        <relatedFrame ID="173">Buildings</relatedFrame>
        <relatedFrame ID="1017">Noise_makers</relatedFrame>
        <relatedFrame ID="1565">Ammunition</relatedFrame>
        <relatedFrame ID="1598">Fastener</relatedFrame>
        <relatedFrame ID="1481">Infrastructure</relatedFrame>
        <relatedFrame ID="429">Vehicle</relatedFrame>
        <relatedFrame ID="299">Body_decoration</relatedFrame>
        <relatedFrame ID="298">Text</relatedFrame>
        <relatedFrame ID="1761">Money</relatedFrame>
        <relatedFrame ID="2653">Information_display</relatedFrame>
        <relatedFrame ID="2654">Controller_object</relatedFrame>
        <relatedFrame ID="2743">Key</relatedFrame>
        <relatedFrame ID="257">Medical_instruments</relatedFrame>
        <relatedFrame ID="1656">Physical_artworks</relatedFrame>
        <relatedFrame ID="2837">Fire_break</relatedFrame>
    </frameRelation>
    <frameRelation type="Perspective on"/>
    <frameRelation type="Is Perspectivized in"/>
    <frameRelation type="Uses">
        <relatedFrame ID="1141">Using</relatedFrame>
    </frameRelation>
    <frameRelation type="Is Used by">
        <relatedFrame ID="106">Gizmo</relatedFrame>
        <relatedFrame ID="1200">Being_operational</relatedFrame>
    </frameRelation>
    <frameRelation type="Subframe of"/>
    <frameRelation type="Has Subframe(s)">
        <relatedFrame ID="2470">Artifact_subpart</relatedFrame>
    </frameRelation>
    <frameRelation type="Precedes"/>
    <frameRelation type="Is Preceded by"/>
    <frameRelation type="Is Inchoative of"/>
    <frameRelation type="Is Causative of"/>
    <frameRelation type="See also"/>
    <lexUnit status="Created" POS="N" name="wheel.n" ID="10350" lemmaID="43884" cBy="TRn" cDate="03/18/2004 01:50:42 PST Thu">
        <definition>COD:  a circular object that revolves on an axle, fixed below a vehicle to enable it to move over the ground or forming part of a machine.</definition>
        <sentenceCount annotated="2" total="2"/>
        <lexeme order="1" headword="false" breakBefore="false" POS="N" name="wheel"/>
    </lexUnit>
    <lexUnit status="Created" POS="N" name="technology.n" ID="11662" lemmaID="39703" cBy="JKR" cDate="03/02/2005 11:24:41 PST Wed">
        <definition>FN: an abstract or physical product of human ingenuity focused on solving a problem</definition>
        <sentenceCount annotated="75" total="77"/>
        <lexeme order="1" headword="false" breakBefore="false" POS="N" name="technology"/>
    </lexUnit>
    <lexUnit status="Created" POS="N" name="biotechnology.n" ID="11663" lemmaID="49883" cBy="JKR" cDate="03/02/2005 11:41:23 PST Wed">
        <definition>FN: the results of the exploitation of biological processes for industrial and other purposes,  especially the genetic manipulation of micro-organisms for the production of antibiotics, hormones, etc.</definition>
        <sentenceCount annotated="11" total="11"/>
        <lexeme order="1" headword="true" breakBefore="false" POS="N" name="biotechnology"/>
    </lexUnit>
    <lexUnit status="Add_Annotation" POS="N" name="artifact.n" ID="13804" lemmaID="50514" cBy="MJE" cDate="02/25/2007 12:04:05 PST Sun">
        <definition>COD: an object made by a human being.</definition>
        <sentenceCount annotated="4" total="241"/>
        <lexeme order="1" headword="true" breakBefore="false" POS="N" name="artifact"/>
    </lexUnit>
    <lexUnit status="Created" POS="N" name="control panel.n" ID="16596" lemmaID="51403" cBy="CVa" cDate="09/07/2011 05:24:53 PDT Wed">
        <definition>FN: a usually flat surface containing switches, dials, buttons, etc. used to operate machinery </definition>
        <sentenceCount annotated="1" total="1"/>
        <lexeme order="1" headword="false" breakBefore="false" POS="N" name="control"/>
        <lexeme order="2" headword="true" breakBefore="false" POS="N" name="panel"/>
    </lexUnit>
    <lexUnit status="Created" POS="N" name="board.n" ID="16606" lemmaID="3998" cBy="PKe" cDate="09/15/2011 02:17:53 PDT Thu">
        <definition>FN: A long, flat object manufactured for multipurpose use, generally made of wood or particle board and utilized in construction. Other kinds of boards include those for extreme sports, such as snowboards, etc.</definition>
        <sentenceCount annotated="3" total="3"/>
        <lexeme order="1" headword="false" breakBefore="false" POS="N" name="board"/>
    </lexUnit>
    <lexUnit status="Created" POS="N" name="board (game).n" ID="16607" lemmaID="3998" cBy="PKe" cDate="09/15/2011 02:30:26 PDT Thu">
        <definition>FN: A flat, portable surface patterned and designed for use in a game.</definition>
        <sentenceCount annotated="0" total="0"/>
        <lexeme order="1" headword="false" breakBefore="false" POS="N" name="board"/>
    </lexUnit>
</frame>