<?xml version="1.0" encoding="UTF-8" standalone="yes"?>
<?xml-stylesheet type="text/xsl" href="frame.xsl"?>
<frame cBy="MJE" cDate="08/13/2001 02:26:14 PDT Mon" name="Attaching" ID="197" xsi:schemaLocation="../schema/frame.xsd" xmlns="http://framenet.icsi.berkeley.edu" xmlns:xsi="http://www.w3.org/2001/XMLSchema-instance">
    <definition>&lt;def-root&gt;The Attaching frame covers two situations: a scene in
which somebody causes one thing to be physically connected to
something else; or a scene in which somebody causes two things to be
connected to each other.  In the first, the frame includes an
&lt;fen&gt;Agent&lt;/fen&gt; who attaches an &lt;fen&gt;Item&lt;/fen&gt; to a &lt;fen&gt;Goal&lt;/fen&gt; by
manipulating a &lt;fen&gt;Connector&lt;/fen&gt;, creating an asymmetric relationship
between the &lt;fen&gt;Item&lt;/fen&gt; and the &lt;fen&gt;Goal&lt;/fen&gt;.  In the second, the
&lt;fen&gt;Agent&lt;/fen&gt; attaches two &lt;fen&gt;Items&lt;/fen&gt; to each other, where each
serves as a &lt;fen&gt;Goal&lt;/fen&gt; for the other, creating a symmetric
relationship between the two &lt;fen&gt;Items&lt;/fen&gt;. In both cases, the 
&lt;fen&gt;Connector&lt;/fen&gt; remains to bind the two entities (either
&lt;fen&gt;Item&lt;/fen&gt; and &lt;fen&gt;Goal&lt;/fen&gt;, or two &lt;fen&gt;Items&lt;/fen&gt;), without
creating a new entity.

&lt;ex&gt;&lt;fex name="Agent"&gt;The robber&lt;/fex&gt; &lt;t&gt;tied&lt;/t&gt; &lt;fex name="Item"&gt;Harry&lt;/fex&gt; &lt;fex name="Goal"&gt;to the chair&lt;/fex&gt;.&lt;/ex&gt;

&lt;ex&gt;Make sure &lt;fex name="Agent"&gt;you&lt;/fex&gt; &lt;t&gt;bind&lt;/t&gt; &lt;fex name="Items"&gt;his wrists&lt;/fex&gt; &lt;fex name="Manner"&gt;as tightly as possible&lt;/fex&gt;.&lt;/ex&gt;&lt;/def-root&gt;</definition>
    <FE bgColor="FF0000" fgColor="FFFFFF" coreType="Core" cBy="MJE" cDate="08/13/2001 07:55:03 PDT Mon" abbrev="Agent" name="Agent" ID="1605">
        <definition>&lt;def-root&gt;The &lt;fen&gt;Agent&lt;/fen&gt; manipulates an object. &lt;fen&gt;Agent&lt;/fen&gt; typically refers to animate beings, but is also extended to mechanical and other inanimate objects.  It is most frequently expressed as the external argument of verbs. &lt;ex&gt;&lt;fex name="Agent"&gt;The robber&lt;/fex&gt; &lt;t&gt;tied&lt;/t&gt; Harry to the chair.&lt;/ex&gt; &lt;/def-root&gt;</definition>
        <semType name="Sentient" ID="5"/>
    </FE>
    <FE bgColor="0000FF" fgColor="FFFFFF" coreType="Core" cBy="MJE" cDate="08/13/2001 07:55:03 PDT Mon" abbrev="Item" name="Item" ID="1606">
        <definition>&lt;def-root&gt;This FE identifies the &lt;fen&gt;Item&lt;/fen&gt; that the &lt;fen&gt;Agent&lt;/fen&gt; attaches to the &lt;fen&gt;Goal&lt;/fen&gt;.
&lt;ex&gt;The robber &lt;t&gt;tied&lt;/t&gt; &lt;fex name="Item"&gt;Harry&lt;/fex&gt; to the chair.&lt;/ex&gt;&lt;/def-root&gt;</definition>
        <requiresFE name="Goal" ID="2195"/>
        <excludesFE name="Items" ID="2197"/>
    </FE>
    <FE bgColor="9400D3" fgColor="FFFFFF" coreType="Extra-Thematic" cBy="MJE" cDate="08/13/2001 07:55:03 PDT Mon" abbrev="Result" name="Result" ID="1607">
        <definition>&lt;def-root&gt;This FE identifies the &lt;fen&gt;Result&lt;/fen&gt; of an attaching event.
&lt;ex&gt;The robber &lt;t&gt;tied&lt;/t&gt; his ankles &lt;fex name="Result"&gt;together&lt;/fex&gt;.&lt;/ex&gt;&lt;/def-root&gt;</definition>
    </FE>
    <FE bgColor="006400" fgColor="FFFFFF" coreType="Core" cBy="ACW" cDate="12/17/2001 04:30:16 PST Mon" abbrev="Goal" name="Goal" ID="2195">
        <definition>&lt;def-root&gt;&lt;fen&gt;Goal&lt;/fen&gt; identifies the location to which an &lt;fen&gt;Item&lt;/fen&gt; is attached.
&lt;ex&gt;The robber &lt;t&gt;tied&lt;/t&gt; Harry &lt;fex name="Goal"&gt;to the chair&lt;/fex&gt;.&lt;/ex&gt;

&lt;/def-root&gt;</definition>
        <semType name="Goal" ID="153"/>
        <requiresFE name="Item" ID="1606"/>
        <excludesFE name="Items" ID="2197"/>
    </FE>
    <FE bgColor="7CCD73" fgColor="FFFFFF" coreType="Core" cBy="ACW" cDate="12/17/2001 04:32:45 PST Mon" abbrev="Conn" name="Connector" ID="2196">
        <definition>&lt;def-root&gt;The &lt;fen&gt;Connector&lt;/fen&gt; forms the bond that maintains the &lt;fen&gt;Item&lt;/fen&gt; or &lt;fen&gt;Items&lt;/fen&gt; in a fixed position; it is usually expressed in a &lt;ment&gt;with&lt;/ment&gt;-PP.
&lt;ex&gt;The robber &lt;t&gt;tied&lt;/t&gt; Harry to the chair  &lt;fex name="Connector"&gt;with a rope&lt;/fex&gt;.&lt;/ex&gt;&lt;/def-root&gt;</definition>
        <semType name="Physical_entity" ID="70"/>
    </FE>
    <FE bgColor="00008B" fgColor="FFFFFF" coreType="Core" cBy="ACW" cDate="12/17/2001 04:34:19 PST Mon" abbrev="Items" name="Items" ID="2197">
        <definition>&lt;def-root&gt;This FE identifies the plural &lt;fen&gt;Items&lt;/fen&gt; that are tied together, resulting in their mutual attachment.
&lt;ex&gt;The robber &lt;t&gt;tied&lt;/t&gt; &lt;fex name="Items"&gt;Harry's ankles&lt;/fex&gt; together.&lt;/ex&gt;

Notice that when the FE &lt;fen&gt;Items&lt;/fen&gt; occurs, neither &lt;fen&gt;Item&lt;/fen&gt; nor &lt;fen&gt;Goal&lt;/fen&gt; can occur.&lt;/def-root&gt;</definition>
    </FE>
    <FE bgColor="A52A2A" fgColor="FFFFFF" coreType="Extra-Thematic" cBy="ACW" cDate="01/22/2002 11:19:36 PST Tue" abbrev="Handle" name="Handle" ID="2236">
        <definition>&lt;def-root&gt;Thie &lt;fen&gt;Handle&lt;/fen&gt; is the point of attachment on the &lt;fen&gt;Item&lt;/fen&gt; to which the &lt;fen&gt;Agent&lt;/fen&gt; attaches.
&lt;ex&gt;The robbers &lt;t&gt;tied&lt;/t&gt; Harry to the chair &lt;fex name="Handle"&gt;by his ankle&lt;/fex&gt;.&lt;/ex&gt;&lt;/def-root&gt;</definition>
    </FE>
    <FE bgColor="9F79EE" fgColor="FFFFFF" coreType="Peripheral" cBy="ACW" cDate="05/31/2002 10:46:41 PDT Fri" abbrev="Mns" name="Means" ID="2882">
        <definition>&lt;def-root&gt;This FE identifies the &lt;fen&gt;Means&lt;/fen&gt; by which an &lt;fen&gt;Agent&lt;/fen&gt; intentionally affects an &lt;fen&gt;Item&lt;/fen&gt; or &lt;fen&gt;Items&lt;/fen&gt;. &lt;ex&gt;The robber &lt;t&gt;tied&lt;/t&gt; Harry to the chair &lt;fex name="Means"&gt;by wrapping the rope around his chest&lt;/fex&gt;.&lt;/ex&gt;&lt;/def-root&gt;</definition>
        <semType name="State_of_affairs" ID="177"/>
    </FE>
    <FE bgColor="FF00FF" fgColor="FFFFFF" coreType="Peripheral" cBy="ACW" cDate="06/26/2002 12:04:46 PDT Wed" abbrev="Mnr" name="Manner" ID="3246">
        <definition>&lt;def-root&gt;This FE identifies the &lt;fen&gt;Manner&lt;/fen&gt; in which an &lt;fen&gt;Agent&lt;/fen&gt; intentionally affects an &lt;fen&gt;Item&lt;/fen&gt; or &lt;fen&gt;Items&lt;/fen&gt;. &lt;ex&gt;The robber &lt;t&gt;tied&lt;/t&gt; Harry to the chair &lt;fex name="Manner"&gt;with enthusiasm&lt;/fex&gt;.&lt;/ex&gt;&lt;/def-root&gt;</definition>
        <semType name="Manner" ID="173"/>
    </FE>
    <FE bgColor="008000" fgColor="FFFFFF" coreType="Peripheral" cBy="ACW" cDate="06/26/2002 12:04:46 PDT Wed" abbrev="Place" name="Place" ID="3247">
        <definition>&lt;def-root&gt;This FE identifies the &lt;fen&gt;Place&lt;/fen&gt; where the &lt;fen&gt;Agent&lt;/fen&gt; intentionally affects an &lt;fen&gt;Item&lt;/fen&gt; or &lt;fen&gt;Items&lt;/fen&gt;. &lt;ex&gt;The robber &lt;t&gt;tied&lt;/t&gt; Harry to the chair &lt;fex name="Place"&gt;in the basement&lt;/fex&gt;.&lt;/ex&gt;&lt;/def-root&gt;</definition>
        <semType name="Locative_relation" ID="182"/>
    </FE>
    <FE bgColor="800080" fgColor="FFFFFF" coreType="Peripheral" cBy="ACW" cDate="06/26/2002 12:04:46 PDT Wed" abbrev="Purp" name="Purpose" ID="3248">
        <definition>&lt;def-root&gt;This FE identifies the &lt;fen&gt;Purpose&lt;/fen&gt; for which an &lt;fen&gt;Agent&lt;/fen&gt; intentionally affects an &lt;fen&gt;Item&lt;/fen&gt; or &lt;fen&gt;Items&lt;/fen&gt;. &lt;ex&gt;The robber &lt;t&gt;tied&lt;/t&gt; Harry to the chair &lt;fex name="Purpose"&gt;to stop him from leaving&lt;/fex&gt;.&lt;/ex&gt;
&lt;/def-root&gt;</definition>
        <semType name="State_of_affairs" ID="177"/>
    </FE>
    <FE bgColor="FFA500" fgColor="FFFFFF" coreType="Peripheral" cBy="ACW" cDate="06/26/2002 12:04:46 PDT Wed" abbrev="Time" name="Time" ID="3249">
        <definition>&lt;def-root&gt;This FE identifies the &lt;fen&gt;Time&lt;/fen&gt; when the &lt;fen&gt;Agent&lt;/fen&gt; intentionally affects the &lt;fen&gt;Item&lt;/fen&gt; or &lt;fen&gt;Items&lt;/fen&gt;. &lt;ex&gt;The robber &lt;t&gt;tied&lt;/t&gt; Harry to the chair &lt;fex name="Time"&gt;at midnight&lt;/fex&gt;.&lt;/ex&gt;&lt;/def-root&gt;</definition>
        <semType name="Time" ID="141"/>
    </FE>
    <FE bgColor="808080" fgColor="FFFFFF" coreType="Peripheral" cBy="MJE" cDate="07/02/2002 05:23:54 PDT Tue" abbrev="Ins" name="Instrument" ID="3322">
        <definition>&lt;def-root&gt;This FE identifies the &lt;fen&gt;Instrument&lt;/fen&gt; with which an &lt;fen&gt;Agent&lt;/fen&gt; attaches an &lt;fen&gt;Item&lt;/fen&gt; or &lt;fen&gt;Items&lt;/fen&gt;.  Typically, it transmits the force applied by the &lt;fen&gt;Agent&lt;/fen&gt;, and is not left behind as a participant in the resultant Being_attached frame.
&lt;ex&gt;The robber &lt;t&gt;tied&lt;/t&gt; Harry to the chair  &lt;fex name="Instrument"&gt;with his left hand&lt;/fex&gt;.&lt;/ex&gt;&lt;/def-root&gt;</definition>
        <semType name="Physical_entity" ID="70"/>
    </FE>
    <FE bgColor="FF69B4" fgColor="FFFFFF" coreType="Peripheral" cBy="Hay" cDate="10/02/2003 11:36:55 PDT Thu" abbrev="Degr" name="Degree" ID="5379">
        <definition>&lt;def-root&gt;This FE identifies the &lt;fen&gt;Degree&lt;/fen&gt; to which the &lt;fen&gt;Item&lt;/fen&gt; ends up attached.

&lt;ex&gt;You only &lt;fex name="Degr"&gt;partially&lt;/fex&gt; &lt;t&gt;anchored&lt;/t&gt; it, and now it's torn off.&lt;/ex&gt;&lt;/def-root&gt;</definition>
        <semType name="Degree" ID="172"/>
    </FE>
    <FE bgColor="FF69B4" fgColor="000000" coreType="Extra-Thematic" cBy="KmG" cDate="06/01/2006 03:02:20 PDT Thu" abbrev="" name="Frequency" ID="10173">
        <definition>&lt;def-root&gt;This frame element is defined as the number of times the Attaching event occurs per some unit of time. &lt;/def-root&gt;</definition>
    </FE>
    <FE bgColor="2E8B57" fgColor="FFFFFF" coreType="Extra-Thematic" cBy="KmG" cDate="06/01/2006 03:13:29 PDT Thu" abbrev="" name="Period_of_iterations" ID="10174">
        <definition>&lt;def-root&gt;The length of time from when the Attaching event began to be repeated to when it stopped.&lt;/def-root&gt;</definition>
    </FE>
    <FE bgColor="EEE8AA" fgColor="000000" coreType="Extra-Thematic" cBy="KmG" cDate="06/06/2006 02:27:25 PDT Tue" abbrev="" name="Duration" ID="10245">
        <definition>&lt;def-root&gt;The time when the Attaching occurs. &lt;/def-root&gt;</definition>
    </FE>
    <frameRelation type="Inherits from">
        <relatedFrame ID="230">Intentionally_affect</relatedFrame>
    </frameRelation>
    <frameRelation type="Is Inherited by"/>
    <frameRelation type="Perspective on"/>
    <frameRelation type="Is Perspectivized in"/>
    <frameRelation type="Uses"/>
    <frameRelation type="Is Used by">
        <relatedFrame ID="419">Connectors</relatedFrame>
    </frameRelation>
    <frameRelation type="Subframe of"/>
    <frameRelation type="Has Subframe(s)"/>
    <frameRelation type="Precedes"/>
    <frameRelation type="Is Preceded by"/>
    <frameRelation type="Is Inchoative of"/>
    <frameRelation type="Is Causative of">
        <relatedFrame ID="306">Becoming_attached</relatedFrame>
    </frameRelation>
    <frameRelation type="See also"/>
    <lexUnit status="Finished_Initial" POS="V" name="fasten.v" ID="3765" lemmaID="13992" cBy="MJE" cDate="08/13/2001 02:37:20 PDT Mon">
        <definition>COD: fix or hold in place</definition>
        <sentenceCount annotated="20" total="264"/>
        <lexeme order="1" headword="false" breakBefore="false" POS="V" name="fasten"/>
    </lexUnit>
    <lexUnit status="Finished_Initial" POS="V" name="attach.v" ID="3768" lemmaID="2279" cBy="MJE" cDate="08/14/2001 01:11:00 PDT Tue">
        <definition>COD: fasten; join</definition>
        <sentenceCount annotated="16" total="310"/>
        <lexeme order="1" headword="false" breakBefore="false" POS="V" name="attach"/>
    </lexUnit>
    <lexUnit status="Finished_Initial" POS="V" name="tie.v" ID="4515" lemmaID="40394" cBy="MJE" cDate="12/15/2001 10:03:11 PST Sat">
        <definition>COD: attach or fasten with string, cord, etc</definition>
        <sentenceCount annotated="28" total="296"/>
        <lexeme order="1" headword="false" breakBefore="false" POS="V" name="tie"/>
    </lexUnit>
    <lexUnit status="Finished_Initial" incorporatedFE="Connector" POS="V" name="tack.v" ID="4528" lemmaID="39364" cBy="ACW" cDate="12/17/2001 04:44:49 PST Mon">
        <definition>COD:  fasten or fix with tacks or with temporary long stitches</definition>
        <sentenceCount annotated="8" total="105"/>
        <lexeme order="1" headword="false" breakBefore="false" POS="V" name="tack"/>
    </lexUnit>
    <lexUnit status="Finished_Initial" incorporatedFE="Connector" POS="V" name="glue.v" ID="4529" lemmaID="16398" cBy="ACW" cDate="12/17/2001 04:46:33 PST Mon">
        <definition>COD: fasten or join with glue</definition>
        <sentenceCount annotated="13" total="180"/>
        <lexeme order="1" headword="false" breakBefore="false" POS="V" name="glue"/>
    </lexUnit>
    <lexUnit status="Finished_Initial" incorporatedFE="Connector" POS="V" name="staple.v" ID="4530" lemmaID="37806" cBy="ACW" cDate="12/17/2001 04:50:15 PST Mon">
        <definition>COD:  secure with a staple or staples </definition>
        <sentenceCount annotated="5" total="39"/>
        <lexeme order="1" headword="false" breakBefore="false" POS="V" name="staple"/>
    </lexUnit>
    <lexUnit status="Finished_Initial" incorporatedFE="Connector" POS="V" name="tape.v" ID="4531" lemmaID="39523" cBy="ACW" cDate="12/17/2001 04:53:07 PST Mon">
        <definition>COD: fasten, attach, or mark off with tape</definition>
        <sentenceCount annotated="6" total="109"/>
        <lexeme order="1" headword="false" breakBefore="false" POS="V" name="tape"/>
    </lexUnit>
    <lexUnit status="Finished_Initial" incorporatedFE="Connector" POS="V" name="pin.v" ID="4532" lemmaID="29036" cBy="ACW" cDate="12/17/2001 04:54:49 PST Mon">
        <definition>COD: attach or fasten with a pin or pins</definition>
        <sentenceCount annotated="14" total="241"/>
        <lexeme order="1" headword="false" breakBefore="false" POS="V" name="pin"/>
    </lexUnit>
    <lexUnit status="Finished_Initial" incorporatedFE="Connector" POS="V" name="nail.v" ID="4533" lemmaID="25389" cBy="ACW" cDate="12/17/2001 04:55:41 PST Mon">
        <definition>COD: fasten with a nail or nails. </definition>
        <sentenceCount annotated="10" total="118"/>
        <lexeme order="1" headword="false" breakBefore="false" POS="V" name="nail"/>
    </lexUnit>
    <lexUnit status="Finished_Initial" POS="V" name="affix.v" ID="4535" lemmaID="691" cBy="ACW" cDate="12/17/2001 05:00:35 PST Mon">
        <definition>COD: attach or fasten to something else</definition>
        <sentenceCount annotated="6" total="45"/>
        <lexeme order="1" headword="false" breakBefore="false" POS="V" name="affix"/>
    </lexUnit>
    <lexUnit status="Finished_Initial" incorporatedFE="Connector" POS="V" name="chain.v" ID="4536" lemmaID="5987" cBy="ACW" cDate="12/17/2001 05:01:13 PST Mon">
        <definition>COD: fasten, secure, or confine with a chain</definition>
        <sentenceCount annotated="18" total="122"/>
        <lexeme order="1" headword="false" breakBefore="false" POS="V" name="chain"/>
    </lexUnit>
    <lexUnit status="Finished_Initial" incorporatedFE="Connector" POS="V" name="paste.v" ID="4537" lemmaID="27989" cBy="ACW" cDate="12/17/2001 05:02:12 PST Mon">
        <definition>COD: stick with paste</definition>
        <sentenceCount annotated="10" total="114"/>
        <lexeme order="1" headword="false" breakBefore="false" POS="V" name="paste"/>
    </lexUnit>
    <lexUnit status="Finished_Initial" POS="V" name="sew.v" ID="4538" lemmaID="35263" cBy="ACW" cDate="12/17/2001 05:03:14 PST Mon">
        <definition>COD: join, fasten, or repair by making stitches with a needle and thread or a sewing machine</definition>
        <sentenceCount annotated="14" total="219"/>
        <lexeme order="1" headword="false" breakBefore="false" POS="V" name="sew"/>
    </lexUnit>
    <lexUnit status="Finished_Initial" POS="V" name="stick.v" ID="4539" lemmaID="45303" cBy="ACW" cDate="12/17/2001 05:05:50 PST Mon">
        <definition>COD: adhere or cause to adhere.</definition>
        <sentenceCount annotated="17" total="326"/>
        <lexeme order="1" headword="false" breakBefore="false" POS="V" name="stick"/>
    </lexUnit>
    <lexUnit status="Finished_Initial" incorporatedFE="Connector" POS="V" name="lash.v" ID="4540" lemmaID="21752" cBy="ACW" cDate="12/17/2001 05:06:40 PST Mon">
        <definition>COD:  fasten securely with a cord or rope</definition>
        <sentenceCount annotated="6" total="86"/>
        <lexeme order="1" headword="false" breakBefore="false" POS="V" name="lash"/>
    </lexUnit>
    <lexUnit status="Finished_Initial" POS="V" name="bond.v" ID="4541" lemmaID="4113" cBy="ACW" cDate="12/17/2001 05:07:50 PST Mon">
        <definition>COD: join or be joined securely to something else. with obj. </definition>
        <sentenceCount annotated="8" total="105"/>
        <lexeme order="1" headword="false" breakBefore="false" POS="V" name="bond"/>
    </lexUnit>
    <lexUnit status="Insufficient_Attestations" incorporatedFE="Connector" POS="V" name="cinch.v" ID="4542" lemmaID="6522" cBy="ACW" cDate="12/17/2001 05:11:58 PST Mon">
        <definition>COD: secure with a belt</definition>
        <sentenceCount annotated="3" total="43"/>
        <lexeme order="1" headword="false" breakBefore="false" POS="V" name="cinch"/>
    </lexUnit>
    <lexUnit status="Finished_Initial" POS="V" name="secure.v" ID="4543" lemmaID="34807" cBy="ACW" cDate="12/17/2001 05:15:20 PST Mon">
        <definition>COD: make secure; fix or fasten securely</definition>
        <sentenceCount annotated="10" total="383"/>
        <lexeme order="1" headword="false" breakBefore="false" POS="V" name="secure"/>
    </lexUnit>
    <lexUnit status="Finished_Initial" POS="V" name="fuse.v" ID="4706" lemmaID="15745" cBy="ACW" cDate="01/15/2002 04:00:01 PST Tue">
        <definition>COD: join, blend, or coalesce to form a single entity</definition>
        <sentenceCount annotated="5" total="153"/>
        <lexeme order="1" headword="false" breakBefore="false" POS="V" name="fuse"/>
    </lexUnit>
    <lexUnit status="Finished_Initial" incorporatedFE="Connector" POS="V" name="shackle.v" ID="4708" lemmaID="35310" cBy="ACW" cDate="01/15/2002 05:33:37 PST Tue">
        <definition>COD: chain with shackles</definition>
        <sentenceCount annotated="9" total="119"/>
        <lexeme order="1" headword="false" breakBefore="false" POS="V" name="shackle"/>
    </lexUnit>
    <lexUnit status="Finished_Initial" POS="V" name="bind.v" ID="4709" lemmaID="3611" cBy="ACW" cDate="01/15/2002 05:41:22 PST Tue">
        <definition>FN: to fasten something together</definition>
        <sentenceCount annotated="5" total="362"/>
        <lexeme order="1" headword="false" breakBefore="false" POS="V" name="bind"/>
    </lexUnit>
    <lexUnit status="Needs_SCs" POS="V" name="detach.v" ID="4710" lemmaID="10408" cBy="ACW" cDate="01/15/2002 05:42:55 PST Tue">
        <definition>COD: disengage (something) and remove it</definition>
        <sentenceCount annotated="4" total="171"/>
        <lexeme order="1" headword="false" breakBefore="false" POS="V" name="detach"/>
    </lexUnit>
    <lexUnit status="Finished_Initial" incorporatedFE="Connector" POS="V" name="manacle.v" ID="4716" lemmaID="23316" cBy="ACW" cDate="01/15/2002 06:04:00 PST Tue">
        <definition>COD: fetter with a manacle or manacles</definition>
        <sentenceCount annotated="7" total="35"/>
        <lexeme order="1" headword="false" breakBefore="false" POS="V" name="manacle"/>
    </lexUnit>
    <lexUnit status="Finished_Initial" incorporatedFE="Connector" POS="V" name="handcuff.v" ID="4717" lemmaID="17343" cBy="ACW" cDate="01/15/2002 06:04:44 PST Tue">
        <definition>COD: put handcuffs on</definition>
        <sentenceCount annotated="7" total="73"/>
        <lexeme order="1" headword="false" breakBefore="false" POS="V" name="handcuff"/>
    </lexUnit>
    <lexUnit status="Insufficient_Attestations" POS="V" name="fetter.v" ID="4718" lemmaID="14227" cBy="ACW" cDate="01/15/2002 06:05:41 PST Tue">
        <definition>COD: restrain with fetters. as adj. fettered </definition>
        <sentenceCount annotated="0" total="30"/>
        <lexeme order="1" headword="false" breakBefore="false" POS="V" name="fetter"/>
    </lexUnit>
    <lexUnit status="Insufficient_Attestations" incorporatedFE="Connector" POS="V" name="rivet.v" ID="4719" lemmaID="33368" cBy="ACW" cDate="01/15/2002 06:06:34 PST Tue">
        <definition>COD: join or fasten with a rivet or rivets</definition>
        <sentenceCount annotated="5" total="169"/>
        <lexeme order="1" headword="false" breakBefore="false" POS="V" name="rivet"/>
    </lexUnit>
    <lexUnit status="Finished_Initial" incorporatedFE="Connector" POS="V" name="tether.v" ID="4720" lemmaID="39976" cBy="ACW" cDate="01/15/2002 06:09:01 PST Tue">
        <definition>COD: tie with a tether</definition>
        <sentenceCount annotated="8" total="100"/>
        <lexeme order="1" headword="false" breakBefore="false" POS="V" name="tether"/>
    </lexUnit>
    <lexUnit status="Finished_Initial" incorporatedFE="Connector" POS="V" name="cement.v" ID="4721" lemmaID="5879" cBy="ACW" cDate="01/15/2002 06:14:39 PST Tue">
        <definition>COD: fix with cement; bind together </definition>
        <sentenceCount annotated="7" total="105"/>
        <lexeme order="1" headword="false" breakBefore="false" POS="V" name="cement"/>
    </lexUnit>
    <lexUnit status="Finished_Initial" incorporatedFE="Connector" POS="V" name="gum.v" ID="4722" lemmaID="17063" cBy="ACW" cDate="01/15/2002 06:16:28 PST Tue">
        <definition>COD: gummed, gumming with obj. cover or fasten with gum or glue</definition>
        <sentenceCount annotated="4" total="19"/>
        <lexeme order="1" headword="false" breakBefore="false" POS="V" name="gum"/>
    </lexUnit>
    <lexUnit status="Finished_Initial" POS="V" name="fix.v" ID="4723" lemmaID="14547" cBy="ACW" cDate="01/15/2002 06:17:56 PST Tue">
        <definition>COD: attach or position securely</definition>
        <sentenceCount annotated="29" total="421"/>
        <lexeme order="1" headword="false" breakBefore="false" POS="V" name="fix"/>
    </lexUnit>
    <lexUnit status="Finished_Initial" incorporatedFE="Connector" POS="V" name="weld.v" ID="4724" lemmaID="43732" cBy="ACW" cDate="01/15/2002 06:19:16 PST Tue">
        <definition>COD:  join together (metal parts) by heating the surfaces to the point of melting and pressing or hammering them together</definition>
        <sentenceCount annotated="8" total="137"/>
        <lexeme order="1" headword="false" breakBefore="false" POS="V" name="weld"/>
    </lexUnit>
    <lexUnit status="Finished_Initial" incorporatedFE="Connector" POS="V" name="solder.v" ID="4725" lemmaID="36842" cBy="ACW" cDate="01/15/2002 06:20:56 PST Tue">
        <definition>COD: join with solder</definition>
        <sentenceCount annotated="7" total="51"/>
        <lexeme order="1" headword="false" breakBefore="false" POS="V" name="solder"/>
    </lexUnit>
    <lexUnit status="Insufficient_Attestations" POS="V" name="agglutinate.v" ID="4836" lemmaID="788" cBy="ACW" cDate="02/08/2002 11:40:30 PST Fri">
        <definition>COD: firmly stick or be stuck together to form a mass</definition>
        <sentenceCount annotated="0" total="0"/>
        <lexeme order="1" headword="false" breakBefore="false" POS="V" name="agglutinate"/>
    </lexUnit>
    <lexUnit status="Finished_Initial" incorporatedFE="Connector" POS="V" name="moor.v" ID="5158" lemmaID="24885" cBy="ACW" cDate="03/05/2002 11:31:30 PST Tue">
        <definition>COD: make fast (a boat) by attaching it by cable or rope to the shore or to an anchor</definition>
        <sentenceCount annotated="6" total="114"/>
        <lexeme order="1" headword="false" breakBefore="false" POS="V" name="moor"/>
    </lexUnit>
    <lexUnit status="Finished_Initial" POS="V" name="anchor.v" ID="5159" lemmaID="1354" cBy="ACW" cDate="03/05/2002 11:45:18 PST Tue">
        <definition>COD: secure firmly in position</definition>
        <sentenceCount annotated="10" total="169"/>
        <lexeme order="1" headword="false" breakBefore="false" POS="V" name="anchor"/>
    </lexUnit>
    <lexUnit status="Finished_Initial" POS="N" name="attachment item.n" ID="5477" lemmaID="2281" cBy="MRLP" cDate="04/11/2002 12:43:06 PDT Thu">
        <definition>COD: an extra part or extension attached to perform a function.</definition>
        <sentenceCount annotated="8" total="221"/>
        <lexeme order="1" headword="false" breakBefore="false" POS="N" name="attachment"/>
    </lexUnit>
    <lexUnit status="Finished_Initial" incorporatedFE="Connector" POS="V" name="hitch.v" ID="5480" lemmaID="18157" cBy="MRLP" cDate="04/11/2002 12:54:00 PDT Thu">
        <definition>COD: fasten or tether with a rope</definition>
        <sentenceCount annotated="7" total="90"/>
        <lexeme order="1" headword="false" breakBefore="false" POS="V" name="hitch"/>
    </lexUnit>
    <lexUnit status="Needs_SCs" POS="N" name="tying.n" ID="5548" lemmaID="45621" cBy="MRLP" cDate="04/15/2002 03:05:53 PDT Mon">
        <definition>FN: the activity of attaching or fastening</definition>
        <sentenceCount annotated="1" total="11"/>
        <lexeme order="1" headword="false" breakBefore="false" POS="N" name="tying"/>
    </lexUnit>
    <lexUnit status="Finished_Initial" POS="V" name="untie.v" ID="5768" lemmaID="45677" cBy="KCo" cDate="05/13/2002 12:03:51 PDT Mon">
        <definition>COD:  undo or unfasten</definition>
        <sentenceCount annotated="5" total="123"/>
        <lexeme order="1" headword="false" breakBefore="false" POS="V" name="untie"/>
    </lexUnit>
    <lexUnit status="Finished_Initial" incorporatedFE="Connector" POS="V" name="hook.v" ID="5938" lemmaID="18354" cBy="ACW" cDate="06/03/2002 08:52:56 PDT Mon">
        <definition>FN: to attach or join together by means of a hook</definition>
        <sentenceCount annotated="16" total="229"/>
        <lexeme order="1" headword="false" breakBefore="false" POS="V" name="hook"/>
    </lexUnit>
    <lexUnit status="Finished_Initial" incorporatedFE="Connector" POS="V" name="plaster.v" ID="6986" lemmaID="29273" cBy="ACW" cDate="08/02/2002 08:56:50 PDT Fri">
        <definition>FN: attach or fasten tightly to another surface</definition>
        <sentenceCount annotated="6" total="119"/>
        <lexeme order="1" headword="false" breakBefore="false" POS="V" name="plaster"/>
    </lexUnit>
    <lexUnit status="Finished_Initial" POS="N" name="attachment act.n" ID="8695" lemmaID="2281" cBy="RLG" cDate="05/13/2003 04:52:16 PDT Tue">
        <definition>COD: the action of attaching</definition>
        <sentenceCount annotated="5" total="203"/>
        <lexeme order="1" headword="false" breakBefore="false" POS="N" name="attachment"/>
    </lexUnit>
    <lexUnit status="Finished_Initial" incorporatedFE="Connector" POS="V" name="strap.v" ID="11756" lemmaID="38273" cBy="JKR" cDate="03/23/2005 08:26:06 PST Wed">
        <definition>COD: fasten or secure with a strap.</definition>
        <sentenceCount annotated="5" total="162"/>
        <lexeme order="1" headword="false" breakBefore="false" POS="V" name="strap"/>
    </lexUnit>
    <lexUnit status="Needs_SCs" POS="V" name="adhere.v" ID="11871" lemmaID="482" cBy="MiL" cDate="04/18/2005 05:12:39 PDT Mon">
        <definition>FN: to stick one item to another</definition>
        <sentenceCount annotated="0" total="98"/>
        <lexeme order="1" headword="false" breakBefore="false" POS="V" name="adhere"/>
    </lexUnit>
    <lexUnit status="Finished_Initial" POS="V" name="append.v" ID="11872" lemmaID="1718" cBy="MiL" cDate="04/18/2005 05:13:51 PDT Mon">
        <definition>FN: attaching one thing to another usually larger or more important one.</definition>
        <sentenceCount annotated="5" total="90"/>
        <lexeme order="1" headword="false" breakBefore="false" POS="V" name="append"/>
    </lexUnit>
    <lexUnit status="Insufficient_Attestations" POS="V" name="concatenate.v" ID="11873" lemmaID="7576" cBy="MiL" cDate="04/18/2005 05:16:26 PDT Mon">
        <definition>COD: link together in a chain or series.</definition>
        <sentenceCount annotated="0" total="14"/>
        <lexeme order="1" headword="false" breakBefore="false" POS="V" name="concatenate"/>
    </lexUnit>
    <lexUnit status="Created" POS="V" name="tack on.v" ID="11874" lemmaID="49942" cBy="MiL" cDate="04/18/2005 05:26:08 PDT Mon">
        <definition>COD: add or append something to something already existing.</definition>
        <sentenceCount annotated="0" total="0"/>
        <lexeme order="1" headword="true" breakBefore="false" POS="V" name="tack"/>
        <lexeme order="2" headword="false" breakBefore="true" POS="PREP" name="on"/>
    </lexUnit>
    <lexUnit status="Needs_SCs" incorporatedFE="Connector" POS="V" name="yoke.v" ID="11912" lemmaID="44739" cBy="MiL" cDate="04/22/2005 03:24:56 PDT Fri">
        <definition>FN: attach with a crosspiece</definition>
        <sentenceCount annotated="1" total="28"/>
        <lexeme order="1" headword="false" breakBefore="false" POS="V" name="yoke"/>
    </lexUnit>
    <lexUnit status="Insufficient_Attestations" POS="V" name="truss.v" ID="11913" lemmaID="41392" cBy="MiL" cDate="04/22/2005 03:28:29 PDT Fri">
        <definition>COD: bind or tie up tightly.</definition>
        <sentenceCount annotated="4" total="63"/>
        <lexeme order="1" headword="false" breakBefore="false" POS="V" name="truss"/>
    </lexUnit>
    <lexUnit status="Finished_Initial" POS="V" name="link.v" ID="11914" lemmaID="22441" cBy="MiL" cDate="04/22/2005 03:34:17 PDT Fri">
        <definition>COD: join physically.  </definition>
        <sentenceCount annotated="8" total="254"/>
        <lexeme order="1" headword="false" breakBefore="false" POS="V" name="link"/>
    </lexUnit>
    <lexUnit status="Finished_Initial" POS="V" name="connect.v" ID="11915" lemmaID="7850" cBy="MiL" cDate="04/22/2005 03:37:56 PDT Fri">
        <definition>FN: join together</definition>
        <sentenceCount annotated="13" total="230"/>
        <lexeme order="1" headword="false" breakBefore="false" POS="V" name="connect"/>
    </lexUnit>
    <lexUnit status="Finished_Initial" POS="V" name="join.v" ID="11916" lemmaID="21017" cBy="MiL" cDate="04/22/2005 03:41:31 PDT Fri">
        <definition>FN: cause to become linked or connected to.</definition>
        <sentenceCount annotated="7" total="253"/>
        <lexeme order="1" headword="false" breakBefore="false" POS="V" name="join"/>
    </lexUnit>
    <lexUnit status="Finished_Initial" POS="V" name="mount.v" ID="13150" lemmaID="25061" cBy="303" cDate="03/29/2006 12:11:34 PST Wed">
        <definition>FN: fix in position</definition>
        <sentenceCount annotated="26" total="398"/>
        <lexeme order="1" headword="false" breakBefore="false" POS="V" name="mount"/>
    </lexUnit>
    <lexUnit status="Created" POS="V" name="wire.v" ID="14831" lemmaID="44276" cBy="JKs" cDate="03/05/2008 12:50:20 PST Wed">
        <definition>FN: attach with wire</definition>
        <sentenceCount annotated="0" total="0"/>
        <lexeme order="1" headword="false" breakBefore="false" POS="V" name="wire"/>
    </lexUnit>
    <lexUnit status="Created" incorporatedFE="Connector" POS="V" name="bracket.v" ID="15672" lemmaID="4394" cBy="RLG" cDate="03/08/2010 03:48:54 PST Mon">
        <definition>FN: securely attach with a bracket (usually to a sturdy anchor, such as a wall).</definition>
        <sentenceCount annotated="0" total="0"/>
        <lexeme order="1" headword="false" breakBefore="false" POS="V" name="bracket"/>
    </lexUnit>
</frame>