<?xml version="1.0" encoding="UTF-8" standalone="yes"?>
<?xml-stylesheet type="text/xsl" href="frame.xsl"?>
<frame cBy="KmG" cDate="03/04/2008 03:48:05 PST Tue" name="Attending" ID="2030" xsi:schemaLocation="../schema/frame.xsd" xmlns="http://framenet.icsi.berkeley.edu" xmlns:xsi="http://www.w3.org/2001/XMLSchema-instance">
    <definition>&lt;def-root&gt;An &lt;fen&gt;Agent&lt;/fen&gt; goes to an &lt;fen&gt;Event&lt;/fen&gt; and is present in a relatively non-participatory way.

&lt;ex&gt;&lt;fex name="Agent"&gt;The Angolan guerrillas&lt;/fex&gt; will &lt;t&gt;attend&lt;/t&gt; &lt;fex name="Event"&gt;a September meeting&lt;/fex&gt; &lt;fex name="Place"&gt;in Zaire&lt;/fex&gt;.&lt;/ex&gt;

&lt;ex&gt;&lt;fex name="Agent"&gt;We&lt;/fex&gt; just &lt;t&gt;go&lt;/t&gt; &lt;fex name="Event"&gt;to the movies&lt;/fex&gt; &lt;fex name="Time"&gt;when it rains&lt;/fex&gt;.&lt;/ex&gt;

&lt;ex&gt;&lt;fex name="Agent"&gt;His&lt;/fex&gt; &lt;t&gt;attendance&lt;/t&gt; &lt;fex name="Event"&gt;at the funeral&lt;/fex&gt; did not go unnoticed.&lt;/ex&gt;
&lt;/def-root&gt;</definition>
    <FE bgColor="FF0000" fgColor="FFFFFF" coreType="Core" cBy="KmG" cDate="03/04/2008 03:49:26 PST Tue" abbrev="Age" name="Agent" ID="12329">
        <definition>&lt;def-root&gt;The  &lt;fen&gt;Agent&lt;/fen&gt; is the person who chooses to make himself present at the &lt;fen&gt;Event&lt;/fen&gt;.&lt;/def-root&gt;</definition>
        <semType name="Sentient" ID="5"/>
    </FE>
    <FE bgColor="0000FF" fgColor="FFFFFF" coreType="Core" cBy="KmG" cDate="03/04/2008 03:50:27 PST Tue" abbrev="Eve" name="Event" ID="12330">
        <definition>&lt;def-root&gt;The &lt;fen&gt;Event&lt;/fen&gt; is the deliberate set of happenings given at a particular time and place.&lt;/def-root&gt;</definition>
    </FE>
    <FE bgColor="FF00FF" fgColor="FFFFFF" coreType="Peripheral" cBy="KmG" cDate="03/04/2008 03:55:05 PST Tue" abbrev="Man" name="Manner" ID="12331">
        <definition>&lt;def-root&gt;The way in which the &lt;fen&gt;Agent&lt;/fen&gt; went about going to the &lt;fen&gt;Event&lt;/fen&gt;.&lt;/def-root&gt;</definition>
    </FE>
    <FE bgColor="A52A2A" fgColor="FFFFFF" coreType="Peripheral" cBy="KmG" cDate="03/04/2008 03:55:57 PST Tue" abbrev="Mea" name="Means" ID="12332">
        <definition>&lt;def-root&gt;Through what strategies and efforts the &lt;fen&gt;Agent&lt;/fen&gt; made possible his attendance at the &lt;fen&gt;Event&lt;/fen&gt;.&lt;/def-root&gt;</definition>
    </FE>
    <FE bgColor="008000" fgColor="FFFFFF" coreType="Peripheral" cBy="KmG" cDate="03/04/2008 03:56:48 PST Tue" abbrev="Pla" name="Place" ID="12333">
        <definition>&lt;def-root&gt;The location where the &lt;fen&gt;Agent&lt;/fen&gt; attends the &lt;fen&gt;Event&lt;/fen&gt;.&lt;/def-root&gt;</definition>
    </FE>
    <FE bgColor="FFA500" fgColor="FFFFFF" coreType="Peripheral" cBy="KmG" cDate="03/04/2008 03:57:18 PST Tue" abbrev="Tim" name="Time" ID="12334">
        <definition>&lt;def-root&gt;When the &lt;fen&gt;Agent&lt;/fen&gt; attends the &lt;fen&gt;Event&lt;/fen&gt;.&lt;/def-root&gt;</definition>
    </FE>
    <FE bgColor="7CCD73" fgColor="FFFFFF" coreType="Extra-Thematic" cBy="KmG" cDate="03/04/2008 03:57:48 PST Tue" abbrev="Cir" name="Circumstances" ID="12335">
        <definition>&lt;def-root&gt;Under what conditions the &lt;fen&gt;Agent&lt;/fen&gt; goes to the &lt;fen&gt;Event&lt;/fen&gt;.&lt;/def-root&gt;</definition>
    </FE>
    <FE bgColor="800080" fgColor="FFFFFF" coreType="Extra-Thematic" cBy="KmG" cDate="03/04/2008 03:58:31 PST Tue" abbrev="Pur" name="Purpose" ID="12336">
        <definition>&lt;def-root&gt;The reason why the &lt;fen&gt;Agent&lt;/fen&gt; goes to the &lt;fen&gt;Event&lt;/fen&gt;.&lt;/def-root&gt;</definition>
    </FE>
    <FE bgColor="A9A9A9" fgColor="000000" coreType="Extra-Thematic" cBy="JKs" cDate="03/21/2008 02:49:08 PDT Fri" abbrev="Fre" name="Frequency" ID="12379">
        <definition>&lt;def-root&gt;This frame element is defined as the number of times an event occurs per some unit of time. &lt;/def-root&gt;</definition>
    </FE>
    <FE bgColor="FFFF00" fgColor="000000" coreType="Peripheral" cBy="JKs" cDate="03/21/2008 02:50:13 PDT Fri" abbrev="Dur" name="Duration" ID="12380">
        <definition>&lt;def-root&gt;Duration denotes the length of time from the beginning of a continuous situation (the one denoted by the target) to its end.&lt;/def-root&gt;</definition>
    </FE>
    <FE bgColor="EEE8AA" fgColor="00008B" coreType="Extra-Thematic" cBy="KmG" cDate="03/21/2008 03:08:42 PDT Fri" abbrev="Iter" name="Iterations" ID="12381">
        <definition>&lt;def-root&gt;The frame element &lt;fex name="Iterations"&gt;Iterations&lt;/fex&gt; is used for expressions that indicate the number of times an event or state (of the kind denoted by the target in its clause) has taken place or held.&lt;/def-root&gt;</definition>
    </FE>
    <FE bgColor="1E90FF" fgColor="FFFFFF" coreType="Extra-Thematic" cBy="KmG" cDate="03/21/2008 03:09:54 PDT Fri" abbrev="Eve" name="Event_description" ID="12382">
        <definition>&lt;def-root&gt;This FE describes the event as a whole.&lt;/def-root&gt;</definition>
    </FE>
    <frameRelation type="Inherits from">
        <relatedFrame ID="198">Intentionally_act</relatedFrame>
    </frameRelation>
    <frameRelation type="Is Inherited by"/>
    <frameRelation type="Perspective on"/>
    <frameRelation type="Is Perspectivized in"/>
    <frameRelation type="Uses"/>
    <frameRelation type="Is Used by"/>
    <frameRelation type="Subframe of"/>
    <frameRelation type="Has Subframe(s)"/>
    <frameRelation type="Precedes"/>
    <frameRelation type="Is Preceded by"/>
    <frameRelation type="Is Inchoative of"/>
    <frameRelation type="Is Causative of"/>
    <frameRelation type="See also"/>
    <lexUnit status="Finished_Initial" POS="V" name="attend.v" ID="14821" lemmaID="2292" cBy="KmG" cDate="03/04/2008 03:59:00 PST Tue">
        <definition>FN: to be present at a given time and place</definition>
        <sentenceCount annotated="24" total="284"/>
        <lexeme order="1" headword="false" breakBefore="false" POS="V" name="attend"/>
    </lexUnit>
    <lexUnit status="Created" POS="V" name="go (to).v" ID="14822" lemmaID="16426" cBy="KmG" cDate="03/04/2008 04:00:30 PST Tue">
        <definition>FN: be at and attend an event</definition>
        <sentenceCount annotated="1" total="1"/>
        <lexeme order="1" headword="false" breakBefore="false" POS="V" name="go"/>
    </lexUnit>
    <lexUnit status="Finished_Initial" POS="N" name="attendance.n" ID="14824" lemmaID="2293" cBy="KmG" cDate="03/04/2008 04:01:58 PST Tue">
        <definition>FN: being present at an event</definition>
        <sentenceCount annotated="16" total="149"/>
        <lexeme order="1" headword="false" breakBefore="false" POS="N" name="attendance"/>
    </lexUnit>
</frame>