<?xml version="1.0" encoding="UTF-8" standalone="yes"?>
<?xml-stylesheet type="text/xsl" href="frame.xsl"?>
<frame cBy="MJE" cDate="02/25/2002 02:06:49 PST Mon" name="Avoiding" ID="274" xsi:schemaLocation="../schema/frame.xsd" xmlns="http://framenet.icsi.berkeley.edu" xmlns:xsi="http://www.w3.org/2001/XMLSchema-instance">
    <definition>&lt;def-root&gt;An &lt;fen&gt;Agent&lt;/fen&gt; avoids an &lt;fen&gt;Undesirable_situation&lt;/fen&gt; under certain &lt;fen&gt;Circumstances&lt;/fen&gt;. That situation may be an activity (e.g. going to school), or an entity (perhaps) metonymic for such an activity or situation (e.g. the curb).  In this frame, the situation is undesirable from the &lt;fen&gt;Agent&lt;/fen&gt;'s point of view (e.g. &lt;ment&gt;evade&lt;/ment&gt;), and contrasts with scenes in which the situation is specifically undesirable to someone else (e.g. &lt;ment&gt;forbear&lt;/ment&gt;) or from the point of view of an external morality (e.g. &lt;ment&gt;abstain&lt;/ment&gt;).

&lt;ex&gt;&lt;fex name="Agent"&gt;Mike&lt;/fex&gt; &lt;t&gt;avoided&lt;/t&gt; &lt;fex name="Undesirable_situation"&gt;his supervisor&lt;/fex&gt; &lt;fex name="Circumstances"&gt;at all costs&lt;/fex&gt;.&lt;/ex&gt;&lt;/def-root&gt;</definition>
    <FE bgColor="FF0000" fgColor="FFFFFF" coreType="Core" cBy="MJE" cDate="02/25/2002 02:18:34 PST Mon" abbrev="Agent" name="Agent" ID="2351">
        <definition>&lt;def-root&gt;The &lt;fen&gt;Agent&lt;/fen&gt; avoids an &lt;fen&gt;Undesirable_situation&lt;/fen&gt;.
&lt;ex&gt;&lt;fex name="Agent"&gt;Mike&lt;/fex&gt; &lt;t&gt;avoided&lt;/t&gt; his supervisor at all costs.&lt;/ex&gt;&lt;/def-root&gt;</definition>
        <semType name="Sentient" ID="5"/>
    </FE>
    <FE bgColor="008000" fgColor="FFFFFF" coreType="Peripheral" cBy="MJE" cDate="02/25/2002 02:18:42 PST Mon" abbrev="Place" name="Place" ID="2352">
        <definition>&lt;def-root&gt;This FE identifies the &lt;fen&gt;Place&lt;/fen&gt; where the avoiding occurs.&lt;/def-root&gt;</definition>
        <semType name="Locative_relation" ID="182"/>
    </FE>
    <FE bgColor="FFA500" fgColor="FFFFFF" coreType="Peripheral" cBy="MJE" cDate="02/25/2002 02:18:46 PST Mon" abbrev="Time" name="Time" ID="2353">
        <definition>&lt;def-root&gt;This FE identifies the &lt;fen&gt;Time&lt;/fen&gt; when the avoiding occurs.&lt;/def-root&gt;</definition>
        <semType name="Time" ID="141"/>
    </FE>
    <FE bgColor="800080" fgColor="FFFFFF" coreType="Peripheral" cBy="MJE" cDate="02/25/2002 02:18:49 PST Mon" abbrev="Purp" name="Purpose" ID="2354">
        <definition>&lt;def-root&gt;This FE identifies the &lt;fen&gt;Purpose&lt;/fen&gt; avoiding occurs.&lt;/def-root&gt;</definition>
        <semType name="State_of_affairs" ID="177"/>
    </FE>
    <FE bgColor="0000FF" fgColor="FFFFFF" coreType="Core" cBy="MJE" cDate="02/25/2002 02:22:44 PST Mon" abbrev="Und_sit" name="Undesirable_situation" ID="2355">
        <definition>&lt;def-root&gt;This FE identifies the situation that the &lt;fen&gt;Agent&lt;/fen&gt; avoids.
&lt;ex&gt;Mike &lt;t&gt;avoided&lt;/t&gt; &lt;fex name="Und_sit"&gt;his supervisor&lt;/fex&gt; at all costs.&lt;/ex&gt;
&lt;/def-root&gt;</definition>
    </FE>
    <FE bgColor="A52A2A" fgColor="FFFFFF" coreType="Peripheral" cBy="ACW" cDate="02/26/2002 10:06:45 PST Tue" abbrev="Mns" name="Means" ID="2368">
        <definition>&lt;def-root&gt;This FE identifies the &lt;fen&gt;Means&lt;/fen&gt; by which avoiding occurs.&lt;/def-root&gt;</definition>
        <semType name="State_of_affairs" ID="177"/>
    </FE>
    <FE bgColor="FF00FF" fgColor="FFFFFF" coreType="Peripheral" cBy="MJE" cDate="02/26/2002 02:18:23 PST Tue" abbrev="Manr" name="Manner" ID="2369">
        <definition>&lt;def-root&gt;This FE identifies the &lt;fen&gt;Manner&lt;/fen&gt; in which avoiding occurs.&lt;/def-root&gt;</definition>
        <semType name="Manner" ID="173"/>
    </FE>
    <FE bgColor="808080" fgColor="FFFFFF" coreType="Extra-Thematic" cBy="MJE" cDate="02/26/2002 02:23:59 PST Tue" abbrev="cir" name="Circumstances" ID="2371">
        <definition>&lt;def-root&gt;This FE identifies the &lt;fen&gt;Circumstances&lt;/fen&gt; under which the &lt;fen&gt;Undesirable_situation&lt;/fen&gt; is avoided.
&lt;ex&gt;Mike &lt;t&gt;avoided&lt;/t&gt; his supervisor &lt;fex name="Circumstances"&gt;at all costs&lt;/fex&gt;.&lt;/ex&gt;&lt;/def-root&gt;</definition>
    </FE>
    <FE bgColor="FF69B4" fgColor="FFFFFF" coreType="Peripheral" cBy="MJE" cDate="02/26/2002 04:11:24 PST Tue" abbrev="Degr" name="Degree" ID="2372">
        <definition>&lt;def-root&gt;This FE identifies the &lt;fen&gt;Degree&lt;/fen&gt; to which avoiding occurs.&lt;/def-root&gt;</definition>
        <semType name="Degree" ID="172"/>
    </FE>
    <FE bgColor="9F79EE" fgColor="FFFFFF" coreType="Extra-Thematic" cBy="MJE" cDate="02/26/2002 04:22:24 PST Tue" abbrev="Exp" name="Explanation" ID="2373">
        <definition>&lt;def-root&gt;This FE identifies the &lt;fen&gt;Explanation&lt;/fen&gt; for which avoiding occurs.
&lt;/def-root&gt;</definition>
        <semType name="State_of_affairs" ID="177"/>
    </FE>
    <frameRelation type="Inherits from">
        <relatedFrame ID="198">Intentionally_act</relatedFrame>
    </frameRelation>
    <frameRelation type="Is Inherited by">
        <relatedFrame ID="275">Evading</relatedFrame>
        <relatedFrame ID="1303">Dodging</relatedFrame>
    </frameRelation>
    <frameRelation type="Perspective on"/>
    <frameRelation type="Is Perspectivized in"/>
    <frameRelation type="Uses"/>
    <frameRelation type="Is Used by"/>
    <frameRelation type="Subframe of"/>
    <frameRelation type="Has Subframe(s)"/>
    <frameRelation type="Precedes"/>
    <frameRelation type="Is Preceded by"/>
    <frameRelation type="Is Inchoative of"/>
    <frameRelation type="Is Causative of"/>
    <frameRelation type="See also"/>
    <lexUnit status="Finished_Initial" POS="V" name="avoid.v" ID="4993" lemmaID="2494" cBy="MJE" cDate="02/25/2002 02:11:06 PST Mon">
        <definition>COD:  keep away or refrain from</definition>
        <sentenceCount annotated="145" total="544"/>
        <lexeme order="1" headword="false" breakBefore="false" POS="V" name="avoid"/>
    </lexUnit>
    <lexUnit status="Finished_Initial" POS="V" name="evade.v" ID="4996" lemmaID="13228" cBy="MJE" cDate="02/25/2002 03:07:30 PST Mon">
        <definition>COD:  escape or avoid, especially by guile or trickery</definition>
        <sentenceCount annotated="18" total="235"/>
        <lexeme order="1" headword="false" breakBefore="false" POS="V" name="evade"/>
    </lexUnit>
    <lexUnit status="Finished_Initial" POS="V" name="dodge.v" ID="4997" lemmaID="11381" cBy="MJE" cDate="02/25/2002 03:18:39 PST Mon">
        <definition>COD: cunningly avoid doing or paying. </definition>
        <sentenceCount annotated="13" total="90"/>
        <lexeme order="1" headword="false" breakBefore="false" POS="V" name="dodge"/>
    </lexUnit>
    <lexUnit status="Finished_Initial" POS="V" name="duck.v" ID="4998" lemmaID="11895" cBy="MJE" cDate="02/25/2002 03:18:52 PST Mon">
        <definition>FN: to evade an unwelcome duty</definition>
        <sentenceCount annotated="9" total="98"/>
        <lexeme order="1" headword="false" breakBefore="false" POS="V" name="duck"/>
    </lexUnit>
    <lexUnit status="Finished_Initial" POS="V" name="escape.v" ID="4999" lemmaID="13088" cBy="MJE" cDate="02/25/2002 03:19:11 PST Mon">
        <definition>COD: succeed in eluding (something dangerous or undesirable)</definition>
        <sentenceCount annotated="32" total="394"/>
        <lexeme order="1" headword="false" breakBefore="false" POS="V" name="escape"/>
    </lexUnit>
    <lexUnit status="Finished_Initial" POS="V" name="shirk.v" ID="5000" lemmaID="35563" cBy="MJE" cDate="02/25/2002 03:19:35 PST Mon">
        <definition>COD: avoid or neglect (a duty or responsibility). </definition>
        <sentenceCount annotated="8" total="59"/>
        <lexeme order="1" headword="false" breakBefore="false" POS="V" name="shirk"/>
    </lexUnit>
    <lexUnit status="Finished_Initial" POS="V" name="shun.v" ID="5001" lemmaID="35751" cBy="MJE" cDate="02/25/2002 03:19:47 PST Mon">
        <definition>COD: persistently avoid, ignore, or reject. </definition>
        <sentenceCount annotated="16" total="122"/>
        <lexeme order="1" headword="false" breakBefore="false" POS="V" name="shun"/>
    </lexUnit>
    <lexUnit status="Finished_Initial" POS="V" name="sidestep.v" ID="5002" lemmaID="35827" cBy="MJE" cDate="02/25/2002 03:20:10 PST Mon">
        <definition>COD: avoid dealing with or discussing</definition>
        <sentenceCount annotated="11" total="137"/>
        <lexeme order="1" headword="false" breakBefore="false" POS="V" name="sidestep"/>
    </lexUnit>
    <lexUnit status="Finished_Initial" POS="V" name="skirt.v" ID="5003" lemmaID="36173" cBy="MJE" cDate="02/25/2002 03:20:27 PST Mon">
        <definition>COD: avoid dealing with. </definition>
        <sentenceCount annotated="15" total="107"/>
        <lexeme order="1" headword="false" breakBefore="false" POS="V" name="skirt"/>
    </lexUnit>
    <lexUnit status="Finished_Initial" POS="N" name="avoidance.n" ID="5004" lemmaID="2496" cBy="MJE" cDate="02/25/2002 03:21:18 PST Mon">
        <definition>FN: the fact or practice of keeping away or refraining from</definition>
        <sentenceCount annotated="15" total="155"/>
        <lexeme order="1" headword="false" breakBefore="false" POS="N" name="avoidance"/>
    </lexUnit>
    <lexUnit status="Insufficient_Attestations" POS="N" name="sidestep.n" ID="5006" lemmaID="35828" cBy="MJE" cDate="02/25/2002 03:22:13 PST Mon">
        <definition>FN: the act of avoiding a situation</definition>
        <sentenceCount annotated="0" total="9"/>
        <lexeme order="1" headword="false" breakBefore="false" POS="N" name="sidestep"/>
    </lexUnit>
    <lexUnit status="Finished_Initial" POS="N" name="evasion.n" ID="5007" lemmaID="13246" cBy="MJE" cDate="02/25/2002 03:36:10 PST Mon">
        <definition>FN: to act of eluding something</definition>
        <sentenceCount annotated="12" total="138"/>
        <lexeme order="1" headword="false" breakBefore="false" POS="N" name="evasion"/>
    </lexUnit>
    <lexUnit status="Finished_Initial" POS="V" name="eschew.v" ID="5030" lemmaID="13100" cBy="MJE" cDate="02/26/2002 04:20:58 PST Tue">
        <definition>COD: abstain from. </definition>
        <sentenceCount annotated="13" total="140"/>
        <lexeme order="1" headword="false" breakBefore="false" POS="V" name="eschew"/>
    </lexUnit>
    <lexUnit status="Created" POS="V" name="keep away.v" ID="11483" lemmaID="49835" cBy="MRLP" cDate="12/27/2004 06:53:51 PST Mon">
        <definition>FN: stay away or refrain from</definition>
        <sentenceCount annotated="0" total="0"/>
        <lexeme order="1" headword="true" breakBefore="false" POS="V" name="keep_away"/>
    </lexUnit>
    <lexUnit status="Finished_Initial" POS="V" name="forgo.v" ID="11919" lemmaID="49966" cBy="MiL" cDate="04/22/2005 04:21:23 PDT Fri">
        <definition>COD:  go without (something desirable).</definition>
        <sentenceCount annotated="12" total="92"/>
        <lexeme order="1" headword="true" breakBefore="false" POS="V" name="forgo"/>
    </lexUnit>
    <lexUnit status="Created" POS="V" name="shrink from.v" ID="11921" lemmaID="49967" cBy="MiL" cDate="04/22/2005 04:25:51 PDT Fri">
        <definition>COD: be averse to or unwilling to do (something).</definition>
        <sentenceCount annotated="0" total="0"/>
        <lexeme order="1" headword="true" breakBefore="false" POS="V" name="shrink"/>
        <lexeme order="2" headword="false" breakBefore="true" POS="PREP" name="from"/>
    </lexUnit>
    <lexUnit status="Finished_Initial" POS="V" name="desist.v" ID="11922" lemmaID="10359" cBy="MiL" cDate="04/22/2005 04:30:40 PDT Fri">
        <definition>FN: to abstain from doing something</definition>
        <sentenceCount annotated="10" total="80"/>
        <lexeme order="1" headword="false" breakBefore="false" POS="V" name="desist"/>
    </lexUnit>
    <lexUnit status="Rules_Defined" POS="V" name="stay away.v" ID="15531" lemmaID="51040" cBy="AlK" cDate="10/06/2009 05:02:51 PDT Tue">
        <definition>FN: keep away or refrain from</definition>
        <sentenceCount annotated="0" total="0"/>
        <lexeme order="1" headword="true" breakBefore="false" POS="V" name="stay"/>
        <lexeme order="2" headword="false" breakBefore="true" POS="PREP" name="away"/>
    </lexUnit>
</frame>