<?xml version="1.0" encoding="UTF-8" standalone="yes"?>
<?xml-stylesheet type="text/xsl" href="frame.xsl"?>
<frame cBy="ChW" cDate="02/07/2001 04:11:51 PST Wed" name="Awareness" ID="19" xsi:schemaLocation="../schema/frame.xsd" xmlns="http://framenet.icsi.berkeley.edu" xmlns:xsi="http://www.w3.org/2001/XMLSchema-instance">
    <definition>&lt;def-root&gt;A &lt;fen&gt;Cognizer&lt;/fen&gt; has a piece of &lt;fen&gt;Content&lt;/fen&gt; in their model of the world.  The &lt;fen&gt;Content&lt;/fen&gt; is not necessarily present due to immediate perception, but usually, rather, due to deduction from perceivables.  In some cases, the deduction of the &lt;fen&gt;Content&lt;/fen&gt; is implicitly based on confidence in sources of information (&lt;ment&gt;believe&lt;/ment&gt;), in some cases based on logic (&lt;ment&gt;think&lt;/ment&gt;), and in other cases the source of the deduction is deprofiled (&lt;ment&gt;know&lt;/ment&gt;).

&lt;ex&gt;&lt;fex name="Cognizer"&gt;Your boss&lt;/fex&gt; is &lt;t&gt;aware&lt;/t&gt; &lt;fex name="Content"&gt;of your commitment&lt;/fex&gt;.&lt;/ex&gt;
&lt;ex&gt;&lt;/ex&gt;
Note that this frame is undergoing some degree of reconsideration.  Many of the targets will be moved to the Opinion frame.  That frame indicates that the &lt;fen&gt;Cognizer&lt;/fen&gt; considers something as true, but the Opinion (compare to &lt;fen&gt;Content&lt;/fen&gt;) is not presupposed to be true; rather it is something that is considered a potential point of difference, as in the following:  

&lt;ex&gt;I &lt;t&gt;think&lt;/t&gt; that you are awesome.&lt;/ex&gt;

In the uses that will remain in the Awareness frame, however, the &lt;fen&gt;Content&lt;/fen&gt; is presupposed.

&lt;ex&gt;&lt;/ex&gt;
This frame is also distinct from the Certainty frame, in that it does not profile the relationship of the &lt;fen&gt;Cognizer&lt;/fen&gt; to the &lt;fen&gt;Content&lt;/fen&gt;, but rather presupposes it.  In Certainty, the Degree of confidence or certainty is expressible as a separate frame element, as in the following:

&lt;ex&gt;She &lt;m&gt;absolutely&lt;/m&gt; &lt;t&gt;knew&lt;/t&gt; that he would be there .&lt;/ex&gt;

&lt;/def-root&gt;</definition>
    <FE bgColor="FF0000" fgColor="FFFFFF" coreType="Core" cBy="ChW" cDate="02/07/2001 04:11:51 PST Wed" abbrev="Cog" name="Cognizer" ID="83">
        <definition>&lt;def-root&gt;The &lt;fen&gt;Cognizer&lt;/fen&gt; is the person whose awareness of phenomena is at question. With a target verb or adjective the &lt;fen&gt;Cognizer&lt;/fen&gt; is generally expressed as an External Argument with the &lt;fen&gt;Content&lt;/fen&gt; expressed as an Object or Complement.
&lt;ex&gt;&lt;fex name="Cognizer"&gt;Your boss&lt;/fex&gt; is &lt;t&gt;aware&lt;/t&gt; of your commitment.&lt;/ex&gt;
&lt;ex&gt;&lt;fex name="Cognizer"&gt;The students&lt;/fex&gt; do not &lt;t&gt;know&lt;/t&gt; the answer.&lt;/ex&gt;

Examples like the following belong in Opinion:
&lt;ex&gt;&lt;fex name="Cognizer"&gt;Pat&lt;/fex&gt; &lt;t&gt;believes&lt;/t&gt; that things will change for the better.&lt;/ex&gt; &lt;/def-root&gt;</definition>
        <semType name="Sentient" ID="5"/>
        <excludesFE name="Expressor" ID="950"/>
    </FE>
    <FE bgColor="0000FF" fgColor="FFFFFF" coreType="Core" cBy="ChW" cDate="02/07/2001 04:11:52 PST Wed" abbrev="Cont" name="Content" ID="84">
        <definition>&lt;def-root&gt;The &lt;fen&gt;Content&lt;/fen&gt; is the object of the &lt;fen&gt;Cognizer&lt;/fen&gt;'s awareness. &lt;fen&gt;Content&lt;/fen&gt; can be expressed as a direct object or in a PP Complement.

&lt;ex&gt;Your boss is &lt;t&gt;aware&lt;/t&gt; &lt;fex name="Content"&gt;of your commitment&lt;/fex&gt;.&lt;/ex&gt;
&lt;ex&gt;The students do not &lt;t&gt;know&lt;/t&gt; &lt;fex name="Content"&gt;of your commitment&lt;/fex&gt;.&lt;/ex&gt;
&lt;ex&gt;The students do not &lt;t&gt;know&lt;/t&gt; &lt;fex name="Content"&gt;how committed you are&lt;/fex&gt;.&lt;/ex&gt;
&lt;ex&gt;The students did not &lt;t&gt;know&lt;/t&gt; &lt;fex name="Content"&gt;that you were so committed&lt;/fex&gt;.&lt;/ex&gt;
Examples like the following belong in Opinion:
&lt;ex&gt;Pat &lt;t&gt;believes&lt;/t&gt; &lt;fex name="Content"&gt;that things will change for the better&lt;/fex&gt;.&lt;/ex&gt; &lt;/def-root&gt;</definition>
        <semType name="Content" ID="55"/>
    </FE>
    <FE bgColor="006400" fgColor="FFFFFF" coreType="Peripheral" cBy="ChW" cDate="02/07/2001 04:11:52 PST Wed" abbrev="Evid" name="Evidence" ID="85">
        <definition>&lt;def-root&gt;The source of awareness or knowledge which can be expressed in a PP Complement:
&lt;ex&gt;The sailors &lt;t&gt;knew&lt;/t&gt; &lt;fex name="Evid"&gt;from the look of the sky&lt;/fex&gt; that a storm was coming.&lt;/ex&gt;
&lt;ex&gt;I &lt;t&gt;knew&lt;/t&gt; &lt;fex name="Evid"&gt;from experience&lt;/fex&gt; that Jo would be late.&lt;/ex&gt; &lt;/def-root&gt;</definition>
    </FE>
    <FE bgColor="800080" fgColor="FFFFFF" coreType="Core" cBy="ChW" cDate="02/07/2001 04:11:52 PST Wed" abbrev="Top" name="Topic" ID="86">
        <definition>&lt;def-root&gt;Some verbs in this frame allow a &lt;fen&gt;Topic&lt;/fen&gt; to be expressed in about-PPs.
&lt;ex&gt;Kim &lt;t&gt;knows&lt;/t&gt; &lt;fex name="Topic"&gt;about first aid&lt;/fex&gt;.&lt;/ex&gt; 
However, a number of nouns and adjectives in this frame which cannot take about-phrases allow &lt;fen&gt;Topic&lt;/fen&gt; to be expressed as an adjectival or adverbial modifier.
&lt;ex&gt;Kim is &lt;fex name="Topic"&gt;politically&lt;/fex&gt; &lt;t&gt;aware&lt;/t&gt;. &lt;/ex&gt;
&lt;ex&gt; &lt;fex name="Topic"&gt;Environmental&lt;/fex&gt; &lt;t&gt;consciousness&lt;/t&gt; is increasing.&lt;/ex&gt; &lt;/def-root&gt;</definition>
    </FE>
    <FE bgColor="FF69B4" fgColor="FFFFFF" coreType="Peripheral" cBy="MJE" cDate="06/22/2001 07:14:43 PDT Fri" abbrev="Degr" name="Degree" ID="942">
        <definition>&lt;def-root&gt;This FE identifies the &lt;fen&gt;Degree&lt;/fen&gt; to which an event occurs.&lt;/def-root&gt;</definition>
        <semType name="Degree" ID="172"/>
    </FE>
    <FE bgColor="FF00FF" fgColor="FFFFFF" coreType="Peripheral" cBy="MJE" cDate="06/22/2001 07:14:43 PDT Fri" abbrev="Manr" name="Manner" ID="946">
        <definition>&lt;def-root&gt;This FE identifies the &lt;fen&gt;Manner&lt;/fen&gt; in which the &lt;fen&gt;Cognizer&lt;/fen&gt; knows or thinks something.&lt;/def-root&gt;</definition>
        <semType name="Manner" ID="173"/>
    </FE>
    <FE bgColor="9F79EE" fgColor="FFFFFF" coreType="Core" cBy="MJE" cDate="06/22/2001 07:32:42 PDT Fri" abbrev="Expr" name="Expressor" ID="950">
        <definition>&lt;def-root&gt;&lt;fen&gt;Expressor&lt;/fen&gt; is the body part that reveals the &lt;fen&gt;Cognizer&lt;/fen&gt;'s state to the observer.
&lt;ex&gt;Bob's &lt;fex name="Expr"&gt;eyes&lt;/fex&gt; were overly &lt;t&gt;aware&lt;/t&gt;&lt;/ex&gt;&lt;/def-root&gt;</definition>
    </FE>
    <FE bgColor="00BFFF" fgColor="FFFFFF" coreType="Peripheral" cBy="MJE" cDate="06/22/2001 07:35:40 PDT Fri" abbrev="Role" name="Role" ID="951">
        <definition>&lt;def-root&gt;&lt;fen&gt;Role&lt;/fen&gt; is the category within which an element of the &lt;fen&gt;Content&lt;/fen&gt; is considered.
&lt;ex&gt;He &lt;t&gt;understood&lt;/t&gt; her remark &lt;fex name="Role"&gt;as an insult&lt;/fex&gt;.&lt;/ex&gt;&lt;/def-root&gt;</definition>
    </FE>
    <FE bgColor="808080" fgColor="FFFFFF" coreType="Extra-Thematic" cBy="GlY" cDate="06/06/2003 03:41:17 PDT Fri" abbrev="" name="Paradigm" ID="4549">
        <definition>&lt;def-root&gt;This frame element identifies the &lt;fen&gt;Paradigm&lt;/fen&gt;  which serves as the basis for the &lt;fen&gt;Cognizer&lt;/fen&gt;'s awareness.
&lt;ex&gt;&lt;fex name="Content"&gt;The formation of black holes&lt;/fex&gt; should be &lt;t&gt;understood&lt;/t&gt; &lt;fex name="Paradigm"&gt;in astrophysic terms&lt;/fex&gt;.&lt;/ex&gt;&lt;/def-root&gt;</definition>
    </FE>
    <FE bgColor="FFA500" fgColor="FFFFFF" coreType="Peripheral" cBy="JKR" cDate="08/23/2005 03:30:42 PDT Tue" abbrev="tim" name="Time" ID="8960">
        <definition>&lt;def-root&gt;The time interval during which the &lt;fen&gt;Cognizer&lt;/fen&gt; is aware of the &lt;fen&gt;Content&lt;/fen&gt;.

&lt;ex&gt;Yet there is no evidence that Mr. Parrish was &lt;t&gt;cognizant&lt;/t&gt; &lt;fex name="tim"&gt;at the time of the signing
of the notes&lt;/fex&gt; that the clauses in issue were present.&lt;/ex&gt;&lt;/def-root&gt;</definition>
        <semType name="Time" ID="141"/>
    </FE>
    <FE bgColor="00008B" fgColor="FFFFFF" coreType="Extra-Thematic" cBy="KmG" cDate="11/07/2007 12:19:35 PST Wed" abbrev="" name="Explanation" ID="12047">
        <definition>&lt;def-root&gt;The reason why or how it came to be that the &lt;fen&gt;Cognizer&lt;/fen&gt; has awareness of the &lt;fen&gt;Topic&lt;/fen&gt; or &lt;fen&gt;Content&lt;/fen&gt;. &lt;/def-root&gt;</definition>
    </FE>
    <FEcoreSet>
        <memberFE name="Cognizer" ID="83"/>
        <memberFE name="Expressor" ID="950"/>
    </FEcoreSet>
    <FEcoreSet>
        <memberFE name="Content" ID="84"/>
        <memberFE name="Topic" ID="86"/>
    </FEcoreSet>
    <frameRelation type="Inherits from">
        <relatedFrame ID="1710">Mental_activity</relatedFrame>
    </frameRelation>
    <frameRelation type="Is Inherited by">
        <relatedFrame ID="979">Grasp</relatedFrame>
        <relatedFrame ID="26">Expectation</relatedFrame>
    </frameRelation>
    <frameRelation type="Perspective on">
        <relatedFrame ID="2592">Awareness_situation</relatedFrame>
    </frameRelation>
    <frameRelation type="Is Perspectivized in"/>
    <frameRelation type="Uses">
        <relatedFrame ID="1591">Information</relatedFrame>
    </frameRelation>
    <frameRelation type="Is Used by">
        <relatedFrame ID="1019">Religious_belief</relatedFrame>
        <relatedFrame ID="1145">Secrecy_status</relatedFrame>
        <relatedFrame ID="107">Examination</relatedFrame>
        <relatedFrame ID="141">Certainty</relatedFrame>
        <relatedFrame ID="1220">Remembering_information</relatedFrame>
        <relatedFrame ID="1880">Fame</relatedFrame>
        <relatedFrame ID="2162">Representing</relatedFrame>
        <relatedFrame ID="2262">Impression</relatedFrame>
    </frameRelation>
    <frameRelation type="Subframe of"/>
    <frameRelation type="Has Subframe(s)"/>
    <frameRelation type="Precedes"/>
    <frameRelation type="Is Preceded by"/>
    <frameRelation type="Is Inchoative of"/>
    <frameRelation type="Is Causative of"/>
    <frameRelation type="See also">
        <relatedFrame ID="1412">Opinion</relatedFrame>
        <relatedFrame ID="141">Certainty</relatedFrame>
    </frameRelation>
    <lexUnit status="FN1_Sent" POS="A" name="aware.a" ID="147" lemmaID="2512" cBy="ChW" cDate="02/08/2001 01:27:40 PST Thu">
        <definition>COD: having knowledge or perception of a situation or fact.</definition>
        <sentenceCount annotated="62" total="266"/>
        <lexeme order="1" headword="false" breakBefore="false" POS="A" name="aware"/>
    </lexUnit>
    <lexUnit status="FN1_Sent" POS="N" name="awareness.n" ID="148" lemmaID="2513" cBy="ChW" cDate="02/08/2001 01:27:40 PST Thu">
        <definition>COD: awareness is a derivative of aware</definition>
        <sentenceCount annotated="82" total="223"/>
        <lexeme order="1" headword="false" breakBefore="false" POS="N" name="awareness"/>
    </lexUnit>
    <lexUnit status="FN1_Sent" POS="V" name="believe.v" ID="150" lemmaID="3292" cBy="ChW" cDate="02/08/2001 01:27:40 PST Thu">
        <definition>COD: feel sure of the truth of.</definition>
        <sentenceCount annotated="61" total="204"/>
        <lexeme order="1" headword="false" breakBefore="false" POS="V" name="believe"/>
    </lexUnit>
    <lexUnit status="FN1_Sent" POS="V" name="comprehend.v" ID="151" lemmaID="7537" cBy="ChW" cDate="02/08/2001 01:27:40 PST Thu">
        <definition>COD: grasp mentally; understand.</definition>
        <sentenceCount annotated="40" total="155"/>
        <lexeme order="1" headword="false" breakBefore="false" POS="V" name="comprehend"/>
    </lexUnit>
    <lexUnit status="FN1_Sent" POS="N" name="comprehension.n" ID="152" lemmaID="7540" cBy="ChW" cDate="02/08/2001 01:27:40 PST Thu">
        <definition>COD: the action or capability of understanding.</definition>
        <sentenceCount annotated="23" total="123"/>
        <lexeme order="1" headword="false" breakBefore="false" POS="N" name="comprehension"/>
    </lexUnit>
    <lexUnit status="FN1_Sent" POS="V" name="conceive.v" ID="153" lemmaID="7589" cBy="ChW" cDate="02/08/2001 01:27:40 PST Thu">
        <definition>COD: devise in the mind; imagine.</definition>
        <sentenceCount annotated="23" total="340"/>
        <lexeme order="1" headword="false" breakBefore="false" POS="V" name="conceive"/>
    </lexUnit>
    <lexUnit status="FN1_Sent" POS="N" name="conception.n" ID="154" lemmaID="7596" cBy="ChW" cDate="02/08/2001 01:27:41 PST Thu">
        <definition>COD:  the way in which something is perceived</definition>
        <sentenceCount annotated="53" total="145"/>
        <lexeme order="1" headword="false" breakBefore="false" POS="N" name="conception"/>
    </lexUnit>
    <lexUnit status="FN1_Sent" POS="A" name="conscious.a" ID="155" lemmaID="7875" cBy="ChW" cDate="02/08/2001 01:27:41 PST Thu">
        <definition>FN: having awareness or knowledge of something</definition>
        <sentenceCount annotated="42" total="197"/>
        <lexeme order="1" headword="false" breakBefore="false" POS="A" name="conscious"/>
    </lexUnit>
    <lexUnit status="FN1_Sent" POS="N" name="hunch.n" ID="156" lemmaID="18664" cBy="ChW" cDate="02/08/2001 01:27:41 PST Thu">
        <definition>COD: a feeling or guess based on intuition.</definition>
        <sentenceCount annotated="24" total="62"/>
        <lexeme order="1" headword="false" breakBefore="false" POS="N" name="hunch"/>
    </lexUnit>
    <lexUnit status="FN1_Sent" POS="V" name="imagine.v" ID="157" lemmaID="19016" cBy="ChW" cDate="02/08/2001 01:27:41 PST Thu">
        <definition>COD: form a mental image or concept of.</definition>
        <sentenceCount annotated="63" total="390"/>
        <lexeme order="1" headword="false" breakBefore="false" POS="V" name="imagine"/>
    </lexUnit>
    <lexUnit status="FN1_Sent" POS="V" name="know.v" ID="160" lemmaID="21457" cBy="ChW" cDate="02/08/2001 01:27:41 PST Thu">
        <definition>COD: be aware of through observation, inquiry, or information. This verb is factive - speaker believes the proposition whether or not he is the subject.</definition>
        <sentenceCount annotated="223" total="742"/>
        <lexeme order="1" headword="false" breakBefore="false" POS="V" name="know"/>
    </lexUnit>
    <lexUnit status="FN1_Sent" POS="N" name="knowledge.n" ID="161" lemmaID="21463" cBy="ChW" cDate="02/08/2001 01:27:41 PST Thu">
        <definition>FN: familiarity with, awareness of facts and ideas acquired through experience or study</definition>
        <sentenceCount annotated="62" total="307"/>
        <lexeme order="1" headword="false" breakBefore="false" POS="N" name="knowledge"/>
    </lexUnit>
    <lexUnit status="Finished_Initial" POS="A" name="knowledgeable.a" ID="162" lemmaID="33" cBy="ChW" cDate="02/08/2001 01:27:42 PST Thu">
        <definition>COD: intelligent and well informed.</definition>
        <sentenceCount annotated="22" total="257"/>
        <lexeme order="1" headword="false" breakBefore="false" POS="A" name="knowledgable"/>
    </lexUnit>
    <lexUnit status="FN1_Sent" POS="V" name="presume.v" ID="163" lemmaID="30343" cBy="ChW" cDate="02/08/2001 01:27:42 PST Thu">
        <definition>FN: assume that something is the case absent proof to the contrary</definition>
        <sentenceCount annotated="49" total="172"/>
        <lexeme order="1" headword="false" breakBefore="false" POS="V" name="presume"/>
    </lexUnit>
    <lexUnit status="FN1_Sent" POS="N" name="presumption.n" ID="164" lemmaID="30345" cBy="ChW" cDate="02/08/2001 01:27:42 PST Thu">
        <definition>COD: an act or instance of presuming something to be the case.</definition>
        <sentenceCount annotated="32" total="122"/>
        <lexeme order="1" headword="false" breakBefore="false" POS="N" name="presumption"/>
    </lexUnit>
    <lexUnit status="FN1_Sent" POS="V" name="reckon.v" ID="165" lemmaID="32135" cBy="ChW" cDate="02/08/2001 01:27:42 PST Thu">
        <definition>COD: be of the opinion.</definition>
        <sentenceCount annotated="52" total="250"/>
        <lexeme order="1" headword="false" breakBefore="false" POS="V" name="reckon"/>
    </lexUnit>
    <lexUnit status="FN1_Sent" POS="N" name="supposition.n" ID="166" lemmaID="38933" cBy="ChW" cDate="02/08/2001 01:27:42 PST Thu">
        <definition>COD: an assumption or hypothesis.</definition>
        <sentenceCount annotated="18" total="55"/>
        <lexeme order="1" headword="false" breakBefore="false" POS="N" name="supposition"/>
    </lexUnit>
    <lexUnit status="FN1_Sent" POS="V" name="suspect.v" ID="167" lemmaID="39032" cBy="ChW" cDate="02/08/2001 01:27:42 PST Thu">
        <definition>COD: believe (something) to be probable or possible.</definition>
        <sentenceCount annotated="43" total="250"/>
        <lexeme order="1" headword="false" breakBefore="false" POS="V" name="suspect"/>
    </lexUnit>
    <lexUnit status="FN1_Sent" POS="N" name="suspicion.n" ID="168" lemmaID="39039" cBy="ChW" cDate="02/08/2001 01:27:42 PST Thu">
        <definition>COD: a feeling that something is possible or probable or that someone is guilty of a crime or offence.</definition>
        <sentenceCount annotated="52" total="190"/>
        <lexeme order="1" headword="false" breakBefore="false" POS="N" name="suspicion"/>
    </lexUnit>
    <lexUnit status="FN1_Sent" POS="V" name="think.v" ID="169" lemmaID="40160" cBy="ChW" cDate="02/08/2001 01:27:42 PST Thu">
        <definition>FN: have a particular belief or opinion</definition>
        <sentenceCount annotated="86" total="444"/>
        <lexeme order="1" headword="false" breakBefore="false" POS="V" name="think"/>
    </lexUnit>
    <lexUnit status="FN1_Sent" POS="N" name="thought.n" ID="170" lemmaID="40210" cBy="ChW" cDate="02/08/2001 01:27:42 PST Thu">
        <definition>FN: the process or result of thinking</definition>
        <sentenceCount annotated="91" total="681"/>
        <lexeme order="1" headword="false" breakBefore="false" POS="N" name="thought"/>
    </lexUnit>
    <lexUnit status="FN1_Sent" POS="V" name="understand.v" ID="171" lemmaID="42005" cBy="ChW" cDate="02/08/2001 01:27:43 PST Thu">
        <definition>COD: perceive the significance, explanation, or cause of.</definition>
        <sentenceCount annotated="56" total="409"/>
        <lexeme order="1" headword="false" breakBefore="false" POS="V" name="understand"/>
    </lexUnit>
    <lexUnit status="FN1_Sent" POS="N" name="understanding.n" ID="172" lemmaID="42008" cBy="ChW" cDate="02/08/2001 01:27:43 PST Thu">
        <definition>COD: the ability to understand something; comprehension</definition>
        <sentenceCount annotated="80" total="219"/>
        <lexeme order="1" headword="false" breakBefore="false" POS="N" name="understanding"/>
    </lexUnit>
    <lexUnit status="Created" POS="N" name="ignorance.n" ID="10862" lemmaID="18932" cBy="JKR" cDate="08/18/2004 05:08:03 PDT Wed">
        <definition>FN: the state of lacking knowledge or awareness in general.</definition>
        <sentenceCount annotated="2" total="2"/>
        <lexeme order="1" headword="false" breakBefore="false" POS="N" name="ignorance"/>
        <semType name="Negative" ID="99"/>
    </lexUnit>
    <lexUnit status="Created" POS="N" name="consciousness.n" ID="11315" lemmaID="7877" cBy="MiL" cDate="11/23/2004 03:52:50 PST Tue">
        <definition>COD: one's awareness or perception of something.</definition>
        <sentenceCount annotated="0" total="0"/>
        <lexeme order="1" headword="false" breakBefore="false" POS="N" name="consciousness"/>
    </lexUnit>
    <lexUnit status="Finished_Initial" POS="A" name="cognizant.a" ID="12691" lemmaID="50231" cBy="JKR" cDate="08/23/2005 03:24:51 PDT Tue">
        <definition>FN: fully aware</definition>
        <sentenceCount annotated="7" total="13"/>
        <lexeme order="1" headword="true" breakBefore="false" POS="A" name="cognizant"/>
    </lexUnit>
    <lexUnit status="Created" POS="A" name="unknown.a" ID="13765" lemmaID="42231" cBy="KmG" cDate="02/23/2007 11:06:24 PST Fri">
        <definition>COD: not known or familiar.</definition>
        <sentenceCount annotated="2" total="2"/>
        <lexeme order="1" headword="false" breakBefore="false" POS="A" name="unknown"/>
        <semType name="Negative" ID="99"/>
    </lexUnit>
    <lexUnit status="Created" POS="N" name="idea.n" ID="17321" lemmaID="18866" cBy="CVa" cDate="02/06/2013 01:19:39 PST Wed">
        <definition>FN: a thought as to a course of action or an event</definition>
        <sentenceCount annotated="0" total="0"/>
        <lexeme order="1" headword="false" breakBefore="false" POS="N" name="idea"/>
    </lexUnit>
</frame>