<?xml version="1.0" encoding="UTF-8" standalone="yes"?>
<?xml-stylesheet type="text/xsl" href="frame.xsl"?>
<frame cBy="KmG" cDate="06/18/2008 03:03:33 PDT Wed" name="Beat_opponent" ID="2074" xsi:schemaLocation="../schema/frame.xsd" xmlns="http://framenet.icsi.berkeley.edu" xmlns:xsi="http://www.w3.org/2001/XMLSchema-instance">
    <definition>&lt;def-root&gt;A &lt;fen&gt;Winner&lt;/fen&gt; has victory over an &lt;fen&gt;Loser&lt;/fen&gt;.

&lt;ex&gt;&lt;fex name="Winner"&gt;He&lt;/fex&gt; &lt;fex name="Frequency"&gt;always&lt;/fex&gt; &lt;t&gt;beats&lt;/t&gt; &lt;fex name="Loser"&gt;me&lt;/fex&gt; &lt;fex name="Competition"&gt;at chess&lt;/fex&gt;.&lt;/ex&gt;&lt;/def-root&gt;</definition>
    <FE bgColor="FF0000" fgColor="FFFFFF" coreType="Core" cBy="KmG" cDate="06/18/2008 03:03:33 PDT Wed" abbrev="Win" name="Winner" ID="12822">
        <definition>&lt;def-root&gt;The individual or individuals who beat the &lt;fen&gt;Loser&lt;/fen&gt;.&lt;/def-root&gt;</definition>
    </FE>
    <FE bgColor="2E8B57" fgColor="FFFFFF" coreType="Peripheral" cBy="KmG" cDate="06/18/2008 03:03:33 PDT Wed" abbrev="Sco" name="Score" ID="12823">
        <definition>&lt;def-root&gt;A quantity whereby progress is measured during the game, and Rank and &lt;fen&gt;Prize&lt;/fen&gt;s are awarded to the &lt;fen&gt;Winner&lt;/fen&gt; afterward.&lt;/def-root&gt;</definition>
    </FE>
    <FE bgColor="00BFFF" fgColor="FFFFFF" coreType="Peripheral" cBy="KmG" cDate="06/18/2008 03:03:33 PDT Wed" abbrev="Mar" name="Margin" ID="12824">
        <definition>&lt;def-root&gt;The amount by which the &lt;fen&gt;Winner&lt;/fen&gt; 's and &lt;fen&gt;Loser&lt;/fen&gt; 's &lt;fen&gt;Score&lt;/fen&gt;s differ.&lt;/def-root&gt;</definition>
    </FE>
    <FE bgColor="008000" fgColor="FFFFFF" coreType="Peripheral" cBy="KmG" cDate="06/18/2008 03:03:33 PDT Wed" abbrev="Ran" name="Rank" ID="12825">
        <definition>&lt;def-root&gt;The rank (according to &lt;fen&gt;Score&lt;/fen&gt;) that a &lt;fen&gt;Winner&lt;/fen&gt; acheives.&lt;/def-root&gt;</definition>
    </FE>
    <FE bgColor="9400D3" fgColor="FFFFFF" coreType="Peripheral" cBy="KmG" cDate="06/18/2008 03:03:33 PDT Wed" abbrev="Pri" name="Prize" ID="12826">
        <definition>&lt;def-root&gt;A socially and/or monetarily significant entity which is given to a &lt;fen&gt;Winner&lt;/fen&gt; according to &lt;fen&gt;Score&lt;/fen&gt; or &lt;fen&gt;Rank&lt;/fen&gt;.&lt;/def-root&gt;</definition>
    </FE>
    <FE bgColor="1E90FF" fgColor="FFFFFF" coreType="Peripheral" cBy="KmG" cDate="06/18/2008 03:03:33 PDT Wed" abbrev="Mea" name="Means" ID="12827">
        <definition>&lt;def-root&gt;An action of the &lt;fen&gt;Winner&lt;/fen&gt; or &lt;fen&gt;Loser&lt;/fen&gt; that makes the beating event possible.&lt;/def-root&gt;</definition>
        <semType name="State_of_affairs" ID="177"/>
    </FE>
    <FE bgColor="FF00FF" fgColor="FFFFFF" coreType="Peripheral" cBy="KmG" cDate="06/18/2008 03:03:33 PDT Wed" abbrev="Man" name="Manner" ID="12828">
        <definition>&lt;def-root&gt;Any description of the &lt;fen&gt;Winner&lt;/fen&gt; or &lt;fen&gt;Loser&lt;/fen&gt; which is not covered by more specific FEs, including epistemic modification (probably, presumably, mysteriously), secondary effects (quietly, loudly), and general descriptions comparing events (the same way). It may also indicate salient characteristics of a &lt;fen&gt;Winner&lt;/fen&gt; or &lt;fen&gt;Loser&lt;/fen&gt; that also affect their action (presumptuously, coldly, deliberately, eagerly, carefully). &lt;/def-root&gt;</definition>
        <semType name="Manner" ID="173"/>
    </FE>
    <FE bgColor="FFA500" fgColor="FFFFFF" coreType="Peripheral" cBy="KmG" cDate="06/18/2008 03:03:34 PDT Wed" abbrev="Tim" name="Time" ID="12829">
        <definition>&lt;def-root&gt;When the &lt;fen&gt;Winner&lt;/fen&gt; has victory over the &lt;fen&gt;Loser&lt;/fen&gt;.&lt;/def-root&gt;</definition>
        <semType name="Time" ID="141"/>
    </FE>
    <FE bgColor="A52A2A" fgColor="FFFFFF" coreType="Peripheral" cBy="KmG" cDate="06/18/2008 03:03:34 PDT Wed" abbrev="Pla" name="Place" ID="12830">
        <definition>&lt;def-root&gt;The location where the &lt;fen&gt;Winner&lt;/fen&gt; has victory &lt;fen&gt;Loser&lt;/fen&gt;. &lt;/def-root&gt;</definition>
        <semType name="Locative_relation" ID="182"/>
    </FE>
    <FE bgColor="A9A9A9" fgColor="FFFFFF" coreType="Peripheral" cBy="KmG" cDate="06/18/2008 03:03:34 PDT Wed" abbrev="Ven" name="Venue" ID="12831">
        <definition>&lt;def-root&gt;This FE is for the named venue of a competition, particularly when the place has been built for the purpose of a competition.

&lt;/def-root&gt;</definition>
    </FE>
    <FE bgColor="90876C" fgColor="000000" coreType="Extra-Thematic" cBy="KmG" cDate="06/18/2008 03:03:34 PDT Wed" abbrev="Par" name="Particular_iteration" ID="12832">
        <definition>&lt;def-root&gt;Expressions marked with this extra-thematic FE modify a non-iterative use of the target, and indicate that it is conceived as embedded within an iterated series of similar events or states. &lt;/def-root&gt;</definition>
    </FE>
    <FE bgColor="FFFF00" fgColor="00008B" coreType="Extra-Thematic" cBy="KmG" cDate="06/18/2008 03:03:34 PDT Wed" abbrev="Exp" name="Explanation" ID="12834">
        <definition>&lt;def-root&gt;The reason why the &lt;fen&gt;Winner&lt;/fen&gt; has victory over the &lt;fen&gt;Loser&lt;/fen&gt;.&lt;/def-root&gt;</definition>
    </FE>
    <FE bgColor="EEE8AA" fgColor="00008B" coreType="Extra-Thematic" cBy="KmG" cDate="06/18/2008 03:03:34 PDT Wed" abbrev="Per" name="Period_of_iterations" ID="12835">
        <definition>&lt;def-root&gt;The length of time from when winning events began to be repeated to when they stopped.&lt;/def-root&gt;</definition>
    </FE>
    <FE bgColor="0000FF" fgColor="FFFFFF" coreType="Core" cBy="KmG" cDate="06/18/2008 03:03:34 PDT Wed" abbrev="Los" name="Loser" ID="12836">
        <definition>&lt;def-root&gt;The individual or individuals that get beat by the &lt;fen&gt;Winner&lt;/fen&gt;.&lt;/def-root&gt;</definition>
    </FE>
    <FE bgColor="EEE8AA" fgColor="FF0000" coreType="Extra-Thematic" cBy="KmG" cDate="06/18/2008 03:03:34 PDT Wed" abbrev="Cir" name="Circumstances" ID="12837">
        <definition>&lt;def-root&gt;The state of the world when the &lt;fen&gt;Winner&lt;/fen&gt; beats the &lt;fen&gt;Loser&lt;/fen&gt;.&lt;/def-root&gt;</definition>
    </FE>
    <FE bgColor="7CCD73" fgColor="FFFFFF" coreType="Extra-Thematic" cBy="KmG" cDate="06/18/2008 03:03:34 PDT Wed" abbrev="re-e" name="Re-encoding" ID="12838">
        <definition>&lt;def-root&gt;The frame expressed by the target typically corresponds to a Means action within the frame expressed by the &lt;fex name="Re-encoding"&gt;Re-encoding&lt;/fex&gt;, but not necessarily. &lt;/def-root&gt;</definition>
    </FE>
    <FE bgColor="9F79EE" fgColor="FFFFFF" coreType="Extra-Thematic" cBy="KmG" cDate="06/18/2008 03:03:34 PDT Wed" abbrev="Res" name="Result" ID="12839">
        <definition>&lt;def-root&gt;The state-of-affairs that prevails as a result of the &lt;fen&gt;Winner&lt;/fen&gt; beating the &lt;fen&gt;Loser&lt;/fen&gt;.&lt;/def-root&gt;</definition>
    </FE>
    <FE bgColor="FFD700" fgColor="800080" coreType="Extra-Thematic" cBy="KmG" cDate="06/18/2008 03:03:34 PDT Wed" abbrev="Iter" name="Iterations" ID="12840">
        <definition>&lt;def-root&gt;The frame element &lt;fex name="Iterations"&gt;Iterations&lt;/fex&gt; is used for expressions that indicate the number of times the &lt;fen&gt;Winner&lt;/fen&gt; beats the &lt;fen&gt;Loser&lt;/fen&gt;.&lt;/def-root&gt;</definition>
    </FE>
    <FE bgColor="7FFF00" fgColor="00008B" coreType="Extra-Thematic" cBy="KmG" cDate="06/18/2008 03:03:34 PDT Wed" abbrev="Vie" name="Viewpoint" ID="12841">
        <definition>&lt;def-root&gt;This FE modifies the target to indicate the legal- or other domain within which the winning event is considered true. &lt;/def-root&gt;</definition>
    </FE>
    <FE bgColor="FF69B4" fgColor="00008B" coreType="Extra-Thematic" cBy="KmG" cDate="06/18/2008 03:03:34 PDT Wed" abbrev="Eve" name="Event_description" ID="12842">
        <definition>&lt;def-root&gt;This FE applies to appraisals of the event, typically a judgment of its expectedness, or a description of the state-of-affairs introduced by the winning event.&lt;/def-root&gt;</definition>
    </FE>
    <FE bgColor="FF69B4" fgColor="FFFFFF" coreType="Peripheral" cBy="KmG" cDate="06/18/2008 03:45:04 PDT Wed" abbrev="Deg" name="Degree" ID="12843">
        <definition>&lt;def-root&gt;A qualitative measure of how much the &lt;fen&gt;Winner&lt;/fen&gt; beat the &lt;fen&gt;Loser&lt;/fen&gt;.&lt;/def-root&gt;</definition>
    </FE>
    <FE bgColor="00BFFF" fgColor="000000" coreType="Extra-Thematic" cBy="KmG" cDate="06/18/2008 03:47:00 PDT Wed" abbrev="Dep" name="Depictive" ID="12844">
        <definition>&lt;def-root&gt;This FE describes a participant of the state of affairs introduced by the target as being in some state during the action.&lt;/def-root&gt;</definition>
    </FE>
    <FE bgColor="00008B" fgColor="FFFFFF" coreType="Peripheral" cBy="KmG" cDate="06/18/2008 04:02:42 PDT Wed" abbrev="Ion" name="Competition" ID="12845">
        <definition>&lt;def-root&gt;The event in which the  &lt;fen&gt;Competition&lt;/fen&gt; competes.&lt;/def-root&gt;</definition>
    </FE>
    <FE bgColor="FF0000" fgColor="00008B" coreType="Extra-Thematic" cBy="KmG" cDate="06/18/2008 05:51:33 PDT Wed" abbrev="Fre" name="Frequency" ID="12858">
        <definition>&lt;def-root&gt;How often the &lt;fen&gt;Winner&lt;/fen&gt; beats the &lt;fen&gt;Loser&lt;/fen&gt;.&lt;/def-root&gt;</definition>
    </FE>
    <frameRelation type="Inherits from"/>
    <frameRelation type="Is Inherited by"/>
    <frameRelation type="Perspective on"/>
    <frameRelation type="Is Perspectivized in"/>
    <frameRelation type="Uses">
        <relatedFrame ID="2072">Win_prize</relatedFrame>
    </frameRelation>
    <frameRelation type="Is Used by"/>
    <frameRelation type="Subframe of"/>
    <frameRelation type="Has Subframe(s)"/>
    <frameRelation type="Precedes"/>
    <frameRelation type="Is Preceded by"/>
    <frameRelation type="Is Inchoative of"/>
    <frameRelation type="Is Causative of"/>
    <frameRelation type="See also"/>
    <lexUnit status="Finished_Initial" POS="V" name="defeat.v" ID="15124" lemmaID="9902" cBy="KmG" cDate="06/18/2008 03:19:23 PDT Wed">
        <definition>FN: beat another team</definition>
        <sentenceCount annotated="24" total="284"/>
        <lexeme order="1" headword="false" breakBefore="false" POS="V" name="defeat"/>
    </lexUnit>
    <lexUnit status="Finished_Initial" POS="V" name="beat.v" ID="15125" lemmaID="3125" cBy="KmG" cDate="06/18/2008 03:20:03 PDT Wed">
        <definition>FN: win against in a contest</definition>
        <sentenceCount annotated="43" total="274"/>
        <lexeme order="1" headword="false" breakBefore="false" POS="V" name="beat"/>
    </lexUnit>
    <lexUnit status="Finished_Initial" POS="V" name="demolish.v" ID="15126" lemmaID="10125" cBy="KmG" cDate="06/18/2008 03:20:18 PDT Wed">
        <definition>FN: wine a game by a large margin</definition>
        <sentenceCount annotated="20" total="70"/>
        <lexeme order="1" headword="false" breakBefore="false" POS="V" name="demolish"/>
    </lexUnit>
    <lexUnit status="Created" POS="V" name="prevail.v" ID="15127" lemmaID="30375" cBy="KmG" cDate="06/18/2008 03:20:36 PDT Wed">
        <definition>FN: come out as winner in a challenging competition</definition>
        <sentenceCount annotated="1" total="1"/>
        <lexeme order="1" headword="false" breakBefore="false" POS="V" name="prevail"/>
    </lexUnit>
    <lexUnit status="Finished_Initial" POS="N" name="defeat.n" ID="15128" lemmaID="9901" cBy="KmG" cDate="06/18/2008 03:21:28 PDT Wed">
        <definition>COD: an instance of defeating or being defeated</definition>
        <sentenceCount annotated="27" total="208"/>
        <lexeme order="1" headword="false" breakBefore="false" POS="N" name="defeat"/>
    </lexUnit>
    <lexUnit status="Finished_Initial" POS="V" name="trounce.v" ID="15129" lemmaID="41342" cBy="KmG" cDate="06/18/2008 03:21:58 PDT Wed">
        <definition>COD: defeat heavily in a contest</definition>
        <sentenceCount annotated="14" total="36"/>
        <lexeme order="1" headword="false" breakBefore="false" POS="V" name="trounce"/>
    </lexUnit>
    <lexUnit status="Created" POS="V" name="upend.v" ID="15130" lemmaID="42460" cBy="KmG" cDate="06/18/2008 03:22:18 PDT Wed">
        <definition>FN: defeat</definition>
        <sentenceCount annotated="0" total="0"/>
        <lexeme order="1" headword="false" breakBefore="false" POS="V" name="upend"/>
    </lexUnit>
    <lexUnit status="Finished_Initial" POS="N" name="rout.n" ID="15131" lemmaID="33639" cBy="KmG" cDate="06/18/2008 03:23:30 PDT Wed">
        <definition>COD: a decisive defeat.</definition>
        <sentenceCount annotated="10" total="103"/>
        <lexeme order="1" headword="false" breakBefore="false" POS="N" name="rout"/>
    </lexUnit>
    <lexUnit status="Finished_Initial" POS="V" name="rout.v" ID="15137" lemmaID="33640" cBy="JKs" cDate="06/23/2008 04:12:48 PDT Mon">
        <definition>FN: defeat decisively</definition>
        <sentenceCount annotated="11" total="71"/>
        <lexeme order="1" headword="false" breakBefore="false" POS="V" name="rout"/>
    </lexUnit>
</frame>