<?xml version="1.0" encoding="UTF-8" standalone="yes"?>
<?xml-stylesheet type="text/xsl" href="frame.xsl"?>
<frame cBy="RLG" cDate="08/31/2011 02:21:57 PDT Wed" name="Become_triggered" ID="2640" xsi:schemaLocation="../schema/frame.xsd" xmlns="http://framenet.icsi.berkeley.edu" xmlns:xsi="http://www.w3.org/2001/XMLSchema-instance">
    <definition>&lt;def-root&gt;A &lt;fen&gt;System&lt;/fen&gt; interacts with the environment (which may include a volitional agent) and goes into operation in accordance with its intended purpose.

&lt;ex&gt;&lt;fex name="System"&gt;The alarm&lt;/fex&gt; &lt;t&gt;went off&lt;/t&gt; &lt;fex name="tim"&gt;as she walked through the entrance&lt;/fex&gt;.&lt;/ex&gt;

&lt;ex&gt;&lt;fex name="System"&gt;The bomb&lt;/fex&gt; must have &lt;t&gt;triggered&lt;/t&gt; accidentally.&lt;/ex&gt;&lt;/def-root&gt;</definition>
    <FE bgColor="0000FF" fgColor="FFFFFF" coreType="Core" cBy="RLG" cDate="08/31/2011 02:21:57 PDT Wed" abbrev="sys" name="System" ID="14909">
        <definition>&lt;def-root&gt;The &lt;fen&gt;System&lt;/fen&gt; interacts with the environment and activates.

&lt;ex&gt;&lt;fex name="sys"&gt;The device&lt;/fex&gt; &lt;t&gt;triggered&lt;/t&gt; as she walked through the arch.&lt;/ex&gt;&lt;/def-root&gt;</definition>
    </FE>
    <FE bgColor="A52A2A" fgColor="FFFFFF" coreType="Peripheral" cBy="RLG" cDate="08/31/2011 02:21:58 PDT Wed" abbrev="man" name="Manner" ID="14912">
        <definition>&lt;def-root&gt;Any holistic description of the event, including overall depictions (&lt;ment&gt;the same way&lt;/ment&gt;) and descriptions pertaining to the &lt;fen&gt;System&lt;/fen&gt; (&lt;m&gt;quietly&lt;/m&gt;).&lt;/def-root&gt;</definition>
    </FE>
    <FE bgColor="008000" fgColor="FFFFFF" coreType="Peripheral" cBy="RLG" cDate="08/31/2011 02:21:58 PDT Wed" abbrev="pla" name="Place" ID="14913">
        <definition>&lt;def-root&gt;Where the &lt;fen&gt;System&lt;/fen&gt; goes off.

&lt;ex&gt;Police came running downstairs when the metal detector &lt;t&gt;went off&lt;/t&gt; &lt;fex name="pla"&gt;at the county courthouse&lt;/fex&gt;.&lt;/ex&gt;&lt;/def-root&gt;</definition>
    </FE>
    <FE bgColor="FFA500" fgColor="FFFFFF" coreType="Peripheral" cBy="RLG" cDate="08/31/2011 02:21:58 PDT Wed" abbrev="tim" name="Time" ID="14914">
        <definition>&lt;def-root&gt;The time when the &lt;fen&gt;System&lt;/fen&gt; triggers.

&lt;ex&gt;The alarm &lt;t&gt;went off&lt;/t&gt; &lt;fex name="tim"&gt;at three o'clock today&lt;/fex&gt;.&lt;/ex&gt;&lt;/def-root&gt;</definition>
    </FE>
    <FE bgColor="800080" fgColor="FFFFFF" coreType="Peripheral" cBy="RLG" cDate="03/27/2012 11:45:20 PDT Tue" abbrev="fre" name="Frequency" ID="15557">
        <definition>&lt;def-root&gt;The number of times the triggerent event occurs in a particular time period.

&lt;ex&gt;Around here bombs &lt;t&gt;go off&lt;/t&gt; &lt;fex name="fre"&gt;several times a day&lt;/fex&gt;.&lt;/ex&gt;&lt;/def-root&gt;</definition>
    </FE>
    <frameRelation type="Inherits from"/>
    <frameRelation type="Is Inherited by"/>
    <frameRelation type="Perspective on"/>
    <frameRelation type="Is Perspectivized in"/>
    <frameRelation type="Uses"/>
    <frameRelation type="Is Used by"/>
    <frameRelation type="Subframe of"/>
    <frameRelation type="Has Subframe(s)"/>
    <frameRelation type="Precedes"/>
    <frameRelation type="Is Preceded by"/>
    <frameRelation type="Is Inchoative of"/>
    <frameRelation type="Is Causative of"/>
    <frameRelation type="See also"/>
    <lexUnit status="Insufficient_Attestations" POS="V" name="trigger.v" ID="16569" lemmaID="41225" cBy="RLG" cDate="08/31/2011 04:21:26 PDT Wed">
        <definition>FN: become active after interacting with the environment.</definition>
        <sentenceCount annotated="0" total="50"/>
        <lexeme order="1" headword="false" breakBefore="false" POS="V" name="trigger"/>
    </lexUnit>
    <lexUnit status="In_Use" POS="V" name="go off.v" ID="16570" lemmaID="51392" cBy="RLG" cDate="08/31/2011 04:40:58 PDT Wed">
        <definition>FN: trigger.</definition>
        <sentenceCount annotated="23" total="31"/>
        <lexeme order="1" headword="true" breakBefore="false" POS="V" name="go"/>
        <lexeme order="2" headword="false" breakBefore="false" POS="PREP" name="off"/>
    </lexUnit>
</frame>