<?xml version="1.0" encoding="UTF-8" standalone="yes"?>
<?xml-stylesheet type="text/xsl" href="frame.xsl"?>
<frame cBy="AlK" cDate="07/27/2011 02:37:13 PDT Wed" name="Becoming_visible" ID="2582" xsi:schemaLocation="../schema/frame.xsd" xmlns="http://framenet.icsi.berkeley.edu" xmlns:xsi="http://www.w3.org/2001/XMLSchema-instance">
    <definition>&lt;def-root&gt;An &lt;fen&gt;Entity&lt;/fen&gt; that is previously not visible to a &lt;fen&gt;Perceiver&lt;/fen&gt; becomes visible.

&lt;ex&gt;&lt;fex name="Entity"&gt;The armada&lt;/fex&gt; &lt;t&gt;appeared&lt;/t&gt; &lt;fex name="Place"&gt;on the horizon&lt;/fex&gt; &lt;fex name="Time"&gt;at sunset&lt;/fex&gt;.&lt;/ex&gt;

&lt;ex&gt;The captain ordered his men to dig at the X and &lt;fex name="Entity"&gt;the corner of a chest&lt;/fex&gt; &lt;t&gt;appeared&lt;/t&gt;.&lt;/ex&gt;&lt;/def-root&gt;</definition>
    <FE bgColor="FF0000" fgColor="FFFFFF" coreType="Core" cBy="AlK" cDate="07/27/2011 02:42:52 PDT Wed" abbrev="" name="Entity" ID="14558">
        <definition>&lt;def-root&gt;The thing that the &lt;fen&gt;Perceiver&lt;/fen&gt; is able to see or recognize.&lt;/def-root&gt;</definition>
    </FE>
    <FE bgColor="0000FF" fgColor="FFFFFF" coreType="Peripheral" cBy="AlK" cDate="07/27/2011 02:43:36 PDT Wed" abbrev="" name="Perceiver" ID="14559">
        <definition>&lt;def-root&gt;The person who is able to see the &lt;fen&gt;Entity&lt;/fen&gt;. This FE is often null-instantiated as it is deprofiled in this scene.&lt;/def-root&gt;</definition>
        <semType name="Sentient" ID="5"/>
    </FE>
    <FE bgColor="FF00FF" fgColor="FFFFFF" coreType="Peripheral" cBy="AlK" cDate="07/27/2011 03:03:32 PDT Wed" abbrev="" name="Manner" ID="14560">
        <definition>&lt;def-root&gt;A description of how the &lt;fen&gt;Entity&lt;/fen&gt; becomes visible that is not covered by more specific FEs.&lt;/def-root&gt;</definition>
    </FE>
    <FE bgColor="008000" fgColor="FFFFFF" coreType="Peripheral" cBy="AlK" cDate="07/27/2011 03:04:54 PDT Wed" abbrev="" name="Place" ID="14561">
        <definition>&lt;def-root&gt;The physical location in which the &lt;fen&gt;Entity&lt;/fen&gt; becomes visible.&lt;/def-root&gt;</definition>
    </FE>
    <FE bgColor="FFA500" fgColor="FFFFFF" coreType="Peripheral" cBy="AlK" cDate="07/27/2011 03:05:58 PDT Wed" abbrev="" name="Time" ID="14562">
        <definition>&lt;def-root&gt;A temporal description of the event of the &lt;fen&gt;Entity&lt;/fen&gt; becoming visible.&lt;/def-root&gt;</definition>
    </FE>
    <frameRelation type="Inherits from">
        <relatedFrame ID="1070">Becoming</relatedFrame>
    </frameRelation>
    <frameRelation type="Is Inherited by"/>
    <frameRelation type="Perspective on"/>
    <frameRelation type="Is Perspectivized in"/>
    <frameRelation type="Uses"/>
    <frameRelation type="Is Used by">
        <relatedFrame ID="8">Perception</relatedFrame>
    </frameRelation>
    <frameRelation type="Subframe of"/>
    <frameRelation type="Has Subframe(s)"/>
    <frameRelation type="Precedes"/>
    <frameRelation type="Is Preceded by"/>
    <frameRelation type="Is Inchoative of"/>
    <frameRelation type="Is Causative of"/>
    <frameRelation type="See also"/>
    <lexUnit status="Created" POS="V" name="appear.v" ID="16419" lemmaID="1709" cBy="AlK" cDate="07/27/2011 02:46:00 PDT Wed">
        <definition>FN: come into view; become visible or noticeable</definition>
        <sentenceCount annotated="9" total="9"/>
        <lexeme order="1" headword="false" breakBefore="false" POS="V" name="appear"/>
    </lexUnit>
</frame>