<?xml version="1.0" encoding="UTF-8" standalone="yes"?>
<?xml-stylesheet type="text/xsl" href="frame.xsl"?>
<frame cBy="KmG" cDate="06/04/2008 03:09:43 PDT Wed" name="Being_strong" ID="2061" xsi:schemaLocation="../schema/frame.xsd" xmlns="http://framenet.icsi.berkeley.edu" xmlns:xsi="http://www.w3.org/2001/XMLSchema-instance">
    <definition>&lt;def-root&gt;An &lt;fen&gt;Entity&lt;/fen&gt; can bear a great outer force so as to resist destruction and damage.

&lt;ex&gt;The great and &lt;t&gt;impregnable&lt;/t&gt; &lt;fex name="Entity"&gt;fortress&lt;/fex&gt; still stands today.&lt;/ex&gt;

&lt;ex&gt;&lt;fex name="Entity"&gt;His heart&lt;/fex&gt; &lt;m&gt;is&lt;/m&gt; &lt;fex name="Degree"&gt;by no means&lt;/fex&gt; &lt;t&gt;strong&lt;/t&gt;, so he should ease into his exercise regime.&lt;/ex&gt;	&lt;/def-root&gt;</definition>
    <FE bgColor="0000FF" fgColor="FFFFFF" coreType="Core" cBy="KmG" cDate="06/04/2008 03:09:43 PDT Wed" abbrev="Ent" name="Entity" ID="12707">
        <definition>&lt;def-root&gt;The &lt;fen&gt;Entity&lt;/fen&gt; is the item that cannot be penetrated.

&lt;/def-root&gt;</definition>
    </FE>
    <FE bgColor="FF69B4" fgColor="FFFFFF" coreType="Peripheral" cBy="KmG" cDate="06/04/2008 03:09:43 PDT Wed" abbrev="Deg" name="Degree" ID="12708">
        <definition>&lt;def-root&gt;This FE describes the intensity and extent of the &lt;fen&gt;Entity&lt;/fen&gt;'s strength.
&lt;/def-root&gt;</definition>
    </FE>
    <FE bgColor="FF00FF" fgColor="FFFFFF" coreType="Peripheral" cBy="KmG" cDate="06/04/2008 03:09:43 PDT Wed" abbrev="Man" name="Manner" ID="12709">
        <definition>&lt;def-root&gt;The way in which the &lt;fen&gt;Entity&lt;/fen&gt; is strong.&lt;/def-root&gt;</definition>
    </FE>
    <FE bgColor="A52A2A" fgColor="FFFFFF" coreType="Peripheral" cBy="KmG" cDate="06/04/2008 03:09:43 PDT Wed" abbrev="Mea" name="Means" ID="12710">
        <definition>&lt;def-root&gt;The action by &lt;fen&gt;Entity&lt;/fen&gt; earns its strength.
&lt;/def-root&gt;</definition>
    </FE>
    <FE bgColor="008000" fgColor="FFFFFF" coreType="Peripheral" cBy="KmG" cDate="06/04/2008 03:09:43 PDT Wed" abbrev="Pla" name="Place" ID="12711">
        <definition>&lt;def-root&gt;The location where the &lt;fen&gt;Entity&lt;/fen&gt; has strength.
&lt;/def-root&gt;</definition>
    </FE>
    <FE bgColor="FFA500" fgColor="FFFFFF" coreType="Peripheral" cBy="KmG" cDate="06/04/2008 03:09:43 PDT Wed" abbrev="Tim" name="Time" ID="12712">
        <definition>&lt;def-root&gt;The &lt;fen&gt;Time&lt;/fen&gt; when the &lt;fen&gt;Entity&lt;/fen&gt; is strong.
&lt;/def-root&gt;</definition>
    </FE>
    <FE bgColor="800080" fgColor="FFFFFF" coreType="Extra-Thematic" cBy="KmG" cDate="06/04/2008 03:09:43 PDT Wed" abbrev="Pur" name="Purpose" ID="12713">
        <definition>&lt;def-root&gt;The reason why the &lt;fen&gt;Entity&lt;/fen&gt; has strength.&lt;/def-root&gt;</definition>
    </FE>
    <FE bgColor="FF0000" fgColor="FFFFFF" coreType="Core" cBy="KmG" cDate="06/04/2008 03:59:47 PDT Wed" abbrev="For" name="Force" ID="12718">
        <definition>&lt;def-root&gt;The &lt;fen&gt;Force&lt;/fen&gt; is the power against which the &lt;fen&gt;Entity&lt;/fen&gt; has strength.&lt;/def-root&gt;</definition>
    </FE>
    <FE bgColor="7CCD73" fgColor="FFFFFF" coreType="Extra-Thematic" cBy="KmG" cDate="06/04/2008 04:53:35 PDT Wed" abbrev="Cir" name="Circumstances" ID="12719">
        <definition>&lt;def-root&gt;The state and conditions of the world when the &lt;fen&gt;Entity&lt;/fen&gt; is strong.&lt;/def-root&gt;</definition>
    </FE>
    <FE bgColor="9F79EE" fgColor="FFFFFF" coreType="Extra-Thematic" cBy="KmG" cDate="06/04/2008 04:54:53 PDT Wed" abbrev="Dep" name="Depictive" ID="12720">
        <definition>&lt;def-root&gt;This FE describes a participant of the state of affairs introduced by the target as being in some state during the action. The depicted state does not necessarily or usually facilitate or cause the state of affairs reported by the target. In some cases, the Depictive describes the participant by characterizing a subpart.&lt;/def-root&gt;</definition>
    </FE>
    <frameRelation type="Inherits from">
        <relatedFrame ID="1015">Gradable_attributes</relatedFrame>
    </frameRelation>
    <frameRelation type="Is Inherited by"/>
    <frameRelation type="Perspective on"/>
    <frameRelation type="Is Perspectivized in"/>
    <frameRelation type="Uses"/>
    <frameRelation type="Is Used by">
        <relatedFrame ID="2026">Repel</relatedFrame>
    </frameRelation>
    <frameRelation type="Subframe of"/>
    <frameRelation type="Has Subframe(s)"/>
    <frameRelation type="Precedes"/>
    <frameRelation type="Is Preceded by"/>
    <frameRelation type="Is Inchoative of"/>
    <frameRelation type="Is Causative of"/>
    <frameRelation type="See also"/>
    <lexUnit status="Finished_Initial" POS="A" name="strong.a" ID="15029" lemmaID="38383" cBy="KmG" cDate="06/04/2008 03:15:15 PDT Wed">
        <definition>FN: Having qualities that makes something resistant to damage.</definition>
        <sentenceCount annotated="45" total="201"/>
        <lexeme order="1" headword="false" breakBefore="false" POS="A" name="strong"/>
    </lexUnit>
    <lexUnit status="Finished_Initial" POS="A" name="impregnable.a" ID="15030" lemmaID="19241" cBy="KmG" cDate="06/04/2008 03:15:37 PDT Wed">
        <definition>FN: capable of withstanding attack or damage. </definition>
        <sentenceCount annotated="22" total="84"/>
        <lexeme order="1" headword="false" breakBefore="false" POS="A" name="impregnable"/>
    </lexUnit>
    <lexUnit status="Created" POS="A" name="tough.a" ID="17309" lemmaID="40836" cBy="CVa" cDate="01/29/2013 06:54:44 PST Tue">
        <definition>FN: strong</definition>
        <sentenceCount annotated="0" total="0"/>
        <lexeme order="1" headword="false" breakBefore="false" POS="A" name="tough"/>
    </lexUnit>
</frame>