<?xml version="1.0" encoding="UTF-8" standalone="yes"?>
<?xml-stylesheet type="text/xsl" href="frame.xsl"?>
<frame cBy="RLG" cDate="11/06/2006 03:30:02 PST Mon" name="Being_in_category" ID="1820" xsi:schemaLocation="../schema/frame.xsd" xmlns="http://framenet.icsi.berkeley.edu" xmlns:xsi="http://www.w3.org/2001/XMLSchema-instance">
    <definition>&lt;def-root&gt;An &lt;fen&gt;Item&lt;/fen&gt; belongs to a &lt;fen&gt;Category&lt;/fen&gt;, as (often implicitly) conceived of by a &lt;fen&gt;Cognizer&lt;/fen&gt;.

&lt;ex&gt;&lt;fex name="Cognizer"&gt;To me&lt;/fex&gt; &lt;fex name="Item"&gt;this&lt;/fex&gt; &lt;t&gt;counts&lt;/t&gt; &lt;fex name="Category"&gt;as historical fiction&lt;/fex&gt; &lt;fex name="Criteria"&gt;because it is based on real events&lt;/fex&gt;.&lt;/ex&gt;&lt;/def-root&gt;</definition>
    <FE bgColor="800080" fgColor="FFFFFF" coreType="Peripheral" cBy="RLG" cDate="11/06/2006 03:30:02 PST Mon" abbrev="Cog" name="Cognizer" ID="10770">
        <definition>&lt;def-root&gt;This is the person who performs an act of categorization. Typically, this frame element is expressed as an oblique.

&lt;ex&gt;But &lt;fex name="Cog"&gt;to me&lt;/fex&gt;, a bad thought &lt;t&gt;constitutes&lt;/t&gt; a sin just as well. &lt;/ex&gt;&lt;/def-root&gt;</definition>
        <semType name="Sentient" ID="5"/>
    </FE>
    <FE bgColor="0000FF" fgColor="FFFFFF" coreType="Core" cBy="RLG" cDate="11/06/2006 03:30:02 PST Mon" abbrev="Item" name="Item" ID="10771">
        <definition>&lt;def-root&gt;This is the entity which is is an instance of a particular &lt;fen&gt;Category&lt;/fen&gt;. Typically, the &lt;fen&gt;Item&lt;/fen&gt; is expressed as the external argument.

&lt;ex&gt;To me, &lt;fex name="Item"&gt;finding this&lt;/fex&gt; &lt;m&gt;is&lt;/m&gt; &lt;t&gt;tantamount&lt;/t&gt; &lt;fex name="Category"&gt;to finding the fabeled El Dorado&lt;/fex&gt;.&lt;/ex&gt;&lt;/def-root&gt;</definition>
    </FE>
    <FE bgColor="00BFFF" fgColor="FFFFFF" coreType="Core" cBy="RLG" cDate="11/06/2006 03:30:02 PST Mon" abbrev="Cat" name="Category" ID="10772">
        <definition>&lt;def-root&gt;This frame element expresses a general type or class of which the &lt;fen&gt;Item&lt;/fen&gt; is considered an instance. Typically, it is expressed in a prepositional phrase headed by &lt;ment&gt;as&lt;/ment&gt; or &lt;ment&gt;under&lt;/ment&gt;.

&lt;ex&gt;I'd say that this book &lt;t&gt;counts&lt;/t&gt; &lt;fex name="Cat"&gt;as fiction&lt;/fex&gt;.&lt;/ex&gt;&lt;/def-root&gt;</definition>
    </FE>
    <FE bgColor="808080" fgColor="FFFFFF" coreType="Core" cBy="RLG" cDate="11/06/2006 03:30:02 PST Mon" abbrev="Crit" name="Criteria" ID="10773">
        <definition>&lt;def-root&gt;This frame element expresses properties of the &lt;fen&gt;Item&lt;/fen&gt; which is used as a basis for categorization. &lt;fen&gt;Criteria&lt;/fen&gt; are the general dimensions along which &lt;fen&gt;Item&lt;/fen&gt;s can potentially differ from one another and hence, fall into different &lt;fen&gt;Category&lt;/fen&gt;s. For example, a paint sample can be classified &lt;ment&gt;by color&lt;/ment&gt; or &lt;ment&gt;by finish (matte or gloss)&lt;/ment&gt;; if they are classified by color, one can be classified &lt;ment&gt;as orange&lt;/ment&gt; and another &lt;ment&gt;as red&lt;/ment&gt;. The &lt;fen&gt;Criteria&lt;/fen&gt; FE is typically expressed as a PP headed by &lt;ment&gt;by&lt;/ment&gt;, or as a complex PP of the form &lt;ment&gt;on the basis of...&lt;/ment&gt;:  &lt;ex&gt;If it &lt;t&gt;counts&lt;/t&gt; as knowledge in part &lt;fex name="Crit"&gt;on the basis of justification from another source&lt;/fex&gt;, it must be in part based on that source &lt;/ex&gt;&lt;/def-root&gt;</definition>
    </FE>
    <FE bgColor="FF00FF" fgColor="FFFFFF" coreType="Peripheral" cBy="RLG" cDate="11/06/2006 03:30:02 PST Mon" abbrev="Manr" name="Manner" ID="10774">
        <definition>&lt;def-root&gt;The &lt;fen&gt;Manner&lt;/fen&gt; in which an &lt;fen&gt;Item&lt;/fen&gt; (metaphorically) is construed as being in a &lt;fen&gt;Category&lt;/fen&gt;.&lt;/def-root&gt;</definition>
        <semType name="Manner" ID="173"/>
    </FE>
    <FE bgColor="A52A2A" fgColor="FFFFFF" coreType="Peripheral" cBy="RLG" cDate="11/06/2006 03:30:02 PST Mon" abbrev="Mns" name="Means" ID="10775">
        <definition>&lt;def-root&gt;An act or state of affairs by which the &lt;fen&gt;Item&lt;/fen&gt; (perhaps metaphorically) is interpreted as being in a &lt;fen&gt;Category&lt;/fen&gt;.

&lt;/def-root&gt;</definition>
        <semType name="State_of_affairs" ID="177"/>
    </FE>
    <FE bgColor="FFA500" fgColor="FFFFFF" coreType="Peripheral" cBy="RLG" cDate="11/06/2006 03:30:02 PST Mon" abbrev="Tm" name="Time" ID="10776">
        <definition>&lt;def-root&gt;This Frame Element marks expressions that indicate when a certain Categorization holds.

&lt;ex&gt;Fold in inflation and what &lt;t&gt;counted&lt;/t&gt; as shameful gouging &lt;fex name="Time"&gt;20 years ago&lt;/fex&gt; is today called charging what the market will bear.&lt;/ex&gt;&lt;/def-root&gt;</definition>
        <semType name="Time" ID="141"/>
    </FE>
    <FE bgColor="9F79EE" fgColor="FFFFFF" coreType="Extra-Thematic" cBy="RLG" cDate="11/06/2006 03:30:03 PST Mon" abbrev="" name="Circumstances" ID="10777">
        <definition>&lt;def-root&gt;The &lt;fen&gt;Circumstances&lt;/fen&gt; are the set of conditions in which the categorization holds.
&lt;ex&gt;Material posessions &lt;t&gt;count&lt;/t&gt; as valuable &lt;fex name="Circumstances"&gt;in a particular society&lt;/fex&gt;.&lt;/ex&gt;&lt;/def-root&gt;</definition>
    </FE>
    <frameRelation type="Inherits from"/>
    <frameRelation type="Is Inherited by"/>
    <frameRelation type="Perspective on"/>
    <frameRelation type="Is Perspectivized in"/>
    <frameRelation type="Uses">
        <relatedFrame ID="21">Categorization</relatedFrame>
    </frameRelation>
    <frameRelation type="Is Used by"/>
    <frameRelation type="Subframe of"/>
    <frameRelation type="Has Subframe(s)"/>
    <frameRelation type="Precedes"/>
    <frameRelation type="Is Preceded by"/>
    <frameRelation type="Is Inchoative of"/>
    <frameRelation type="Is Causative of"/>
    <frameRelation type="See also"/>
    <lexUnit status="Add_Annotation" POS="A" name="tantamount.a" ID="13660" lemmaID="39507" cBy="RLG" cDate="11/06/2006 03:50:01 PST Mon">
        <definition>COD: equivalent in seriousness to; virtually the same as.</definition>
        <sentenceCount annotated="1" total="109"/>
        <lexeme order="1" headword="false" breakBefore="false" POS="A" name="tantamount"/>
    </lexUnit>
    <lexUnit status="Created" POS="V" name="count.v" ID="13661" lemmaID="8564" cBy="RLG" cDate="11/06/2006 03:50:22 PST Mon">
        <definition>FN: be a member of.</definition>
        <sentenceCount annotated="1" total="1"/>
        <lexeme order="1" headword="false" breakBefore="false" POS="V" name="count"/>
    </lexUnit>
    <lexUnit status="Created" POS="V" name="amount.v" ID="13662" lemmaID="47561" cBy="RLG" cDate="11/06/2006 03:51:37 PST Mon">
        <definition>COD: be the equivalent of.</definition>
        <sentenceCount annotated="0" total="0"/>
        <lexeme order="1" headword="true" breakBefore="false" POS="V" name="amount"/>
    </lexUnit>
    <lexUnit status="Created" POS="V" name="constitute.v" ID="13663" lemmaID="7966" cBy="RLG" cDate="11/08/2006 11:56:57 PST Wed">
        <definition>COD: be or be equivalent to.</definition>
        <sentenceCount annotated="0" total="0"/>
        <lexeme order="1" headword="false" breakBefore="false" POS="V" name="constitute"/>
    </lexUnit>
</frame>