<?xml version="1.0" encoding="UTF-8" standalone="yes"?>
<?xml-stylesheet type="text/xsl" href="frame.xsl"?>
<frame cBy="AlK" cDate="04/29/2011 02:44:09 PDT Fri" name="Being_relevant" ID="2530" xsi:schemaLocation="../schema/frame.xsd" xmlns="http://framenet.icsi.berkeley.edu" xmlns:xsi="http://www.w3.org/2001/XMLSchema-instance">
    <definition>&lt;def-root&gt;A &lt;fen&gt;Phenomenon&lt;/fen&gt; is related to some cognitive action, the &lt;fen&gt;Endeavor&lt;/fen&gt;, of a &lt;fen&gt;Cognizer&lt;/fen&gt;. In many LUs, the &lt;fen&gt;Cognizer&lt;/fen&gt; is null-instantiated and implied as being the speaker or another participant of the &lt;fen&gt;Endeavor&lt;/fen&gt;.

&lt;ex&gt;&lt;fex name="Phenomenon"&gt;This book&lt;/fex&gt; is &lt;fex name="Degree"&gt;very&lt;/fex&gt; &lt;t&gt;relevant&lt;/t&gt; &lt;fex name="Endeavor"&gt;to my essay&lt;/fex&gt;.&lt;/ex&gt;
&lt;ex&gt;This book is very &lt;t&gt;relevant&lt;/t&gt; to &lt;fex name="Cognizer"&gt;my&lt;/fex&gt; essay.&lt;/ex&gt;
&lt;/def-root&gt;</definition>
    <FE bgColor="800080" fgColor="FFFFFF" coreType="Core" cBy="AlK" cDate="04/29/2011 03:33:16 PDT Fri" abbrev="" name="Phenomenon" ID="14410">
        <definition>&lt;def-root&gt;Something that is profiled in the mind of the &lt;fen&gt;Cognizer&lt;/fen&gt; as being related to mental &lt;fen&gt;Endeavor&lt;/fen&gt;s.&lt;/def-root&gt;</definition>
    </FE>
    <FE bgColor="0000FF" fgColor="FFFFFF" coreType="Core" cBy="AlK" cDate="05/03/2011 02:26:49 PDT Tue" abbrev="" name="Endeavor" ID="14411">
        <definition>&lt;def-root&gt;A cognitive action (eg discussion, decision) performed by the &lt;fen&gt;Cognizer&lt;/fen&gt; to which the &lt;fen&gt;Phenomenon&lt;/fen&gt; is connected in some way.&lt;/def-root&gt;</definition>
    </FE>
    <FE bgColor="FF0000" fgColor="FFFFFF" coreType="Core" cBy="AlK" cDate="05/03/2011 02:35:54 PDT Tue" abbrev="" name="Cognizer" ID="14412">
        <definition>&lt;def-root&gt;A participant in the mental &lt;fen&gt;Endeavor&lt;/fen&gt; to which the &lt;fen&gt;Phenomenon&lt;/fen&gt; is related. This frame element is often null-instantiated and may be inferred from the &lt;fen&gt;Endeavor&lt;/fen&gt;.&lt;/def-root&gt;</definition>
        <semType name="Sentient" ID="5"/>
    </FE>
    <FE bgColor="FF00FF" fgColor="FFFFFF" coreType="Peripheral" cBy="AlK" cDate="05/11/2011 11:04:16 PDT Wed" abbrev="" name="Degree" ID="14420">
        <definition>&lt;def-root&gt;A description of how related the &lt;fen&gt;Phenomenon&lt;/fen&gt; is to the &lt;fen&gt;Endeavor&lt;/fen&gt;.&lt;/def-root&gt;</definition>
    </FE>
    <FE bgColor="008000" fgColor="FFFFFF" coreType="Peripheral" cBy="MJE" cDate="09/05/2013 10:29:28 PDT Thu" abbrev="spec" name="Specification" ID="15961">
        <definition>&lt;def-root&gt;The knowledge or situation that mediates the relevance of the &lt;fen&gt;Phenomenon&lt;/fen&gt; to the &lt;fen&gt;Endeavor&lt;/fen&gt;.

&lt;ex&gt;&lt;fex name="Specification"&gt;How&lt;/fex&gt; does Assad 's family dynamic play into his intransigence ?&lt;/ex&gt;&lt;/def-root&gt;</definition>
    </FE>
    <frameRelation type="Inherits from">
        <relatedFrame ID="720">Cognitive_connection</relatedFrame>
    </frameRelation>
    <frameRelation type="Is Inherited by"/>
    <frameRelation type="Perspective on"/>
    <frameRelation type="Is Perspectivized in"/>
    <frameRelation type="Uses"/>
    <frameRelation type="Is Used by"/>
    <frameRelation type="Subframe of"/>
    <frameRelation type="Has Subframe(s)"/>
    <frameRelation type="Precedes"/>
    <frameRelation type="Is Preceded by"/>
    <frameRelation type="Is Inchoative of"/>
    <frameRelation type="Is Causative of"/>
    <frameRelation type="See also"/>
    <lexUnit status="New" POS="A" name="relevant.a" ID="16301" lemmaID="32515" cBy="AlK" cDate="05/03/2011 02:12:37 PDT Tue">
        <definition>FN: having to do with the immediate topic of interest</definition>
        <sentenceCount annotated="7" total="143"/>
        <lexeme order="1" headword="false" breakBefore="false" POS="A" name="relevant"/>
    </lexUnit>
    <lexUnit status="Created" POS="A" name="irrelevant.a" ID="16302" lemmaID="20661" cBy="AlK" cDate="05/03/2011 02:23:50 PDT Tue">
        <definition>FN: not connected to a salient topic</definition>
        <sentenceCount annotated="0" total="0"/>
        <lexeme order="1" headword="false" breakBefore="false" POS="A" name="irrelevant"/>
    </lexUnit>
    <lexUnit status="Created" POS="A" name="pertinent.a" ID="16303" lemmaID="28608" cBy="AlK" cDate="05/03/2011 02:26:31 PDT Tue">
        <definition>FN: significant in terms of the current topic of discussion</definition>
        <sentenceCount annotated="0" total="0"/>
        <lexeme order="1" headword="false" breakBefore="false" POS="A" name="pertinent"/>
    </lexUnit>
    <lexUnit status="Created" POS="V" name="play (into).v" ID="17420" lemmaID="29309" cBy="MJE" cDate="09/05/2013 10:25:05 PDT Thu">
        <definition>FN: to be relevant for</definition>
        <sentenceCount annotated="0" total="0"/>
        <lexeme order="1" headword="false" breakBefore="false" POS="V" name="play"/>
    </lexUnit>
</frame>