<?xml version="1.0" encoding="UTF-8" standalone="yes"?>
<?xml-stylesheet type="text/xsl" href="frame.xsl"?>
<frame cBy="RLG" cDate="10/12/2011 06:33:45 PDT Wed" name="Being_in_captivity" ID="2672" xsi:schemaLocation="../schema/frame.xsd" xmlns="http://framenet.icsi.berkeley.edu" xmlns:xsi="http://www.w3.org/2001/XMLSchema-instance">
    <definition>&lt;def-root&gt;A &lt;fen&gt;Theme&lt;/fen&gt; is held in captivity by an &lt;fen&gt;Agent&lt;/fen&gt; or &lt;fen&gt;Cause&lt;/fen&gt;.

&lt;ex&gt;&lt;fex name="Theme"&gt;Twenty soldiers&lt;/fex&gt; were &lt;m&gt;in&lt;/m&gt; &lt;t&gt;captivity&lt;/t&gt; for over a month before they were released&lt;/ex&gt;

&lt;ex&gt;I never release &lt;fex name="Agent"&gt;my&lt;/fex&gt; &lt;t&gt;&lt;fex name="Theme"&gt;prisoners&lt;/fex&gt;&lt;/t&gt;.&lt;/ex&gt;

&lt;ex&gt;She couldn't believe &lt;fex name="Theme"&gt;she&lt;/fex&gt; was &lt;t&gt;prisoner&lt;/t&gt; &lt;fex name="Holding_location"&gt;in her own home&lt;/fex&gt;.&lt;/ex&gt;&lt;/def-root&gt;</definition>
    <FE bgColor="1E90FF" fgColor="FFFFFF" coreType="Core" cBy="RLG" cDate="10/12/2011 06:33:46 PDT Wed" abbrev="Thm" name="Theme" ID="15168">
        <definition>&lt;def-root&gt;The entity which is confined.

&lt;ex&gt;&lt;fex name="Thm"&gt;He&lt;/fex&gt; was in &lt;t&gt;captivity&lt;/t&gt; for six days.&lt;/ex&gt;&lt;/def-root&gt;</definition>
        <semType name="Physical_object" ID="68"/>
    </FE>
    <FE bgColor="9400D3" fgColor="FFFFFF" coreType="Core" cBy="RLG" cDate="10/12/2011 06:33:46 PDT Wed" abbrev="Hol" name="Holding_location" ID="15169">
        <definition>&lt;def-root&gt;The area within which the &lt;fen&gt;Theme&lt;/fen&gt; is confined.

&lt;ex&gt;The &lt;t&gt;captives&lt;/t&gt; &lt;fex name="Holding_location"&gt;in the next room&lt;/fex&gt; were fed well but otherwise ignored.&lt;/ex&gt;&lt;/def-root&gt;</definition>
        <semType name="Goal" ID="153"/>
    </FE>
    <FE bgColor="FF0000" fgColor="FFFFFF" coreType="Peripheral" cBy="RLG" cDate="10/12/2011 06:33:46 PDT Wed" abbrev="Agt" name="Agent" ID="15170">
        <definition>&lt;def-root&gt;The &lt;fen&gt;Agent&lt;/fen&gt; prevents the &lt;fen&gt;Theme&lt;/fen&gt; from moving.

&lt;ex&gt;I would rather not remember being &lt;fex name="Agt"&gt;their&lt;/fex&gt; &lt;t&gt;captive&lt;/t&gt;.&lt;/ex&gt;&lt;/def-root&gt;</definition>
        <semType name="Sentient" ID="5"/>
    </FE>
    <FE bgColor="00008B" fgColor="FFFFFF" coreType="Extra-Thematic" cBy="RLG" cDate="10/12/2011 06:33:46 PDT Wed" abbrev="Rec" name="Reciprocation" ID="15172">
        <definition>&lt;def-root&gt;The reason for the confinement.

&lt;ex&gt;He was our &lt;t&gt;prisoner&lt;/t&gt; &lt;fex name="Reciprocation"&gt;for betraying his superiors&lt;/fex&gt;.&lt;/ex&gt;
&lt;/def-root&gt;</definition>
    </FE>
    <FE bgColor="008000" fgColor="FFFFFF" coreType="Peripheral" cBy="RLG" cDate="10/12/2011 06:33:46 PDT Wed" abbrev="Place" name="Place" ID="15173">
        <definition>&lt;def-root&gt;This FE identifies the general &lt;fen&gt;Place&lt;/fen&gt; where the &lt;fen&gt;Theme&lt;/fen&gt; is held captive.
&lt;/def-root&gt;</definition>
        <semType name="Locative_relation" ID="182"/>
    </FE>
    <FE bgColor="FFA500" fgColor="FFFFFF" coreType="Peripheral" cBy="RLG" cDate="10/12/2011 06:33:46 PDT Wed" abbrev="Time" name="Time" ID="15174">
        <definition>&lt;def-root&gt;The &lt;fen&gt;Time&lt;/fen&gt; when the &lt;fen&gt;Theme&lt;/fen&gt; is held captive.&lt;/def-root&gt;</definition>
        <semType name="Time" ID="141"/>
    </FE>
    <FE bgColor="FF00FF" fgColor="FFFFFF" coreType="Peripheral" cBy="RLG" cDate="10/12/2011 06:33:46 PDT Wed" abbrev="Mnr" name="Manner" ID="15177">
        <definition>&lt;def-root&gt;Any description of the state of being captive which is not covered by more specific FEs, including epistemic modification (probably, presumably, mysteriously), force (hard, softly), secondary effects (quietly, loudly), and general descriptions comparing events (the same way). It may also indicate salient characteristics of the &lt;fen&gt;Theme&lt;/fen&gt;.&lt;/def-root&gt;</definition>
        <semType name="Manner" ID="173"/>
    </FE>
    <FE bgColor="90876C" fgColor="FFFFFF" coreType="Extra-Thematic" cBy="RLG" cDate="10/12/2011 06:33:46 PDT Wed" abbrev="Exp" name="Explanation" ID="15178">
        <definition>&lt;def-root&gt;The reason for which the &lt;fen&gt;Theme&lt;/fen&gt; is held captive.&lt;/def-root&gt;</definition>
        <semType name="State_of_affairs" ID="177"/>
    </FE>
    <FE bgColor="A9A9A9" fgColor="FFFFFF" coreType="Peripheral" cBy="RLG" cDate="10/12/2011 06:33:46 PDT Wed" abbrev="Dur" name="Duration" ID="15179">
        <definition>&lt;def-root&gt;This FE identifies the &lt;fen&gt;Duration&lt;/fen&gt; of time for which the &lt;fen&gt;Theme&lt;/fen&gt; remains in captivity.&lt;/def-root&gt;</definition>
        <semType name="Duration" ID="142"/>
    </FE>
    <FE bgColor="2E8B57" fgColor="FFFFFF" coreType="Peripheral" cBy="RLG" cDate="10/12/2011 06:42:04 PDT Wed" abbrev="cau" name="Cause" ID="15181">
        <definition>&lt;def-root&gt;An inanimate force which causes the &lt;fen&gt;Theme&lt;/fen&gt; in be unable to move.&lt;/def-root&gt;</definition>
        <excludesFE name="Agent" ID="15170"/>
    </FE>
    <frameRelation type="Inherits from"/>
    <frameRelation type="Is Inherited by">
        <relatedFrame ID="2673">Being_incarcerated</relatedFrame>
    </frameRelation>
    <frameRelation type="Perspective on"/>
    <frameRelation type="Is Perspectivized in"/>
    <frameRelation type="Uses">
        <relatedFrame ID="245">Inhibit_movement</relatedFrame>
    </frameRelation>
    <frameRelation type="Is Used by"/>
    <frameRelation type="Subframe of"/>
    <frameRelation type="Has Subframe(s)"/>
    <frameRelation type="Precedes"/>
    <frameRelation type="Is Preceded by"/>
    <frameRelation type="Is Inchoative of"/>
    <frameRelation type="Is Causative of"/>
    <frameRelation type="See also"/>
    <lexUnit status="Created" POS="N" name="captivity.n" ID="16711" lemmaID="5482" cBy="RLG" cDate="10/12/2011 06:44:57 PDT Wed">
        <definition>FN: a state of relative immobility caused by external forces.</definition>
        <sentenceCount annotated="0" total="0"/>
        <lexeme order="1" headword="false" breakBefore="false" POS="N" name="captivity"/>
    </lexUnit>
    <lexUnit status="Created" POS="N" name="prisoner.n" ID="16712" lemmaID="30487" cBy="RLG" cDate="10/12/2011 06:53:01 PDT Wed">
        <definition>FN: an individual in another's captivity.</definition>
        <sentenceCount annotated="0" total="0"/>
        <lexeme order="1" headword="false" breakBefore="false" POS="N" name="prisoner"/>
    </lexUnit>
</frame>