<?xml version="1.0" encoding="UTF-8" standalone="yes"?>
<?xml-stylesheet type="text/xsl" href="frame.xsl"?>
<frame cBy="RLG" cDate="10/12/2011 06:54:58 PDT Wed" name="Being_incarcerated" ID="2673" xsi:schemaLocation="../schema/frame.xsd" xmlns="http://framenet.icsi.berkeley.edu" xmlns:xsi="http://www.w3.org/2001/XMLSchema-instance">
    <definition>&lt;def-root&gt;A &lt;fen&gt;Prisoner&lt;/fen&gt; is punished for committing a &lt;fen&gt;Crime&lt;/fen&gt; by being confined to a &lt;fen&gt;Prison&lt;/fen&gt; for a specified period of time.

&lt;ex&gt;&lt;fex name="Prisoner"&gt;Phil&lt;/fex&gt;'s &lt;t&gt;serving time&lt;/t&gt; &lt;fex name="Prison"&gt;at Pelican Bay&lt;/fex&gt;.&lt;/ex&gt;&lt;/def-root&gt;</definition>
    <FE bgColor="1E90FF" fgColor="FFFFFF" coreType="Core" cBy="RLG" cDate="10/12/2011 06:54:58 PDT Wed" abbrev="pri" name="Prisoner" ID="15182">
        <definition>&lt;def-root&gt;The &lt;fen&gt;Prisoner&lt;/fen&gt; is held in custody as a punishment for having committed a crime.&lt;/def-root&gt;</definition>
        <semType name="Physical_object" ID="68"/>
    </FE>
    <FE bgColor="9400D3" fgColor="FFFFFF" coreType="Core" cBy="RLG" cDate="10/12/2011 06:54:58 PDT Wed" abbrev="prison" name="Prison" ID="15183">
        <definition>&lt;def-root&gt;The facility where the &lt;fen&gt;Prisoner&lt;/fen&gt; is held.&lt;/def-root&gt;</definition>
        <semType name="Goal" ID="153"/>
    </FE>
    <FE bgColor="FF0000" fgColor="FFFFFF" coreType="Peripheral" cBy="RLG" cDate="10/12/2011 06:54:58 PDT Wed" abbrev="aut" name="Authorities" ID="15184">
        <definition>&lt;def-root&gt;The &lt;fen&gt;Authorities&lt;/fen&gt; hold the &lt;fen&gt;Prisoner&lt;/fen&gt; in custody.&lt;/def-root&gt;</definition>
        <semType name="Sentient" ID="5"/>
    </FE>
    <FE bgColor="00008B" fgColor="FFFFFF" coreType="Peripheral" cBy="RLG" cDate="10/12/2011 06:54:58 PDT Wed" abbrev="cri" name="Crime" ID="15185">
        <definition>&lt;def-root&gt;The crime of which the &lt;fen&gt;Prisoner&lt;/fen&gt; is guilty, resulting in imprisonment.
&lt;/def-root&gt;</definition>
    </FE>
    <FE bgColor="008000" fgColor="FFFFFF" coreType="Peripheral" cBy="RLG" cDate="10/12/2011 06:54:58 PDT Wed" abbrev="Place" name="Place" ID="15186">
        <definition>&lt;def-root&gt;This FE identifies the general &lt;fen&gt;Place&lt;/fen&gt; where the &lt;fen&gt;Prisoner&lt;/fen&gt; is held captive.
&lt;/def-root&gt;</definition>
        <semType name="Locative_relation" ID="182"/>
    </FE>
    <FE bgColor="FFA500" fgColor="FFFFFF" coreType="Peripheral" cBy="RLG" cDate="10/12/2011 06:54:58 PDT Wed" abbrev="Time" name="Time" ID="15187">
        <definition>&lt;def-root&gt;The &lt;fen&gt;Time&lt;/fen&gt; when the &lt;fen&gt;Prisoner&lt;/fen&gt; is in prison.&lt;/def-root&gt;</definition>
        <semType name="Time" ID="141"/>
    </FE>
    <FE bgColor="FF00FF" fgColor="FFFFFF" coreType="Peripheral" cBy="RLG" cDate="10/12/2011 06:54:58 PDT Wed" abbrev="Mnr" name="Manner" ID="15188">
        <definition>&lt;def-root&gt;Any description of the state of being imprisoned which is not covered by more specific FEs, including epistemic modification (probably, presumably, mysteriously), force (hard, softly), secondary effects (quietly, loudly), and general descriptions comparing events (the same way).&lt;/def-root&gt;</definition>
        <semType name="Manner" ID="173"/>
    </FE>
    <FE bgColor="90876C" fgColor="FFFFFF" coreType="Extra-Thematic" cBy="RLG" cDate="10/12/2011 06:54:58 PDT Wed" abbrev="Exp" name="Explanation" ID="15189">
        <definition>&lt;def-root&gt;The reason for which the &lt;fen&gt;Prisoner&lt;/fen&gt; is in custody.&lt;/def-root&gt;</definition>
        <semType name="State_of_affairs" ID="177"/>
    </FE>
    <FE bgColor="A9A9A9" fgColor="FFFFFF" coreType="Peripheral" cBy="RLG" cDate="10/12/2011 06:54:58 PDT Wed" abbrev="Dur" name="Duration" ID="15190">
        <definition>&lt;def-root&gt;This FE identifies the &lt;fen&gt;Duration&lt;/fen&gt; of time for which the &lt;fen&gt;Prisoner&lt;/fen&gt; remains in jail.&lt;/def-root&gt;</definition>
        <semType name="Duration" ID="142"/>
    </FE>
    <frameRelation type="Inherits from">
        <relatedFrame ID="2672">Being_in_captivity</relatedFrame>
    </frameRelation>
    <frameRelation type="Is Inherited by"/>
    <frameRelation type="Perspective on"/>
    <frameRelation type="Is Perspectivized in"/>
    <frameRelation type="Uses"/>
    <frameRelation type="Is Used by">
        <relatedFrame ID="2684">Fugitive</relatedFrame>
    </frameRelation>
    <frameRelation type="Subframe of"/>
    <frameRelation type="Has Subframe(s)"/>
    <frameRelation type="Precedes"/>
    <frameRelation type="Is Preceded by"/>
    <frameRelation type="Is Inchoative of"/>
    <frameRelation type="Is Causative of"/>
    <frameRelation type="See also"/>
    <lexUnit status="Created" POS="PREP" name="behind bars.prep" ID="16717" lemmaID="51438" cBy="RLG" cDate="10/13/2011 10:22:28 PDT Thu">
        <definition>FN: in jail or prison.</definition>
        <sentenceCount annotated="0" total="0"/>
        <lexeme order="1" headword="true" breakBefore="false" POS="PREP" name="behind"/>
        <lexeme order="2" headword="false" breakBefore="false" POS="N" name="bars"/>
    </lexUnit>
    <lexUnit status="Created" POS="A" name="incarcerated.a" ID="16718" lemmaID="51439" cBy="RLG" cDate="10/13/2011 10:30:59 PDT Thu">
        <definition>FN: imprisoned.</definition>
        <sentenceCount annotated="0" total="0"/>
        <lexeme order="1" headword="true" breakBefore="false" POS="A" name="incarcerated"/>
    </lexUnit>
    <lexUnit status="Created" POS="N" name="prison.n" ID="16719" lemmaID="51440" cBy="RLG" cDate="10/13/2011 10:33:14 PDT Thu">
        <definition>FN: (with "in") confined to a prison as punishment (as "in prison", "go to prison", "out of prison", etc.)</definition>
        <sentenceCount annotated="0" total="0"/>
        <lexeme order="1" headword="true" breakBefore="false" POS="N" name="prison"/>
    </lexUnit>
    <lexUnit status="Created" POS="N" name="jail.n" ID="16720" lemmaID="51441" cBy="RLG" cDate="10/13/2011 10:34:39 PDT Thu">
        <definition>FN: incarcerated, confined to a jail as punishment (as "in jail", "go to jail", "out of jail", etc.)</definition>
        <sentenceCount annotated="0" total="0"/>
        <lexeme order="1" headword="true" breakBefore="false" POS="N" name="jail"/>
    </lexUnit>
    <lexUnit status="Created" POS="N" name="inmate.n" ID="16721" lemmaID="20006" cBy="RLG" cDate="10/13/2011 10:37:09 PDT Thu">
        <definition>FN: an incarcerated individual.</definition>
        <sentenceCount annotated="0" total="0"/>
        <lexeme order="1" headword="false" breakBefore="false" POS="N" name="inmate"/>
        <semType name="Human" ID="80"/>
        <semType name="Participating_entity" ID="226"/>
    </lexUnit>
    <lexUnit status="Created" POS="V" name="serve time.v" ID="16732" lemmaID="51444" cBy="RLG" cDate="10/13/2011 06:08:36 PDT Thu">
        <definition>FN: to be incarcarated for an offense.</definition>
        <sentenceCount annotated="0" total="0"/>
        <lexeme order="1" headword="true" breakBefore="false" POS="V" name="serve"/>
        <lexeme order="2" headword="false" breakBefore="false" POS="N" name="time"/>
    </lexUnit>
    <lexUnit status="Created" POS="V" name="serve.v" ID="16733" lemmaID="35196" cBy="RLG" cDate="10/13/2011 06:09:14 PDT Thu">
        <definition>FN: to be incarcarated for an offense; for this LU, a specific period of time must be mentionned. (See also: serve time.v)</definition>
        <sentenceCount annotated="0" total="0"/>
        <lexeme order="1" headword="false" breakBefore="false" POS="V" name="serve"/>
    </lexUnit>
</frame>