<?xml version="1.0" encoding="UTF-8" standalone="yes"?>
<?xml-stylesheet type="text/xsl" href="frame.xsl"?>
<frame cBy="AlK" cDate="06/16/2011 03:17:45 PDT Thu" name="Biological_entity" ID="2567" xsi:schemaLocation="../schema/frame.xsd" xmlns="http://framenet.icsi.berkeley.edu" xmlns:xsi="http://www.w3.org/2001/XMLSchema-instance">
    <definition>&lt;def-root&gt;This LUs in this frame refer to biological entities labeled by the FE &lt;fen&gt;Organism&lt;/fen&gt;. An &lt;fen&gt;Organism&lt;/fen&gt; is described as something that can be alive, or have naturally occuring biological processes and functions, however the concept of life is often used metaphorically for non-organic entities which resemble or act as if they have organic life.

&lt;ex&gt;NASA may someday discover a &lt;fex name="Descriptor"&gt;new&lt;/fex&gt; &lt;fex name="Organism"&gt;&lt;t&gt;lifeform&lt;/t&gt;&lt;/fex&gt; &lt;fex name="Origin"&gt;from another planet&lt;/fex&gt;.&lt;/ex&gt;&lt;/def-root&gt;</definition>
    <FE bgColor="FF0000" fgColor="FFFFFF" coreType="Core" cBy="AlK" cDate="06/16/2011 03:53:40 PDT Thu" abbrev="" name="Organism" ID="14473">
        <definition>&lt;def-root&gt;An organic that has naturally occuring bioligical processes and functions.&lt;/def-root&gt;</definition>
    </FE>
    <FE bgColor="FF00FF" fgColor="FFFFFF" coreType="Peripheral" cBy="AlK" cDate="06/16/2011 04:04:46 PDT Thu" abbrev="" name="Descriptor" ID="14474">
        <definition>&lt;def-root&gt;Any characterization of the &lt;fen&gt;Organism&lt;/fen&gt; not covered by other FEs. &lt;/def-root&gt;</definition>
    </FE>
    <FE bgColor="008000" fgColor="FFFFFF" coreType="Peripheral" cBy="AlK" cDate="06/16/2011 04:05:39 PDT Thu" abbrev="" name="Origin" ID="14475">
        <definition>&lt;def-root&gt;The location from which the &lt;fen&gt;Organism&lt;/fen&gt; originated.&lt;/def-root&gt;</definition>
    </FE>
    <frameRelation type="Inherits from">
        <relatedFrame ID="251">Entity</relatedFrame>
    </frameRelation>
    <frameRelation type="Is Inherited by">
        <relatedFrame ID="304">People</relatedFrame>
        <relatedFrame ID="2840">Animals</relatedFrame>
        <relatedFrame ID="2850">Plants</relatedFrame>
    </frameRelation>
    <frameRelation type="Perspective on"/>
    <frameRelation type="Is Perspectivized in"/>
    <frameRelation type="Uses"/>
    <frameRelation type="Is Used by">
        <relatedFrame ID="310">Dead_or_alive</relatedFrame>
        <relatedFrame ID="2569">Gusto</relatedFrame>
        <relatedFrame ID="2701">Biological_classification</relatedFrame>
    </frameRelation>
    <frameRelation type="Subframe of"/>
    <frameRelation type="Has Subframe(s)"/>
    <frameRelation type="Precedes"/>
    <frameRelation type="Is Preceded by"/>
    <frameRelation type="Is Inchoative of"/>
    <frameRelation type="Is Causative of"/>
    <frameRelation type="See also"/>
    <lexUnit status="New" POS="N" name="life.n" ID="16372" lemmaID="51311" cBy="AlK" cDate="06/16/2011 03:18:11 PDT Thu">
        <definition>FN: biological organisms viewed collectively</definition>
        <sentenceCount annotated="6" total="54"/>
        <lexeme order="1" headword="true" breakBefore="false" POS="N" name="life"/>
    </lexUnit>
    <lexUnit status="Created" POS="N" name="lifeform.n" ID="16374" lemmaID="51326" cBy="AlK" cDate="06/16/2011 04:07:24 PDT Thu">
        <definition>FN: an entity having or seeming to have life</definition>
        <sentenceCount annotated="0" total="0"/>
        <lexeme order="1" headword="true" breakBefore="false" POS="N" name="lifeform"/>
    </lexUnit>
    <lexUnit status="Created" POS="N" name="organism.n" ID="16375" lemmaID="26934" cBy="AlK" cDate="06/16/2011 04:08:11 PDT Thu">
        <definition>FN: an living organic entity</definition>
        <sentenceCount annotated="0" total="0"/>
        <lexeme order="1" headword="false" breakBefore="false" POS="N" name="organism"/>
    </lexUnit>
    <lexUnit status="Created" POS="A" name="human.a" ID="17342" lemmaID="18617" cBy="CVa" cDate="02/26/2013 05:15:49 PST Tue">
        <definition>FN: having the characteristic of being a person</definition>
        <sentenceCount annotated="0" total="0"/>
        <lexeme order="1" headword="false" breakBefore="false" POS="A" name="human"/>
        <semType name="Sentient" ID="5"/>
    </lexUnit>
</frame>