<?xml version="1.0" encoding="UTF-8" standalone="yes"?>
<?xml-stylesheet type="text/xsl" href="frame.xsl"?>
<frame cBy="ACW" cDate="04/05/2002 08:55:57 PST Fri" name="Body_decoration" ID="299" xsi:schemaLocation="../schema/frame.xsd" xmlns="http://framenet.icsi.berkeley.edu" xmlns:xsi="http://www.w3.org/2001/XMLSchema-instance">
    <definition>&lt;def-root&gt;This frame concerns the decorations that human beings have on or apply to their bodies.
&lt;ex&gt;&lt;fex name="Dec_ind"&gt;Abby&lt;/fex&gt; rarely wears &lt;fex name="Decoration"&gt;&lt;t&gt;lipstick&lt;/t&gt;&lt;/fex&gt;.&lt;/ex&gt;&lt;/def-root&gt;</definition>
    <FE bgColor="008000" fgColor="FFFFFF" coreType="Peripheral" cBy="ACW" cDate="04/23/2002 10:02:16 PDT Tue" abbrev="BodP" name="Body_location" ID="2658">
        <definition>&lt;def-root&gt;This FE identifies the location on the body where the decoration takes place.
&lt;ex&gt;Abby has a &lt;t&gt;tattoo&lt;/t&gt; &lt;fex name="BodP"&gt;on her lower-back&lt;/fex&gt;.&lt;/ex&gt;&lt;/def-root&gt;</definition>
        <semType name="Locative_relation" ID="182"/>
    </FE>
    <FE bgColor="FF0000" fgColor="FFFFFF" coreType="Peripheral" cBy="ACW" cDate="04/23/2002 10:09:31 PDT Tue" abbrev="Dec_ind" name="Decorated_individual" ID="2660">
        <definition>&lt;def-root&gt;This is the individual whose body is decorated.
&lt;ex&gt;&lt;fex name="Dec_ind"&gt;Abby&lt;/fex&gt; rarely wears &lt;t&gt;lipstick&lt;/t&gt;.&lt;/ex&gt;&lt;/def-root&gt;</definition>
        <semType name="Human" ID="80"/>
    </FE>
    <FE bgColor="0000FF" fgColor="FFFFFF" coreType="Core" cBy="ACW" cDate="04/23/2002 10:12:16 PDT Tue" abbrev="Dec" name="Decoration" ID="2662">
        <definition>&lt;def-root&gt;&lt;fen&gt;Decoration&lt;/fen&gt; is the decorative item that adorns the body.
&lt;ex&gt;Abby has a &lt;t&gt;&lt;fex name="Dec"&gt;tattoo&lt;/fex&gt;&lt;/t&gt; on her thigh.&lt;/ex&gt;&lt;/def-root&gt;</definition>
        <semType name="Artifact" ID="61"/>
    </FE>
    <FE bgColor="00BFFF" fgColor="FFFFFF" coreType="Peripheral" cBy="ACW" cDate="04/23/2002 10:20:36 PDT Tue" abbrev="Dec_desc" name="Decoration_descriptor" ID="2663">
        <definition>&lt;def-root&gt;&lt;fen&gt;Dec_desc&lt;/fen&gt; identifies a descriptor of the &lt;fen&gt;Decoration&lt;/fen&gt;.
&lt;ex&gt;Abby wears &lt;fex name="Dec_desc"&gt;red&lt;/fex&gt; &lt;t&gt;lipstick&lt;/t&gt;.&lt;/ex&gt;&lt;/def-root&gt;</definition>
    </FE>
    <FE bgColor="9400D3" fgColor="FFFFFF" coreType="Peripheral" cBy="ACW" cDate="04/23/2002 12:14:11 PDT Tue" abbrev="Pic" name="Picture" ID="2664">
        <definition>&lt;def-root&gt;This is the frame element that describes what shape the Decoration represents.
&lt;ex&gt;Abby has a &lt;t&gt;tattoo&lt;/t&gt; &lt;fex name="Pic"&gt;of a rose&lt;/fex&gt; on her thigh.&lt;/ex&gt;
&lt;/def-root&gt;</definition>
    </FE>
    <FE bgColor="800080" fgColor="FFFFFF" coreType="Peripheral" cBy="KCo" cDate="05/02/2002 12:10:46 PDT Thu" abbrev="Use" name="Use" ID="2728">
        <definition>&lt;def-root&gt;This FE identifies the &lt;fen&gt;Use&lt;/fen&gt; to which a body decoration is put.
&lt;ex&gt;Abby is wearing &lt;fex name="Use"&gt;stage&lt;/fex&gt; &lt;t&gt;make-up&lt;/t&gt;.&lt;/ex&gt;&lt;/def-root&gt;</definition>
    </FE>
    <FE bgColor="9F79EE" fgColor="FFFFFF" coreType="Peripheral" cBy="KCo" cDate="05/02/2002 12:11:28 PDT Thu" abbrev="Type" name="Type" ID="2729">
        <definition>&lt;def-root&gt;&lt;fen&gt;Type&lt;/fen&gt; designates different kinds of body decorations.  Often this FE will label part of a multi-word or compound word target. 
&lt;ex&gt;Abby wore &lt;fex name="Type"&gt;SPF 15&lt;/fex&gt; &lt;t&gt;make-up&lt;/t&gt; to work, everyday.&lt;/ex&gt;&lt;/def-root&gt;</definition>
    </FE>
    <frameRelation type="Inherits from">
        <relatedFrame ID="421">Artifact</relatedFrame>
    </frameRelation>
    <frameRelation type="Is Inherited by"/>
    <frameRelation type="Perspective on"/>
    <frameRelation type="Is Perspectivized in"/>
    <frameRelation type="Uses">
        <relatedFrame ID="119">Observable_body_parts</relatedFrame>
    </frameRelation>
    <frameRelation type="Is Used by"/>
    <frameRelation type="Subframe of"/>
    <frameRelation type="Has Subframe(s)"/>
    <frameRelation type="Precedes"/>
    <frameRelation type="Is Preceded by"/>
    <frameRelation type="Is Inchoative of"/>
    <frameRelation type="Is Causative of"/>
    <frameRelation type="See also"/>
    <lexUnit status="Finished_Initial" POS="N" name="tattoo.n" ID="5612" lemmaID="39605" cBy="ACW" cDate="04/23/2002 10:25:09 PDT Tue">
        <definition>COD: a design made by inserting pigment into punctures in the skin</definition>
        <sentenceCount annotated="19" total="151"/>
        <lexeme order="1" headword="false" breakBefore="false" POS="N" name="tattoo"/>
    </lexUnit>
    <lexUnit status="Finished_Initial" POS="N" name="make-up.n" ID="5613" lemmaID="23220" cBy="ACW" cDate="04/23/2002 10:31:16 PDT Tue">
        <definition>COD: cosmetics such as lipstick or powder applied to the face</definition>
        <sentenceCount annotated="26" total="270"/>
        <lexeme order="1" headword="false" breakBefore="false" POS="N" name="make-up"/>
    </lexUnit>
    <lexUnit status="Finished_Initial" POS="N" name="mascara.n" ID="5614" lemmaID="23586" cBy="ACW" cDate="04/23/2002 10:37:10 PDT Tue">
        <definition>COD: a cosmetic for darkening and thickening the eyelashes</definition>
        <sentenceCount annotated="14" total="110"/>
        <lexeme order="1" headword="false" breakBefore="false" POS="N" name="mascara"/>
    </lexUnit>
    <lexUnit status="Finished_Initial" POS="N" name="eyeliner.n" ID="5615" lemmaID="13733" cBy="ACW" cDate="04/23/2002 10:38:10 PDT Tue">
        <definition>COD: a cosmetic applied as a line round the eyes.</definition>
        <sentenceCount annotated="6" total="30"/>
        <lexeme order="1" headword="false" breakBefore="false" POS="N" name="eyeliner"/>
    </lexUnit>
    <lexUnit status="Finished_Initial" POS="N" name="rouge.n" ID="5616" lemmaID="33583" cBy="ACW" cDate="04/23/2002 10:39:41 PDT Tue">
        <definition>COD: a red powder or cream used as a cosmetic for colouring the cheeks or lips</definition>
        <sentenceCount annotated="8" total="57"/>
        <lexeme order="1" headword="false" breakBefore="false" POS="N" name="rouge"/>
    </lexUnit>
    <lexUnit status="Finished_Initial" POS="N" name="blusher.n" ID="5617" lemmaID="45651" cBy="ACW" cDate="04/23/2002 10:44:39 PDT Tue">
        <definition>COD: a cosmetic used to give a warm reddish tinge to the cheeks</definition>
        <sentenceCount annotated="4" total="43"/>
        <lexeme order="1" headword="false" breakBefore="false" POS="N" name="blusher"/>
    </lexUnit>
    <lexUnit status="Finished_Initial" POS="N" name="concealer.n" ID="5618" lemmaID="45652" cBy="ACW" cDate="04/23/2002 10:46:44 PDT Tue">
        <definition>COD: a flesh-toned cosmetic used to cover spots and blemishes. </definition>
        <sentenceCount annotated="5" total="10"/>
        <lexeme order="1" headword="false" breakBefore="false" POS="N" name="concealer"/>
    </lexUnit>
    <lexUnit status="Finished_Initial" POS="N" name="lipstick.n" ID="5619" lemmaID="22466" cBy="ACW" cDate="04/23/2002 10:48:18 PDT Tue">
        <definition>COD: coloured cosmetic applied to the lips from a small solid stick</definition>
        <sentenceCount annotated="12" total="191"/>
        <lexeme order="1" headword="false" breakBefore="false" POS="N" name="lipstick"/>
    </lexUnit>
    <lexUnit status="Finished_Initial" POS="N" name="foundation.n" ID="5620" lemmaID="15237" cBy="ACW" cDate="04/23/2002 10:56:50 PDT Tue">
        <definition>COD: a cream or powder applied to the face as a base for other make-up</definition>
        <sentenceCount annotated="10" total="220"/>
        <lexeme order="1" headword="false" breakBefore="false" POS="N" name="foundation"/>
    </lexUnit>
    <lexUnit status="Finished_Initial" POS="N" name="eyeshadow.n" ID="5621" lemmaID="45653" cBy="ACW" cDate="04/23/2002 12:23:23 PDT Tue">
        <definition>COD: a coloured cosmetic applied to the eyelids or to the skin around the eyes</definition>
        <sentenceCount annotated="7" total="38"/>
        <lexeme order="1" headword="false" breakBefore="false" POS="N" name="eyeshadow"/>
    </lexUnit>
    <lexUnit status="Needs_SCs" POS="N" name="kohl.n" ID="5622" lemmaID="21473" cBy="ACW" cDate="04/23/2002 12:29:34 PDT Tue">
        <definition>COD: a black powder, usually antimony sulphide or lead sulphide, used as eye make-up, especially in Eastern countries</definition>
        <sentenceCount annotated="1" total="4"/>
        <lexeme order="1" headword="false" breakBefore="false" POS="N" name="kohl"/>
    </lexUnit>
</frame>