<?xml version="1.0" encoding="UTF-8" standalone="yes"?>
<?xml-stylesheet type="text/xsl" href="frame.xsl"?>
<frame cBy="ACW" cDate="09/28/2001 12:54:36 PDT Fri" name="Body_description_part" ID="235" xsi:schemaLocation="../schema/frame.xsd" xmlns="http://framenet.icsi.berkeley.edu" xmlns:xsi="http://www.w3.org/2001/XMLSchema-instance">
    <definition>&lt;def-root&gt;This frame is concerned with words that describe a person based on a salient part of their body.
&lt;ex&gt;He was a &lt;t&gt;blonde&lt;/t&gt; &lt;fex name="Individual"&gt;guy&lt;/fex&gt;.&lt;/ex&gt;
&lt;ex&gt;&lt;fex name="Individual"&gt;He&lt;/fex&gt; was a &lt;t&gt;peg-leg&lt;/t&gt;.&lt;/ex&gt;
&lt;/def-root&gt;</definition>
    <FE bgColor="FF0000" fgColor="FFFFFF" coreType="Core" cBy="MRLP" cDate="04/25/2002 05:35:16 PDT Thu" abbrev="Ind" name="Individual" ID="2675">
        <definition>&lt;def-root&gt;This FE identifies the &lt;fen&gt;Individual&lt;/fen&gt; (or individuals) being described.  &lt;ex&gt;&lt;fex name="Ind"&gt;Chuck&lt;/fex&gt; is a &lt;t&gt;redhead&lt;/t&gt;.&lt;/ex&gt;&lt;/def-root &gt;</definition>
        <semType name="Human" ID="80"/>
    </FE>
    <FE bgColor="1E90FF" fgColor="FFFFFF" coreType="Core" cBy="ACW" cDate="04/29/2002 10:58:37 PDT Mon" abbrev="Fig" name="Figure" ID="2697">
        <definition>&lt;def-root&gt;This FE identifies the &lt;fen&gt;Figure&lt;/fen&gt; or form being described by the target.
&lt;ex&gt;The &lt;t&gt;red-haired&lt;/t&gt; &lt;fex name="Fig"&gt;figure&lt;/fex&gt; stood in the doorway.&lt;/ex&gt;&lt;/def-root&gt;</definition>
    </FE>
    <FE bgColor="FF69B4" fgColor="FFFFFF" coreType="Peripheral" cBy="ACW" cDate="04/29/2002 10:58:47 PDT Mon" abbrev="Degr" name="Degree" ID="2698">
        <definition>&lt;def-root&gt;This FE identifies the &lt;fen&gt;Degree&lt;/fen&gt; to which the body description applies.

&lt;ex&gt;Mort is &lt;fex name="Degree"&gt;extremely&lt;/fex&gt; &lt;t&gt;flat-footed&lt;/t&gt;.&lt;/ex&gt;&lt;/def-root&gt;</definition>
        <semType name="Degree" ID="172"/>
    </FE>
    <FEcoreSet>
        <memberFE name="Individual" ID="2675"/>
        <memberFE name="Figure" ID="2697"/>
    </FEcoreSet>
    <frameRelation type="Inherits from">
        <relatedFrame ID="1015">Gradable_attributes</relatedFrame>
    </frameRelation>
    <frameRelation type="Is Inherited by"/>
    <frameRelation type="Perspective on"/>
    <frameRelation type="Is Perspectivized in"/>
    <frameRelation type="Uses">
        <relatedFrame ID="119">Observable_body_parts</relatedFrame>
    </frameRelation>
    <frameRelation type="Is Used by"/>
    <frameRelation type="Subframe of"/>
    <frameRelation type="Has Subframe(s)"/>
    <frameRelation type="Precedes"/>
    <frameRelation type="Is Preceded by"/>
    <frameRelation type="Is Inchoative of"/>
    <frameRelation type="Is Causative of"/>
    <frameRelation type="See also"/>
    <lexUnit status="Finished_Initial" POS="N" name="blonde.n" ID="5649" lemmaID="3881" cBy="ACW" cDate="04/26/2002 11:08:53 PDT Fri">
        <definition>COD: a person with blonde hair</definition>
        <sentenceCount annotated="10" total="94"/>
        <lexeme order="1" headword="false" breakBefore="false" POS="N" name="blonde"/>
    </lexUnit>
    <lexUnit status="Finished_Initial" POS="N" name="brunette.n" ID="5650" lemmaID="45659" cBy="ACW" cDate="04/26/2002 11:15:08 PDT Fri">
        <definition>COD: a person with dark brown hair</definition>
        <sentenceCount annotated="9" total="68"/>
        <lexeme order="1" headword="false" breakBefore="false" POS="N" name="brunette"/>
    </lexUnit>
    <lexUnit status="Finished_Initial" POS="A" name="blue-eyed.a" ID="5651" lemmaID="45660" cBy="ACW" cDate="04/26/2002 11:41:35 PDT Fri">
        <definition>FN: having blue eyes</definition>
        <sentenceCount annotated="12" total="67"/>
        <lexeme order="1" headword="false" breakBefore="false" POS="A" name="blue-eyed"/>
    </lexUnit>
    <lexUnit status="Finished_Initial" POS="N" name="redhead.n" ID="5652" lemmaID="32248" cBy="ACW" cDate="04/26/2002 11:44:10 PDT Fri">
        <definition>COD: a person, especially a woman, with red hair. </definition>
        <sentenceCount annotated="6" total="63"/>
        <lexeme order="1" headword="false" breakBefore="false" POS="N" name="redhead"/>
    </lexUnit>
    <lexUnit status="Insufficient_Attestations" POS="A" name="flat-footed.a" ID="5653" lemmaID="14639" cBy="ACW" cDate="04/26/2002 11:45:50 PDT Fri">
        <definition>COD: having flat feet</definition>
        <sentenceCount annotated="1" total="15"/>
        <lexeme order="1" headword="false" breakBefore="false" POS="A" name="flat-footed"/>
    </lexUnit>
    <lexUnit status="Finished_Initial" POS="N" name="albino.n" ID="5654" lemmaID="956" cBy="ACW" cDate="04/26/2002 11:50:30 PDT Fri">
        <definition>COD: a person or animal having a congenital absence of pigment in the skin and hair (which are white) and the eyes (which are usually pink).</definition>
        <sentenceCount annotated="6" total="53"/>
        <lexeme order="1" headword="false" breakBefore="false" POS="N" name="albino"/>
    </lexUnit>
    <lexUnit status="Finished_Initial" POS="A" name="albino.a" ID="5655" lemmaID="45661" cBy="ACW" cDate="04/26/2002 11:52:12 PDT Fri">
        <definition>COD: having a congenital absence of pigment in the skin and hair (which are white) and the eyes (which are usually pink)</definition>
        <sentenceCount annotated="5" total="53"/>
        <lexeme order="1" headword="false" breakBefore="false" POS="A" name="albino"/>
    </lexUnit>
    <lexUnit status="Insufficient_Attestations" POS="A" name="knock-kneed.a" ID="5656" lemmaID="21445" cBy="ACW" cDate="04/26/2002 11:59:40 PDT Fri">
        <definition>FN: having a condition where the knees curve inward</definition>
        <sentenceCount annotated="4" total="8"/>
        <lexeme order="1" headword="false" breakBefore="false" POS="A" name="knock-kneed"/>
    </lexUnit>
    <lexUnit status="Finished_Initial" POS="A" name="bow-legged.a" ID="5657" lemmaID="4348" cBy="ACW" cDate="04/26/2002 12:03:16 PDT Fri">
        <definition>COD: having legs that curve outwards at the knee. </definition>
        <sentenceCount annotated="5" total="10"/>
        <lexeme order="1" headword="false" breakBefore="false" POS="A" name="bow-legged"/>
    </lexUnit>
    <lexUnit status="Finished_Initial" POS="A" name="cross-eyed.a" ID="5658" lemmaID="9042" cBy="ACW" cDate="04/26/2002 12:04:01 PDT Fri">
        <definition>COD: having one or both eyes turned inwards towards the nose, either temporarily or as a permanent condition (convergent strabismus)</definition>
        <sentenceCount annotated="5" total="21"/>
        <lexeme order="1" headword="false" breakBefore="false" POS="A" name="cross-eyed"/>
    </lexUnit>
    <lexUnit status="Finished_Initial" POS="A" name="black-haired.a" ID="5660" lemmaID="45662" cBy="ACW" cDate="04/26/2002 12:09:06 PDT Fri">
        <definition>FN: having black hair</definition>
        <sentenceCount annotated="8" total="31"/>
        <lexeme order="1" headword="false" breakBefore="false" POS="A" name="black-haired"/>
    </lexUnit>
    <lexUnit status="Finished_Initial" POS="A" name="grey-haired.a" ID="5661" lemmaID="45663" cBy="ACW" cDate="04/26/2002 12:12:12 PDT Fri">
        <definition>FN: having grey hair</definition>
        <sentenceCount annotated="11" total="70"/>
        <lexeme order="1" headword="false" breakBefore="false" POS="A" name="grey-haired"/>
    </lexUnit>
    <lexUnit status="Finished_Initial" POS="A" name="bearded.a" ID="5662" lemmaID="3111" cBy="ACW" cDate="04/26/2002 12:31:48 PDT Fri">
        <definition>FN: having a beard</definition>
        <sentenceCount annotated="18" total="90"/>
        <lexeme order="1" headword="false" breakBefore="false" POS="A" name="bearded"/>
    </lexUnit>
    <lexUnit status="Finished_Initial" POS="A" name="moustached.a" ID="5663" lemmaID="45664" cBy="ACW" cDate="04/26/2002 12:32:44 PDT Fri">
        <definition>FN: having a moustache</definition>
        <sentenceCount annotated="7" total="26"/>
        <lexeme order="1" headword="false" breakBefore="false" POS="A" name="moustached"/>
    </lexUnit>
    <lexUnit status="Insufficient_Attestations" POS="A" name="pigtailed.a" ID="5741" lemmaID="28987" cBy="ACW" cDate="05/07/2002 02:13:43 PDT Tue">
        <definition>FN: having pigtails</definition>
        <sentenceCount annotated="3" total="4"/>
        <lexeme order="1" headword="false" breakBefore="false" POS="A" name="pigtailed"/>
    </lexUnit>
    <lexUnit status="Created" POS="A" name="red-haired.a" ID="11111" lemmaID="49661" cBy="MiL" cDate="11/05/2004 05:51:26 PST Fri">
        <definition>FN: having red hair</definition>
        <sentenceCount annotated="0" total="0"/>
        <lexeme order="1" headword="true" breakBefore="false" POS="A" name="red-haired"/>
    </lexUnit>
    <lexUnit status="Created" POS="N" name="peg-leg.n" ID="12843" lemmaID="50270" cBy="Amy" cDate="10/19/2005 03:59:08 PDT Wed">
        <definition>FN: having an artificial leg, especially a wooden one.</definition>
        <sentenceCount annotated="0" total="0"/>
        <lexeme order="1" headword="true" breakBefore="false" POS="N" name="peg-leg"/>
    </lexUnit>
    <lexUnit status="New" POS="A" name="fair.a" ID="15352" lemmaID="13840" cBy="JKs" cDate="06/11/2009 12:52:59 PDT Thu">
        <definition>FN: light- or pale-colored; generally used in reference to hair or skin</definition>
        <sentenceCount annotated="0" total="111"/>
        <lexeme order="1" headword="false" breakBefore="false" POS="A" name="fair"/>
    </lexUnit>
</frame>