<?xml version="1.0" encoding="UTF-8" standalone="yes"?>
<?xml-stylesheet type="text/xsl" href="frame.xsl"?>
<frame cBy="Shw" cDate="07/03/2001 04:18:32 PDT Tue" name="Body_description_holistic" ID="157" xsi:schemaLocation="../schema/frame.xsd" xmlns="http://framenet.icsi.berkeley.edu" xmlns:xsi="http://www.w3.org/2001/XMLSchema-instance">
    <definition>&lt;def-root&gt;This frame covers descriptions of an entire human body, viewed as a gestalt (as opposed to descriptions based on salient body parts).  The Frame Elements are &lt;fen&gt;Individual&lt;/fen&gt; and &lt;fen&gt;Figure&lt;/fen&gt;.  

&lt;ex&gt;&lt;fex name="Ind"&gt;Chuck&lt;/fex&gt; &lt;m&gt;is&lt;/m&gt; &lt;t&gt;muscular&lt;/t&gt;.&lt;/ex&gt;

&lt;ex&gt;&lt;fex name="Ind"&gt;Chuck&lt;/fex&gt; has a &lt;t&gt;muscular&lt;/t&gt; body.&lt;/ex&gt;
&lt;/def-root&gt;</definition>
    <FE bgColor="FF69B4" fgColor="FFFFFF" coreType="Peripheral" cBy="Shw" cDate="07/03/2001 04:21:14 PDT Tue" abbrev="Degr" name="Degree" ID="1275">
        <definition>&lt;def-root&gt;This FE identifies the &lt;fen&gt;Degree&lt;/fen&gt; to which a body has a particular characteristic.
&lt;ex&gt;Chuck is &lt;fex name="Degree"&gt;rather&lt;/fex&gt; &lt;t&gt;muscular&lt;/t&gt;.&lt;/ex&gt;&lt;/def-root&gt;</definition>
        <semType name="Degree" ID="172"/>
    </FE>
    <FE bgColor="FF0000" fgColor="FFFFFF" coreType="Core" cBy="Shw" cDate="07/03/2001 04:44:55 PDT Tue" abbrev="Ind" name="Individual" ID="1276">
        <definition>&lt;def-root&gt;This FE identifies the individual (or individuals) being described.
&lt;ex&gt;&lt;fex name="Ind"&gt;Chuck&lt;/fex&gt; &lt;m&gt;is&lt;/m&gt; &lt;t&gt;muscular&lt;/t&gt;.&lt;/ex&gt;
&lt;ex&gt;&lt;fex name="Ind"&gt;Chuck&lt;/fex&gt; has a &lt;t&gt;muscular&lt;/t&gt; body.&lt;/ex&gt;
&lt;/def-root&gt;</definition>
        <semType name="Human" ID="80"/>
    </FE>
    <FE bgColor="1E90FF" fgColor="FFFFFF" coreType="Core" cBy="Shw" cDate="07/05/2001 02:16:52 PDT Thu" abbrev="Fig" name="Figure" ID="1302">
        <definition>&lt;def-root&gt;This FE identifies the &lt;fen&gt;Figure&lt;/fen&gt; or form being described by the target.
&lt;ex&gt;Chuck has a &lt;t&gt;muscular&lt;/t&gt; &lt;fex name="Figure"&gt;body&lt;/fex&gt;.&lt;/ex&gt;
&lt;/def-root&gt;</definition>
    </FE>
    <frameRelation type="Inherits from">
        <relatedFrame ID="1015">Gradable_attributes</relatedFrame>
    </frameRelation>
    <frameRelation type="Is Inherited by"/>
    <frameRelation type="Perspective on"/>
    <frameRelation type="Is Perspectivized in"/>
    <frameRelation type="Uses"/>
    <frameRelation type="Is Used by"/>
    <frameRelation type="Subframe of"/>
    <frameRelation type="Has Subframe(s)"/>
    <frameRelation type="Precedes"/>
    <frameRelation type="Is Preceded by"/>
    <frameRelation type="Is Inchoative of"/>
    <frameRelation type="Is Causative of"/>
    <frameRelation type="See also"/>
    <lexUnit status="Finished_Initial" POS="A" name="lanky.a" ID="2860" lemmaID="21693" cBy="Shw" cDate="07/05/2001 02:20:56 PDT Thu">
        <definition>COD: .-ier, -iest ungracefully thin and tall. </definition>
        <sentenceCount annotated="17" total="56"/>
        <lexeme order="1" headword="false" breakBefore="false" POS="A" name="lanky"/>
    </lexUnit>
    <lexUnit status="Finished_Initial" POS="A" name="chubby.a" ID="2863" lemmaID="6474" cBy="ACW" cDate="07/05/2001 03:15:24 PDT Thu">
        <definition>COD: plump and rounded. </definition>
        <sentenceCount annotated="14" total="65"/>
        <lexeme order="1" headword="false" breakBefore="false" POS="A" name="chubby"/>
    </lexUnit>
    <lexUnit status="Finished_Initial" POS="A" name="flabby.a" ID="2865" lemmaID="14563" cBy="ACW" cDate="07/05/2001 04:06:28 PDT Thu">
        <definition>COD:   soft, loose, and fleshy.</definition>
        <sentenceCount annotated="8" total="59"/>
        <lexeme order="1" headword="false" breakBefore="false" POS="A" name="flabby"/>
    </lexUnit>
    <lexUnit status="Finished_Initial" POS="A" name="corpulent.a" ID="2921" lemmaID="8419" cBy="ACW" cDate="07/09/2001 09:30:32 PDT Mon">
        <definition>COD:  (of a person) fat. </definition>
        <sentenceCount annotated="10" total="20"/>
        <lexeme order="1" headword="false" breakBefore="false" POS="A" name="corpulent"/>
    </lexUnit>
    <lexUnit status="Finished_Initial" POS="A" name="obese.a" ID="2922" lemmaID="26367" cBy="ACW" cDate="07/09/2001 09:45:07 PDT Mon">
        <definition>COD:  grossly fat or overweight. </definition>
        <sentenceCount annotated="25" total="87"/>
        <lexeme order="1" headword="false" breakBefore="false" POS="A" name="obese"/>
    </lexUnit>
    <lexUnit status="Finished_Initial" POS="A" name="portly.a" ID="2923" lemmaID="29825" cBy="ACW" cDate="07/09/2001 11:43:05 PDT Mon">
        <definition>COD: -ier, -iest  (especially of a man) rather fat. </definition>
        <sentenceCount annotated="19" total="46"/>
        <lexeme order="1" headword="false" breakBefore="false" POS="A" name="portly"/>
    </lexUnit>
    <lexUnit status="Finished_Initial" POS="A" name="svelte.a" ID="2924" lemmaID="39048" cBy="ACW" cDate="07/09/2001 11:56:21 PDT Mon">
        <definition>COD:  slender and elegant. </definition>
        <sentenceCount annotated="4" total="11"/>
        <lexeme order="1" headword="false" breakBefore="false" POS="A" name="svelte"/>
    </lexUnit>
    <lexUnit status="Finished_Initial" POS="A" name="stocky.a" ID="2928" lemmaID="38132" cBy="ACW" cDate="07/09/2001 12:22:04 PDT Mon">
        <definition>COD: -ier, -iest (especially of a person) short and sturdy. </definition>
        <sentenceCount annotated="24" total="103"/>
        <lexeme order="1" headword="false" breakBefore="false" POS="A" name="stocky"/>
    </lexUnit>
    <lexUnit status="Finished_Initial" POS="A" name="dumpy.a" ID="2929" lemmaID="11957" cBy="ACW" cDate="07/09/2001 12:42:28 PDT Mon">
        <definition>COD: .-ier, -iest short and stout. </definition>
        <sentenceCount annotated="21" total="60"/>
        <lexeme order="1" headword="false" breakBefore="false" POS="A" name="dumpy"/>
    </lexUnit>
    <lexUnit status="Finished_Initial" POS="A" name="gaunt.a" ID="2930" lemmaID="16002" cBy="ACW" cDate="07/09/2001 12:54:01 PDT Mon">
        <definition>COD: lean and haggard, especially through suffering, hunger, or age. </definition>
        <sentenceCount annotated="21" total="98"/>
        <lexeme order="1" headword="false" breakBefore="false" POS="A" name="gaunt"/>
    </lexUnit>
    <lexUnit status="Finished_Initial" POS="A" name="skinny.a" ID="2931" lemmaID="36160" cBy="ACW" cDate="07/09/2001 02:27:21 PDT Mon">
        <definition>COD:  -ier, -iest (of a person) unattractively thin. </definition>
        <sentenceCount annotated="17" total="97"/>
        <lexeme order="1" headword="false" breakBefore="false" POS="A" name="skinny"/>
    </lexUnit>
    <lexUnit status="Finished_Initial" POS="A" name="beefy.a" ID="2932" lemmaID="3196" cBy="ACW" cDate="07/09/2001 02:56:32 PDT Mon">
        <definition>FN: stocky, muscular of build</definition>
        <sentenceCount annotated="16" total="63"/>
        <lexeme order="1" headword="false" breakBefore="false" POS="A" name="beefy"/>
    </lexUnit>
    <lexUnit status="Finished_Initial" POS="A" name="short.a" ID="2934" lemmaID="35638" cBy="ACW" cDate="07/09/2001 03:08:43 PDT Mon">
        <definition>COD: (of a person) small in height. </definition>
        <sentenceCount annotated="13" total="123"/>
        <lexeme order="1" headword="false" breakBefore="false" POS="A" name="short"/>
    </lexUnit>
    <lexUnit status="Finished_Initial" POS="A" name="brawny.a" ID="3038" lemmaID="4467" cBy="ACW" cDate="07/12/2001 05:03:15 PDT Thu">
        <definition>FN: (of a person) phsycially strong and large</definition>
        <sentenceCount annotated="8" total="29"/>
        <lexeme order="1" headword="false" breakBefore="false" POS="A" name="brawny"/>
    </lexUnit>
    <lexUnit status="Finished_Initial" POS="A" name="paunchy.a" ID="3040" lemmaID="28100" cBy="ACW" cDate="07/12/2001 05:05:17 PDT Thu">
        <definition>FN: (of a person) overweight, especially with a large stomach</definition>
        <sentenceCount annotated="6" total="10"/>
        <lexeme order="1" headword="false" breakBefore="false" POS="A" name="paunchy"/>
    </lexUnit>
    <lexUnit status="Finished_Initial" POS="A" name="fat.a" ID="3049" lemmaID="14000" cBy="ACW" cDate="07/13/2001 02:08:17 PDT Fri">
        <definition>COD:  (of a person or animal) having much excess fat; corpulent. </definition>
        <sentenceCount annotated="26" total="192"/>
        <lexeme order="1" headword="false" breakBefore="false" POS="A" name="fat"/>
    </lexUnit>
    <lexUnit status="Finished_Initial" POS="A" name="thin.a" ID="3050" lemmaID="40148" cBy="ACW" cDate="07/13/2001 02:20:19 PDT Fri">
        <definition>COD:  having little flesh or fat on the body. </definition>
        <sentenceCount annotated="25" total="181"/>
        <lexeme order="1" headword="false" breakBefore="false" POS="A" name="thin"/>
    </lexUnit>
    <lexUnit status="Finished_Initial" POS="A" name="spindly.a" ID="3051" lemmaID="37333" cBy="ACW" cDate="07/13/2001 02:48:02 PDT Fri">
        <definition>COD:  long or tall and thin. </definition>
        <sentenceCount annotated="6" total="67"/>
        <lexeme order="1" headword="false" breakBefore="false" POS="A" name="spindly"/>
    </lexUnit>
    <lexUnit status="Finished_Initial" POS="A" name="slim.a" ID="3052" lemmaID="36345" cBy="ACW" cDate="07/13/2001 02:49:15 PDT Fri">
        <definition>COD:  gracefully thin; slenderly built. </definition>
        <sentenceCount annotated="35" total="209"/>
        <lexeme order="1" headword="false" breakBefore="false" POS="A" name="slim"/>
    </lexUnit>
    <lexUnit status="Finished_Initial" POS="A" name="slender.a" ID="3053" lemmaID="36319" cBy="ACW" cDate="07/13/2001 03:00:48 PDT Fri">
        <definition>COD:  gracefully thin</definition>
        <sentenceCount annotated="24" total="138"/>
        <lexeme order="1" headword="false" breakBefore="false" POS="A" name="slender"/>
    </lexUnit>
    <lexUnit status="Finished_Initial" POS="A" name="puny.a" ID="3054" lemmaID="31186" cBy="ACW" cDate="07/13/2001 03:10:21 PDT Fri">
        <definition>COD: small and weak</definition>
        <sentenceCount annotated="9" total="54"/>
        <lexeme order="1" headword="false" breakBefore="false" POS="A" name="puny"/>
    </lexUnit>
    <lexUnit status="Finished_Initial" POS="A" name="scrawny.a" ID="3058" lemmaID="34551" cBy="ACW" cDate="07/13/2001 03:37:22 PDT Fri">
        <definition>COD:  -ier, -iest unattractively thin and bony. </definition>
        <sentenceCount annotated="11" total="49"/>
        <lexeme order="1" headword="false" breakBefore="false" POS="A" name="scrawny"/>
    </lexUnit>
    <lexUnit status="Finished_Initial" POS="A" name="heavy-set.a" ID="3061" lemmaID="17751" cBy="ACW" cDate="07/13/2001 03:40:46 PDT Fri">
        <definition>FN: overweight</definition>
        <sentenceCount annotated="4" total="5"/>
        <lexeme order="1" headword="false" breakBefore="false" POS="A" name="heavy-set"/>
    </lexUnit>
    <lexUnit status="Finished_Initial" POS="A" name="stout.a" ID="3063" lemmaID="38223" cBy="ACW" cDate="07/13/2001 03:42:08 PDT Fri">
        <definition>COD: rather fat or heavily built. </definition>
        <sentenceCount annotated="20" total="113"/>
        <lexeme order="1" headword="false" breakBefore="false" POS="A" name="stout"/>
    </lexUnit>
    <lexUnit status="Finished_Initial" POS="A" name="stubby.a" ID="3065" lemmaID="38419" cBy="ACW" cDate="07/13/2001 03:47:44 PDT Fri">
        <definition>COD: -ier, -iest short and thick. </definition>
        <sentenceCount annotated="6" total="42"/>
        <lexeme order="1" headword="false" breakBefore="false" POS="A" name="stubby"/>
    </lexUnit>
    <lexUnit status="Finished_Initial" POS="A" name="tall.a" ID="3148" lemmaID="39440" cBy="ACW" cDate="07/18/2001 02:02:38 PDT Wed">
        <definition>FN: of more than average height. </definition>
        <sentenceCount annotated="25" total="209"/>
        <lexeme order="1" headword="false" breakBefore="false" POS="A" name="tall"/>
    </lexUnit>
    <lexUnit status="Finished_Initial" POS="A" name="muscular.a" ID="3149" lemmaID="25260" cBy="ACW" cDate="07/18/2001 02:14:35 PDT Wed">
        <definition>COD: having well-developed muscles. </definition>
        <sentenceCount annotated="19" total="95"/>
        <lexeme order="1" headword="false" breakBefore="false" POS="A" name="muscular"/>
    </lexUnit>
    <lexUnit status="Finished_Initial" POS="A" name="lean.a" ID="3150" lemmaID="21936" cBy="ACW" cDate="07/18/2001 02:25:57 PDT Wed">
        <definition>COD:  (of a person) thin, especially healthily so</definition>
        <sentenceCount annotated="20" total="140"/>
        <lexeme order="1" headword="false" breakBefore="false" POS="A" name="lean"/>
    </lexUnit>
    <lexUnit status="Finished_Initial" POS="A" name="angular.a" ID="3589" lemmaID="1429" cBy="ACW" cDate="08/03/2001 11:43:38 PDT Fri">
        <definition>COD: (of a person) lean and having a prominent bone structure. </definition>
        <sentenceCount annotated="8" total="83"/>
        <lexeme order="1" headword="false" breakBefore="false" POS="A" name="angular"/>
    </lexUnit>
    <lexUnit status="Finished_Initial" POS="A" name="bony.a" ID="3590" lemmaID="4140" cBy="ACW" cDate="08/03/2001 11:55:53 PDT Fri">
        <definition>COD:  so thin that the bones can be seen. </definition>
        <sentenceCount annotated="12" total="80"/>
        <lexeme order="1" headword="false" breakBefore="false" POS="A" name="bony"/>
    </lexUnit>
    <lexUnit status="Finished_Initial" POS="A" name="rangy.a" ID="3591" lemmaID="45062" cBy="ACW" cDate="08/03/2001 12:07:17 PDT Fri">
        <definition>COD:  (of a person) tall and slim; long-limbed. </definition>
        <sentenceCount annotated="8" total="27"/>
        <lexeme order="1" headword="false" breakBefore="false" POS="A" name="rangy"/>
    </lexUnit>
    <lexUnit status="Finished_Initial" POS="A" name="squat.a" ID="3592" lemmaID="37626" cBy="ACW" cDate="08/03/2001 12:10:42 PDT Fri">
        <definition>COD: short or low, and disproportionately broad or wide. </definition>
        <sentenceCount annotated="16" total="108"/>
        <lexeme order="1" headword="false" breakBefore="false" POS="A" name="squat"/>
    </lexUnit>
    <lexUnit status="Finished_Initial" POS="A" name="thickset.a" ID="3593" lemmaID="45063" cBy="ACW" cDate="08/03/2001 12:15:46 PDT Fri">
        <definition>COD: (of a person or animal) heavily or solidly built; stocky. </definition>
        <sentenceCount annotated="6" total="15"/>
        <lexeme order="1" headword="false" breakBefore="false" POS="A" name="thickset"/>
    </lexUnit>
    <lexUnit status="Finished_Initial" POS="A" name="lithe.a" ID="3594" lemmaID="22516" cBy="ACW" cDate="08/03/2001 12:21:32 PDT Fri">
        <definition>COD: slim, supple, and graceful. </definition>
        <sentenceCount annotated="9" total="91"/>
        <lexeme order="1" headword="false" breakBefore="false" POS="A" name="lithe"/>
    </lexUnit>
    <lexUnit status="Finished_Initial" POS="A" name="plump.a" ID="3595" lemmaID="29452" cBy="ACW" cDate="08/03/2001 12:25:23 PDT Fri">
        <definition>COD: rather fat. </definition>
        <sentenceCount annotated="31" total="140"/>
        <lexeme order="1" headword="false" breakBefore="false" POS="A" name="plump"/>
    </lexUnit>
    <lexUnit status="Finished_Initial" POS="A" name="pudgy.a" ID="3596" lemmaID="31070" cBy="ACW" cDate="08/03/2001 12:29:08 PDT Fri">
        <definition>COD: informal rather fat. </definition>
        <sentenceCount annotated="6" total="35"/>
        <lexeme order="1" headword="false" breakBefore="false" POS="A" name="pudgy"/>
    </lexUnit>
    <lexUnit status="Finished_Initial" POS="A" name="wiry.a" ID="3597" lemmaID="44287" cBy="ACW" cDate="08/03/2001 12:30:44 PDT Fri">
        <definition>COD: lean, tough, and sinewy. </definition>
        <sentenceCount annotated="20" total="73"/>
        <lexeme order="1" headword="false" breakBefore="false" POS="A" name="wiry"/>
    </lexUnit>
    <lexUnit status="Finished_Initial" POS="A" name="hefty.a" ID="3598" lemmaID="17792" cBy="ACW" cDate="08/03/2001 12:33:16 PDT Fri">
        <definition>COD: large, heavy, and powerful. </definition>
        <sentenceCount annotated="5" total="73"/>
        <lexeme order="1" headword="false" breakBefore="false" POS="A" name="hefty"/>
    </lexUnit>
    <lexUnit status="Created" POS="A" name="medium-build.a" ID="9819" lemmaID="46223" cBy="CFB" cDate="10/17/2003 08:05:00 PDT Fri">
        <definition>FN: of average height and weight</definition>
        <sentenceCount annotated="0" total="0"/>
        <lexeme order="1" headword="false" breakBefore="false" POS="A" name="medium-build"/>
    </lexUnit>
    <lexUnit status="Created" POS="A" name="big-boned.a" ID="10490" lemmaID="3543" cBy="JKR" cDate="05/06/2004 03:26:27 PDT Thu">
        <definition>FN: large of frame (euphemism for fat)</definition>
        <sentenceCount annotated="0" total="0"/>
        <lexeme order="1" headword="false" breakBefore="false" POS="A" name="big-boned"/>
    </lexUnit>
</frame>