<?xml version="1.0" encoding="UTF-8" standalone="yes"?>
<?xml-stylesheet type="text/xsl" href="frame.xsl"?>
<frame cBy="RLG" cDate="09/30/2011 01:32:47 PDT Fri" name="Breaking_out_captive" ID="2665" xsi:schemaLocation="../schema/frame.xsd" xmlns="http://framenet.icsi.berkeley.edu" xmlns:xsi="http://www.w3.org/2001/XMLSchema-instance">
    <definition>&lt;def-root&gt;An &lt;fen&gt;Agent&lt;/fen&gt; brings about the end of a &lt;fen&gt;Theme&lt;/fen&gt;'s captivity at a &lt;fen&gt;Location_of_confinement&lt;/fen&gt; in contravention of the plans or desires of a captor.

&lt;ex&gt;&lt;fex name="Agent"&gt;His accomplice&lt;/fex&gt; &lt;t&gt;freed&lt;/t&gt; &lt;fex name="Theme"&gt;him&lt;/fex&gt; &lt;fex name="Location_of_confinement"&gt;from Sing Sing prison&lt;/fex&gt; &lt;fex name="Means"&gt;thanks to his disguise&lt;/fex&gt;.&lt;/ex&gt;
&lt;/def-root&gt;</definition>
    <FE bgColor="FF0000" fgColor="FFFFFF" coreType="Core" cBy="RLG" cDate="09/30/2011 01:32:47 PDT Fri" abbrev="Age" name="Agent" ID="15114">
        <definition>&lt;def-root&gt;The &lt;fen&gt;Agent&lt;/fen&gt; is the individual who ends the confinement or captivity of the &lt;fen&gt;Theme&lt;/fen&gt;.

&lt;ex&gt;&lt;fex name="Age"&gt;The police&lt;/fex&gt; &lt;t&gt;freed&lt;/t&gt; the suspect.&lt;/ex&gt;&lt;/def-root&gt;</definition>
        <semType name="Sentient" ID="5"/>
    </FE>
    <FE bgColor="0000FF" fgColor="FFFFFF" coreType="Core" cBy="RLG" cDate="09/30/2011 01:32:47 PDT Fri" abbrev="Theme" name="Theme" ID="15115">
        <definition>&lt;def-root&gt;The &lt;fen&gt;Theme&lt;/fen&gt; is the person or object in motion released by the &lt;fen&gt;Agent&lt;/fen&gt;.

&lt;ex&gt;The police &lt;t&gt;freed&lt;/t&gt; &lt;fex name="Theme"&gt;the suspect&lt;/fex&gt;.&lt;/ex&gt;&lt;/def-root&gt;</definition>
        <semType name="Physical_object" ID="68"/>
    </FE>
    <FE bgColor="FF69B4" fgColor="FFFFFF" coreType="Peripheral" cBy="RLG" cDate="09/30/2011 01:32:47 PDT Fri" abbrev="Mnr" name="Manner" ID="15116">
        <definition>&lt;def-root&gt;Any description of the release which is not covered by more specific FEs, including secondary effects (&lt;ment&gt;quietly, loudly&lt;/ment&gt;), and general descriptions comparing events (&lt;ment&gt;the same way&lt;/ment&gt;). In addition, it may indicate salient characteristics of an &lt;fen&gt;Agent&lt;/fen&gt; that also affect the action (&lt;ment&gt;presumptuously, coldly, deliberately, eagerly, carefully&lt;/ment&gt;). 

&lt;ex&gt;The police &lt;t&gt;freed&lt;/t&gt; the suspect &lt;fex name="Manner"&gt;carefully&lt;/fex&gt;.&lt;/ex&gt;&lt;/def-root&gt;</definition>
        <semType name="Manner" ID="173"/>
    </FE>
    <FE bgColor="A52A2A" fgColor="FFFFFF" coreType="Peripheral" cBy="RLG" cDate="09/30/2011 01:32:47 PDT Fri" abbrev="Mns" name="Means" ID="15117">
        <definition>&lt;def-root&gt;The action of the &lt;fen&gt;Agent&lt;/fen&gt; which brings about the release.

&lt;ex&gt;He &lt;m&gt;set&lt;/m&gt; the entire convoy of prisoners &lt;t&gt;free&lt;/t&gt; &lt;fex name="Means"&gt;by bribing the guards&lt;/fex&gt;.&lt;/ex&gt;&lt;/def-root&gt;</definition>
        <semType name="State_of_affairs" ID="177"/>
    </FE>
    <FE bgColor="90876C" fgColor="FFFFFF" coreType="Extra-Thematic" cBy="RLG" cDate="09/30/2011 01:32:47 PDT Fri" abbrev="Exp" name="Explanation" ID="15118">
        <definition>&lt;def-root&gt;The &lt;fen&gt;Explanation&lt;/fen&gt; identifies the reason for which the &lt;fen&gt;Agent&lt;/fen&gt; releases the &lt;fen&gt;Theme&lt;/fen&gt;.

&lt;ex&gt;The police &lt;m&gt;set&lt;/m&gt; the suspect &lt;t&gt;free&lt;/t&gt; &lt;fex name="Explanation"&gt; because he had a good alibi&lt;/fex&gt;.&lt;/ex&gt;
&lt;/def-root&gt;</definition>
        <semType name="State_of_affairs" ID="177"/>
    </FE>
    <FE bgColor="800080" fgColor="FFFFFF" coreType="Peripheral" cBy="RLG" cDate="09/30/2011 01:32:47 PDT Fri" abbrev="Purp" name="Purpose" ID="15119">
        <definition>&lt;def-root&gt;The &lt;fen&gt;Purpose&lt;/fen&gt; identifies the purpose for which the &lt;fen&gt;Agent&lt;/fen&gt; release the &lt;fen&gt;Theme&lt;/fen&gt;.
&lt;/def-root&gt;</definition>
        <semType name="State_of_affairs" ID="177"/>
    </FE>
    <FE bgColor="008000" fgColor="FFFFFF" coreType="Peripheral" cBy="RLG" cDate="09/30/2011 01:32:47 PDT Fri" abbrev="Place" name="Place" ID="15120">
        <definition>&lt;def-root&gt;The location where the &lt;fen&gt;Theme&lt;/fen&gt; ceases to be confined.

&lt;ex&gt;"Aren't you going to &lt;t&gt;free&lt;/t&gt; us &lt;fex name="Place"&gt;here&lt;/fex&gt;?" she asked.&lt;/ex&gt;&lt;/def-root&gt;</definition>
        <semType name="Locative_relation" ID="182"/>
    </FE>
    <FE bgColor="FFA500" fgColor="FFFFFF" coreType="Peripheral" cBy="RLG" cDate="09/30/2011 01:32:47 PDT Fri" abbrev="Time" name="Time" ID="15121">
        <definition>&lt;def-root&gt;The &lt;fen&gt;Time&lt;/fen&gt; identifies when the &lt;fen&gt;Agent&lt;/fen&gt; release the &lt;fen&gt;Theme&lt;/fen&gt; .&lt;/def-root&gt;</definition>
        <semType name="Time" ID="141"/>
    </FE>
    <FE bgColor="808080" fgColor="FFFFFF" coreType="Core" cBy="RLG" cDate="09/30/2011 01:32:47 PDT Fri" abbrev="Loc" name="Location_of_confinement" ID="15122">
        <definition>&lt;def-root&gt;The location to which the &lt;fen&gt;Theme&lt;/fen&gt;'s motion was formerly inhibited.

&lt;ex&gt;Rebels &lt;m&gt;set&lt;/m&gt; three prisoners &lt;t&gt;free&lt;/t&gt; &lt;fex name="Loc"&gt;from holding cells&lt;/fex&gt;.&lt;/ex&gt;

&lt;/def-root&gt;</definition>
        <semType name="Source" ID="151"/>
    </FE>
    <FE bgColor="FFFF00" fgColor="000000" coreType="Extra-Thematic" cBy="RLG" cDate="09/30/2011 01:32:47 PDT Fri" abbrev="Con" name="Concessive" ID="15123">
        <definition>&lt;def-root&gt;This FE signifies that the state of affairs expressed by the main clause (containing the target) occurs or holds, and something other than that state of affairs would be expected given the state of affairs in the concessive clause.&lt;/def-root&gt;</definition>
    </FE>
    <FE bgColor="7CCD73" fgColor="FFFFFF" coreType="Extra-Thematic" cBy="RLG" cDate="09/30/2011 01:32:47 PDT Fri" abbrev="Cir" name="Circumstances" ID="15124">
        <definition>&lt;def-root&gt;The state of the world when the Releasing event occurs. &lt;/def-root&gt;</definition>
    </FE>
    <frameRelation type="Inherits from">
        <relatedFrame ID="230">Intentionally_affect</relatedFrame>
    </frameRelation>
    <frameRelation type="Is Inherited by"/>
    <frameRelation type="Perspective on"/>
    <frameRelation type="Is Perspectivized in"/>
    <frameRelation type="Uses"/>
    <frameRelation type="Is Used by"/>
    <frameRelation type="Subframe of"/>
    <frameRelation type="Has Subframe(s)"/>
    <frameRelation type="Precedes"/>
    <frameRelation type="Is Preceded by"/>
    <frameRelation type="Is Inchoative of"/>
    <frameRelation type="Is Causative of"/>
    <frameRelation type="See also"/>
    <lexUnit status="Created" POS="V" name="break out.v" ID="16661" lemmaID="51423" cBy="RLG" cDate="09/30/2011 01:44:04 PDT Fri">
        <definition>FN: set a captive free against the wishes of the captor.</definition>
        <sentenceCount annotated="0" total="0"/>
        <lexeme order="1" headword="true" breakBefore="false" POS="V" name="break"/>
        <lexeme order="2" headword="false" breakBefore="true" POS="PREP" name="out"/>
    </lexUnit>
    <lexUnit status="Created" POS="V" name="free.v" ID="17195" lemmaID="15364" cBy="PKe" cDate="12/19/2012 01:08:42 PST Wed">
        <definition>FN: To release from confinement imposed.by others</definition>
        <sentenceCount annotated="0" total="0"/>
        <lexeme order="1" headword="false" breakBefore="false" POS="V" name="free"/>
    </lexUnit>
</frame>