<?xml version="1.0" encoding="UTF-8" standalone="yes"?>
<?xml-stylesheet type="text/xsl" href="frame.xsl"?>
<frame cBy="MJE" cDate="02/19/2002 06:07:27 PST Tue" name="Breathing" ID="272" xsi:schemaLocation="../schema/frame.xsd" xmlns="http://framenet.icsi.berkeley.edu" xmlns:xsi="http://www.w3.org/2001/XMLSchema-instance">
    <definition>&lt;def-root&gt;An &lt;fen&gt;Agent&lt;/fen&gt; causes &lt;fen&gt;Air&lt;/fen&gt; to move in a direction, usually specifying either in or out of the body.

&lt;ex&gt;&lt;fex name="Agent"&gt;Lee&lt;/fex&gt; &lt;t&gt;breathed&lt;/t&gt; &lt;fex name="Air"&gt;the hot desert air&lt;/fex&gt;.&lt;/ex&gt;&lt;/def-root&gt;</definition>
    <FE bgColor="FF0000" fgColor="FFFFFF" coreType="Core" cBy="MJE" cDate="02/19/2002 06:33:38 PST Tue" abbrev="Agt" name="Agent" ID="2337">
        <definition>&lt;def-root&gt;The &lt;fen&gt;Agent&lt;/fen&gt;'s breathing causes the motion of the &lt;fen&gt;Air&lt;/fen&gt;.  &lt;fen&gt;Agent&lt;/fen&gt; is generally the External Argument.
&lt;ex&gt;&lt;fex name="Agent"&gt;Lee&lt;/fex&gt; &lt;t&gt;breathed&lt;/t&gt; the hot desert air.&lt;/ex&gt;&lt;/def-root&gt;</definition>
        <semType name="Sentient" ID="5"/>
    </FE>
    <FE bgColor="800080" fgColor="FFFFFF" coreType="Core" cBy="MJE" cDate="02/19/2002 06:33:43 PST Tue" abbrev="Air" name="Air" ID="2338">
        <definition>&lt;def-root&gt;&lt;fen&gt;Air&lt;/fen&gt; is the substance that the &lt;fen&gt;Agent&lt;/fen&gt; causes to move.
&lt;ex&gt;Lee &lt;t&gt;breathed&lt;/t&gt; &lt;fex name="Air"&gt;the hot desert air&lt;/fex&gt;.&lt;/ex&gt;&lt;/def-root&gt;</definition>
    </FE>
    <FE bgColor="00BFFF" fgColor="FFFFFF" coreType="Peripheral" cBy="MJE" cDate="02/19/2002 06:33:58 PST Tue" abbrev="Goal" name="Goal" ID="2339">
        <definition>&lt;def-root&gt;This FE identifies the point at which the &lt;fen&gt;Air&lt;/fen&gt; ends up as a result of the motion. &lt;ex&gt;Lee &lt;t&gt;breathed&lt;/t&gt; &lt;fex name="Goal"&gt;into Ann's mouth&lt;/fex&gt;.&lt;/ex&gt; &lt;/def-root &gt;</definition>
        <semType name="Goal" ID="153"/>
    </FE>
    <FE bgColor="FF00FF" fgColor="FFFFFF" coreType="Peripheral" cBy="MJE" cDate="02/19/2002 06:34:00 PST Tue" abbrev="Manr" name="Manner" ID="2340">
        <definition>&lt;def-root&gt;This FE identifies the &lt;fen&gt;Manner&lt;/fen&gt; in which an &lt;fen&gt;Agent&lt;/fen&gt; breathes.
&lt;ex&gt;Lee &lt;t&gt;breathed&lt;/t&gt; &lt;fex name="Manr"&gt;deeply.&lt;/fex&gt;&lt;/ex&gt;&lt;/def-root&gt;</definition>
        <semType name="Manner" ID="173"/>
    </FE>
    <FE bgColor="A52A2A" fgColor="FFFFFF" coreType="Peripheral" cBy="MJE" cDate="02/19/2002 06:34:02 PST Tue" abbrev="Mns" name="Means" ID="2341">
        <definition>&lt;def-root&gt;This FE identifies the &lt;fen&gt;Means&lt;/fen&gt; of breathing.
&lt;ex&gt;Lee &lt;t&gt;breathes&lt;/t&gt; &lt;fex name="Means"&gt; with a respirator&lt;/fex&gt;.&lt;/ex&gt;&lt;/def-root&gt;</definition>
        <semType name="State_of_affairs" ID="177"/>
    </FE>
    <FE bgColor="00008B" fgColor="FFFFFF" coreType="Peripheral" cBy="MJE" cDate="02/19/2002 06:34:08 PST Tue" abbrev="Src" name="Source" ID="2342">
        <definition>&lt;def-root&gt;&lt;fen&gt;Source&lt;/fen&gt; identifies the starting point of the &lt;fen&gt;Air&lt;/fen&gt;. 
&lt;ex&gt;Lee &lt;t&gt;exhaled&lt;/t&gt; &lt;fex name="Source"&gt;from the bottom of his lungs&lt;/fex&gt;.&lt;/ex&gt;&lt;/def-root&gt;</definition>
        <semType name="Source" ID="151"/>
    </FE>
    <FE bgColor="0000FF" fgColor="FFFFFF" coreType="Peripheral" cBy="MJE" cDate="02/19/2002 06:34:14 PST Tue" abbrev="Path" name="Path" ID="2343">
        <definition>&lt;def-root&gt;This FE identifies the &lt;fen&gt;Path&lt;/fen&gt; of the motion through locations after leaving the &lt;fen&gt;Source&lt;/fen&gt; and before reaching the &lt;fen&gt;Goal&lt;/fen&gt;.  &lt;ex&gt;Lee &lt;t&gt;breathed&lt;/t&gt; &lt;fex name="Path"&gt;through his mouth&lt;/fex&gt;.&lt;/ex&gt;&lt;/def-root &gt;</definition>
    </FE>
    <FE bgColor="FF69B4" fgColor="FFFFFF" coreType="Peripheral" cBy="MJE" cDate="02/19/2002 06:34:17 PST Tue" abbrev="Degr" name="Degree" ID="2344">
        <definition>&lt;def-root&gt;This FE identifies the degree to which an &lt;fen&gt;Agent&lt;/fen&gt; is breathing.

&lt;ex&gt;Lee was &lt;t&gt;breathing&lt;/t&gt; &lt;fex name="Degree"&gt;too hard&lt;/fex&gt;.&lt;/ex&gt;&lt;/def-root&gt;</definition>
        <semType name="Degree" ID="172"/>
    </FE>
    <FE bgColor="9400D3" fgColor="FFFFFF" coreType="Extra-Thematic" cBy="MJE" cDate="02/19/2002 06:34:29 PST Tue" abbrev="Depict" name="Depictive" ID="2345">
        <definition>&lt;def-root&gt;&lt;fen&gt;Depictive&lt;/fen&gt; identifies a  phrase describing a participant in a breathing event.
&lt;ex&gt;Lee was &lt;t&gt;breathing&lt;/t&gt; calmly, &lt;fex name="Depict"&gt;naked on the floor&lt;/fex&gt;.&lt;/ex&gt;
&lt;/def-root&gt;</definition>
    </FE>
    <FE bgColor="008000" fgColor="FFFFFF" coreType="Peripheral" cBy="MJE" cDate="02/19/2002 06:34:31 PST Tue" abbrev="Place" name="Place" ID="2346">
        <definition>&lt;def-root&gt;This FE identifies the &lt;fen&gt;Place&lt;/fen&gt; where the breathing occurs.
&lt;ex&gt;Lee &lt;t&gt;breathed&lt;/t&gt; with difficulty &lt;fex name="Place"&gt;on the track&lt;/fex&gt;.&lt;/ex&gt;
&lt;/def-root&gt;</definition>
        <semType name="Locative_relation" ID="182"/>
    </FE>
    <FE bgColor="FFA500" fgColor="FFFFFF" coreType="Peripheral" cBy="MJE" cDate="02/19/2002 06:34:39 PST Tue" abbrev="Duration" name="Duration" ID="2348">
        <definition>&lt;def-root&gt;This FE idenitfies the &lt;fen&gt;Duration&lt;/fen&gt; of time that an &lt;fen&gt;Agent&lt;/fen&gt; breathes.
&lt;ex&gt;Lee &lt;t&gt;breathed&lt;/t&gt; deeply &lt;fex name="Duration"&gt;for thirty seconds.&lt;/fex&gt;&lt;/ex&gt;
&lt;/def-root&gt;</definition>
        <semType name="Duration" ID="142"/>
    </FE>
    <FE bgColor="A9A9A9" fgColor="FFFFFF" coreType="Peripheral" cBy="MJE" cDate="06/05/2003 08:18:27 PDT Thu" abbrev="" name="Distance" ID="4541">
        <definition>&lt;def-root&gt;The distance that the &lt;fen&gt;Air&lt;/fen&gt; travels.

&lt;ex&gt;He &lt;t&gt;exhaled&lt;/t&gt; the poison gas from the tooth &lt;fex name="Distance"&gt;a full three feet&lt;/fex&gt;.&lt;/ex&gt;&lt;/def-root&gt;</definition>
    </FE>
    <FE bgColor="808080" fgColor="FFFFFF" coreType="Peripheral" cBy="Hay" cDate="10/02/2003 11:36:58 PDT Thu" abbrev="Ins" name="Instrument" ID="5405">
        <definition>&lt;def-root&gt;An entity that allows the &lt;fen&gt;Agent&lt;/fen&gt; to breathe, either a natural part (the lungs, say) or a device (like a respirator).

&lt;ex&gt;He has to &lt;t&gt;breathe&lt;/t&gt; &lt;fex name="Ins"&gt;with an oxygen mask&lt;/fex&gt;.&lt;/ex&gt;&lt;/def-root&gt;</definition>
        <semType name="Physical_entity" ID="70"/>
    </FE>
    <FE bgColor="FFA500" fgColor="FFFFFF" coreType="Peripheral" cBy="Hay" cDate="10/02/2003 11:36:58 PDT Thu" abbrev="Time" name="Time" ID="5406">
        <definition>&lt;def-root&gt;The time at which breathing occurs.

&lt;ex&gt;All I know is that he was still &lt;t&gt;breathing&lt;/t&gt; &lt;fex name="Time"&gt;at 2AM&lt;/fex&gt;.&lt;/ex&gt;&lt;/def-root&gt;</definition>
        <semType name="Time" ID="141"/>
    </FE>
    <FE bgColor="1E90FF" fgColor="FFFFFF" coreType="Extra-Thematic" cBy="JKR" cDate="05/19/2005 03:36:56 PDT Thu" abbrev="int" name="Internal_cause" ID="7999">
        <definition>&lt;def-root&gt;This FE designates internal events/states that cause the &lt;fen&gt;Agent&lt;/fen&gt; to exhibit the specified type of breathing. Further, the internal state of the &lt;fen&gt;Agent&lt;/fen&gt; is perceivable to others because of the breathing event. 

&lt;ex&gt;He &lt;t&gt;gasped&lt;/t&gt; &lt;fex name="int"&gt;in horror&lt;/fex&gt; .&lt;/ex&gt;&lt;/def-root&gt;</definition>
    </FE>
    <FE bgColor="9F79EE" fgColor="FFFFFF" coreType="Extra-Thematic" cBy="JKR" cDate="05/19/2005 03:43:37 PDT Thu" abbrev="ext" name="External_cause" ID="8000">
        <definition>&lt;def-root&gt;This FE denotes an event or state external to the &lt;fen&gt;Agent&lt;/fen&gt; that causes them exhibit the specified manner of breathing but not as a conscious response to the &lt;fen&gt;External_cause&lt;/fen&gt;.

&lt;ex&gt;Isabel &lt;t&gt;gasped&lt;/t&gt; &lt;fex name="External_cause"&gt;at the strength of his grip&lt;/fex&gt;.&lt;/ex&gt;&lt;/def-root&gt;</definition>
    </FE>
    <FE bgColor="2E8B57" fgColor="FFFFFF" coreType="Extra-Thematic" cBy="JKR" cDate="05/19/2005 04:05:48 PDT Thu" abbrev="cir" name="Circumstances" ID="8001">
        <definition>&lt;def-root&gt;&lt;fen&gt;Circumstances&lt;/fen&gt; are expressions indicating prevailing physical conditions or states of affairs concurrent  to the breathing event.

&lt;ex&gt;They &lt;t&gt;respire&lt;/t&gt; &lt;fex name="cir"&gt;at lower levels of light, temperature, and tissue moisture than bryophytes&lt;/fex&gt;.&lt;/ex&gt;&lt;/def-root&gt;</definition>
    </FE>
    <FE bgColor="7CCD73" fgColor="FFFFFF" coreType="Peripheral" cBy="JKR" cDate="05/19/2005 04:30:55 PDT Thu" abbrev="pur" name="Purpose" ID="8002">
        <definition>&lt;def-root&gt;An action that the &lt;fen&gt;Agent&lt;/fen&gt; intends to accomplish by breathing in the specified manner.

&lt;ex&gt;Blanche &lt;t&gt;respired&lt;/t&gt; steadily &lt;fex name="pur"&gt;to allow the tension to subside&lt;/fex&gt;.&lt;/ex&gt;&lt;/def-root&gt;</definition>
        <semType name="State_of_affairs" ID="177"/>
    </FE>
    <frameRelation type="Inherits from"/>
    <frameRelation type="Is Inherited by"/>
    <frameRelation type="Perspective on"/>
    <frameRelation type="Is Perspectivized in"/>
    <frameRelation type="Uses">
        <relatedFrame ID="345">Fluidic_motion</relatedFrame>
    </frameRelation>
    <frameRelation type="Is Used by"/>
    <frameRelation type="Subframe of"/>
    <frameRelation type="Has Subframe(s)"/>
    <frameRelation type="Precedes"/>
    <frameRelation type="Is Preceded by"/>
    <frameRelation type="Is Inchoative of"/>
    <frameRelation type="Is Causative of"/>
    <frameRelation type="See also"/>
    <lexUnit status="Finished_Initial" incorporatedFE="Air" POS="V" name="breathe.v" ID="4957" lemmaID="4528" cBy="MJE" cDate="02/19/2002 06:09:29 PST Tue">
        <definition>COD: take air into the lungs and then expel it as a regular physiological process. </definition>
        <sentenceCount annotated="56" total="624"/>
        <lexeme order="1" headword="false" breakBefore="false" POS="V" name="breathe"/>
    </lexUnit>
    <lexUnit status="Finished_Initial" POS="V" name="inhale.v" ID="4958" lemmaID="19941" cBy="MJE" cDate="02/19/2002 06:10:45 PST Tue">
        <definition>COD: breathe in.</definition>
        <sentenceCount annotated="31" total="198"/>
        <lexeme order="1" headword="false" breakBefore="false" POS="V" name="inhale"/>
    </lexUnit>
    <lexUnit status="Finished_Initial" incorporatedFE="Air" POS="N" name="breath.n" ID="4959" lemmaID="4525" cBy="MJE" cDate="02/19/2002 06:12:06 PST Tue">
        <definition>COD: an inhalation or exhalation of air from the lungs. </definition>
        <sentenceCount annotated="42" total="515"/>
        <lexeme order="1" headword="false" breakBefore="false" POS="N" name="breath"/>
    </lexUnit>
    <lexUnit status="Finished_Initial" incorporatedFE="Air" POS="V" name="exhale.v" ID="4960" lemmaID="13442" cBy="MJE" cDate="02/19/2002 06:13:20 PST Tue">
        <definition>COD: breathe out.</definition>
        <sentenceCount annotated="17" total="82"/>
        <lexeme order="1" headword="false" breakBefore="false" POS="V" name="exhale"/>
    </lexUnit>
    <lexUnit status="Finished_Initial" incorporatedFE="Air" POS="V" name="gasp.v" ID="4961" lemmaID="15966" cBy="MJE" cDate="02/19/2002 06:17:04 PST Tue">
        <definition>COD: catch one's breath with an open mouth, owing to pain or astonishment. strain to obtain (air) by gasping. </definition>
        <sentenceCount annotated="20" total="239"/>
        <lexeme order="1" headword="false" breakBefore="false" POS="V" name="gasp"/>
    </lexUnit>
    <lexUnit status="Finished_Initial" incorporatedFE="Air" POS="N" name="sigh.n" ID="4962" lemmaID="35852" cBy="MJE" cDate="02/19/2002 06:18:12 PST Tue">
        <definition>COD:  a long, deep, audible exhalation expressing sadness, tiredness, relief, etc. </definition>
        <sentenceCount annotated="28" total="227"/>
        <lexeme order="1" headword="false" breakBefore="false" POS="N" name="sigh"/>
    </lexUnit>
    <lexUnit status="Insufficient_Attestations" incorporatedFE="Air" POS="N" name="exhalation.n" ID="4963" lemmaID="13441" cBy="MJE" cDate="02/19/2002 06:20:46 PST Tue">
        <definition>FN: air expelled by breathing out.</definition>
        <sentenceCount annotated="3" total="30"/>
        <lexeme order="1" headword="false" breakBefore="false" POS="N" name="exhalation"/>
    </lexUnit>
    <lexUnit status="Finished_Initial" incorporatedFE="Air" POS="N" name="exhalation act.n" ID="4964" lemmaID="13441" cBy="MJE" cDate="02/19/2002 06:21:42 PST Tue">
        <definition>FN: the act of breathing out.</definition>
        <sentenceCount annotated="6" total="30"/>
        <lexeme order="1" headword="false" breakBefore="false" POS="N" name="exhalation"/>
    </lexUnit>
    <lexUnit status="Finished_Initial" POS="N" name="inhalation.n" ID="4965" lemmaID="45470" cBy="MJE" cDate="02/19/2002 06:22:42 PST Tue">
        <definition>FN: the act of breathing in.</definition>
        <sentenceCount annotated="17" total="80"/>
        <lexeme order="1" headword="false" breakBefore="false" POS="N" name="inhalation"/>
    </lexUnit>
    <lexUnit status="Insufficient_Attestations" incorporatedFE="Air" POS="N" name="inhalation breath.n" ID="4966" lemmaID="45470" cBy="MJE" cDate="02/19/2002 06:25:27 PST Tue">
        <definition>FN: air which is taken in.</definition>
        <sentenceCount annotated="0" total="0"/>
        <lexeme order="1" headword="false" breakBefore="false" POS="N" name="inhalation"/>
    </lexUnit>
    <lexUnit status="Finished_Initial" incorporatedFE="Air" POS="V" name="huff.v" ID="4967" lemmaID="18592" cBy="MJE" cDate="02/19/2002 06:30:12 PST Tue">
        <definition>COD: blow out noisily.</definition>
        <sentenceCount annotated="7" total="48"/>
        <lexeme order="1" headword="false" breakBefore="false" POS="V" name="huff"/>
    </lexUnit>
    <lexUnit status="Finished_Initial" POS="V" name="puff.v" ID="4968" lemmaID="31077" cBy="MJE" cDate="02/19/2002 06:32:57 PST Tue">
        <definition>COD: breathe in repeated short gasps</definition>
        <sentenceCount annotated="7" total="119"/>
        <lexeme order="1" headword="false" breakBefore="false" POS="V" name="puff"/>
    </lexUnit>
    <lexUnit status="Rules_Defined" incorporatedFE="Air" POS="V" name="sigh.v" ID="4992" lemmaID="35853" cBy="ACW" cDate="02/25/2002 10:10:27 PST Mon">
        <definition>COD: emit a sigh</definition>
        <sentenceCount annotated="0" total="0"/>
        <lexeme order="1" headword="false" breakBefore="false" POS="V" name="sigh"/>
    </lexUnit>
    <lexUnit status="Created" incorporatedFE="Air" POS="V" name="blow.v" ID="11963" lemmaID="3925" cBy="MiL" cDate="04/27/2005 05:47:24 PDT Wed">
        <definition>COD: expel air through pursed lips.</definition>
        <sentenceCount annotated="0" total="0"/>
        <lexeme order="1" headword="false" breakBefore="false" POS="V" name="blow"/>
    </lexUnit>
    <lexUnit status="Insufficient_Attestations" incorporatedFE="Air" POS="V" name="expire.v" ID="11964" lemmaID="13553" cBy="MiL" cDate="04/27/2005 05:49:34 PDT Wed">
        <definition>COD:  exhale (air) from the lung.</definition>
        <sentenceCount annotated="0" total="0"/>
        <lexeme order="1" headword="false" breakBefore="false" POS="V" name="expire"/>
    </lexUnit>
    <lexUnit status="Insufficient_Attestations" incorporatedFE="Air" POS="V" name="inspire.v" ID="11966" lemmaID="20159" cBy="MiL" cDate="04/27/2005 05:54:53 PDT Wed">
        <definition>FN: inhale</definition>
        <sentenceCount annotated="0" total="0"/>
        <lexeme order="1" headword="false" breakBefore="false" POS="V" name="inspire"/>
    </lexUnit>
    <lexUnit status="Insufficient_Attestations" POS="V" name="insufflate.v" ID="11967" lemmaID="49975" cBy="MiL" cDate="04/27/2005 05:57:53 PDT Wed">
        <definition>COD: blow or breathe (vapour, a powdered medicine, etc.) into or through a body cavity. </definition>
        <sentenceCount annotated="0" total="0"/>
        <lexeme order="1" headword="true" breakBefore="false" POS="V" name="insufflate"/>
    </lexUnit>
    <lexUnit status="Rules_Defined" incorporatedFE="Air" POS="V" name="pant.v" ID="11968" lemmaID="27686" cBy="MiL" cDate="04/27/2005 05:58:43 PDT Wed">
        <definition>COD: breathe with short, quick breaths, typically from exertion or excitement.</definition>
        <sentenceCount annotated="0" total="0"/>
        <lexeme order="1" headword="false" breakBefore="false" POS="V" name="pant"/>
    </lexUnit>
    <lexUnit status="Finished_Initial" incorporatedFE="Air" POS="V" name="respire.v" ID="11969" lemmaID="32901" cBy="MiL" cDate="04/27/2005 05:59:22 PDT Wed">
        <definition>COD: breathe</definition>
        <sentenceCount annotated="17" total="19"/>
        <lexeme order="1" headword="false" breakBefore="false" POS="V" name="respire"/>
    </lexUnit>
    <lexUnit status="Insufficient_Attestations" incorporatedFE="Air" POS="V" name="suspire.v" ID="11970" lemmaID="49976" cBy="MiL" cDate="04/27/2005 06:00:48 PDT Wed">
        <definition>COD: breathe</definition>
        <sentenceCount annotated="0" total="0"/>
        <lexeme order="1" headword="true" breakBefore="false" POS="V" name="suspire"/>
    </lexUnit>
</frame>