<?xml version="1.0" encoding="UTF-8" standalone="yes"?>
<?xml-stylesheet type="text/xsl" href="frame.xsl"?>
<frame cBy="MRLP" cDate="09/13/2001 05:54:02 PDT Thu" name="Calendric_unit" ID="229" xsi:schemaLocation="../schema/frame.xsd" xmlns="http://framenet.icsi.berkeley.edu" xmlns:xsi="http://www.w3.org/2001/XMLSchema-instance">
    <definition>&lt;def-root&gt;Words in this frame name the different parts of the calendric cycle, both man-made and natural. Frame elements include &lt;fen&gt;Whole&lt;/fen&gt; for the whole of which the target is a part,  &lt;fen&gt;Relative_time&lt;/fen&gt; (RelT) for locating the time with respect to an identifiable reference point, and &lt;fen&gt;Name&lt;/fen&gt; for the name of the day (month, etc.) of  a specially named unit.  Words in this frame figure into a variety of temporal schemas, realized as constructions.  There are families of constructions in which these words occur, including ones in which weekday names combine with day part names using particular prepositions (e.g. &lt;ment&gt;on Wednesday morning&lt;/ment&gt;, cf. &lt;ment&gt;on Wednesday&lt;/ment&gt;, but  &lt;ment&gt;in the morning&lt;/ment&gt;) and ones in which  calendric terms fill the slots in multi-word expressions such as  N-after-N (e.g. &lt;ment&gt;day after day&lt;/ment&gt;),  N-by-N (e.g. &lt;ment&gt;week by week&lt;/ment&gt;),  N-to-N (e.g. &lt;ment&gt;month to month&lt;/ment&gt;), etc. More can be found on these in Fillmore (2002).  Note, also, the connection between this frame and Iteration, specifically that many iterative adjectives and adverbs are based on calendric terms (e.g. &lt;ment&gt;daily&lt;/ment&gt;, &lt;ment&gt;weekly&lt;/ment&gt;, &lt;ment&gt;monthly&lt;/ment&gt;, etc.).

&lt;ex&gt;Jo's mother will visit &lt;fex name="Relative_time"&gt;this coming&lt;/fex&gt; &lt;fex name="Unit"&gt;&lt;t&gt;Tuesday&lt;/t&gt;&lt;/fex&gt;.&lt;/ex&gt;&lt;/def-root&gt;</definition>
    <FE bgColor="FFA500" fgColor="FFFFFF" coreType="Core" cBy="MRLP" cDate="09/20/2001 10:16:00 PDT Thu" abbrev="RelT" name="Relative_time" ID="1993">
        <definition>&lt;def-root&gt;&lt;fen&gt;Relative_time&lt;/fen&gt; is used for the word or words that locate the time with respect to an identifiable reference point.

&lt;ex&gt;Jo's mother will visit &lt;fex name="RelT"&gt; this coming&lt;/fex&gt; &lt;t&gt;Tuesday&lt;/t&gt;.&lt;/ex&gt;&lt;/def-root&gt;</definition>
    </FE>
    <FE bgColor="9400D3" fgColor="FFFFFF" coreType="Peripheral" cBy="MRLP" cDate="09/20/2001 10:19:31 PDT Thu" abbrev="Name" name="Name" ID="1995">
        <definition>&lt;def-root&gt;&lt;fen&gt;Name&lt;/fen&gt; is used for the name of a day (month, etc.).  
Note that only the word (or words) that is the name is (are) tagged, not the target word. 
&lt;ex&gt;&lt;fex name="Name"&gt;Labor&lt;/fex&gt; &lt;t&gt;Day&lt;/t&gt; is just around the corner.&lt;/ex&gt;
&lt;ex&gt;January is &lt;fex name="Name"&gt;Black History&lt;/fex&gt; &lt;t&gt;Month&lt;/t&gt;.&lt;/ex&gt;
&lt;/def-root&gt;</definition>
    </FE>
    <FE bgColor="FF69B4" fgColor="FFFFFF" coreType="Core" cBy="MRLP" cDate="09/25/2001 04:52:09 PDT Tue" abbrev="Whole" name="Whole" ID="2016">
        <definition>&lt;def-root&gt;&lt;fen&gt;Whole&lt;/fen&gt; is used for the larger unit of which the target word names a part.

&lt;ex&gt;Jo fled in the early &lt;t&gt;morning&lt;/t&gt; &lt;fex name="Whole"&gt;of  Sunday December 15&lt;/fex&gt;.&lt;/ex&gt;&lt;/def-root&gt;</definition>
    </FE>
    <FE bgColor="008000" fgColor="FFFFFF" coreType="Peripheral" cBy="MJE" cDate="04/12/2005 02:28:55 PDT Tue" abbrev="cou" name="Count" ID="7759">
        <definition>&lt;def-root&gt;The number of intervals of the specified type.

&lt;ex&gt;These last &lt;fex name="cou"&gt;two&lt;/fex&gt; &lt;t&gt;weeks&lt;/t&gt;,  I just keep getting myself into trouble .&lt;/ex&gt;&lt;/def-root&gt;</definition>
    </FE>
    <FE bgColor="FF0000" fgColor="FFFFFF" coreType="Core" cBy="RLG" cDate="06/20/2006 02:50:43 PDT Tue" abbrev="uni" name="Unit" ID="10331">
        <definition>&lt;def-root&gt;The calendric unit that is denoted. LUs in this frame all denote the &lt;fen&gt;Unit&lt;/fen&gt;.&lt;/def-root&gt;</definition>
    </FE>
    <FE bgColor="0000FF" fgColor="FFFFFF" coreType="Extra-Thematic" cBy="RLG" cDate="04/23/2007 02:46:39 PDT Mon" abbrev="sal_eve" name="Salient_event" ID="11700">
        <definition>&lt;def-root&gt;An event saliently associated with a particular calendric unit.

&lt;ex&gt;Today was my school's &lt;fex name="sal_eve"&gt;cut&lt;/fex&gt; &lt;t&gt;day&lt;/t&gt;.&lt;/ex&gt;

&lt;ex&gt;Republicans have indicated they plan to make Kerry's positions an &lt;fex name="sal_eve"&gt;election&lt;/fex&gt; &lt;t&gt;year&lt;/t&gt; issue.&lt;/ex&gt;&lt;/def-root&gt;</definition>
    </FE>
    <FEcoreSet>
        <memberFE name="Whole" ID="2016"/>
        <memberFE name="Relative_time" ID="1993"/>
    </FEcoreSet>
    <frameRelation type="Inherits from">
        <relatedFrame ID="2141">Location_in_time</relatedFrame>
    </frameRelation>
    <frameRelation type="Is Inherited by"/>
    <frameRelation type="Perspective on"/>
    <frameRelation type="Is Perspectivized in"/>
    <frameRelation type="Uses"/>
    <frameRelation type="Is Used by">
        <relatedFrame ID="691">Change_event_time</relatedFrame>
    </frameRelation>
    <frameRelation type="Subframe of"/>
    <frameRelation type="Has Subframe(s)"/>
    <frameRelation type="Precedes"/>
    <frameRelation type="Is Preceded by"/>
    <frameRelation type="Is Inchoative of"/>
    <frameRelation type="Is Causative of"/>
    <frameRelation type="See also"/>
    <lexUnit status="Finished_Initial" incorporatedFE="Unit" POS="N" name="day.n" ID="3946" lemmaID="9631" cBy="MRLP" cDate="09/13/2001 05:58:57 PDT Thu">
        <definition>COD: a twenty-four-hour period as a unit of time, reckoned from one midnight to the next and corresponding to a rotation of the earth on its axis</definition>
        <sentenceCount annotated="72" total="729"/>
        <lexeme order="1" headword="false" breakBefore="false" POS="N" name="day"/>
    </lexUnit>
    <lexUnit status="Created" incorporatedFE="Unit" POS="N" name="week.n" ID="3947" lemmaID="43691" cBy="MRLP" cDate="09/13/2001 06:00:50 PDT Thu">
        <definition>COD: the period of seven days generally reckoned from and to midnight on Saturday night</definition>
        <sentenceCount annotated="20" total="20"/>
        <lexeme order="1" headword="false" breakBefore="false" POS="N" name="week"/>
    </lexUnit>
    <lexUnit status="Finished_Initial" incorporatedFE="Unit" POS="N" name="daybreak.n" ID="3948" lemmaID="9634" cBy="MRLP" cDate="09/13/2001 06:03:57 PDT Thu">
        <definition>COD: dawn</definition>
        <sentenceCount annotated="5" total="36"/>
        <lexeme order="1" headword="false" breakBefore="false" POS="N" name="daybreak"/>
    </lexUnit>
    <lexUnit status="Created" incorporatedFE="Unit" POS="N" name="weekday.n" ID="3951" lemmaID="43692" cBy="MRLP" cDate="09/13/2001 06:08:00 PDT Thu">
        <definition>COD: a day of the week other than Sunday or Saturday</definition>
        <sentenceCount annotated="1" total="1"/>
        <lexeme order="1" headword="false" breakBefore="false" POS="N" name="weekday"/>
    </lexUnit>
    <lexUnit status="Finished_Initial" incorporatedFE="Unit" POS="N" name="weekend.n" ID="3952" lemmaID="43693" cBy="MRLP" cDate="09/13/2001 06:09:56 PDT Thu">
        <definition>COD: Saturday and Sunday</definition>
        <sentenceCount annotated="22" total="353"/>
        <lexeme order="1" headword="false" breakBefore="false" POS="N" name="weekend"/>
    </lexUnit>
    <lexUnit status="Created" incorporatedFE="Unit" POS="N" name="weeknight.n" ID="3954" lemmaID="43699" cBy="MRLP" cDate="09/13/2001 06:12:04 PDT Thu">
        <definition>FN: a night of the week exclusive of Saturday and Sunday</definition>
        <sentenceCount annotated="0" total="0"/>
        <lexeme order="1" headword="false" breakBefore="false" POS="N" name="weeknight"/>
    </lexUnit>
    <lexUnit status="Finished_Initial" incorporatedFE="Unit" POS="N" name="dawn.n" ID="3955" lemmaID="9629" cBy="MRLP" cDate="09/13/2001 06:13:16 PDT Thu">
        <definition>COD: the first appearance of light in the sky before sunrise</definition>
        <sentenceCount annotated="20" total="218"/>
        <lexeme order="1" headword="false" breakBefore="false" POS="N" name="dawn"/>
    </lexUnit>
    <lexUnit status="Finished_Initial" incorporatedFE="Unit" POS="N" name="morning.n" ID="3956" lemmaID="24939" cBy="MRLP" cDate="09/13/2001 06:14:11 PDT Thu">
        <definition>COD: the period of time between midnight and noon, especially from sunrise to noon</definition>
        <sentenceCount annotated="24" total="413"/>
        <lexeme order="1" headword="false" breakBefore="false" POS="N" name="morning"/>
    </lexUnit>
    <lexUnit status="Finished_Initial" incorporatedFE="Unit" POS="N" name="noon.n" ID="3957" lemmaID="26072" cBy="MRLP" cDate="09/13/2001 06:18:14 PDT Thu">
        <definition>COD: twelve o'clock in the day; midday</definition>
        <sentenceCount annotated="22" total="221"/>
        <lexeme order="1" headword="false" breakBefore="false" POS="N" name="noon"/>
    </lexUnit>
    <lexUnit status="BTDT" incorporatedFE="Unit" POS="N" name="Monday.n" ID="3994" lemmaID="24764" cBy="MRLP" cDate="09/17/2001 03:59:41 PDT Mon">
        <definition>COD: the day of the week before Tuesday and following Sunday;Patterns like: Calendric_unit.Wednesday.n</definition>
        <sentenceCount annotated="7" total="7"/>
        <lexeme order="1" headword="false" breakBefore="false" POS="N" name="Monday"/>
    </lexUnit>
    <lexUnit status="BTDT" incorporatedFE="Unit" POS="N" name="Tuesday.n" ID="3995" lemmaID="41448" cBy="MRLP" cDate="09/17/2001 04:02:06 PDT Mon">
        <definition>COD: the day of the week before Wednesday and following Monday; Patterns like: Calendric_unit.Wednesday.n</definition>
        <sentenceCount annotated="5" total="6"/>
        <lexeme order="1" headword="false" breakBefore="false" POS="N" name="Tuesday"/>
    </lexUnit>
    <lexUnit status="Finished_Initial" incorporatedFE="Unit" POS="N" name="Wednesday.n" ID="3996" lemmaID="43680" cBy="MRLP" cDate="09/17/2001 04:03:01 PDT Mon">
        <definition>COD: the day of the week before Thursday and following Tuesday</definition>
        <sentenceCount annotated="38" total="459"/>
        <lexeme order="1" headword="false" breakBefore="false" POS="N" name="Wednesday"/>
    </lexUnit>
    <lexUnit status="BTDT" incorporatedFE="Unit" POS="N" name="Thursday.n" ID="3997" lemmaID="40343" cBy="MRLP" cDate="09/17/2001 04:03:33 PDT Mon">
        <definition>COD: the day of the week before Friday and following Wednesday; Patterns like: Calendric_unit.Wednesday.n</definition>
        <sentenceCount annotated="9" total="9"/>
        <lexeme order="1" headword="false" breakBefore="false" POS="N" name="Thursday"/>
    </lexUnit>
    <lexUnit status="BTDT" incorporatedFE="Unit" POS="N" name="Friday.n" ID="3999" lemmaID="15468" cBy="MRLP" cDate="09/17/2001 04:04:55 PDT Mon">
        <definition>COD: the day of the week before Saturday and following Thursday; Patterns like: Calendric_unit.Wednesday.n</definition>
        <sentenceCount annotated="6" total="7"/>
        <lexeme order="1" headword="false" breakBefore="false" POS="N" name="Friday"/>
    </lexUnit>
    <lexUnit status="BTDT" incorporatedFE="Unit" POS="N" name="Saturday.n" ID="4000" lemmaID="34204" cBy="MRLP" cDate="09/17/2001 04:06:06 PDT Mon">
        <definition>COD: the day of the week before Sunday and following Friday; Patterns like: Calendric_unit.Wednesday.n</definition>
        <sentenceCount annotated="4" total="4"/>
        <lexeme order="1" headword="false" breakBefore="false" POS="N" name="Saturday"/>
    </lexUnit>
    <lexUnit status="Finished_Initial" incorporatedFE="Unit" POS="N" name="today.n" ID="4054" lemmaID="40594" cBy="MRLP" cDate="09/20/2001 09:40:27 PDT Thu">
        <definition>COD: this present day</definition>
        <sentenceCount annotated="31" total="120"/>
        <lexeme order="1" headword="false" breakBefore="false" POS="N" name="today"/>
    </lexUnit>
    <lexUnit status="Finished_Initial" incorporatedFE="Unit" POS="N" name="yesterday.n" ID="4055" lemmaID="44714" cBy="MRLP" cDate="09/20/2001 09:43:07 PDT Thu">
        <definition>COD: the day before today</definition>
        <sentenceCount annotated="29" total="292"/>
        <lexeme order="1" headword="false" breakBefore="false" POS="N" name="yesterday"/>
    </lexUnit>
    <lexUnit status="Finished_Initial" incorporatedFE="Unit" POS="N" name="tomorrow.n" ID="4056" lemmaID="40658" cBy="MRLP" cDate="09/20/2001 10:01:37 PDT Thu">
        <definition>COD: the day after today</definition>
        <sentenceCount annotated="13" total="297"/>
        <lexeme order="1" headword="false" breakBefore="false" POS="N" name="tomorrow"/>
    </lexUnit>
    <lexUnit status="Finished_Initial" incorporatedFE="Unit" POS="N" name="midday.n" ID="4059" lemmaID="24200" cBy="MRLP" cDate="09/20/2001 03:26:13 PDT Thu">
        <definition>COD: the middle of the day; noon</definition>
        <sentenceCount annotated="10" total="152"/>
        <lexeme order="1" headword="false" breakBefore="false" POS="N" name="midday"/>
    </lexUnit>
    <lexUnit status="Finished_Initial" incorporatedFE="Unit" POS="N" name="afternoon.n" ID="4060" lemmaID="755" cBy="MRLP" cDate="09/20/2001 03:27:43 PDT Thu">
        <definition>COD: the time from noon or lunchtime to evening</definition>
        <sentenceCount annotated="23" total="272"/>
        <lexeme order="1" headword="false" breakBefore="false" POS="N" name="afternoon"/>
    </lexUnit>
    <lexUnit status="Finished_Initial" incorporatedFE="Unit" POS="N" name="dusk.n" ID="4061" lemmaID="11993" cBy="MRLP" cDate="09/20/2001 03:29:22 PDT Thu">
        <definition>COD: the darker stage of twilight</definition>
        <sentenceCount annotated="9" total="172"/>
        <lexeme order="1" headword="false" breakBefore="false" POS="N" name="dusk"/>
    </lexUnit>
    <lexUnit status="Finished_Initial" incorporatedFE="Unit" POS="N" name="evening.n" ID="4062" lemmaID="13257" cBy="MRLP" cDate="09/20/2001 03:33:32 PDT Thu">
        <definition>COD: the period of time at the end of the day, between late afternoon and bedtime</definition>
        <sentenceCount annotated="27" total="367"/>
        <lexeme order="1" headword="false" breakBefore="false" POS="N" name="evening"/>
    </lexUnit>
    <lexUnit status="Finished_Initial" incorporatedFE="Unit" POS="N" name="eve.n" ID="4063" lemmaID="13250" cBy="MRLP" cDate="09/20/2001 03:34:52 PDT Thu">
        <definition>COD: the evening or day before a religious festival</definition>
        <sentenceCount annotated="5" total="42"/>
        <lexeme order="1" headword="false" breakBefore="false" POS="N" name="eve"/>
    </lexUnit>
    <lexUnit status="Created" incorporatedFE="Unit" POS="N" name="night.n" ID="4064" lemmaID="25840" cBy="MRLP" cDate="09/20/2001 03:35:50 PDT Thu">
        <definition>COD: the time from sunset to sunrise</definition>
        <sentenceCount annotated="21" total="23"/>
        <lexeme order="1" headword="false" breakBefore="false" POS="N" name="night"/>
    </lexUnit>
    <lexUnit status="Finished_Initial" incorporatedFE="Unit" POS="N" name="midnight.n" ID="4065" lemmaID="24227" cBy="MRLP" cDate="09/20/2001 03:58:34 PDT Thu">
        <definition>COD: twelve o'clock at night; the middle of the night</definition>
        <sentenceCount annotated="29" total="288"/>
        <lexeme order="1" headword="false" breakBefore="false" POS="N" name="midnight"/>
    </lexUnit>
    <lexUnit status="Finished_Initial" incorporatedFE="Unit" POS="N" name="twilight.n" ID="4066" lemmaID="41619" cBy="MRLP" cDate="09/20/2001 04:03:03 PDT Thu">
        <definition>FN: the time of day when the sun is just below the horizon, especially between sunset and dark</definition>
        <sentenceCount annotated="4" total="89"/>
        <lexeme order="1" headword="false" breakBefore="false" POS="N" name="twilight"/>
    </lexUnit>
    <lexUnit status="Created" incorporatedFE="Unit" POS="N" name="month.n" ID="4068" lemmaID="24852" cBy="MRLP" cDate="09/20/2001 05:25:31 PDT Thu">
        <definition>COD: each of the twelve named periods into which a year is divided</definition>
        <sentenceCount annotated="12" total="14"/>
        <lexeme order="1" headword="false" breakBefore="false" POS="N" name="month"/>
    </lexUnit>
    <lexUnit status="Created" incorporatedFE="Unit" POS="N" name="year.n" ID="4074" lemmaID="44680" cBy="MRLP" cDate="09/21/2001 12:42:00 PDT Fri">
        <definition>COD: the period of 365 days (or 366 days in leap years) starting from the first of January, used for reckoning time in ordinary affairs</definition>
        <sentenceCount annotated="59" total="68"/>
        <lexeme order="1" headword="false" breakBefore="false" POS="N" name="year"/>
    </lexUnit>
    <lexUnit status="Finished_Initial" incorporatedFE="Unit" POS="N" name="calendar year.n" ID="4078" lemmaID="45211" cBy="MRLP" cDate="09/21/2001 02:14:03 PDT Fri">
        <definition>FN: the period of time which begins on Janurary 1st and ends on December 31st.</definition>
        <sentenceCount annotated="12" total="57"/>
        <lexeme order="1" headword="false" breakBefore="false" POS="N" name="calendar"/>
        <lexeme order="2" headword="true" breakBefore="false" POS="N" name="year"/>
    </lexUnit>
    <lexUnit status="Finished_Initial" incorporatedFE="Unit" POS="N" name="fortnight.n" ID="4080" lemmaID="15192" cBy="MRLP" cDate="09/21/2001 04:16:27 PDT Fri">
        <definition>COD: a period of two weeks</definition>
        <sentenceCount annotated="7" total="140"/>
        <lexeme order="1" headword="false" breakBefore="false" POS="N" name="fortnight"/>
    </lexUnit>
    <lexUnit status="Finished_Initial" incorporatedFE="Unit" POS="N" name="decade.n" ID="4081" lemmaID="9741" cBy="MRLP" cDate="09/21/2001 04:17:42 PDT Fri">
        <definition>COD: a period of ten years. </definition>
        <sentenceCount annotated="25" total="333"/>
        <lexeme order="1" headword="false" breakBefore="false" POS="N" name="decade"/>
    </lexUnit>
    <lexUnit status="BTDT" incorporatedFE="Unit" POS="N" name="January.n" ID="4643" lemmaID="45350" cBy="MRLP" cDate="01/09/2002 03:50:44 PST Wed">
        <definition>COD: the first month of the year. Patterns like: Calendric_unit.April.n</definition>
        <sentenceCount annotated="4" total="4"/>
        <lexeme order="1" headword="false" breakBefore="false" POS="N" name="January"/>
    </lexUnit>
    <lexUnit status="BTDT" incorporatedFE="Unit" POS="N" name="February.n" ID="4644" lemmaID="45351" cBy="MRLP" cDate="01/09/2002 03:51:00 PST Wed">
        <definition>COD: the second month of the year. Patterns like: Calendric_unit.April.n</definition>
        <sentenceCount annotated="2" total="2"/>
        <lexeme order="1" headword="false" breakBefore="false" POS="N" name="February"/>
    </lexUnit>
    <lexUnit status="BTDT" incorporatedFE="Unit" POS="N" name="March.n" ID="4645" lemmaID="45352" cBy="MRLP" cDate="01/09/2002 03:51:16 PST Wed">
        <definition>COD: the third month of the year. Patterns like: Calendric_unit.April.n</definition>
        <sentenceCount annotated="2" total="2"/>
        <lexeme order="1" headword="false" breakBefore="false" POS="N" name="March"/>
    </lexUnit>
    <lexUnit status="Finished_Initial" incorporatedFE="Unit" POS="N" name="April.n" ID="4646" lemmaID="45353" cBy="MRLP" cDate="01/09/2002 03:51:33 PST Wed">
        <definition>COD: the fourth month of the year</definition>
        <sentenceCount annotated="18" total="262"/>
        <lexeme order="1" headword="false" breakBefore="false" POS="N" name="April"/>
    </lexUnit>
    <lexUnit status="BTDT" incorporatedFE="Unit" POS="N" name="May.n" ID="4647" lemmaID="45354" cBy="MRLP" cDate="01/09/2002 03:51:56 PST Wed">
        <definition>COD: the fifth month of the year. Patterns like: Calendric_unit.April.n</definition>
        <sentenceCount annotated="8" total="10"/>
        <lexeme order="1" headword="false" breakBefore="false" POS="N" name="May"/>
    </lexUnit>
    <lexUnit status="BTDT" incorporatedFE="Unit" POS="N" name="June.n" ID="4648" lemmaID="45355" cBy="MRLP" cDate="01/09/2002 03:52:15 PST Wed">
        <definition>COD: the sixth month of the year. Patterns like: Calendric_unit.April.n</definition>
        <sentenceCount annotated="4" total="6"/>
        <lexeme order="1" headword="false" breakBefore="false" POS="N" name="June"/>
    </lexUnit>
    <lexUnit status="BTDT" incorporatedFE="Unit" POS="N" name="July.n" ID="4649" lemmaID="45356" cBy="MRLP" cDate="01/09/2002 03:52:28 PST Wed">
        <definition>COD: the seventh month of the year. Patterns like: Calendric_unit.April.n</definition>
        <sentenceCount annotated="4" total="5"/>
        <lexeme order="1" headword="false" breakBefore="false" POS="N" name="July"/>
    </lexUnit>
    <lexUnit status="BTDT" incorporatedFE="Unit" POS="N" name="August.n" ID="4650" lemmaID="45357" cBy="MRLP" cDate="01/09/2002 03:52:48 PST Wed">
        <definition>COD: the eighth month of the year. Patterns like: Calendric_unit.April.n</definition>
        <sentenceCount annotated="8" total="9"/>
        <lexeme order="1" headword="true" breakBefore="false" POS="N" name="August"/>
    </lexUnit>
    <lexUnit status="BTDT" incorporatedFE="Unit" POS="N" name="September.n" ID="4651" lemmaID="45358" cBy="MRLP" cDate="01/09/2002 03:53:08 PST Wed">
        <definition>COD: the ninth month of the year. Patterns like: Calendric_unit.April.n</definition>
        <sentenceCount annotated="1" total="1"/>
        <lexeme order="1" headword="false" breakBefore="false" POS="N" name="September"/>
    </lexUnit>
    <lexUnit status="BTDT" incorporatedFE="Unit" POS="N" name="October.n" ID="4652" lemmaID="45359" cBy="MRLP" cDate="01/09/2002 03:53:26 PST Wed">
        <definition>COD: the tenth month of the year. Patterns like: Calendric_unit.April.n</definition>
        <sentenceCount annotated="2" total="2"/>
        <lexeme order="1" headword="false" breakBefore="false" POS="N" name="October"/>
    </lexUnit>
    <lexUnit status="BTDT" incorporatedFE="Unit" POS="N" name="November.n" ID="4653" lemmaID="45360" cBy="MRLP" cDate="01/09/2002 03:53:41 PST Wed">
        <definition>COD: the eleventh month of the year. Patterns like: Calendric_unit.April.n</definition>
        <sentenceCount annotated="4" total="4"/>
        <lexeme order="1" headword="false" breakBefore="false" POS="N" name="November"/>
    </lexUnit>
    <lexUnit status="BTDT" incorporatedFE="Unit" POS="N" name="December.n" ID="4654" lemmaID="45361" cBy="MRLP" cDate="01/09/2002 03:53:57 PST Wed">
        <definition>COD: the twelfth month of the year. Patterns like: Calendric_unit.April.n</definition>
        <sentenceCount annotated="7" total="8"/>
        <lexeme order="1" headword="false" breakBefore="false" POS="N" name="December"/>
    </lexUnit>
    <lexUnit status="Finished_Initial" incorporatedFE="Unit" POS="N" name="Sunday.n" ID="4655" lemmaID="38796" cBy="MRLP" cDate="01/10/2002 09:58:16 PST Thu">
        <definition>COD: the day of the week before Monday and following Saturday</definition>
        <sentenceCount annotated="38" total="541"/>
        <lexeme order="1" headword="false" breakBefore="false" POS="N" name="Sunday"/>
    </lexUnit>
    <lexUnit status="Created" incorporatedFE="Unit" POS="N" name="leap year.n" ID="4764" lemmaID="45420" cBy="MRLP" cDate="01/27/2002 12:19:55 PST Sun">
        <definition>COD: a year, occurring once every four years, which has 366 days including 29 February as an intercalary day</definition>
        <sentenceCount annotated="0" total="0"/>
        <lexeme order="2" headword="true" breakBefore="false" POS="N" name="year"/>
        <lexeme order="1" headword="false" breakBefore="false" POS="N" name="leap"/>
    </lexUnit>
    <lexUnit status="Finished_Initial" incorporatedFE="Unit" POS="N" name="morn.n" ID="4969" lemmaID="24938" cBy="MRLP" cDate="02/20/2002 04:13:23 PST Wed">
        <definition>COD: morning (poetic/literary)</definition>
        <sentenceCount annotated="5" total="31"/>
        <lexeme order="1" headword="false" breakBefore="false" POS="N" name="morn"/>
    </lexUnit>
    <lexUnit status="BTDT" incorporatedFE="Unit" POS="N" name="winter.n" ID="5138" lemmaID="44266" cBy="MRLP" cDate="03/01/2002 04:22:50 PST Fri">
        <definition>COD: the coldest season of the year, after autumn and before spring: Patterns like: Calendric_unit.autumn.n</definition>
        <sentenceCount annotated="1" total="471"/>
        <lexeme order="1" headword="false" breakBefore="false" POS="N" name="winter"/>
    </lexUnit>
    <lexUnit status="BTDT" incorporatedFE="Unit" POS="N" name="spring.n" ID="5139" lemmaID="37531" cBy="MRLP" cDate="03/01/2002 04:23:17 PST Fri">
        <definition>COD: the season after winter and before summer, in which vegetation begins to appear; Patterns like: Calendric_unit.autumn.n</definition>
        <sentenceCount annotated="3" total="3"/>
        <lexeme order="1" headword="false" breakBefore="false" POS="N" name="spring"/>
    </lexUnit>
    <lexUnit status="BTDT" incorporatedFE="Unit" POS="N" name="summer.n" ID="5140" lemmaID="38768" cBy="MRLP" cDate="03/01/2002 04:23:34 PST Fri">
        <definition>COD: the season after spring and before autumn, when the weather is warmest;  Patterns like: Calendric_unit.autumn.n</definition>
        <sentenceCount annotated="7" total="427"/>
        <lexeme order="1" headword="false" breakBefore="false" POS="N" name="summer"/>
    </lexUnit>
    <lexUnit status="Created" incorporatedFE="Unit" POS="N" name="hour.n" ID="5142" lemmaID="18503" cBy="MRLP" cDate="03/01/2002 04:24:04 PST Fri">
        <definition>COD: a period of time equal to a twenty-fourth part of a day and night and divided into 60 minutes</definition>
        <sentenceCount annotated="11" total="12"/>
        <lexeme order="1" headword="false" breakBefore="true" POS="N" name="hour"/>
    </lexUnit>
    <lexUnit status="Created" incorporatedFE="Unit" POS="N" name="minute.n" ID="5143" lemmaID="24424" cBy="MRLP" cDate="03/01/2002 04:24:24 PST Fri">
        <definition>COD: a period of time equal to sixty seconds or a sixtieth of an hour</definition>
        <sentenceCount annotated="2" total="2"/>
        <lexeme order="1" headword="false" breakBefore="false" POS="N" name="minute"/>
    </lexUnit>
    <lexUnit status="Created" incorporatedFE="Unit" POS="N" name="second.n" ID="5144" lemmaID="34754" cBy="MRLP" cDate="03/01/2002 04:24:39 PST Fri">
        <definition>COD: a sixtieth of a minute of time, which as the SI unit of time is defined in terms of the natural periodicity of the radiation of a caesium-133 atom</definition>
        <sentenceCount annotated="0" total="0"/>
        <lexeme order="1" headword="false" breakBefore="false" POS="N" name="second"/>
    </lexUnit>
    <lexUnit status="Finished_Initial" incorporatedFE="Unit" POS="N" name="autumn.n" ID="5185" lemmaID="2451" cBy="MRLP" cDate="03/07/2002 05:05:24 PST Thu">
        <definition>COD: the season after summer and before winter</definition>
        <sentenceCount annotated="35" total="363"/>
        <lexeme order="1" headword="false" breakBefore="false" POS="N" name="autumn"/>
    </lexUnit>
    <lexUnit status="Created" incorporatedFE="Unit" POS="N" name="school year.n" ID="7345" lemmaID="46110" cBy="GlY" cDate="08/29/2002 03:59:26 PDT Thu">
        <definition>FN: a period of time when school is held, which starts after a summer and ends before the next summer. </definition>
        <sentenceCount annotated="1" total="1"/>
        <lexeme order="2" headword="true" breakBefore="false" POS="N" name="year"/>
        <lexeme order="1" headword="false" breakBefore="false" POS="N" name="school"/>
    </lexUnit>
    <lexUnit status="Created" POS="N" name="quarter.n" ID="13729" lemmaID="31435" cBy="MJE" cDate="02/12/2007 06:25:12 PST Mon">
        <definition>COD: a period of three months, used especially in reference to financial transactions</definition>
        <sentenceCount annotated="4" total="4"/>
        <lexeme order="1" headword="false" breakBefore="false" POS="N" name="quarter"/>
    </lexUnit>
    <lexUnit status="Created" POS="N" name="era.n" ID="13903" lemmaID="13029" cBy="KmG" cDate="03/01/2007 11:38:30 PST Thu">
        <definition>COD: a major division of time that is a subdivision of an aeon and is itself subdivided into periods.</definition>
        <sentenceCount annotated="10" total="10"/>
        <lexeme order="1" headword="false" breakBefore="false" POS="N" name="era"/>
    </lexUnit>
    <lexUnit status="Created" POS="N" name="age.n" ID="13977" lemmaID="772" cBy="KmG" cDate="03/14/2007 11:56:13 PDT Wed">
        <definition>COD: a distinct period of history.</definition>
        <sentenceCount annotated="13" total="13"/>
        <lexeme order="1" headword="false" breakBefore="false" POS="N" name="age"/>
    </lexUnit>
    <lexUnit status="Created" POS="N" name="rush hour.n" ID="14391" lemmaID="50663" cBy="KmG" cDate="04/11/2007 03:26:46 PDT Wed">
        <definition>COD: a time at the start and end of the working day when traffic is at its heaviest.</definition>
        <sentenceCount annotated="2" total="2"/>
        <lexeme order="1" headword="true" breakBefore="false" POS="A" name="rush"/>
        <lexeme order="2" headword="false" breakBefore="false" POS="N" name="hour"/>
    </lexUnit>
    <lexUnit status="Created" POS="N" name="tonight.n" ID="14590" lemmaID="50750" cBy="KmG" cDate="10/26/2007 11:57:51 PDT Fri">
        <definition>FN: this present evening</definition>
        <sentenceCount annotated="0" total="1"/>
        <lexeme order="1" headword="true" breakBefore="false" POS="N" name="tonight"/>
    </lexUnit>
    <lexUnit status="Created" POS="N" name="century.n" ID="14795" lemmaID="5927" cBy="KmG" cDate="02/20/2008 02:10:18 PST Wed">
        <definition>FN: the period of 100 years</definition>
        <sentenceCount annotated="27" total="27"/>
        <lexeme order="1" headword="false" breakBefore="false" POS="N" name="century"/>
    </lexUnit>
    <lexUnit status="Created" incorporatedFE="Unit" POS="N" name="millennium.n" ID="15378" lemmaID="50425" cBy="AnW" cDate="06/19/2009 01:45:47 PDT Fri">
        <definition>COD: a period of a thousand years, especially when calculated from the traditional date of the birth of Christ.</definition>
        <sentenceCount annotated="2" total="2"/>
        <lexeme order="1" headword="true" breakBefore="false" POS="N" name="millennium"/>
    </lexUnit>
    <lexUnit status="Created" POS="N" name="holiday.n" ID="16672" lemmaID="18222" cBy="CVa" cDate="10/04/2011 05:53:27 PDT Tue">
        <definition>FN: a day n which festival, celebration, or religious event is observed </definition>
        <sentenceCount annotated="1" total="1"/>
        <lexeme order="1" headword="false" breakBefore="false" POS="N" name="holiday"/>
    </lexUnit>
    <lexUnit status="Created" incorporatedFE="Relative_time" POS="N" name="one day.n" ID="16882" lemmaID="51492" cBy="PKe" cDate="02/08/2012 03:29:12 PST Wed">
        <definition>FN: An unspecified day or occasion is referenced without respect to a specific relative time, hence the incorporation of that FE. This MWE is always indefinite. </definition>
        <sentenceCount annotated="0" total="0"/>
        <lexeme order="1" headword="false" breakBefore="false" POS="NUM" name="one"/>
        <lexeme order="2" headword="true" breakBefore="false" POS="N" name="Day"/>
    </lexUnit>
</frame>