<?xml version="1.0" encoding="UTF-8" standalone="yes"?>
<?xml-stylesheet type="text/xsl" href="frame.xsl"?>
<frame cBy="JKR" cDate="03/01/2004 04:40:47 PST Mon" name="Capability" ID="990" xsi:schemaLocation="../schema/frame.xsd" xmlns="http://framenet.icsi.berkeley.edu" xmlns:xsi="http://www.w3.org/2001/XMLSchema-instance">
    <definition>&lt;def-root&gt;An &lt;fen&gt;Entity&lt;/fen&gt; meets the pre-conditions for participating in an &lt;fen&gt;Event&lt;/fen&gt;.  A &lt;fen&gt;Degree&lt;/fen&gt; modifier may be included to indicate by how much the &lt;fen&gt;Entity&lt;/fen&gt; exceeds or falls short of the minimum requirements.

&lt;ex&gt;Conductor software gives &lt;fex name="Entity"&gt;us&lt;/fex&gt; the hands-on &lt;t&gt;capability&lt;/t&gt; &lt;fex name="Evt"&gt;to provide updates immediately&lt;/fex&gt;&lt;/ex&gt;

&lt;ex&gt;The GOP is afraid that &lt;fex name="Ent"&gt;it&lt;/fex&gt; might not &lt;m&gt;be&lt;/m&gt; &lt;t&gt;capable&lt;/t&gt; &lt;fex name="Evt"&gt;of keeping the seat vacated by Dunn.&lt;/fex&gt;&lt;/ex&gt;

&lt;ex&gt;&lt;fex name="Ent"&gt;NASA&lt;/fex&gt; &lt;m&gt;is&lt;/m&gt; &lt;t&gt;unable&lt;/t&gt; &lt;fex name="Evt"&gt;to communicate with Mars rover&lt;/fex&gt;.&lt;/ex&gt;

&lt;ex&gt;&lt;fex name="Ent"&gt;He&lt;/fex&gt; &lt;t&gt;can&lt;/t&gt; &lt;fex name="Evt"&gt;fly a kite&lt;/fex&gt;.&lt;/ex&gt;&lt;/def-root&gt;</definition>
    <FE bgColor="FF0000" fgColor="FFFFFF" coreType="Core" cBy="JKR" cDate="03/01/2004 04:51:45 PST Mon" abbrev="Ent" name="Entity" ID="5981">
        <definition>&lt;def-root&gt;The &lt;fen&gt;Entity&lt;/fen&gt; whose meeting or falling short of pre-conditions is assessed.

&lt;ex&gt;&lt;fex name="Entity"&gt;Little Tommy&lt;/fex&gt; &lt;t&gt;ca&lt;/t&gt; n't read&lt;/ex&gt;&lt;/def-root&gt;</definition>
    </FE>
    <FE bgColor="008000" fgColor="FFFFFF" coreType="Core-Unexpressed" cBy="JKR" cDate="03/01/2004 04:55:24 PST Mon" abbrev="Evt" name="Event" ID="5982">
        <definition>&lt;def-root&gt;The &lt;fen&gt;Event&lt;/fen&gt; that the &lt;fen&gt;Entity&lt;/fen&gt; may participate in.

&lt;ex&gt;White House voices doubts about Aristide's &lt;t&gt;ability&lt;/t&gt; &lt;fex name="Evt"&gt;to govern&lt;/fex&gt;&lt;/ex&gt;&lt;/def-root&gt;</definition>
        <semType name="State_of_affairs" ID="177"/>
    </FE>
    <FE bgColor="FF00FF" fgColor="FFFFFF" coreType="Peripheral" cBy="JKR" cDate="03/01/2004 04:58:16 PST Mon" abbrev="Deg" name="Degree" ID="5983">
        <definition>&lt;def-root&gt;The extent to which the &lt;fen&gt;Entity&lt;/fen&gt; exceeds or falls short of the minimum requirements for participating in the &lt;fen&gt;Event&lt;/fen&gt;.

&lt;ex&gt;Blind parents are &lt;fex name="Deg"&gt;very&lt;/fex&gt; &lt;t&gt;capable&lt;/t&gt; of raising children&lt;/ex&gt;&lt;/def-root&gt;</definition>
        <semType name="Degree" ID="172"/>
    </FE>
    <FE bgColor="0000FF" fgColor="FFFFFF" coreType="Extra-Thematic" cBy="JKR" cDate="03/01/2004 05:10:22 PST Mon" abbrev="Cond" name="Circumstances" ID="5984">
        <definition>&lt;def-root&gt;The &lt;fen&gt;Circumstances&lt;/fen&gt; under which the &lt;fen&gt;Entity&lt;/fen&gt; meets or fails to meet the pre-conditions.

&lt;ex&gt;&lt;fex name="Circumstances"&gt;In this weather&lt;/fex&gt;, an experienced pilot can still manage to fly 500 miles.&lt;/ex&gt;

&lt;ex&gt;The new car has a cruising &lt;t&gt;capacity&lt;/t&gt; &lt;fex name="Circumstances"&gt;in excess of 150 kph&lt;/fex&gt;.&lt;/ex&gt;&lt;/def-root&gt;</definition>
    </FE>
    <FE bgColor="800080" fgColor="FFFFFF" coreType="Extra-Thematic" cBy="JKR" cDate="08/12/2004 04:35:56 PDT Thu" abbrev="Exp" name="Explanation" ID="7004">
        <definition>&lt;def-root&gt;An entity, event, or state that causes the &lt;fen&gt;Entity&lt;/fen&gt; to be meet or fail to meet the pre-conditions for participating in an &lt;fen&gt;Event&lt;/fen&gt;. 

&lt;ex&gt;They were not &lt;t&gt;able&lt;/t&gt; to go outside &lt;fex name="Explanation"&gt;because of the rain&lt;/fex&gt;.&lt;/ex&gt;&lt;/def-root&gt;</definition>
    </FE>
    <FE bgColor="FF69B4" fgColor="FFFFFF" coreType="Extra-Thematic" cBy="RLG" cDate="01/21/2005 11:45:58 PST Fri" abbrev="rel" name="Relevant_feature" ID="7438">
        <definition>&lt;def-root&gt;The characteristic or behavior of the &lt;fen&gt;Entity&lt;/fen&gt; that is considered when judging whether the &lt;fen&gt;Entity&lt;/fen&gt; might participate in the &lt;fen&gt;Event&lt;/fen&gt;.

&lt;ex&gt;These computers have the &lt;fex name="rel"&gt;processing&lt;/fex&gt; &lt;t&gt;capacity&lt;/t&gt; to compute the precise date of the end of the world.&lt;/ex&gt;&lt;/def-root&gt;</definition>
    </FE>
    <FE bgColor="FFA500" fgColor="FFFFFF" coreType="Extra-Thematic" cBy="RLG" cDate="01/21/2005 12:14:23 PST Fri" abbrev="sta" name="Status" ID="7439">
        <definition>&lt;def-root&gt;The status of the capability.

&lt;ex&gt;This machine has many &lt;fex name="Status"&gt;new&lt;/fex&gt; &lt;t&gt;capabilities&lt;/t&gt;.&lt;/ex&gt;

&lt;ex&gt;He has an &lt;fex name="Status"&gt;innate&lt;/fex&gt; &lt;t&gt;potential&lt;/t&gt;.&lt;/ex&gt;&lt;/def-root&gt;</definition>
    </FE>
    <FE bgColor="1E90FF" fgColor="FFFFFF" coreType="Extra-Thematic" cBy="RLG" cDate="01/21/2005 02:00:17 PST Fri" abbrev="rol" name="Role" ID="7440">
        <definition>&lt;def-root&gt;The particular role that the &lt;fen&gt;Entity&lt;/fen&gt; plays in the &lt;fen&gt;Event&lt;/fen&gt;.

&lt;ex&gt;His &lt;t&gt;ability&lt;/t&gt; &lt;fex name="rol"&gt;as a leader&lt;/fex&gt; to get things done is unparalleled.&lt;/ex&gt;&lt;/def-root&gt;</definition>
    </FE>
    <FE bgColor="FFFF00" fgColor="000000" coreType="Peripheral" cBy="CVa" cDate="03/02/2012 10:49:00 PST Fri" abbrev="Time" name="Time" ID="15498">
        <definition>&lt;def-root&gt;The time at which the &lt;fen&gt;Entity&lt;/fen&gt; is capable of the &lt;fen&gt;Event&lt;/fen&gt;.&lt;/def-root&gt;</definition>
    </FE>
    <FE bgColor="9400D3" fgColor="FFFFFF" coreType="Extra-Thematic" cBy="CVa" cDate="03/02/2012 11:01:02 PST Fri" abbrev="Freq" name="Frequency" ID="15500">
        <definition>&lt;def-root&gt;This FE expresses how often the &lt;fen&gt;Entity&lt;/fen&gt; is able to do the &lt;fen&gt;Event&lt;/fen&gt;.

&lt;ex&gt;Hong Kong's stores are &lt;fex name="Freq"&gt;usually&lt;/fex&gt; &lt;t&gt;able&lt;/t&gt; to arrange shipment.&lt;/ex&gt;&lt;/def-root&gt;</definition>
    </FE>
    <frameRelation type="Inherits from">
        <relatedFrame ID="1015">Gradable_attributes</relatedFrame>
        <relatedFrame ID="2120">Possibility</relatedFrame>
    </frameRelation>
    <frameRelation type="Is Inherited by">
        <relatedFrame ID="1440">Being_up_to_it</relatedFrame>
        <relatedFrame ID="1870">Having_or_lacking_access</relatedFrame>
        <relatedFrame ID="1200">Being_operational</relatedFrame>
        <relatedFrame ID="2138">Capacity</relatedFrame>
        <relatedFrame ID="2569">Gusto</relatedFrame>
        <relatedFrame ID="2440">Physical_strength</relatedFrame>
    </frameRelation>
    <frameRelation type="Perspective on"/>
    <frameRelation type="Is Perspectivized in"/>
    <frameRelation type="Uses">
        <relatedFrame ID="114">Likelihood</relatedFrame>
    </frameRelation>
    <frameRelation type="Is Used by">
        <relatedFrame ID="1350">Range</relatedFrame>
        <relatedFrame ID="342">Sufficiency</relatedFrame>
        <relatedFrame ID="726">Usefulness</relatedFrame>
        <relatedFrame ID="1535">Electricity</relatedFrame>
    </frameRelation>
    <frameRelation type="Subframe of"/>
    <frameRelation type="Has Subframe(s)"/>
    <frameRelation type="Precedes"/>
    <frameRelation type="Is Preceded by"/>
    <frameRelation type="Is Inchoative of"/>
    <frameRelation type="Is Causative of"/>
    <frameRelation type="See also">
        <relatedFrame ID="2120">Possibility</relatedFrame>
    </frameRelation>
    <lexUnit status="Finished_Initial" POS="A" name="able.a" ID="10154" lemmaID="121" cBy="JKR" cDate="03/01/2004 05:13:45 PST Mon">
        <definition>FN: meeting the pre-conditions for </definition>
        <sentenceCount annotated="121" total="121"/>
        <lexeme order="1" headword="false" breakBefore="false" POS="A" name="able"/>
    </lexUnit>
    <lexUnit status="Created" POS="A" name="unable.a" ID="10155" lemmaID="41770" cBy="JKR" cDate="03/01/2004 05:17:41 PST Mon">
        <definition>FN: not able to</definition>
        <sentenceCount annotated="3" total="3"/>
        <lexeme order="1" headword="false" breakBefore="false" POS="A" name="unable"/>
        <semType name="Negative" ID="99"/>
    </lexUnit>
    <lexUnit status="Rules_Defined" POS="V" name="can.v" ID="10156" lemmaID="48766" cBy="JKR" cDate="03/01/2004 05:19:01 PST Mon">
        <definition>FN: be able to</definition>
        <sentenceCount annotated="105" total="105"/>
        <lexeme order="1" headword="true" breakBefore="false" POS="V" name="can"/>
    </lexUnit>
    <lexUnit status="Created" POS="A" name="capable.a" ID="10157" lemmaID="5431" cBy="JKR" cDate="03/01/2004 05:19:26 PST Mon">
        <definition>COD: having the ability or quality necessary to do something.</definition>
        <sentenceCount annotated="10" total="10"/>
        <lexeme order="1" headword="false" breakBefore="false" POS="A" name="capable"/>
    </lexUnit>
    <lexUnit status="Created" POS="N" name="ability.n" ID="10158" lemmaID="48768" cBy="JKR" cDate="03/01/2004 05:20:30 PST Mon">
        <definition>COD: the capacity to do something.</definition>
        <sentenceCount annotated="17" total="17"/>
        <lexeme order="1" headword="true" breakBefore="false" POS="N" name="ability"/>
    </lexUnit>
    <lexUnit status="Created" POS="N" name="potential.n" ID="10678" lemmaID="29929" cBy="JKR" cDate="06/29/2004 06:25:50 PDT Tue">
        <definition>FN: something that can develop or become actual</definition>
        <sentenceCount annotated="8" total="8"/>
        <lexeme order="1" headword="false" breakBefore="false" POS="N" name="potential"/>
    </lexUnit>
    <lexUnit status="Finished_Initial" POS="N" name="capability.n" ID="10702" lemmaID="5430" cBy="JKR" cDate="06/30/2004 11:45:13 PDT Wed">
        <definition>COD: power or ability to do something</definition>
        <sentenceCount annotated="120" total="453"/>
        <lexeme order="1" headword="false" breakBefore="false" POS="N" name="capability"/>
    </lexUnit>
    <lexUnit status="Finished_Initial" POS="N" name="capacity.n" ID="11453" lemmaID="5436" cBy="MJE" cDate="12/14/2004 11:37:45 PST Tue">
        <definition>COD: the ability or power to do something.</definition>
        <sentenceCount annotated="44" total="279"/>
        <lexeme order="1" headword="false" breakBefore="false" POS="N" name="capacity"/>
    </lexUnit>
    <lexUnit status="Created" POS="A" name="potential.a" ID="14723" lemmaID="29930" cBy="JKs" cDate="01/25/2008 03:36:25 PST Fri">
        <definition>FN: something characterized as having the ability to develop into something else</definition>
        <sentenceCount annotated="6" total="6"/>
        <lexeme order="1" headword="false" breakBefore="false" POS="A" name="potential"/>
    </lexUnit>
    <lexUnit status="Created" POS="N" name="power.n" ID="16161" lemmaID="29988" cBy="MLC" cDate="11/16/2010 12:45:41 PST Tue">
        <definition>FN: the ability to perform the actions required in an event. </definition>
        <sentenceCount annotated="8" total="8"/>
        <lexeme order="1" headword="false" breakBefore="false" POS="N" name="power"/>
    </lexUnit>
    <lexUnit status="Created" POS="N" name="power [statistical].n" ID="16163" lemmaID="51261" cBy="MLC" cDate="11/16/2010 12:53:10 PST Tue">
        <definition>FN: the probability of a statistical test rejecting false negatives.</definition>
        <sentenceCount annotated="44" total="44"/>
        <lexeme order="1" headword="true" breakBefore="false" POS="N" name="power_((statistical))"/>
    </lexUnit>
</frame>