<?xml version="1.0" encoding="UTF-8" standalone="yes"?>
<?xml-stylesheet type="text/xsl" href="frame.xsl"?>
<frame cBy="JKR" cDate="07/24/2002 02:36:12 PDT Wed" name="Cause_to_start" ID="381" xsi:schemaLocation="../schema/frame.xsd" xmlns="http://framenet.icsi.berkeley.edu" xmlns:xsi="http://www.w3.org/2001/XMLSchema-instance">
    <definition>&lt;def-root&gt;A &lt;fen&gt;Cause&lt;/fen&gt;, animate or inanimate, causes a process, the &lt;fen&gt;Effect&lt;/fen&gt;, to begin.

&lt;ex&gt;&lt;fex name="Cause"&gt;The murder of Sergei Kirov&lt;/fex&gt; &lt;t&gt;set off&lt;/t&gt; &lt;fex name="Effect"&gt;a chain of events that culminated in the Great Terror of the 1930s&lt;/fex&gt;.&lt;/ex&gt;

&lt;ex&gt;&lt;fex name="Cause"&gt;Space email&lt;/fex&gt; &lt;t&gt;sparked&lt;/t&gt; &lt;fex name="Effect"&gt;astronaut jealousy&lt;/fex&gt;.&lt;/ex&gt;

&lt;ex&gt;&lt;fex name="Cause"&gt;A crime surge in a former coal town&lt;/fex&gt; &lt;t&gt;prompted&lt;/t&gt; &lt;fex name="Effect"&gt;a crackdown on illegal immigrants&lt;/fex&gt;&lt;/ex&gt;.&lt;/def-root&gt;</definition>
    <FE bgColor="FF0000" fgColor="FFFFFF" coreType="Core" cBy="JKR" cDate="07/24/2002 03:00:07 PDT Wed" abbrev="Cause" name="Cause" ID="3400">
        <definition>&lt;def-root&gt;An animate or inanimate entity, a force, or event that produces an effect. Volitionality is not a necessary characteristic of &lt;fen&gt;Cause&lt;/fen&gt;s.   &lt;ex&gt;&lt;fex name="Cause"&gt;The programme&lt;/fex&gt; &lt;t&gt;sparked&lt;/t&gt; a public outcry.&lt;/ex&gt;   &lt;/def-root&gt;</definition>
    </FE>
    <FE bgColor="0000FF" fgColor="FFFFFF" coreType="Core" cBy="JKR" cDate="07/24/2002 03:04:44 PDT Wed" abbrev="Effect" name="Effect" ID="3402">
        <definition>&lt;def-root&gt;This Frame Element marks expressions that indicate the process that the &lt;fen&gt;Cause&lt;/fen&gt; initiates.

&lt;ex&gt;Few things &lt;t&gt;spark&lt;/t&gt; &lt;fex name="Effect"&gt;the wrath of the British&lt;/fex&gt; like food additives.&lt;/ex&gt;&lt;/def-root&gt;</definition>
    </FE>
    <FE bgColor="008000" fgColor="FFFFFF" coreType="Peripheral" cBy="JKR" cDate="07/24/2002 03:06:54 PDT Wed" abbrev="Place" name="Place" ID="3403">
        <definition>&lt;def-root&gt;This FE identifies the &lt;fen&gt;Place&lt;/fen&gt; where the &lt;fen&gt;Effect&lt;/fen&gt; occurs.

&lt;ex&gt;&lt;fex name="Place"&gt;In Obscurania&lt;/fex&gt;, the release of the movie &lt;t&gt;sparked&lt;/t&gt; protests.&lt;/ex&gt;&lt;/def-root&gt;</definition>
        <semType name="Locative_relation" ID="182"/>
    </FE>
    <FE bgColor="A52A2A" fgColor="FFFFFF" coreType="Peripheral" cBy="ACW" cDate="07/25/2002 11:12:08 PDT Thu" abbrev="Mns" name="Means" ID="3405">
        <definition>&lt;def-root&gt;The &lt;fen&gt;Means&lt;/fen&gt; is the way in which the &lt;fen&gt;Cause&lt;/fen&gt; causes the process to begin.&lt;/def-root&gt;</definition>
        <semType name="State_of_affairs" ID="177"/>
    </FE>
    <FE bgColor="FFA500" fgColor="FFFFFF" coreType="Peripheral" cBy="MiL" cDate="09/03/2004 01:34:52 PDT Fri" abbrev="Tim" name="Time" ID="7043">
        <definition>&lt;def-root&gt;This FE is for the &lt;fen&gt;Time&lt;/fen&gt;  when causing to start occurs&lt;/def-root&gt;</definition>
        <semType name="Time" ID="141"/>
    </FE>
    <FE bgColor="2E8B57" fgColor="000000" coreType="Peripheral" cBy="JKs" cDate="05/05/2008 02:59:03 PDT Mon" abbrev="Med" name="Medium" ID="12623">
        <definition>&lt;def-root&gt;&lt;fen&gt;Medium&lt;/fen&gt; is the physical or abstract setting in which the &lt;fen&gt;Cause&lt;/fen&gt; results in the &lt;fen&gt;Effect&lt;/fen&gt;.&lt;/def-root&gt;</definition>
    </FE>
    <FE bgColor="800080" fgColor="FFFFFF" coreType="Extra-Thematic" cBy="KmG" cDate="06/02/2008 03:36:16 PDT Mon" abbrev="Pur" name="Purpose" ID="12690">
        <definition>&lt;def-root&gt;To what end the &lt;fen&gt;Cause&lt;/fen&gt; caused the &lt;fen&gt;Effect&lt;/fen&gt;.&lt;/def-root&gt;</definition>
    </FE>
    <FE bgColor="9F79EE" fgColor="FFFFFF" coreType="Extra-Thematic" cBy="KmG" cDate="06/02/2008 03:41:21 PDT Mon" abbrev="Co-t" name="Co-timed_event" ID="12691">
        <definition>&lt;def-root&gt;This FE identifies the first &lt;fen&gt;Co-timed_event&lt;/fen&gt; of the started &lt;fen&gt;Effect&lt;/fen&gt;.

&lt;/def-root&gt;</definition>
    </FE>
    <FE bgColor="FF00FF" fgColor="FFFFFF" coreType="Peripheral" cBy="KmG" cDate="06/02/2008 03:49:39 PDT Mon" abbrev="Man" name="Manner" ID="12692">
        <definition>&lt;def-root&gt;The way in which the &lt;fen&gt;Cause&lt;/fen&gt; causes the &lt;fen&gt;Effect&lt;/fen&gt;.&lt;/def-root&gt;</definition>
    </FE>
    <FE bgColor="EEE8AA" fgColor="000000" coreType="Extra-Thematic" cBy="KmG" cDate="06/02/2008 03:50:34 PDT Mon" abbrev="Vie" name="Viewpoint" ID="12693">
        <definition>&lt;def-root&gt;This FE modifies the target to indicate the legal- or "by rule" domain within which it is true or operational.&lt;/def-root&gt;</definition>
    </FE>
    <FE bgColor="00008B" fgColor="FFFFFF" coreType="Extra-Thematic" cBy="KmG" cDate="06/02/2008 03:51:12 PDT Mon" abbrev="Exp" name="Explanation" ID="12694">
        <definition>&lt;def-root&gt;The reason why or the way in which the &lt;fen&gt;Cause&lt;/fen&gt; causes the &lt;fen&gt;Effect&lt;/fen&gt;.&lt;/def-root&gt;</definition>
    </FE>
    <FE bgColor="7CCD73" fgColor="FFFFFF" coreType="Extra-Thematic" cBy="KmG" cDate="06/02/2008 03:52:22 PDT Mon" abbrev="Cir" name="Circumstances" ID="12695">
        <definition>&lt;def-root&gt;The state of the world at the time when the &lt;fen&gt;Cause&lt;/fen&gt; produces the &lt;fen&gt;Effect&lt;/fen&gt;.&lt;/def-root&gt;</definition>
    </FE>
    <FE bgColor="FF69B4" fgColor="000000" coreType="Extra-Thematic" cBy="KmG" cDate="06/02/2008 03:57:07 PDT Mon" abbrev="Par" name="Particular_iteration" ID="12696">
        <definition>&lt;def-root&gt;Expressions marked with this extra-thematic FE modify a non-iterative use of the target, and indicate that it is conceived as embedded within an iterated series of similar events or states. In addition, most expressions of Particular_iteration indicate which instance of the series is being referred to.&lt;/def-root&gt;</definition>
    </FE>
    <FE bgColor="FFFF00" fgColor="00008B" coreType="Extra-Thematic" cBy="KmG" cDate="06/02/2008 03:58:57 PDT Mon" abbrev="New" name="New_situation" ID="12697">
        <definition>&lt;def-root&gt;A consecutive event to the starting of the &lt;fen&gt;Effect&lt;/fen&gt;.&lt;/def-root&gt;</definition>
    </FE>
    <FE bgColor="808080" fgColor="FFFFFF" coreType="Extra-Thematic" cBy="KmG" cDate="06/02/2008 04:03:11 PDT Mon" abbrev="Con" name="Containing_event" ID="12698">
        <definition>&lt;def-root&gt;This FE denotes an event that occurs or state of affairs that holds at a time that includes the time during which the event or state of affairs reported by the target occurs and of which it is taken to be a part.&lt;/def-root&gt;</definition>
    </FE>
    <FE bgColor="00BFFF" fgColor="000000" coreType="Extra-Thematic" cBy="KmG" cDate="06/02/2008 04:03:40 PDT Mon" abbrev="Ses" name="Concessive" ID="12699">
        <definition>&lt;def-root&gt;This FE signifies that the state of affairs expressed by the main clause (containing the target) occurs or holds, and something other than that state of affairs would be expected given the state of affairs in the concessive clause. &lt;/def-root&gt;</definition>
    </FE>
    <FE bgColor="FFD700" fgColor="FF0000" coreType="Extra-Thematic" cBy="KmG" cDate="06/02/2008 04:32:55 PDT Mon" abbrev="Dep" name="Depictive" ID="12700">
        <definition>&lt;def-root&gt;This FE identifies the  &lt;fen&gt;Depictive&lt;/fen&gt; phrase describing the actor or undergoer of an action.&lt;/def-root&gt;</definition>
    </FE>
    <FE bgColor="A9A9A9" fgColor="006400" coreType="Extra-Thematic" cBy="KmG" cDate="06/02/2008 04:34:25 PDT Mon" abbrev="Eve" name="Event_description" ID="12701">
        <definition>&lt;def-root&gt;This FE applies to appraisals of the event, typically a judgment of its expectedness&lt;/def-root&gt;</definition>
    </FE>
    <frameRelation type="Inherits from">
        <relatedFrame ID="5">Causation</relatedFrame>
    </frameRelation>
    <frameRelation type="Is Inherited by"/>
    <frameRelation type="Perspective on"/>
    <frameRelation type="Is Perspectivized in"/>
    <frameRelation type="Uses"/>
    <frameRelation type="Is Used by">
        <relatedFrame ID="2070">Launch_process</relatedFrame>
    </frameRelation>
    <frameRelation type="Subframe of"/>
    <frameRelation type="Has Subframe(s)"/>
    <frameRelation type="Precedes"/>
    <frameRelation type="Is Preceded by"/>
    <frameRelation type="Is Inchoative of"/>
    <frameRelation type="Is Causative of">
        <relatedFrame ID="133">Process_start</relatedFrame>
    </frameRelation>
    <frameRelation type="See also"/>
    <lexUnit status="Finished_Initial" POS="V" name="spark.v" ID="6737" lemmaID="37166" cBy="JKR" cDate="07/24/2002 03:33:27 PDT Wed">
        <definition>COD: provide the stimulus for. </definition>
        <sentenceCount annotated="18" total="117"/>
        <lexeme order="1" headword="false" breakBefore="false" POS="V" name="spark"/>
    </lexUnit>
    <lexUnit status="Finished_Initial" POS="V" name="generate.v" ID="6742" lemmaID="16066" cBy="JKR" cDate="07/24/2002 03:51:09 PDT Wed">
        <definition>FN: to cause a situation to arise</definition>
        <sentenceCount annotated="30" total="221"/>
        <lexeme order="1" headword="false" breakBefore="false" POS="V" name="generate"/>
    </lexUnit>
    <lexUnit status="Created" POS="V" name="arouse.v" ID="6743" lemmaID="1964" cBy="JKR" cDate="07/24/2002 03:52:44 PDT Wed">
        <definition>COD: evoke (a feeling or response). </definition>
        <sentenceCount annotated="1" total="1"/>
        <lexeme order="1" headword="false" breakBefore="false" POS="V" name="arouse"/>
    </lexUnit>
    <lexUnit status="Created" POS="V" name="bring about.v" ID="6744" lemmaID="45905" cBy="JKR" cDate="07/24/2002 03:54:10 PDT Wed">
        <definition>COD: cause something to happen</definition>
        <sentenceCount annotated="3" total="4"/>
        <lexeme order="1" headword="true" breakBefore="false" POS="V" name="bring"/>
        <lexeme order="2" headword="false" breakBefore="true" POS="PREP" name="about"/>
    </lexUnit>
    <lexUnit status="Created" POS="V" name="set off.v" ID="6745" lemmaID="45469" cBy="JKR" cDate="07/24/2002 03:56:49 PDT Wed">
        <definition>COD: put in motion or trigger.</definition>
        <sentenceCount annotated="1" total="1"/>
        <lexeme order="1" headword="true" breakBefore="false" POS="V" name="set"/>
        <lexeme order="2" headword="false" breakBefore="true" POS="ADV" name="off"/>
    </lexUnit>
    <lexUnit status="Created" POS="V" name="produce.v" ID="6746" lemmaID="30579" cBy="JKR" cDate="07/24/2002 03:58:10 PDT Wed">
        <definition>COD: cause to happen or exist. </definition>
        <sentenceCount annotated="0" total="0"/>
        <lexeme order="1" headword="false" breakBefore="false" POS="V" name="produce"/>
    </lexUnit>
    <lexUnit status="Finished_Initial" POS="V" name="create.v" ID="6747" lemmaID="8850" cBy="JKR" cDate="07/24/2002 03:58:46 PDT Wed">
        <definition>FN: to cause to bring into existence</definition>
        <sentenceCount annotated="30" total="201"/>
        <lexeme order="1" headword="false" breakBefore="false" POS="V" name="create"/>
    </lexUnit>
    <lexUnit status="Finished_Initial" POS="V" name="engender.v" ID="6749" lemmaID="12763" cBy="JKR" cDate="07/24/2002 04:01:01 PDT Wed">
        <definition>COD: bring into existence</definition>
        <sentenceCount annotated="13" total="130"/>
        <lexeme order="1" headword="false" breakBefore="false" POS="V" name="engender"/>
    </lexUnit>
    <lexUnit status="Created" POS="V" name="call forth.v" ID="12101" lemmaID="50024" cBy="MiL" cDate="05/19/2005 02:48:08 PDT Thu">
        <definition>FN: cause to occur</definition>
        <sentenceCount annotated="0" total="0"/>
        <lexeme order="1" headword="true" breakBefore="false" POS="V" name="call"/>
        <lexeme order="2" headword="false" breakBefore="true" POS="ADV" name="forth"/>
    </lexUnit>
    <lexUnit status="Finished_Initial" POS="V" name="elicit.v" ID="12102" lemmaID="12467" cBy="MiL" cDate="05/19/2005 02:54:38 PDT Thu">
        <definition>COD: draw forth into existence.</definition>
        <sentenceCount annotated="17" total="138"/>
        <lexeme order="1" headword="false" breakBefore="false" POS="V" name="elicit"/>
    </lexUnit>
    <lexUnit status="Created" POS="V" name="kindle.v" ID="12103" lemmaID="21328" cBy="MiL" cDate="05/19/2005 02:56:51 PDT Thu">
        <definition>FN: arouse</definition>
        <sentenceCount annotated="0" total="0"/>
        <lexeme order="1" headword="false" breakBefore="false" POS="V" name="kindle"/>
    </lexUnit>
    <lexUnit status="Created" POS="V" name="incite.v" ID="12104" lemmaID="19423" cBy="MiL" cDate="05/19/2005 03:00:07 PDT Thu">
        <definition>COD: encourage or stir up (violent or unlawful behaviour).</definition>
        <sentenceCount annotated="0" total="0"/>
        <lexeme order="1" headword="false" breakBefore="false" POS="V" name="incite"/>
    </lexUnit>
    <lexUnit status="Created" POS="V" name="instigate.v" ID="12105" lemmaID="20177" cBy="MiL" cDate="05/19/2005 03:01:30 PDT Thu">
        <definition>COD:  bring about or initiate.</definition>
        <sentenceCount annotated="0" total="0"/>
        <lexeme order="1" headword="false" breakBefore="false" POS="V" name="instigate"/>
    </lexUnit>
    <lexUnit status="Created" POS="V" name="motivate.v" ID="12106" lemmaID="25023" cBy="MiL" cDate="05/19/2005 03:04:22 PDT Thu">
        <definition>FN: cause activity to start</definition>
        <sentenceCount annotated="0" total="0"/>
        <lexeme order="1" headword="false" breakBefore="false" POS="V" name="motivate"/>
    </lexUnit>
    <lexUnit status="Created" POS="V" name="prompt.v" ID="12108" lemmaID="30705" cBy="MiL" cDate="05/19/2005 04:17:58 PDT Thu">
        <definition>FN: cause an activity to start</definition>
        <sentenceCount annotated="4" total="4"/>
        <lexeme order="1" headword="false" breakBefore="false" POS="V" name="prompt"/>
    </lexUnit>
    <lexUnit status="Created" POS="V" name="stir up.v" ID="12110" lemmaID="50026" cBy="MiL" cDate="05/19/2005 04:30:13 PDT Thu">
        <definition>FN: cause activity or state</definition>
        <sentenceCount annotated="0" total="0"/>
        <lexeme order="1" headword="true" breakBefore="false" POS="V" name="stir"/>
        <lexeme order="2" headword="false" breakBefore="true" POS="ADV" name="up"/>
    </lexUnit>
    <lexUnit status="Created" POS="V" name="stimulate.v" ID="12111" lemmaID="38067" cBy="MiL" cDate="05/19/2005 04:54:21 PDT Thu">
        <definition>COD: apply or act as a stimulus to.</definition>
        <sentenceCount annotated="0" total="0"/>
        <lexeme order="1" headword="false" breakBefore="false" POS="V" name="stimulate"/>
    </lexUnit>
    <lexUnit status="Created" POS="V" name="provoke.v" ID="12112" lemmaID="30925" cBy="MiL" cDate="05/19/2005 04:56:23 PDT Thu">
        <definition>COD: incite to do or feel something, especially by arousing anger.</definition>
        <sentenceCount annotated="1" total="1"/>
        <lexeme order="1" headword="false" breakBefore="false" POS="V" name="provoke"/>
    </lexUnit>
    <lexUnit status="Rules_Defined" POS="V" name="actuate.v" ID="16376" lemmaID="425" cBy="MLC" cDate="06/20/2011 03:57:41 PDT Mon">
        <definition>COD: cause to operate.</definition>
        <sentenceCount annotated="0" total="0"/>
        <lexeme order="1" headword="false" breakBefore="false" POS="V" name="actuate"/>
    </lexUnit>
    <lexUnit status="Created" POS="V" name="excite.v" ID="17280" lemmaID="13376" cBy="CVa" cDate="01/23/2013 01:37:18 PST Wed">
        <definition>FN: to cause to give rise to </definition>
        <sentenceCount annotated="0" total="0"/>
        <lexeme order="1" headword="false" breakBefore="false" POS="V" name="excite"/>
    </lexUnit>
    <lexUnit status="Created" POS="V" name="trigger.v" ID="17370" lemmaID="41225" cBy="CVa" cDate="04/16/2013 06:14:47 PDT Tue">
        <definition>FN: to incite a response to an event</definition>
        <sentenceCount annotated="0" total="0"/>
        <lexeme order="1" headword="false" breakBefore="false" POS="V" name="trigger"/>
    </lexUnit>
</frame>