<?xml version="1.0" encoding="UTF-8" standalone="yes"?>
<?xml-stylesheet type="text/xsl" href="frame.xsl"?>
<frame cBy="MJE" cDate="03/09/2014 04:36:41 PDT Sun" name="Cause_to_burn" ID="2826" xsi:schemaLocation="../schema/frame.xsd" xmlns="http://framenet.icsi.berkeley.edu" xmlns:xsi="http://www.w3.org/2001/XMLSchema-instance">
    <definition>&lt;def-root&gt;A &lt;fen&gt;Cause&lt;/fen&gt; event brings about and potentially maintains the burning of &lt;fen&gt;Flammables&lt;/fen&gt;.  Often, an &lt;fen&gt;Agent&lt;/fen&gt; stands in for the intentional action the brings about the fire, or an Actor stands in for the action that brings about the fire unintentionally.&lt;/def-root&gt;</definition>
    <FE bgColor="FF0000" fgColor="FFFFFF" coreType="Core" cBy="MJE" cDate="03/09/2014 04:36:41 PDT Sun" abbrev="Kindler" name="Agent" ID="16027">
        <definition>&lt;def-root&gt;The individual that intends a fire to burn and brings it about.&lt;/def-root&gt;</definition>
        <semType name="Sentient" ID="5"/>
    </FE>
    <FE bgColor="0000FF" fgColor="FFFFFF" coreType="Core" cBy="MJE" cDate="03/09/2014 04:36:41 PDT Sun" abbrev="Flambls" name="Flammables" ID="16029">
        <definition>&lt;def-root&gt;The Flamables is the the object that burns as a result of the &lt;fen&gt;Cause&lt;/fen&gt;, &lt;fen&gt;Agent&lt;/fen&gt;, or Actor.
&lt;/def-root&gt;</definition>
    </FE>
    <FE bgColor="A52A2A" fgColor="FFFFFF" coreType="Core" cBy="MJE" cDate="03/09/2014 04:36:41 PDT Sun" abbrev="Cause" name="Cause" ID="16030">
        <definition>&lt;def-root&gt;The cause of the fire.
&lt;/def-root&gt;</definition>
    </FE>
    <FE bgColor="FFA500" fgColor="FFFFFF" coreType="Peripheral" cBy="MJE" cDate="03/09/2014 04:36:41 PDT Sun" abbrev="Time" name="Time" ID="16031">
        <definition>&lt;def-root&gt;This FE identifies the &lt;fen&gt;Time&lt;/fen&gt; when the event occurs.&lt;/def-root&gt;</definition>
        <semType name="Time" ID="141"/>
    </FE>
    <FE bgColor="008000" fgColor="FFFFFF" coreType="Peripheral" cBy="MJE" cDate="03/09/2014 04:36:41 PDT Sun" abbrev="Place" name="Place" ID="16032">
        <definition>&lt;def-root&gt;This FE identifies the &lt;fen&gt;Place&lt;/fen&gt; where the event takes place.&lt;/def-root&gt;</definition>
        <semType name="Locative_relation" ID="182"/>
    </FE>
    <FE bgColor="FF00FF" fgColor="FFFFFF" coreType="Peripheral" cBy="MJE" cDate="03/09/2014 04:36:41 PDT Sun" abbrev="man" name="Manner" ID="16033">
        <definition>&lt;def-root&gt;Any description of the intentional act which is not covered by more specific FEs, including secondary effects (&lt;ment&gt;quietly, loudly&lt;/ment&gt;), and general descriptions comparing events (&lt;ment&gt;the same way&lt;/ment&gt;). In addition, it may indicate salient characteristics of a &lt;fen&gt;Kindler&lt;/fen&gt; that also affect the action (&lt;ment&gt;presumptuously, coldly, deliberately, eagerly, carefully&lt;/ment&gt;). &lt;/def-root&gt;</definition>
        <semType name="Manner" ID="173"/>
    </FE>
    <FE bgColor="00BFFF" fgColor="FFFFFF" coreType="Peripheral" cBy="MJE" cDate="03/09/2014 04:36:41 PDT Sun" abbrev="mea" name="Means" ID="16034">
        <definition>&lt;def-root&gt;An event brought about by the &lt;fen&gt;Cause&lt;/fen&gt; or the &lt;fen&gt;Kindler&lt;/fen&gt; that actually makes the &lt;fen&gt;Flammables&lt;/fen&gt; catch fire.&lt;/def-root&gt;</definition>
        <semType name="State_of_affairs" ID="177"/>
    </FE>
    <FE bgColor="1E90FF" fgColor="000000" coreType="Extra-Thematic" cBy="MJE" cDate="03/09/2014 04:36:41 PDT Sun" abbrev="" name="Explanation" ID="16035">
        <definition>&lt;def-root&gt;The Explanation denotes a proposition from which the main clause (headed by the target) logically follows.&lt;/def-root&gt;</definition>
    </FE>
    <FE bgColor="7CCD7C" fgColor="000000" coreType="Extra-Thematic" cBy="MJE" cDate="03/09/2014 04:36:41 PDT Sun" abbrev="" name="Containing_event" ID="16036">
        <definition>&lt;def-root&gt;This FE denotes an event that occurs or state of affairs that holds at a time that includes the time during which the event or state of affairs reported by the target occurs and of which it is taken to be a part.&lt;/def-root&gt;</definition>
    </FE>
    <FE bgColor="FFFF00" fgColor="000000" coreType="Extra-Thematic" cBy="MJE" cDate="03/09/2014 04:36:41 PDT Sun" abbrev="" name="Depictive" ID="16037">
        <definition>&lt;def-root&gt;This FE describes the &lt;fen&gt;Kindler&lt;/fen&gt; as being in some state during the action.&lt;/def-root&gt;</definition>
    </FE>
    <FE bgColor="800080" fgColor="FFFFFF" coreType="Core" cBy="MJE" cDate="03/10/2014 01:17:35 PDT Mon" abbrev="" name="Actor" ID="16038">
        <definition>&lt;def-root&gt;The individual who, while actively performing an action, unintentionally causes the &lt;fen&gt;Flammables&lt;/fen&gt; to burn.&lt;/def-root&gt;</definition>
    </FE>
    <frameRelation type="Inherits from"/>
    <frameRelation type="Is Inherited by"/>
    <frameRelation type="Perspective on"/>
    <frameRelation type="Is Perspectivized in"/>
    <frameRelation type="Uses">
        <relatedFrame ID="283">Setting_fire</relatedFrame>
    </frameRelation>
    <frameRelation type="Is Used by"/>
    <frameRelation type="Subframe of"/>
    <frameRelation type="Has Subframe(s)"/>
    <frameRelation type="Precedes"/>
    <frameRelation type="Is Preceded by"/>
    <frameRelation type="Is Inchoative of"/>
    <frameRelation type="Is Causative of"/>
    <frameRelation type="See also"/>
</frame>