<?xml version="1.0" encoding="UTF-8" standalone="yes"?>
<?xml-stylesheet type="text/xsl" href="frame.xsl"?>
<frame cBy="MJE" cDate="08/01/2003 03:00:49 PDT Fri" name="Change_posture" ID="770" xsi:schemaLocation="../schema/frame.xsd" xmlns="http://framenet.icsi.berkeley.edu" xmlns:xsi="http://www.w3.org/2001/XMLSchema-instance">
    <definition>&lt;def-root&gt;A &lt;fen&gt;Protagonist&lt;/fen&gt; changes the overall position and posture of the body.

&lt;ex&gt;&lt;fex name="Protagonist"&gt;Smithers&lt;/fex&gt; &lt;t&gt;leaned&lt;/t&gt; &lt;fex name="Direction"&gt;forward&lt;/fex&gt; &lt;fex name="Purpose"&gt;to grab the folder on the far side&lt;/fex&gt;.&lt;/ex&gt;&lt;/def-root&gt;</definition>
    <FE bgColor="FF00FF" fgColor="FFFFFF" coreType="Peripheral" cBy="MJE" cDate="08/29/2003 06:00:18 PDT Fri" abbrev="" name="Manner" ID="5001">
        <definition>&lt;def-root&gt;Any description of the change in posture which is not covered by more specific FEs, including secondary effects (&lt;ment&gt;quietly, loudly&lt;/ment&gt;), and general descriptions comparing events (&lt;ment&gt;the same way&lt;/ment&gt;). In addition, it may indicate salient characteristics of a &lt;fen&gt;Protagonist&lt;/fen&gt; that also affect the action (&lt;ment&gt;presumptuously, coldly, deliberately, eagerly, carefully&lt;/ment&gt;). &lt;/def-root&gt;</definition>
        <semType name="Manner" ID="173"/>
    </FE>
    <FE bgColor="FF0000" fgColor="FFFFFF" coreType="Core" cBy="MJE" cDate="08/29/2003 06:05:58 PDT Fri" abbrev="Prot" name="Protagonist" ID="5002">
        <definition>&lt;def-root&gt;The individual whose posture changes.&lt;/def-root&gt;</definition>
        <semType name="Sentient" ID="5"/>
    </FE>
    <FE bgColor="9F79EE" fgColor="FFFFFF" coreType="Extra-Thematic" cBy="MJE" cDate="08/29/2003 06:08:36 PDT Fri" abbrev="Dep" name="Depictive" ID="5003">
        <definition>&lt;def-root&gt;The &lt;fen&gt;Protagonist&lt;/fen&gt;'s state throughout the time they are changing posture.&lt;/def-root&gt;</definition>
    </FE>
    <FE bgColor="006400" fgColor="FFFFFF" coreType="Peripheral" cBy="MJE" cDate="08/29/2003 06:09:59 PDT Fri" abbrev="" name="Location" ID="5004">
        <definition>&lt;def-root&gt;The place or  setting in which the &lt;fen&gt;Protagonist&lt;/fen&gt;'s change of posture takes place. 

&lt;ex&gt;The supplicant &lt;t&gt;sat&lt;/t&gt; down &lt;fex name="Location"&gt;outside the office&lt;/fex&gt; and waited for the mayor.&lt;/ex&gt;&lt;/def-root&gt;</definition>
        <semType name="Location" ID="54"/>
    </FE>
    <FE bgColor="FFA500" fgColor="FFFFFF" coreType="Peripheral" cBy="MJE" cDate="08/29/2003 06:13:29 PDT Fri" abbrev="" name="Time" ID="5005">
        <definition>&lt;def-root&gt;The &lt;fen&gt;Time&lt;/fen&gt; at which the &lt;fen&gt;Protagonist&lt;/fen&gt; changes posture.&lt;/def-root&gt;</definition>
        <semType name="Time" ID="141"/>
    </FE>
    <FE bgColor="00BFFF" fgColor="FFFFFF" coreType="Extra-Thematic" cBy="MJE" cDate="08/29/2003 06:14:43 PDT Fri" abbrev="" name="Result" ID="5006">
        <definition>&lt;def-root&gt;The final state of the &lt;fen&gt;Protagonist&lt;/fen&gt; after the change of posture.&lt;/def-root&gt;</definition>
    </FE>
    <FE bgColor="0000FF" fgColor="FFFFFF" coreType="Peripheral" cBy="JKR" cDate="09/02/2003 02:21:57 PDT Tue" abbrev="" name="Path" ID="5010">
        <definition>&lt;def-root&gt;&lt;fen&gt;Path&lt;/fen&gt; is used for expressions that indicate the trajectory of motion without referring to the &lt;fen&gt;Source&lt;/fen&gt; or the &lt;fen&gt;Goal&lt;/fen&gt; of motion.

&lt;ex&gt;She &lt;t&gt;leaned&lt;/t&gt; &lt;fex name="Path"&gt;through the service door&lt;/fex&gt;&lt;/ex&gt;
&lt;ex&gt;Tim Thomas &lt;t&gt;leaned&lt;/t&gt; &lt;fex name="Path"&gt;forwards&lt;/fex&gt; &lt;/ex&gt;&lt;/def-root&gt;</definition>
    </FE>
    <FE bgColor="FFFF00" fgColor="000000" coreType="Peripheral" cBy="JKR" cDate="09/02/2003 02:25:01 PDT Tue" abbrev="" name="Goal" ID="5011">
        <definition>&lt;def-root&gt;This FE is used for any expressions that indicate the endpoint of the posture change. Often this is the place that provides support for the posture.

&lt;ex&gt; John &lt;t&gt;leaned&lt;/t&gt; &lt;fex name="Goal"&gt;against the wall&lt;/fex&gt; and closed his eyes&lt;/ex&gt;&lt;/def-root&gt;</definition>
        <semType name="Goal" ID="153"/>
    </FE>
    <FE bgColor="2E8B57" fgColor="FFFFFF" coreType="Peripheral" cBy="JKR" cDate="09/02/2003 02:32:28 PDT Tue" abbrev="" name="Source" ID="5012">
        <definition>&lt;def-root&gt;&lt;fen&gt;Source&lt;/fen&gt; is used for expressions that indicate the starting point of the change of posture.

&lt;ex&gt;Charles &lt;t&gt;stood&lt;/t&gt; &lt;t&gt;up&lt;/t&gt; &lt;fex name="Source"&gt;from his armchair&lt;/fex&gt;&lt;/ex&gt;&lt;/def-root&gt;</definition>
        <semType name="Source" ID="151"/>
    </FE>
    <FE bgColor="A52A2A" fgColor="FFFFFF" coreType="Peripheral" cBy="JKR" cDate="09/02/2003 05:23:06 PDT Tue" abbrev="" name="Direction" ID="5014">
        <definition>&lt;def-root&gt;This FE is used for expressions that indicate a line from the deitic center towards a reference point (which may be implicit) that is neither the &lt;fen&gt;Goal&lt;/fen&gt; of the posture change nor a landmark along the way of the moving part of the body.  Often &lt;fen&gt;Direction&lt;/fen&gt; is defined with reference to the canonical orientation of the Protagonist, or the orientation imposed by an implicit observer.

&lt;ex&gt;Smithers &lt;t&gt;leaned&lt;/t&gt; &lt;fex name="Direction"&gt;forward&lt;/fex&gt; to grab the folder on the far side.&lt;/ex&gt;&lt;/def-root&gt;</definition>
    </FE>
    <FE bgColor="9F79EE" fgColor="000000" coreType="Peripheral" cBy="JKR" cDate="09/02/2003 05:41:23 PDT Tue" abbrev="" name="Purpose" ID="5017">
        <definition>&lt;def-root&gt;The &lt;fen&gt;Purpose&lt;/fen&gt; for which a &lt;fen&gt;Protagonist&lt;/fen&gt; assumes a posture.

&lt;ex&gt;Sunil &lt;t&gt;bent&lt;/t&gt; down &lt;fex name="Purpose"&gt;to pick up the newspaper&lt;/fex&gt;&lt;/ex&gt;&lt;/def-root&gt;</definition>
        <semType name="State_of_affairs" ID="177"/>
    </FE>
    <FE bgColor="800080" fgColor="FFFFFF" coreType="Peripheral" cBy="JKR" cDate="09/03/2003 08:20:28 PDT Wed" abbrev="" name="Distance" ID="5030">
        <definition>&lt;def-root&gt;This FE is used for expressions that indicate the extent to which the body (part) moves during the change of posture.

&lt;ex&gt; &lt;t&gt;Bend&lt;/t&gt; back &lt;fex name="Distance"&gt;as far as you can&lt;/fex&gt;&lt;/ex&gt;&lt;/def-root&gt;</definition>
    </FE>
    <FE bgColor="d0d0d0" fgColor="0000FF" coreType="Extra-Thematic" cBy="JKR" cDate="09/04/2003 06:38:59 PDT Thu" abbrev="poc" name="Point_of_contact" ID="5040">
        <definition>&lt;def-root&gt;The part of the body that provides support to the &lt;fen&gt;Protagonist&lt;/fen&gt; in holding the posture.

&lt;ex&gt;Smithers &lt;t&gt;crouched&lt;/t&gt; down &lt;fex name="Point_of_contact"&gt;on his haunces&lt;/fex&gt;&lt;/ex&gt;&lt;/def-root&gt;</definition>
    </FE>
    <FE bgColor="1E90FF" fgColor="FFFFFF" coreType="Peripheral" cBy="MJE" cDate="12/09/2005 12:10:15 PST Fri" abbrev="mea" name="Means" ID="9752">
        <definition>&lt;def-root&gt;An action of the &lt;fen&gt;Protagonist&lt;/fen&gt; whereby they achieve the change of posture.&lt;/def-root&gt;</definition>
        <semType name="State_of_affairs" ID="177"/>
    </FE>
    <frameRelation type="Inherits from">
        <relatedFrame ID="198">Intentionally_act</relatedFrame>
    </frameRelation>
    <frameRelation type="Is Inherited by"/>
    <frameRelation type="Perspective on"/>
    <frameRelation type="Is Perspectivized in"/>
    <frameRelation type="Uses"/>
    <frameRelation type="Is Used by">
        <relatedFrame ID="1420">Getting_up</relatedFrame>
    </frameRelation>
    <frameRelation type="Subframe of"/>
    <frameRelation type="Has Subframe(s)"/>
    <frameRelation type="Precedes"/>
    <frameRelation type="Is Preceded by"/>
    <frameRelation type="Is Inchoative of"/>
    <frameRelation type="Is Causative of">
        <relatedFrame ID="18">Posture</relatedFrame>
    </frameRelation>
    <frameRelation type="See also"/>
    <lexUnit status="Finished_Initial" POS="V" name="bend.v" ID="9361" lemmaID="3348" cBy="JKR" cDate="08/30/2003 02:00:20 PDT Sat">
        <definition>FN: to cause one's body to fold, usually at the waist or the knees</definition>
        <sentenceCount annotated="32" total="32"/>
        <lexeme order="1" headword="false" breakBefore="false" POS="V" name="bend"/>
    </lexUnit>
    <lexUnit status="Finished_Initial" POS="V" name="stoop.v" ID="9363" lemmaID="38184" cBy="JKR" cDate="09/02/2003 06:29:25 PDT Tue">
        <definition>FN: to be in a position in which one's body is bent forward and downward</definition>
        <sentenceCount annotated="27" total="27"/>
        <lexeme order="1" headword="false" breakBefore="false" POS="V" name="stoop"/>
    </lexUnit>
    <lexUnit status="Needs_SCs" POS="V" name="stand.v" ID="9364" lemmaID="37785" cBy="JKR" cDate="09/02/2003 06:58:15 PDT Tue">
        <definition>FN: rise to an upright position on one's feet. </definition>
        <sentenceCount annotated="2" total="3"/>
        <lexeme order="1" headword="false" breakBefore="false" POS="V" name="stand"/>
    </lexUnit>
    <lexUnit status="Finished_Initial" POS="V" name="stand up.v" ID="9366" lemmaID="48322" cBy="JKR" cDate="09/02/2003 07:02:45 PDT Tue">
        <definition>FN: assume a standing position, typically from lying or sitting</definition>
        <sentenceCount annotated="27" total="127"/>
        <lexeme order="1" headword="true" breakBefore="false" POS="V" name="stand"/>
        <lexeme order="2" headword="false" breakBefore="false" POS="ADV" name="up"/>
    </lexUnit>
    <lexUnit status="Finished_Initial" POS="V" name="kneel.v" ID="9367" lemmaID="21411" cBy="JKR" cDate="09/02/2003 09:21:29 PDT Tue">
        <definition>COD: fall or rest on a knee or the knees. </definition>
        <sentenceCount annotated="7" total="7"/>
        <lexeme order="1" headword="false" breakBefore="false" POS="V" name="kneel"/>
    </lexUnit>
    <lexUnit status="Finished_Initial" POS="V" name="kneel down.v" ID="9368" lemmaID="48324" cBy="JKR" cDate="09/02/2003 09:44:37 PDT Tue">
        <definition>FN: fall or come to rest on one's knees</definition>
        <sentenceCount annotated="47" total="153"/>
        <lexeme order="1" headword="true" breakBefore="false" POS="V" name="kneel"/>
        <lexeme order="2" headword="false" breakBefore="false" POS="ADV" name="down"/>
    </lexUnit>
    <lexUnit status="Finished_Initial" POS="V" name="lie down.v" ID="9369" lemmaID="48325" cBy="JKR" cDate="09/02/2003 10:11:50 PDT Tue">
        <definition>FN: assume a horizontal position on a supporting surface</definition>
        <sentenceCount annotated="27" total="122"/>
        <lexeme order="1" headword="true" breakBefore="false" POS="V" name="lie"/>
        <lexeme order="2" headword="false" breakBefore="false" POS="ADV" name="down"/>
    </lexUnit>
    <lexUnit status="Created" POS="V" name="lie.v" ID="9370" lemmaID="22250" cBy="JKR" cDate="09/02/2003 10:25:02 PDT Tue">
        <definition>FN: to move into a horizontal position on a supporting surface</definition>
        <sentenceCount annotated="6" total="6"/>
        <lexeme order="1" headword="false" breakBefore="false" POS="V" name="lie"/>
    </lexUnit>
    <lexUnit status="Created" POS="V" name="sit.v" ID="9380" lemmaID="36054" cBy="JKR" cDate="09/03/2003 04:56:59 PDT Wed">
        <definition>FN: to move into a position in which one's weight is supported by one's buttocks rather than one's feet and one's back is upright. </definition>
        <sentenceCount annotated="17" total="17"/>
        <lexeme order="1" headword="false" breakBefore="false" POS="V" name="sit"/>
    </lexUnit>
    <lexUnit status="Finished_Initial" POS="V" name="sit down.v" ID="9381" lemmaID="48330" cBy="JKR" cDate="09/03/2003 05:34:18 PDT Wed">
        <definition>FN: assume a position in which one's weight is supported by one's buttocks rather than one's feet or back</definition>
        <sentenceCount annotated="14" total="14"/>
        <lexeme order="1" headword="true" breakBefore="false" POS="V" name="sit"/>
        <lexeme order="2" headword="false" breakBefore="false" POS="ADV" name="down"/>
    </lexUnit>
    <lexUnit status="Finished_Initial" POS="V" name="sit up.v" ID="9382" lemmaID="48331" cBy="JKR" cDate="09/03/2003 06:23:12 PDT Wed">
        <definition>COD: move from a lying or slouching to a sitting position</definition>
        <sentenceCount annotated="32" total="167"/>
        <lexeme order="1" headword="true" breakBefore="false" POS="V" name="sit"/>
        <lexeme order="2" headword="false" breakBefore="false" POS="ADV" name="up"/>
    </lexUnit>
    <lexUnit status="Finished_Initial" POS="V" name="squat.v" ID="9383" lemmaID="37625" cBy="JKR" cDate="09/03/2003 06:45:10 PDT Wed">
        <definition>FN: to move into a position low to the ground in which one's knees are bent and the heels close to or touching the buttocks or thighs. </definition>
        <sentenceCount annotated="12" total="12"/>
        <lexeme order="1" headword="false" breakBefore="false" POS="V" name="squat"/>
    </lexUnit>
    <lexUnit status="Finished_Initial" POS="V" name="squat down.v" ID="9384" lemmaID="48332" cBy="JKR" cDate="09/03/2003 07:10:40 PDT Wed">
        <definition>COD: crouch or sit with the knees bent and the heels close to or touching the buttocks or thighs</definition>
        <sentenceCount annotated="13" total="40"/>
        <lexeme order="1" headword="true" breakBefore="false" POS="V" name="squat"/>
        <lexeme order="2" headword="false" breakBefore="false" POS="ADV" name="down"/>
    </lexUnit>
    <lexUnit status="Finished_Initial" POS="V" name="lean.v" ID="9385" lemmaID="21935" cBy="JKR" cDate="09/03/2003 08:12:13 PDT Wed">
        <definition>COD: be in or move into a sloping position. </definition>
        <sentenceCount annotated="69" total="69"/>
        <lexeme order="1" headword="false" breakBefore="false" POS="V" name="lean"/>
    </lexUnit>
    <lexUnit status="Finished_Initial" POS="V" name="sprawl.v" ID="9386" lemmaID="37515" cBy="JKR" cDate="09/03/2003 09:30:21 PDT Wed">
        <definition>COD: sit, lie, or fall with one's limbs spread out in an ungainly way. </definition>
        <sentenceCount annotated="19" total="19"/>
        <lexeme order="1" headword="false" breakBefore="false" POS="V" name="sprawl"/>
    </lexUnit>
    <lexUnit status="Insufficient_Attestations" POS="V" name="sprawl out.v" ID="9387" lemmaID="48333" cBy="JKR" cDate="09/03/2003 09:59:30 PDT Wed">
        <definition>FN: lie, or fall down with arms and legs spread out in an ungainly way</definition>
        <sentenceCount annotated="1" total="10"/>
        <lexeme order="1" headword="true" breakBefore="false" POS="V" name="sprawl"/>
        <lexeme order="2" headword="false" breakBefore="false" POS="ADV" name="out"/>
    </lexUnit>
    <lexUnit status="Finished_Initial" POS="V" name="crouch.v" ID="9390" lemmaID="9082" cBy="JKR" cDate="09/04/2003 04:11:25 PDT Thu">
        <definition>FN: to cause one's body to adopt a position where the knees are bent and the upper body is brought forward and down. </definition>
        <sentenceCount annotated="27" total="28"/>
        <lexeme order="1" headword="false" breakBefore="false" POS="V" name="crouch"/>
    </lexUnit>
    <lexUnit status="Finished_Initial" POS="V" name="crouch down.v" ID="9400" lemmaID="48340" cBy="JKR" cDate="09/04/2003 06:54:46 PDT Thu">
        <definition>FN: assume from a standing position a posture where the knees are bent and the upper body is brought forward and down</definition>
        <sentenceCount annotated="13" total="23"/>
        <lexeme order="1" headword="true" breakBefore="false" POS="V" name="crouch"/>
        <lexeme order="2" headword="false" breakBefore="false" POS="ADV" name="down"/>
    </lexUnit>
    <lexUnit status="Created" POS="V" name="huddle.v" ID="9401" lemmaID="18589" cBy="JKR" cDate="09/05/2003 12:52:59 PDT Fri">
        <definition>COD: curl one's body into a small space. </definition>
        <sentenceCount annotated="10" total="10"/>
        <lexeme order="1" headword="false" breakBefore="false" POS="V" name="huddle"/>
    </lexUnit>
    <lexUnit status="Finished_Initial" POS="V" name="hunch.v" ID="9402" lemmaID="18665" cBy="JKR" cDate="09/05/2003 01:45:23 PDT Fri">
        <definition>FN: to move into a position in which one's shoulders and the top of one's body are bent forward</definition>
        <sentenceCount annotated="7" total="7"/>
        <lexeme order="1" headword="false" breakBefore="false" POS="V" name="hunch"/>
    </lexUnit>
    <lexUnit status="Finished_Initial" POS="V" name="slouch.v" ID="9404" lemmaID="36414" cBy="JKR" cDate="09/05/2003 03:55:24 PDT Fri">
        <definition>COD: stand, move, or sit in a lazy, drooping way. </definition>
        <sentenceCount annotated="11" total="11"/>
        <lexeme order="1" headword="false" breakBefore="false" POS="V" name="slouch"/>
    </lexUnit>
    <lexUnit status="Finished_Initial" POS="V" name="kneel up.v" ID="9411" lemmaID="48350" cBy="JKR" cDate="09/08/2003 02:27:55 PDT Mon">
        <definition>FN: get on one's knees from a sitting or lying position</definition>
        <sentenceCount annotated="11" total="12"/>
        <lexeme order="1" headword="true" breakBefore="false" POS="V" name="kneel"/>
        <lexeme order="2" headword="false" breakBefore="false" POS="ADV" name="up"/>
    </lexUnit>
    <lexUnit status="Finished_Initial" POS="V" name="hunch up.v" ID="9722" lemmaID="48341" cBy="JKR" cDate="10/07/2003 09:16:22 PDT Tue">
        <definition>FN: assume a posture of sitting or standing with one's shoulders raised and the top of one's body bent forward</definition>
        <sentenceCount annotated="6" total="32"/>
        <lexeme order="1" headword="true" breakBefore="false" POS="V" name="hunch"/>
        <lexeme order="2" headword="false" breakBefore="false" POS="ADV" name="up"/>
    </lexUnit>
    <lexUnit status="Finished_Initial" POS="V" name="rise.v" ID="9723" lemmaID="33335" cBy="JKR" cDate="10/09/2003 05:28:03 PDT Thu">
        <definition>COD: get up from lying, sitting, or kneeling</definition>
        <sentenceCount annotated="37" total="240"/>
        <lexeme order="1" headword="false" breakBefore="false" POS="V" name="rise"/>
    </lexUnit>
    <lexUnit status="Needs_SCs" POS="V" name="drop.v" ID="12860" lemmaID="11821" cBy="MJE" cDate="11/01/2005 06:27:38 PST Tue">
        <definition>COD: sink to or towards the ground.</definition>
        <sentenceCount annotated="1" total="1"/>
        <lexeme order="1" headword="false" breakBefore="false" POS="V" name="drop"/>
    </lexUnit>
</frame>