<?xml version="1.0" encoding="UTF-8" standalone="yes"?>
<?xml-stylesheet type="text/xsl" href="frame.xsl"?>
<frame cBy="RLG" cDate="12/14/2011 11:33:27 PST Wed" name="Change_accessibility" ID="2686" xsi:schemaLocation="../schema/frame.xsd" xmlns="http://framenet.icsi.berkeley.edu" xmlns:xsi="http://www.w3.org/2001/XMLSchema-instance">
    <definition>&lt;def-root&gt;An &lt;fen&gt;Agent&lt;/fen&gt; causes a &lt;fen&gt;Useful_location&lt;/fen&gt; to become accessible (or non-accessible) to a &lt;fen&gt;Theme&lt;/fen&gt; to a certain &lt;fen&gt;Degree&lt;/fen&gt;. Instead of the &lt;fen&gt;Useful_location&lt;/fen&gt;, the scene may be described with reference to a &lt;fen&gt;Portal&lt;/fen&gt; (or part of the &lt;fen&gt;Portal&lt;/fen&gt;, e.g., a door) to the &lt;fen&gt;Useful_location&lt;/fen&gt;.

&lt;ex&gt;&lt;fex name="age"&gt;They&lt;/fex&gt;'ve &lt;t&gt;blockaded&lt;/t&gt; &lt;fex name="por"&gt;the entrance&lt;/fex&gt; -- no one can get in or out.&lt;/ex&gt;

&lt;ex&gt;&lt;fex name="age"&gt;Police&lt;/fex&gt; have &lt;t&gt;cordoned off&lt;/t&gt; &lt;fex name="use"&gt;the area where the crime occurred&lt;/fex&gt;.&lt;/ex&gt;

&lt;ex&gt;&lt;fex name="use"&gt;The area&lt;/fex&gt; has been &lt;t&gt;barricaded&lt;/t&gt; &lt;fex name="the"&gt;to anyone but law enforcement officials&lt;/fex&gt;.&lt;/ex&gt;&lt;/def-root&gt;</definition>
    <FE bgColor="FF0000" fgColor="FFFFFF" coreType="Core" cBy="RLG" cDate="12/14/2011 12:28:49 PST Wed" abbrev="age" name="Agent" ID="15345">
        <definition>&lt;def-root&gt;The &lt;fen&gt;Agent&lt;/fen&gt; blocks access to the &lt;fen&gt;Useful_location&lt;/fen&gt;.

&lt;ex&gt;&lt;fex name="age"&gt;Police&lt;/fex&gt; have &lt;t&gt;cordoned off&lt;/t&gt; the area where the crime took place.&lt;/ex&gt;&lt;/def-root&gt;</definition>
    </FE>
    <FE bgColor="2E8B57" fgColor="FFFFFF" coreType="Core" cBy="RLG" cDate="12/14/2011 12:30:22 PST Wed" abbrev="use" name="Useful_location" ID="15346">
        <definition>&lt;def-root&gt;The &lt;fen&gt;Useful_location&lt;/fen&gt; is the place the Theme is headed towards and the &lt;fen&gt;Agent&lt;/fen&gt; has changed the accessibility of.

&lt;ex&gt;Protestors &lt;t&gt;barricaded&lt;/t&gt; &lt;fex name="use"&gt;a highway that connects the industrial sectors to the ports&lt;/fex&gt;.&lt;/ex&gt;&lt;/def-root&gt;</definition>
    </FE>
    <FE bgColor="0000FF" fgColor="FFFFFF" coreType="Peripheral" cBy="RLG" cDate="12/14/2011 12:32:39 PST Wed" abbrev="the" name="Theme" ID="15347">
        <definition>&lt;def-root&gt;The &lt;fen&gt;Theme&lt;/fen&gt; is headed towards, or has an intention or tendency to heard towards, the &lt;fen&gt;Useful_location&lt;/fen&gt;, but is potentially blocked due to actions of the &lt;fen&gt;Agent&lt;/fen&gt;.

&lt;ex&gt;Authorities &lt;t&gt;barricaded&lt;/t&gt; the road &lt;fex name="the"&gt;to all traffic&lt;/fex&gt;.&lt;/ex&gt;&lt;/def-root&gt;</definition>
    </FE>
    <FE bgColor="808080" fgColor="FFFFFF" coreType="Peripheral" cBy="RLG" cDate="12/14/2011 12:36:53 PST Wed" abbrev="deg" name="Degree" ID="15348">
        <definition>&lt;def-root&gt;The degree to which the &lt;fen&gt;Useful_location&lt;/fen&gt; is or is not accessible.&lt;/def-root&gt;</definition>
    </FE>
    <FE bgColor="1E90FF" fgColor="FFFFFF" coreType="Core" cBy="RLG" cDate="12/14/2011 12:37:23 PST Wed" abbrev="por" name="Portal" ID="15349">
        <definition>&lt;def-root&gt;The &lt;fen&gt;Agent&lt;/fen&gt; may regulate access to the &lt;fen&gt;Useful_location&lt;/fen&gt; by regulating access to a &lt;fen&gt;Portal&lt;/fen&gt;, including a part of the portal that could block potential &lt;fen&gt;Theme&lt;/fen&gt;s, such as doors or gates.  &lt;ex&gt;They've &lt;t&gt;blockaded&lt;/t&gt; &lt;fex name="por"&gt;the entrance&lt;/fex&gt; -- no one can get in or out.&lt;/ex&gt;&lt;/def-root&gt;</definition>
    </FE>
    <FE bgColor="FF00FF" fgColor="FFFFFF" coreType="Peripheral" cBy="RLG" cDate="12/14/2011 12:46:17 PST Wed" abbrev="man" name="Manner" ID="15350">
        <definition>&lt;def-root&gt;Any description of the event which is not covered by more specific FEs, including epistemic modification (&lt;m&gt;probably, presumably, mysteriously&lt;/m&gt;), force (&lt;m&gt;hard, softly&lt;/m&gt;), secondary effects (&lt;m&gt;quietly, loudly&lt;/m&gt;), and general descriptions comparing events (&lt;m&gt;the same way&lt;/m&gt;). It may also indicate salient characteristics of the &lt;fen&gt;Agent&lt;/fen&gt; that also affect the action (&lt;m&gt;presumptuously, coldly, deliberately, eagerly, carefully&lt;/m&gt;).

&lt;ex&gt;The debate is on regarding the trial of &lt;fex name="age"&gt;individuals&lt;/fex&gt; accused of &lt;fex name="man"&gt;non-violently&lt;/fex&gt; &lt;t&gt;barricading&lt;/t&gt; &lt;fex name="use"&gt;downtown pet stores&lt;/fex&gt;.&lt;/ex&gt;&lt;/def-root&gt;</definition>
    </FE>
    <FE bgColor="FF69B4" fgColor="FFFFFF" coreType="Peripheral" cBy="RLG" cDate="12/14/2011 12:49:22 PST Wed" abbrev="mea" name="Means" ID="15351">
        <definition>&lt;def-root&gt;An action carried out by the &lt;fen&gt;Agent&lt;/fen&gt; to bring about the change in accessibility.

&lt;ex&gt;The students &lt;t&gt;barricaded&lt;/t&gt; the doorways &lt;fex name="mea"&gt;by lining up in two rows surrounding the building&lt;/fex&gt;.&lt;/ex&gt;&lt;/def-root&gt;</definition>
    </FE>
    <FE bgColor="FFA500" fgColor="FFFFFF" coreType="Peripheral" cBy="RLG" cDate="12/14/2011 12:51:24 PST Wed" abbrev="tim" name="Time" ID="15352">
        <definition>&lt;def-root&gt;The time when the &lt;fen&gt;Agent&lt;/fen&gt; changes the accessibility of the &lt;fen&gt;Useful_location&lt;/fen&gt;.

&lt;ex&gt;A rebel group &lt;t&gt;blockaded&lt;/t&gt; the roadways &lt;fex name="tim"&gt;late last night&lt;/fex&gt;.&lt;/ex&gt;&lt;/def-root&gt;</definition>
    </FE>
    <FE bgColor="008000" fgColor="FFFFFF" coreType="Peripheral" cBy="RLG" cDate="12/14/2011 12:53:06 PST Wed" abbrev="pla" name="Place" ID="15353">
        <definition>&lt;def-root&gt;The general place where the blocking or allowing of access occurs.

&lt;ex&gt;Many roads were &lt;t&gt;cordorned off&lt;/t&gt; &lt;fex name="pla"&gt;in the central district&lt;/fex&gt; right after the incident.&lt;/ex&gt;&lt;/def-root&gt;</definition>
    </FE>
    <FE bgColor="9400D3" fgColor="FFFFFF" coreType="Peripheral" cBy="RLG" cDate="12/14/2011 12:55:07 PST Wed" abbrev="pur" name="Purpose" ID="15354">
        <definition>&lt;def-root&gt;The purpose for which the &lt;t&gt;Agent&lt;/t&gt; changes the accessibility of the &lt;fen&gt;Useful_location&lt;/fen&gt;.

&lt;ex&gt;They clearly &lt;t&gt;blockaded&lt;/t&gt; this route &lt;fex name="pur"&gt;to prevent anyone from sneaking past their surveillance technology&lt;/fex&gt;.&lt;/ex&gt;&lt;/def-root&gt;</definition>
    </FE>
    <FE bgColor="A52A2A" fgColor="FFFFFF" coreType="Extra-Thematic" cBy="RLG" cDate="03/05/2012 11:13:35 PST Mon" abbrev="sub" name="Subregion" ID="15502">
        <definition>&lt;def-root&gt;A portion of the &lt;fen&gt;Useful_location&lt;/fen&gt;, usually its edge, where accessibility is blocked.

&lt;ex&gt;Police &lt;t&gt;cordoned&lt;/t&gt; &lt;t&gt;off&lt;/t&gt; the park &lt;fex name="sub"&gt;along its southern edge&lt;/fex&gt;.&lt;/ex&gt;&lt;/def-root&gt;</definition>
    </FE>
    <FE bgColor="00008B" fgColor="FFFFFF" coreType="Peripheral" cBy="RLG" cDate="03/05/2012 11:35:29 PST Mon" abbrev="ins" name="Instrument" ID="15503">
        <definition>&lt;def-root&gt;The &lt;fen&gt;Agent&lt;/fen&gt; uses the &lt;fen&gt;Instrument&lt;/fen&gt; to block access, often by placing the &lt;fen&gt;Instrument&lt;/fen&gt; such that it cannot be traversed.

&lt;ex&gt;They &lt;t&gt;barricaded&lt;/t&gt; the doors &lt;fex name="ins"&gt;with heavy crates and rusted machinery&lt;/fex&gt;.&lt;/ex&gt;&lt;/def-root&gt;</definition>
    </FE>
    <frameRelation type="Inherits from">
        <relatedFrame ID="230">Intentionally_affect</relatedFrame>
    </frameRelation>
    <frameRelation type="Is Inherited by"/>
    <frameRelation type="Perspective on"/>
    <frameRelation type="Is Perspectivized in"/>
    <frameRelation type="Uses"/>
    <frameRelation type="Is Used by"/>
    <frameRelation type="Subframe of"/>
    <frameRelation type="Has Subframe(s)"/>
    <frameRelation type="Precedes"/>
    <frameRelation type="Is Preceded by"/>
    <frameRelation type="Is Inchoative of"/>
    <frameRelation type="Is Causative of">
        <relatedFrame ID="1872">Openness</relatedFrame>
    </frameRelation>
    <frameRelation type="See also"/>
    <lexUnit status="In_Use" POS="V" name="barricade.v" ID="16818" lemmaID="2956" cBy="RLG" cDate="12/14/2011 12:57:25 PST Wed">
        <definition>FN: block off an area, especially by erecting barriers.</definition>
        <sentenceCount annotated="2" total="11"/>
        <lexeme order="1" headword="false" breakBefore="false" POS="V" name="barricade"/>
    </lexUnit>
    <lexUnit status="In_Use" POS="V" name="blockade.v" ID="16819" lemmaID="3872" cBy="RLG" cDate="12/14/2011 01:15:01 PST Wed">
        <definition>FN: prevent access to an area.</definition>
        <sentenceCount annotated="5" total="5"/>
        <lexeme order="1" headword="false" breakBefore="false" POS="V" name="blockade"/>
    </lexUnit>
    <lexUnit status="In_Use" POS="V" name="cordon off.v" ID="16820" lemmaID="51475" cBy="RLG" cDate="12/14/2011 01:16:50 PST Wed">
        <definition>FN: block off an area, typically by surrounding it.</definition>
        <sentenceCount annotated="17" total="18"/>
        <lexeme order="1" headword="true" breakBefore="false" POS="V" name="cordon"/>
        <lexeme order="2" headword="false" breakBefore="true" POS="PREP" name="off"/>
    </lexUnit>
    <lexUnit status="In_Use" POS="N" name="road-block.n" ID="16821" lemmaID="51476" cBy="RLG" cDate="12/14/2011 01:18:17 PST Wed">
        <definition>FN: a barrier to passage on a roadway, especially as erected by government or law enforcement.</definition>
        <sentenceCount annotated="9" total="18"/>
        <lexeme order="1" headword="true" breakBefore="false" POS="N" name="road-block"/>
    </lexUnit>
    <lexUnit status="Created" POS="V" name="block off.v" ID="16822" lemmaID="51477" cBy="RLG" cDate="12/14/2011 01:25:07 PST Wed">
        <definition>FN: place barriers to entering or exiting an area or building.</definition>
        <sentenceCount annotated="0" total="0"/>
        <lexeme order="1" headword="true" breakBefore="false" POS="V" name="block"/>
        <lexeme order="2" headword="false" breakBefore="true" POS="PREP" name="off"/>
    </lexUnit>
    <lexUnit status="In_Use" POS="N" name="blockade.n" ID="16926" lemmaID="3871" cBy="RLG" cDate="03/05/2012 11:04:47 PST Mon">
        <definition>FN: an act of preventing access to an area.</definition>
        <sentenceCount annotated="10" total="11"/>
        <lexeme order="1" headword="false" breakBefore="false" POS="N" name="blockade"/>
    </lexUnit>
</frame>