<?xml version="1.0" encoding="UTF-8" standalone="yes"?>
<?xml-stylesheet type="text/xsl" href="frame.xsl"?>
<frame cBy="MJE" cDate="05/08/2002 05:03:19 PDT Wed" name="Coming_to_be" ID="316" xsi:schemaLocation="../schema/frame.xsd" xmlns="http://framenet.icsi.berkeley.edu" xmlns:xsi="http://www.w3.org/2001/XMLSchema-instance">
    <definition>&lt;def-root&gt;An &lt;fen&gt;Entity&lt;/fen&gt; comes into existence at a particular &lt;fen&gt;Place&lt;/fen&gt; and &lt;fen&gt;Time&lt;/fen&gt; which may take a certain &lt;fen&gt;Duration_of_endstate&lt;/fen&gt;, have a &lt;fen&gt;Cause&lt;/fen&gt;, or be formed from &lt;fen&gt;Components&lt;/fen&gt;.

&lt;ex&gt;&lt;fex name="Entity"&gt;Problems&lt;/fex&gt; may &lt;t&gt;arise&lt;/t&gt; &lt;fex name="Time"&gt;whenever an S1 sophont enters the game&lt;/fex&gt;.&lt;/ex&gt;
&lt;ex&gt;&lt;fex name="Entity"&gt;Mountains&lt;/fex&gt; &lt;fex name="Time"&gt;sometimes&lt;/fex&gt; &lt;t&gt;form&lt;/t&gt; &lt;fex name="Period_of_iterations"&gt;in as little as a million years&lt;/fex&gt;.&lt;/ex&gt;
&lt;ex&gt;&lt;fex name="Entity"&gt;A new paradigm&lt;/fex&gt; &lt;t&gt;emerged&lt;/t&gt; &lt;fex name="Explanation"&gt;from the discussion of nuclear weapons&lt;/fex&gt;.&lt;/ex&gt;
&lt;ex&gt;&lt;fex name="Entity"&gt;New Plants&lt;/fex&gt; &lt;t&gt;form&lt;/t&gt; &lt;fex name="Components"&gt;from the cut veins&lt;/fex&gt; &lt;fex name="Period_of_iterations"&gt;in two weeks&lt;/fex&gt;.&lt;/ex&gt;&lt;/def-root&gt;</definition>
    <FE bgColor="FF0000" fgColor="FFFFFF" coreType="Core" cBy="KCo" cDate="05/09/2002 12:34:25 PDT Thu" abbrev="Ent" name="Entity" ID="2743">
        <definition>&lt;def-root&gt;Concrete or abstract entity that did not exist before the &lt;fen&gt;Time&lt;/fen&gt; of the event.&lt;/def-root&gt;</definition>
    </FE>
    <FE bgColor="008000" fgColor="FFFFFF" coreType="Peripheral" cBy="KCo" cDate="05/09/2002 12:34:52 PDT Thu" abbrev="Place" name="Place" ID="2744">
        <definition>&lt;def-root&gt;This is the Place where the new Entity comes into being.&lt;/def-root&gt;</definition>
        <semType name="Locative_relation" ID="182"/>
    </FE>
    <FE bgColor="FFA500" fgColor="FFFFFF" coreType="Peripheral" cBy="KCo" cDate="05/09/2002 12:35:17 PDT Thu" abbrev="Time" name="Time" ID="2745">
        <definition>&lt;def-root&gt;This FE identifes the Time when a new Entity comes into existence.&lt;/def-root&gt;</definition>
        <semType name="Time" ID="141"/>
    </FE>
    <FE bgColor="9400D3" fgColor="FFFFFF" coreType="Extra-Thematic" cBy="MJE" cDate="05/09/2002 05:04:06 PDT Thu" abbrev="Exp" name="Explanation" ID="2746">
        <definition>&lt;def-root&gt;This FE labels the &lt;fex name="Explanation"&gt;Explanation&lt;/fex&gt; of the formation of the Entity.
&lt;ex&gt;New clarity &lt;t&gt;coalesced&lt;/t&gt; &lt;fex name="Explanation"&gt;out of the hours spent simulating the climate&lt;/fex&gt;.&lt;/ex&gt;&lt;/def-root&gt;</definition>
    </FE>
    <FE bgColor="9F79EE" fgColor="FFFFFF" coreType="Extra-Thematic" cBy="MJE" cDate="05/10/2002 12:30:58 PDT Fri" abbrev="Cmpnt" name="Components" ID="2760">
        <definition>&lt;def-root&gt;This FE identifies the components out of which the &lt;fen&gt;Entity&lt;/fen&gt; forms.
&lt;ex&gt;New plants &lt;t&gt;form&lt;/t&gt; &lt;fex name="Components"&gt;from cut veins&lt;/fex&gt; in two weeks.&lt;/ex&gt;&lt;/def-root&gt;</definition>
    </FE>
    <FE bgColor="006400" fgColor="FFFFFF" coreType="Extra-Thematic" cBy="ACW" cDate="05/28/2002 08:58:39 PDT Tue" abbrev="Dura" name="Duration_of_final_state" ID="2853">
        <definition>&lt;def-root&gt;This FE identifies the length of time that the &lt;fen&gt;Entity&lt;/fen&gt; exists after coming to be.&lt;/def-root&gt;</definition>
        <semType name="Duration" ID="142"/>
    </FE>
    <FE bgColor="808080" fgColor="FFFFFF" coreType="Extra-Thematic" cBy="MJE" cDate="06/04/2002 05:01:24 PDT Tue" abbrev="Role" name="Role" ID="2972">
        <definition>&lt;def-root&gt;The form in which the Entity comes to be.
&lt;ex&gt;Vishnu &lt;t&gt;materialized&lt;/t&gt; &lt;fex name="Role"&gt;in the form of a half man, half beast&lt;/fex&gt;.&lt;/ex&gt;
&lt;ex&gt;The megacorps stranglehold on property &lt;t&gt;emerged&lt;/t&gt; &lt;fex name="Role"&gt;as a problem&lt;/fex&gt;.&lt;/ex&gt;&lt;/def-root&gt;</definition>
    </FE>
    <FE bgColor="FFD700" fgColor="000000" coreType="Extra-Thematic" cBy="ACW" cDate="06/12/2002 04:30:23 PDT Wed" abbrev="peri" name="Period_of_iterations" ID="3040">
        <definition>&lt;def-root&gt;This FE identifies the &lt;fen&gt;Period_of_iterations&lt;/fen&gt; during which habitual or iterative actions are performed.&lt;/def-root&gt;</definition>
    </FE>
    <FE bgColor="FF00FF" fgColor="FFFFFF" coreType="Peripheral" cBy="KmG" cDate="08/02/2007 11:47:58 PDT Thu" abbrev="" name="Manner" ID="11943">
        <definition>&lt;def-root&gt;The way in which the &lt;fen&gt;Entity&lt;/fen&gt; comes to be. &lt;/def-root&gt;</definition>
    </FE>
    <frameRelation type="Inherits from">
        <relatedFrame ID="187">Event</relatedFrame>
    </frameRelation>
    <frameRelation type="Is Inherited by">
        <relatedFrame ID="793">Being_born</relatedFrame>
    </frameRelation>
    <frameRelation type="Perspective on"/>
    <frameRelation type="Is Perspectivized in"/>
    <frameRelation type="Uses"/>
    <frameRelation type="Is Used by"/>
    <frameRelation type="Subframe of">
        <relatedFrame ID="2100">Cycle_of_existence_scenario</relatedFrame>
    </frameRelation>
    <frameRelation type="Has Subframe(s)"/>
    <frameRelation type="Precedes">
        <relatedFrame ID="660">Existence</relatedFrame>
    </frameRelation>
    <frameRelation type="Is Preceded by"/>
    <frameRelation type="Is Inchoative of">
        <relatedFrame ID="660">Existence</relatedFrame>
    </frameRelation>
    <frameRelation type="Is Causative of"/>
    <frameRelation type="See also"/>
    <lexUnit status="Finished_Initial" POS="V" name="form.v" ID="5749" lemmaID="15132" cBy="MJE" cDate="05/08/2002 05:03:56 PDT Wed">
        <definition>COD: to  develop</definition>
        <sentenceCount annotated="21" total="314"/>
        <lexeme order="1" headword="false" breakBefore="false" POS="V" name="form"/>
    </lexUnit>
    <lexUnit status="Created" POS="V" name="come to be.v" ID="5750" lemmaID="45672" cBy="MJE" cDate="05/08/2002 05:05:11 PDT Wed">
        <definition>FN: come into existence</definition>
        <sentenceCount annotated="0" total="0"/>
        <lexeme order="1" headword="true" breakBefore="false" POS="V" name="come"/>
        <lexeme order="2" headword="false" breakBefore="false" POS="N" name="to"/>
        <lexeme order="3" headword="false" breakBefore="false" POS="V" name="be"/>
    </lexUnit>
    <lexUnit status="Finished_Initial" POS="V" name="appear.v" ID="5751" lemmaID="1709" cBy="MJE" cDate="05/08/2002 05:06:21 PDT Wed">
        <definition>COD: come into existence</definition>
        <sentenceCount annotated="26" total="261"/>
        <lexeme order="1" headword="false" breakBefore="false" POS="V" name="appear"/>
    </lexUnit>
    <lexUnit status="Finished_Initial" POS="V" name="arise.v" ID="5752" lemmaID="1921" cBy="MJE" cDate="05/08/2002 05:08:03 PDT Wed">
        <definition>COD: originate</definition>
        <sentenceCount annotated="35" total="228"/>
        <lexeme order="1" headword="false" breakBefore="false" POS="V" name="arise"/>
    </lexUnit>
    <lexUnit status="Created" POS="V" name="emerge.v" ID="5753" lemmaID="12579" cBy="MJE" cDate="05/08/2002 05:09:17 PDT Wed">
        <definition>COD: become gradually visible or apparent. </definition>
        <sentenceCount annotated="5" total="5"/>
        <lexeme order="1" headword="false" breakBefore="false" POS="V" name="emerge"/>
    </lexUnit>
    <lexUnit status="Created" POS="V" name="take shape.v" ID="5754" lemmaID="45673" cBy="MJE" cDate="05/08/2002 05:10:47 PDT Wed">
        <definition>FN: {an abstract entity) starts to be actualized</definition>
        <sentenceCount annotated="0" total="0"/>
        <lexeme order="1" headword="true" breakBefore="false" POS="V" name="take"/>
        <lexeme order="2" headword="false" breakBefore="false" POS="N" name="shape"/>
    </lexUnit>
    <lexUnit status="Finished_Initial" POS="V" name="develop.v" ID="5756" lemmaID="10478" cBy="MJE" cDate="05/08/2002 05:12:47 PDT Wed">
        <definition>COD: start to exist</definition>
        <sentenceCount annotated="50" total="346"/>
        <lexeme order="1" headword="false" breakBefore="false" POS="V" name="develop"/>
    </lexUnit>
    <lexUnit status="Finished_Initial" POS="V" name="coalesce.v" ID="5758" lemmaID="6952" cBy="MJE" cDate="05/08/2002 05:21:19 PDT Wed">
        <definition>COD: come or bring together to form one mass or whole. </definition>
        <sentenceCount annotated="5" total="83"/>
        <lexeme order="1" headword="false" breakBefore="false" POS="V" name="coalesce"/>
    </lexUnit>
    <lexUnit status="Finished_Initial" POS="V" name="materialize.v" ID="5818" lemmaID="23685" cBy="ACW" cDate="05/28/2002 03:16:32 PDT Tue">
        <definition>COD: appear </definition>
        <sentenceCount annotated="17" total="117"/>
        <lexeme order="1" headword="false" breakBefore="false" POS="V" name="materialize"/>
    </lexUnit>
    <lexUnit status="Created" POS="V" name="spring up.v" ID="6246" lemmaID="45773" cBy="ACW" cDate="06/24/2002 03:43:07 PDT Mon">
        <definition>COD: suddenly develop or appear</definition>
        <sentenceCount annotated="2" total="2"/>
        <lexeme order="1" headword="true" breakBefore="false" POS="V" name="spring"/>
        <lexeme order="2" headword="false" breakBefore="false" POS="ADV" name="up"/>
    </lexUnit>
    <lexUnit status="Created" POS="V" name="come into existence.v" ID="7346" lemmaID="46111" cBy="GlY" cDate="08/29/2002 06:23:22 PDT Thu">
        <definition>FN: (an entity) start to exist</definition>
        <sentenceCount annotated="0" total="0"/>
        <lexeme order="1" headword="true" breakBefore="false" POS="V" name="come"/>
        <lexeme order="2" headword="false" breakBefore="true" POS="PREP" name="into"/>
        <lexeme order="3" headword="false" breakBefore="false" POS="N" name="existence"/>
    </lexUnit>
    <lexUnit status="Created" POS="V" name="evolve.v" ID="13978" lemmaID="13307" cBy="KmG" cDate="03/14/2007 01:58:37 PDT Wed">
        <definition>COD: develop gradually.  </definition>
        <sentenceCount annotated="1" total="1"/>
        <lexeme order="1" headword="false" breakBefore="false" POS="V" name="evolve"/>
    </lexUnit>
    <lexUnit status="Finished_Initial" POS="N" name="development.n" ID="16844" lemmaID="10480" cBy="CVa" cDate="01/18/2012 01:01:25 PST Wed">
        <definition>FN: the non-agentive formation of an entity</definition>
        <sentenceCount annotated="23" total="93"/>
        <lexeme order="1" headword="false" breakBefore="false" POS="N" name="development"/>
    </lexUnit>
    <lexUnit status="Created" POS="N" name="evolution.n" ID="17278" lemmaID="13305" cBy="CVa" cDate="01/23/2013 01:27:30 PST Wed">
        <definition>FN: the gradual development of an entity</definition>
        <sentenceCount annotated="0" total="0"/>
        <lexeme order="1" headword="false" breakBefore="false" POS="N" name="evolution"/>
    </lexUnit>
</frame>