<?xml version="1.0" encoding="UTF-8" standalone="yes"?>
<?xml-stylesheet type="text/xsl" href="frame.xsl"?>
<frame cBy="MJE" cDate="06/10/2003 06:58:31 PDT Tue" name="Committing_crime" ID="700" xsi:schemaLocation="../schema/frame.xsd" xmlns="http://framenet.icsi.berkeley.edu" xmlns:xsi="http://www.w3.org/2001/XMLSchema-instance">
    <definition>&lt;def-root&gt;A &lt;fen&gt;Perpetrator&lt;/fen&gt; (generally intentionally) commits a &lt;fen&gt;Crime&lt;/fen&gt;, i.e. does something not permitted by the laws of society.

&lt;ex&gt;&lt;fex name="Perp"&gt;They&lt;/fex&gt; &lt;t&gt;perpetrated&lt;/t&gt; &lt;fex name="Cr"&gt;a felony&lt;/fex&gt; &lt;fex name="Means"&gt;by substituting a lie for negotiations&lt;/fex&gt;.&lt;/ex&gt;

&lt;ex&gt;&lt;fex name="Perp"&gt;The suspect&lt;/fex&gt; had allegedly &lt;t&gt;committed&lt;/t&gt; &lt;fex name="Cr"&gt;the crime&lt;/fex&gt; &lt;fex name="Purpose"&gt;to gain the attention of a female celebrity&lt;/fex&gt;.&lt;/ex&gt;&lt;/def-root&gt;</definition>
    <FE bgColor="FF0000" fgColor="FFFFFF" coreType="Core" cBy="MJE" cDate="06/10/2003 07:01:44 PDT Tue" abbrev="Perp" name="Perpetrator" ID="4600">
        <definition>&lt;def-root&gt;The individual that commits a &lt;fen&gt;Crime&lt;/fen&gt;.

&lt;ex&gt;How can &lt;fex name="Perp"&gt;he&lt;/fex&gt; &lt;t&gt;commit&lt;/t&gt; treason against the King of England in a foreign country , if he is not English?&lt;/ex&gt;

&lt;ex&gt;&lt;fex name="Perp"&gt;He&lt;/fex&gt; &lt;t&gt;perpetrated&lt;/t&gt; a crime against mother nature.&lt;/ex&gt;&lt;/def-root&gt;</definition>
        <semType name="Sentient" ID="5"/>
    </FE>
    <FE bgColor="0000FF" fgColor="FFFFFF" coreType="Core-Unexpressed" cBy="MJE" cDate="06/10/2003 07:02:55 PDT Tue" abbrev="Cr" name="Crime" ID="4601">
        <definition>&lt;def-root&gt;An act, generally intentional, that has been formally forbidden by law.

&lt;ex&gt;How can he &lt;t&gt;commit&lt;/t&gt; &lt;fex name="Crime"&gt;treason&lt;/fex&gt; against the King of England in a foreign country , if he is not English?&lt;/ex&gt;

&lt;ex&gt;He &lt;t&gt;perpetrated&lt;/t&gt; &lt;fex name="Cr"&gt;a crime&lt;/fex&gt; against mother nature.&lt;/ex&gt;&lt;/def-root&gt;</definition>
    </FE>
    <FE bgColor="1E90FF" fgColor="FFFFFF" coreType="Peripheral" cBy="MJE" cDate="06/10/2003 07:08:04 PDT Tue" abbrev="Purp" name="Purpose" ID="4603">
        <definition>&lt;def-root&gt;The action that the &lt;fen&gt;Perpetrator&lt;/fen&gt; was trying to accomplish in the &lt;fen&gt;Crime&lt;/fen&gt;.

&lt;ex&gt;People don't generally &lt;t&gt;perpetrate&lt;/t&gt; a felony &lt;fex name="Purp"&gt;in order to go to jail&lt;/fex&gt;.&lt;/ex&gt;&lt;/def-root&gt;</definition>
        <semType name="State_of_affairs" ID="177"/>
    </FE>
    <FE bgColor="FF69B4" fgColor="FFFFFF" coreType="Peripheral" cBy="MJE" cDate="06/10/2003 07:10:28 PDT Tue" abbrev="Man" name="Manner" ID="4604">
        <definition>&lt;def-root&gt;A description of secondary effects (&lt;ment&gt;quietly, loudly&lt;/ment&gt;), and general descriptions comparing events (&lt;ment&gt;the same way&lt;/ment&gt;). It may indicate salient characteristics of the &lt;fen&gt;Perpetrator&lt;/fen&gt; that also affect the action (&lt;ment&gt;presumptuously, coldly, deliberately, eagerly, carefully&lt;/ment&gt;).

&lt;ex&gt;He &lt;t&gt;committed&lt;/t&gt; each crime &lt;fex name="Manner"&gt;coldly and deliberately&lt;/fex&gt;.&lt;/ex&gt;
&lt;/def-root&gt;</definition>
        <semType name="Manner" ID="173"/>
    </FE>
    <FE bgColor="2E8B57" fgColor="FFFFFF" coreType="Peripheral" cBy="MJE" cDate="06/10/2003 07:16:44 PDT Tue" abbrev="Mns" name="Means" ID="4605">
        <definition>&lt;def-root&gt;An action performed by the &lt;fen&gt;Perpetrator&lt;/fen&gt; in order to accomplish the &lt;fen&gt;Crime&lt;/fen&gt;.

&lt;ex&gt;He &lt;t&gt;perpetrated&lt;/t&gt; each heinous act &lt;fex name="Mns"&gt;by calculating what would do the most damage and then finding a patsy to do it&lt;/fex&gt;.&lt;/ex&gt;&lt;/def-root&gt;</definition>
        <semType name="State_of_affairs" ID="177"/>
    </FE>
    <FE bgColor="90876C" fgColor="FFFFFF" coreType="Extra-Thematic" cBy="MJE" cDate="06/10/2003 07:20:40 PDT Tue" abbrev="exp" name="Explanation" ID="4606">
        <definition>&lt;def-root&gt;A state of affairs that the &lt;fen&gt;Perpetrator&lt;/fen&gt; is responding to in their &lt;fen&gt;Crime&lt;/fen&gt;.

&lt;ex&gt;Many of the poor &lt;t&gt;commit&lt;/t&gt; petty crimes &lt;fex name="exp"&gt;because they have no recourse&lt;/fex&gt;.&lt;/ex&gt;
&lt;/def-root&gt;</definition>
        <semType name="State_of_affairs" ID="177"/>
    </FE>
    <FE bgColor="FFA500" fgColor="FFFFFF" coreType="Peripheral" cBy="MJE" cDate="06/10/2003 07:23:19 PDT Tue" abbrev="Time" name="Time" ID="4607">
        <definition>&lt;def-root&gt;When the &lt;fen&gt;Crime&lt;/fen&gt; was committed.

&lt;ex&gt;A murder &lt;t&gt;perpetrated&lt;/t&gt; &lt;fex name="Time"&gt;at 1:08AM this morning&lt;/fex&gt; was not investigated until noon today.&lt;/ex&gt;&lt;/def-root&gt;</definition>
        <semType name="Time" ID="141"/>
    </FE>
    <FE bgColor="A9A9A9" fgColor="FFFFFF" coreType="Peripheral" cBy="MJE" cDate="06/10/2003 07:26:56 PDT Tue" abbrev="" name="Place" ID="4608">
        <definition>&lt;def-root&gt;The location where the &lt;fen&gt;Crime&lt;/fen&gt; occurs.

&lt;ex&gt;We have jurisdiction over crimes &lt;t&gt;committed&lt;/t&gt; &lt;fex name="Place"&gt;in Woodside County&lt;/fex&gt;.&lt;/ex&gt;&lt;/def-root&gt;</definition>
        <semType name="Locative_relation" ID="182"/>
    </FE>
    <FE bgColor="A52A2A" fgColor="FFFFFF" coreType="Extra-Thematic" cBy="RLG" cDate="07/16/2003 11:46:19 PDT Wed" abbrev="Inst" name="Instrument" ID="4792">
        <definition>&lt;def-root&gt;The &lt;fen&gt;Instrument&lt;/fen&gt; used in committing the crime.
&lt;ex&gt;Most crimes are &lt;t&gt;committed&lt;/t&gt; &lt;fex name="Inst"&gt;with a firearm&lt;/fex&gt;.&lt;/ex&gt;&lt;/def-root&gt;</definition>
        <semType name="Physical_entity" ID="70"/>
    </FE>
    <FE bgColor="0000FF" fgColor="FFFFFF" coreType="Extra-Thematic" cBy="Hay" cDate="10/02/2003 11:37:02 PDT Thu" abbrev="Freq" name="Frequency" ID="5430">
        <definition>&lt;def-root&gt;The frequency with which a &lt;fen&gt;Crime&lt;/fen&gt; is committed.

&lt;ex&gt;The average serial killer &lt;t&gt;commits&lt;/t&gt; a crime &lt;fex name="Freq"&gt;every five years&lt;/fex&gt;.&lt;/ex&gt;&lt;/def-root&gt;</definition>
    </FE>
    <frameRelation type="Inherits from">
        <relatedFrame ID="1100">Misdeed</relatedFrame>
    </frameRelation>
    <frameRelation type="Is Inherited by">
        <relatedFrame ID="94">Theft</relatedFrame>
        <relatedFrame ID="122">Kidnapping</relatedFrame>
        <relatedFrame ID="175">Smuggling</relatedFrame>
        <relatedFrame ID="127">Rape</relatedFrame>
        <relatedFrame ID="123">Piracy</relatedFrame>
        <relatedFrame ID="482">Abusing</relatedFrame>
        <relatedFrame ID="99">Robbery</relatedFrame>
    </frameRelation>
    <frameRelation type="Perspective on"/>
    <frameRelation type="Is Perspectivized in"/>
    <frameRelation type="Uses">
        <relatedFrame ID="501">Legality</relatedFrame>
    </frameRelation>
    <frameRelation type="Is Used by">
        <relatedFrame ID="432">Offenses</relatedFrame>
    </frameRelation>
    <frameRelation type="Subframe of">
        <relatedFrame ID="692">Crime_scenario</relatedFrame>
    </frameRelation>
    <frameRelation type="Has Subframe(s)"/>
    <frameRelation type="Precedes">
        <relatedFrame ID="500">Criminal_investigation</relatedFrame>
    </frameRelation>
    <frameRelation type="Is Preceded by"/>
    <frameRelation type="Is Inchoative of"/>
    <frameRelation type="Is Causative of"/>
    <frameRelation type="See also"/>
    <lexUnit status="Finished_Initial" POS="V" name="commit.v" ID="8770" lemmaID="7363" cBy="MJE" cDate="06/10/2003 07:30:56 PDT Tue">
        <definition>COD: perpetrate or carry out (a mistake, crime, or immoral act)</definition>
        <sentenceCount annotated="23" total="241"/>
        <lexeme order="1" headword="false" breakBefore="false" POS="V" name="commit"/>
    </lexUnit>
    <lexUnit status="Finished_Initial" POS="V" name="perpetrate.v" ID="8771" lemmaID="28535" cBy="MJE" cDate="06/10/2003 07:31:55 PDT Tue">
        <definition>COD: carry out or commit (a harmful, illegal, or immoral action).</definition>
        <sentenceCount annotated="20" total="106"/>
        <lexeme order="1" headword="false" breakBefore="false" POS="V" name="perpetrate"/>
    </lexUnit>
    <lexUnit status="Created" POS="N" name="crime.n" ID="11424" lemmaID="8938" cBy="Pam" cDate="12/13/2004 03:21:24 PST Mon">
        <definition>COD: an action which constitutes a serious offence against an individual or the state and is punishable by law.</definition>
        <sentenceCount annotated="5" total="5"/>
        <lexeme order="1" headword="false" breakBefore="false" POS="N" name="crime"/>
    </lexUnit>
    <lexUnit status="Created" POS="N" name="commission.n" ID="12702" lemmaID="50234" cBy="JKR" cDate="08/23/2005 06:10:37 PDT Tue">
        <definition>COD: the action of committing a crime or offence.</definition>
        <sentenceCount annotated="0" total="0"/>
        <lexeme order="1" headword="true" breakBefore="false" POS="N" name="commission"/>
    </lexUnit>
</frame>