<?xml version="1.0" encoding="UTF-8" standalone="yes"?>
<?xml-stylesheet type="text/xsl" href="frame.xsl"?>
<frame cBy="JKR" cDate="04/27/2004 04:27:44 PDT Tue" name="Commutation" ID="1088" xsi:schemaLocation="../schema/frame.xsd" xmlns="http://framenet.icsi.berkeley.edu" xmlns:xsi="http://www.w3.org/2001/XMLSchema-instance">
    <definition>&lt;def-root&gt;An &lt;fen&gt;Executive_authority&lt;/fen&gt; exchanges one penalty, the &lt;fen&gt;Original_punishment&lt;/fen&gt;, for another less severe one, the &lt;fen&gt;New_punishment&lt;/fen&gt;. The &lt;fen&gt;Offender&lt;/fen&gt; is who received the &lt;fen&gt;Original_punishment&lt;/fen&gt; is usually expressed as a modifier.

&lt;ex&gt;&lt;fex name="zei"&gt;On December 15, 1971&lt;/fex&gt;, &lt;fex name="exe"&gt;Governor Winfield Dunn&lt;/fex&gt; conditionally &lt;t&gt;commuted&lt;/t&gt; &lt;fex name="ori"&gt;his sentence&lt;/fex&gt; &lt;fex name="new"&gt;to twenty years&lt;/fex&gt;.&lt;/ex&gt;

&lt;ex&gt;On December 15, 1971, Governor Winfield Dunn conditionally &lt;t&gt;commuted&lt;/t&gt; &lt;fex name="off"&gt;his&lt;/fex&gt; sentence to twenty years.&lt;/ex&gt;

&lt;ex&gt;She served about two years before &lt;fex name="exe"&gt;President Carter&lt;/fex&gt; &lt;t&gt;commuted&lt;/t&gt; &lt;fex name="ori"&gt;her sentence&lt;/fex&gt;.&lt;/ex&gt;
&lt;ex&gt;She served about two years before President Carter &lt;t&gt;commuted&lt;/t&gt; &lt;fex name="off"&gt;her&lt;/fex&gt; sentence.&lt;/ex&gt;&lt;/def-root&gt;</definition>
    <FE bgColor="008000" fgColor="FFFFFF" coreType="Peripheral" cBy="JKR" cDate="04/27/2004 04:27:44 PDT Tue" abbrev="off" name="Offender" ID="6342">
        <definition>&lt;def-root&gt;The individual who was convicted of a crime and given a sentence (the &lt;fen&gt;Original_punishment&lt;/fen&gt;).

&lt;ex&gt;  Some of the more interesting points to me include the description of Thomas More's
original sentence before it was &lt;t&gt;commuted&lt;/t&gt; to beheading&lt;/ex&gt;
&lt;ex&gt;  Some of the more interesting points to me include the description of &lt;fex name="off"&gt;Thomas More's&lt;/fex&gt; original sentence before it was &lt;t&gt;commuted&lt;/t&gt; to beheading&lt;/ex&gt;&lt;/def-root&gt;</definition>
    </FE>
    <FE bgColor="FF0000" fgColor="FFFFFF" coreType="Core" cBy="JKR" cDate="04/27/2004 04:27:44 PDT Tue" abbrev="exe" name="Executive_authority" ID="6344">
        <definition>&lt;def-root&gt;The constitutionally specified authority who has the power to commute punishments.

&lt;ex&gt;Hearst was sentenced to seven years in prison. 1979, &lt;fex name="exe"&gt;President Jimmy Carter&lt;/fex&gt; &lt;t&gt;commuted&lt;/t&gt; Hearst's prison sentence after she served nearly two years. &lt;/ex&gt;&lt;/def-root&gt;</definition>
        <semType name="Sentient" ID="5"/>
    </FE>
    <FE bgColor="90876C" fgColor="FFFFFF" coreType="Extra-Thematic" cBy="JKR" cDate="04/27/2004 04:27:44 PDT Tue" abbrev="exp" name="Explanation" ID="6345">
        <definition>&lt;def-root&gt;A state of affairs that the &lt;fen&gt;Executive_authority&lt;/fen&gt;  is responding to in commuting the &lt;fen&gt;Original_punishment&lt;/fen&gt;.

&lt;ex&gt; His defence was a good one; but he was convicted and sentenced to death, &lt;t&gt;commuted&lt;/t&gt; &lt;fex name="exp"&gt;on account of his influence at court&lt;/fex&gt; to having his sword broken over his head .&lt;/ex&gt;&lt;/def-root&gt;</definition>
        <semType name="State_of_affairs" ID="177"/>
    </FE>
    <FE bgColor="FFA500" fgColor="FFFFFF" coreType="Peripheral" cBy="JKR" cDate="04/27/2004 04:27:44 PDT Tue" abbrev="zei" name="Time" ID="6346">
        <definition>&lt;def-root&gt;The time at which the &lt;fen&gt;Original_punishment&lt;/fen&gt;  is commuted.

&lt;ex&gt;Israel &lt;fex name="zei"&gt;yesterday&lt;/fex&gt; &lt;t&gt;commuted&lt;/t&gt; the lengthy prison terms of seven Jews convicted of murdering or plotting to kill Arabs.&lt;/ex&gt;

&lt;/def-root&gt;</definition>
        <semType name="Time" ID="141"/>
    </FE>
    <FE bgColor="800080" fgColor="FFFFFF" coreType="Core" cBy="JKR" cDate="04/27/2004 04:52:56 PDT Tue" abbrev="ori" name="Original_punishment" ID="6347">
        <definition>&lt;def-root&gt;The punishment the &lt;fen&gt;Offender&lt;/fen&gt; was originally sentenced to.

&lt;ex&gt;I had learned after all of this period of time has passed the court was about to let (Bush) pay a sum of money and &lt;t&gt;commute&lt;/t&gt; &lt;fex name="ori"&gt;her sentence&lt;/fex&gt; to time served. &lt;/ex&gt;&lt;/def-root&gt;</definition>
    </FE>
    <FE bgColor="FF00FF" fgColor="FFFFFF" coreType="Peripheral" cBy="JKR" cDate="04/27/2004 05:12:40 PDT Tue" abbrev="new" name="New_punishment" ID="6348">
        <definition>&lt;def-root&gt;The new reduced form of punishment that the &lt;fen&gt;Executive_authority&lt;/fen&gt; orders for the &lt;fen&gt;Offender&lt;/fen&gt;.

&lt;ex&gt;he bench comprising Justice Tariq Pervez and Justice Ijazul Hassan &lt;t&gt;commuted&lt;/t&gt; his sentence &lt;fex name="new"&gt;to 10-year rigorous imprisonment&lt;/fex&gt;.&lt;/ex&gt;&lt;/def-root&gt;</definition>
    </FE>
    <FE bgColor="FF69B4" fgColor="FFFFFF" coreType="Peripheral" cBy="MJE" cDate="04/28/2004 04:44:48 PDT Wed" abbrev="man" name="Manner" ID="6359">
        <definition>&lt;def-root&gt;Any description of the commutation which is not covered by more specific FEs, including secondary effects (&lt;ment&gt;quietly&lt;/ment&gt;, &lt;ment&gt;loudly&lt;/ment&gt;) and general descriptions comparing events (&lt;ment&gt;the same way&lt;/ment&gt;). It may indicate salient characteristics of an &lt;fen&gt;Executive_authority&lt;/fen&gt; that also affect the action (&lt;ment&gt;presumptuously&lt;/ment&gt;, &lt;ment&gt;coldly&lt;/ment&gt;, &lt;ment&gt;deliberately&lt;/ment&gt;, &lt;ment&gt;eagerly&lt;/ment&gt;, &lt;ment&gt;carefully&lt;/ment&gt;). &lt;/def-root&gt;</definition>
        <semType name="Manner" ID="173"/>
    </FE>
    <FE bgColor="00BFFF" fgColor="FFFFFF" coreType="Peripheral" cBy="MJE" cDate="04/28/2004 04:46:47 PDT Wed" abbrev="" name="Place" ID="6360">
        <definition>&lt;def-root&gt;The location where the &lt;fen&gt;Executive_authority&lt;/fen&gt; commutes the &lt;fen&gt;Original_punishment&lt;/fen&gt;.&lt;/def-root&gt;</definition>
        <semType name="Locative_relation" ID="182"/>
    </FE>
    <FE bgColor="808080" fgColor="FFFFFF" coreType="Peripheral" cBy="MJE" cDate="04/28/2004 04:48:07 PDT Wed" abbrev="mea" name="Means" ID="6361">
        <definition>&lt;def-root&gt;An action performed by the &lt;fen&gt;Executive_authority&lt;/fen&gt; that accomplishes the commutation.

&lt;ex&gt;The governor may &lt;t&gt;commute&lt;/t&gt; the sentence &lt;fex name="mea"&gt;by committing the person who may benefit from programs offered at a youth correctional facility to the department of corrections until the youth is 18 years of age or until sooner placed or discharged&lt;/fex&gt;.&lt;/ex&gt;&lt;/def-root&gt;</definition>
        <semType name="State_of_affairs" ID="177"/>
    </FE>
    <frameRelation type="Inherits from"/>
    <frameRelation type="Is Inherited by"/>
    <frameRelation type="Perspective on"/>
    <frameRelation type="Is Perspectivized in"/>
    <frameRelation type="Uses">
        <relatedFrame ID="1086">Clemency</relatedFrame>
    </frameRelation>
    <frameRelation type="Is Used by"/>
    <frameRelation type="Subframe of"/>
    <frameRelation type="Has Subframe(s)"/>
    <frameRelation type="Precedes"/>
    <frameRelation type="Is Preceded by"/>
    <frameRelation type="Is Inchoative of"/>
    <frameRelation type="Is Causative of"/>
    <frameRelation type="See also"/>
    <lexUnit status="Finished_Initial" POS="V" name="commute.v" ID="10455" lemmaID="7418" cBy="JKR" cDate="04/27/2004 05:28:08 PDT Tue">
        <definition>COD: reduce (a judicial sentence, especially a sentence of death) to a less severe one</definition>
        <sentenceCount annotated="14" total="90"/>
        <lexeme order="1" headword="false" breakBefore="false" POS="V" name="commute"/>
    </lexUnit>
    <lexUnit status="Created" POS="N" name="commutation.n" ID="10456" lemmaID="7415" cBy="JKR" cDate="04/27/2004 05:28:46 PDT Tue">
        <definition>COD: he action or process of commuting a judicial sentence or a legal obligation or entitlement</definition>
        <sentenceCount annotated="0" total="0"/>
        <lexeme order="1" headword="false" breakBefore="false" POS="N" name="commutation"/>
    </lexUnit>
</frame>