<?xml version="1.0" encoding="UTF-8" standalone="yes"?>
<?xml-stylesheet type="text/xsl" href="frame.xsl"?>
<frame cBy="ChW" cDate="02/07/2001 04:12:04 PST Wed" name="Communication_response" ID="42" xsi:schemaLocation="../schema/frame.xsd" xmlns="http://framenet.icsi.berkeley.edu" xmlns:xsi="http://www.w3.org/2001/XMLSchema-instance">
    <definition>&lt;def-root&gt;This frame deals with a &lt;fen&gt;Speaker&lt;/fen&gt; communicating a reply or response, a &lt;fen&gt;Message&lt;/fen&gt;, to some prior communication or action, the &lt;fen&gt;Trigger&lt;/fen&gt;. 
&lt;ex&gt;&lt;/ex&gt;
&lt;ex&gt;&lt;fex name="Speaker"&gt;The landlord&lt;/fex&gt; has not yet &lt;t&gt;replied&lt;/t&gt; &lt;fex name="Medium"&gt;in writing&lt;/fex&gt; &lt;fex name="Addressee"&gt;to the tenant&lt;/fex&gt; &lt;fex name="Message"&gt;objecting the proposed alterations&lt;/fex&gt;.&lt;fex name="Trigger"&gt;DNI&lt;/fex&gt;&lt;/ex&gt;

&lt;ex&gt;&lt;fex name="Message"&gt;"No, I do not agree with you,"&lt;/fex&gt; &lt;t&gt;responded&lt;/t&gt; &lt;fex name="Speaker"&gt;another officer&lt;/fex&gt; &lt;fex name="Addressee"&gt;to the CEO&lt;/fex&gt;. &lt;fex name="Trigger"&gt;DNI&lt;/fex&gt;&lt;/ex&gt;&lt;/def-root&gt;</definition>
    <FE bgColor="FF0000" fgColor="FFFFFF" coreType="Core" cBy="ChW" cDate="02/07/2001 04:12:04 PST Wed" abbrev="Spkr" name="Speaker" ID="177">
        <definition>&lt;def-root&gt;The &lt;fen&gt;Speaker&lt;/fen&gt; is the sentient entity that communicates the reply or response. It is expressed as the External Argument of predicative uses of a &lt;t&gt;Target&lt;/t&gt; verb or as the Genitive modifier of a &lt;t&gt;Target&lt;/t&gt; noun: &lt;ex&gt;&lt;fex name="Spkr"&gt;Sue&lt;/fex&gt; &lt;t&gt;responded&lt;/t&gt; to the objection convincingly.&lt;/ex&gt; &lt;ex&gt;&lt;fex name="Spkr"&gt;Sue&lt;/fex&gt; gave a convincing &lt;t&gt;response&lt;/t&gt;.&lt;/ex&gt; &lt;ex&gt;&lt;fex name="Spkr"&gt;Sue's&lt;/fex&gt; &lt;t&gt;response&lt;/t&gt; was convincing.&lt;/ex&gt; &lt;/def-root&gt;</definition>
        <semType name="Sentient" ID="5"/>
    </FE>
    <FE bgColor="008000" fgColor="FFFFFF" coreType="Core" cBy="ChW" cDate="02/07/2001 04:12:04 PST Wed" abbrev="Add" name="Addressee" ID="178">
        <definition>&lt;def-root&gt;This is the person to whom the response is communicated.  When expressed, this FE occurs as the direct object of a &lt;t&gt;Target&lt;/t&gt; verb, or in a prepositional phrase introduced by "to": &lt;ex&gt;Sue &lt;t&gt;answered&lt;/t&gt; &lt;fex name="Add"&gt;Bob&lt;/fex&gt; immediately.&lt;/ex&gt; &lt;ex&gt;Sue &lt;t&gt;responded&lt;/t&gt; &lt;fex name="Add"&gt;to Bob&lt;/fex&gt; immediately.&lt;/ex&gt; &lt;/def-root&gt;</definition>
        <semType name="Sentient" ID="5"/>
    </FE>
    <FE bgColor="0000FF" fgColor="FFFFFF" coreType="Core" cBy="ChW" cDate="02/07/2001 04:12:04 PST Wed" abbrev="Msg" name="Message" ID="179">
        <definition>&lt;def-root&gt;The &lt;fen&gt;Message&lt;/fen&gt; is the FE that identifies the content of what the &lt;fen&gt;Speaker&lt;/fen&gt; is communicating to the &lt;fen&gt;Addressee&lt;/fen&gt;. It can be expressed as a direct quote or a clause.&lt;ex&gt;&lt;fex name="Msg"&gt;"I can't help you,"&lt;/fex&gt; Sue &lt;t&gt;answered&lt;/t&gt;.&lt;/ex&gt;&lt;ex&gt;Sue &lt;t&gt;replied&lt;/t&gt; &lt;fex name="Msg"&gt;that she couldn't help&lt;/fex&gt;.&lt;/ex&gt; &lt;/def-root&gt;</definition>
        <semType name="Message" ID="56"/>
    </FE>
    <FE bgColor="800080" fgColor="FFFFFF" coreType="Core" cBy="ChW" cDate="02/07/2001 04:12:04 PST Wed" abbrev="Top" name="Topic" ID="180">
        <definition>&lt;def-root&gt;&lt;fen&gt;Topic&lt;/fen&gt; occurs quite rarely in this frame and usually only as a PP Complement of a noun &lt;t&gt;Target&lt;/t&gt;:&lt;ex&gt;My boss still hasn't given me an &lt;t&gt;answer&lt;/t&gt; &lt;fex name="Top"&gt;about a promotion&lt;/fex&gt;.&lt;/ex&gt; &lt;/def-root&gt;</definition>
    </FE>
    <FE bgColor="7CCD73" fgColor="FFFFFF" coreType="Peripheral" cBy="ChW" cDate="02/07/2001 04:12:04 PST Wed" abbrev="Medium" name="Medium" ID="181">
        <definition>&lt;def-root&gt;As with &lt;fen&gt;Medium&lt;/fen&gt; in other Communication frames, the physical entity or channel used to communicate can be expressed, usually as a PP Complement headed by "on" or "in":&lt;ex&gt;Sue &lt;t&gt;responded&lt;/t&gt; to my question &lt;fex name="Medium"&gt;on the telephone&lt;/fex&gt;.&lt;/ex&gt;&lt;ex&gt;Sue &lt;t&gt;replied&lt;/t&gt; &lt;fex name="Medium"&gt;in writing&lt;/fex&gt;.&lt;/ex&gt; &lt;/def-root&gt;</definition>
    </FE>
    <FE bgColor="00BFFF" fgColor="FFFFFF" coreType="Core" cBy="ChW" cDate="02/07/2001 04:12:04 PST Wed" abbrev="Trig" name="Trigger" ID="182">
        <definition>&lt;def-root&gt;The &lt;fen&gt;Trigger&lt;/fen&gt; is the prior communication or action to which a response is given. It can occur as an NP Object or a PP Complement.&lt;ex&gt;Sue &lt;t&gt;answered&lt;/t&gt; &lt;fex name="Trig"&gt;the question&lt;/fex&gt;.&lt;/ex&gt;&lt;ex&gt;Sue &lt;t&gt;responded&lt;/t&gt; &lt;fex name="Trig"&gt;to the questionnaire&lt;/fex&gt;.&lt;/ex&gt; &lt;/def-root&gt;</definition>
    </FE>
    <FE bgColor="FF00FF" fgColor="FFFFFF" coreType="Peripheral" cBy="BoC" cDate="07/02/2001 09:37:26 PDT Mon" abbrev="Manr" name="Manner" ID="1230">
        <definition>&lt;def-root&gt;&lt;fen&gt;Manner&lt;/fen&gt; of performing an action&lt;/def-root&gt;</definition>
        <semType name="Manner" ID="173"/>
    </FE>
    <FE bgColor="9400D3" fgColor="FFFFFF" coreType="Extra-Thematic" cBy="BoC" cDate="07/02/2001 09:37:27 PDT Mon" abbrev="Depict" name="Depictive" ID="1231">
        <definition>&lt;def-root&gt;Depictive phrase describing the &lt;fen&gt;Speaker&lt;/fen&gt;.
&lt;ex&gt;Her husband &lt;t&gt;responded&lt;/t&gt; to the police officer's query, &lt;fex name="Depict"&gt;smoldering&lt;/fex&gt;.&lt;/ex&gt;&lt;/def-root&gt;</definition>
    </FE>
    <FE bgColor="A52A2A" fgColor="FFFFFF" coreType="Peripheral" cBy="MJE" cDate="09/18/2001 01:29:59 PDT Tue" abbrev="Mns" name="Means" ID="1943">
        <definition>&lt;def-root&gt;This FE identifies the &lt;fen&gt;Means&lt;/fen&gt; by the &lt;fen&gt;Speaker&lt;/fen&gt; achieves the communication of the response &lt;fen&gt;Message&lt;/fen&gt; .&lt;/def-root&gt;</definition>
        <semType name="State_of_affairs" ID="177"/>
    </FE>
    <FE bgColor="FFA500" fgColor="FFFFFF" coreType="Extra-Thematic" cBy="MJE" cDate="09/18/2001 01:30:31 PDT Tue" abbrev="ICause" name="Internal_cause" ID="1944">
        <definition>&lt;def-root&gt;The response may be prompted by either some outside phenomenon or occurrence, or by an &lt;fen&gt;Internal_cause&lt;/fen&gt;, the Agent's mental or emotional state.  &lt;fen&gt;Internal_cause&lt;/fen&gt; is expressed in a PP Complement:
&lt;ex&gt;Kim &lt;t&gt;responded&lt;/t&gt; &lt;fex name="ICause"&gt;out of renewed hope&lt;/fex&gt;.&lt;/ex&gt;&lt;/def-root&gt;</definition>
    </FE>
    <FE bgColor="FF69B4" fgColor="FFFFFF" coreType="Peripheral" cBy="JKR" cDate="08/29/2005 01:50:47 PDT Mon" abbrev="pla" name="Place" ID="9004">
        <definition>&lt;def-root&gt;The location in which the &lt;fen&gt;Speaker&lt;/fen&gt;  makes a verbal response.


&lt;ex&gt;This was how Tamil Nadu Chief Minister Jayalalithaa &lt;t&gt;responded&lt;/t&gt; &lt;fex name="pla"&gt;in the Assembly&lt;/fex&gt; on November 5, 2003.&lt;/ex&gt;&lt;/def-root&gt;</definition>
        <semType name="Locative_relation" ID="182"/>
    </FE>
    <FE bgColor="2E8B57" fgColor="FFFFFF" coreType="Peripheral" cBy="JKR" cDate="08/29/2005 01:52:46 PDT Mon" abbrev="tim" name="Time" ID="9005">
        <definition>&lt;def-root&gt;The time interval during which the &lt;fen&gt;Speaker&lt;/fen&gt; makes their verbal response.

&lt;ex&gt;A reminder letter was sent to all nonrespondents who had not &lt;t&gt;replied&lt;/t&gt; &lt;fex name="tim"&gt;after 28 days&lt;/fex&gt;.&lt;/ex&gt;&lt;/def-root&gt;</definition>
        <semType name="Time" ID="141"/>
    </FE>
    <FE bgColor="1E90FF" fgColor="FFFFFF" coreType="Peripheral" cBy="JKR" cDate="08/29/2005 02:00:09 PDT Mon" abbrev="pur" name="Purpose" ID="9007">
        <definition>&lt;def-root&gt;An action that the &lt;fen&gt;Speaker&lt;/fen&gt; intends to accomplish by making a verbal response.

&lt;ex&gt; We &lt;t&gt;replied&lt;/t&gt; &lt;fex name="pur"&gt;so as to shut you up and possibly, just possibly prevent this from happening again&lt;/fex&gt;.&lt;/ex&gt;&lt;/def-root&gt;</definition>
        <semType name="State_of_affairs" ID="177"/>
    </FE>
    <FE bgColor="d0d0d0" fgColor="000000" coreType="Peripheral" cBy="RLG" cDate="12/15/2005 04:49:25 PST Thu" abbrev="dur" name="Duration" ID="9783">
        <definition>&lt;def-root&gt;The &lt;fen&gt;Duration&lt;/fen&gt; of the communication response.

&lt;ex&gt;He &lt;t&gt;responded&lt;/t&gt; &lt;fex name="Duration"&gt;for five minutes&lt;/fex&gt; before letting anyone else get a word in.&lt;/ex&gt;&lt;/def-root&gt;</definition>
        <semType name="Duration" ID="142"/>
    </FE>
    <FEcoreSet>
        <memberFE name="Message" ID="179"/>
        <memberFE name="Topic" ID="180"/>
    </FEcoreSet>
    <frameRelation type="Inherits from">
        <relatedFrame ID="1302">Response</relatedFrame>
        <relatedFrame ID="6">Communication</relatedFrame>
    </frameRelation>
    <frameRelation type="Is Inherited by"/>
    <frameRelation type="Perspective on"/>
    <frameRelation type="Is Perspectivized in"/>
    <frameRelation type="Uses"/>
    <frameRelation type="Is Used by">
        <relatedFrame ID="1623">Respond_to_proposal</relatedFrame>
    </frameRelation>
    <frameRelation type="Subframe of"/>
    <frameRelation type="Has Subframe(s)"/>
    <frameRelation type="Precedes"/>
    <frameRelation type="Is Preceded by"/>
    <frameRelation type="Is Inchoative of"/>
    <frameRelation type="Is Causative of"/>
    <frameRelation type="See also"/>
    <lexUnit status="FN1_Sent" POS="N" name="answer.n" ID="660" lemmaID="1496" cBy="ChW" cDate="02/08/2001 01:28:30 PST Thu">
        <definition>COD: something said, written, or done as a reaction to a question, statement, or situation.</definition>
        <sentenceCount annotated="70" total="339"/>
        <lexeme order="1" headword="false" breakBefore="false" POS="N" name="answer"/>
    </lexUnit>
    <lexUnit status="FN1_Sent" POS="V" name="answer.v" ID="661" lemmaID="1497" cBy="ChW" cDate="02/08/2001 01:28:30 PST Thu">
        <definition>COD: respond with an answer.</definition>
        <sentenceCount annotated="68" total="495"/>
        <lexeme order="1" headword="false" breakBefore="false" POS="V" name="answer"/>
    </lexUnit>
    <lexUnit status="Needs_SCs" POS="N" name="comeback.n" ID="662" lemmaID="18" cBy="ChW" cDate="02/08/2001 01:28:30 PST Thu">
        <definition>COD: a quick reply to a critical remark.</definition>
        <sentenceCount annotated="0" total="241"/>
        <lexeme order="1" headword="false" breakBefore="false" POS="N" name="comeback"/>
    </lexUnit>
    <lexUnit status="FN1_Sent" POS="V" name="counter.v" ID="663" lemmaID="8571" cBy="ChW" cDate="02/08/2001 01:28:30 PST Thu">
        <definition>COD: speak or act in opposition or response to.</definition>
        <sentenceCount annotated="45" total="201"/>
        <lexeme order="1" headword="false" breakBefore="false" POS="V" name="counter"/>
    </lexUnit>
    <lexUnit status="FN1_Sent" POS="V" name="rejoin.v" ID="664" lemmaID="32478" cBy="ChW" cDate="02/08/2001 01:28:30 PST Thu">
        <definition>COD: say in reply; retort.</definition>
        <sentenceCount annotated="25" total="97"/>
        <lexeme order="1" headword="false" breakBefore="false" POS="V" name="rejoin"/>
    </lexUnit>
    <lexUnit status="FN1_Sent" POS="N" name="rejoinder.n" ID="665" lemmaID="32480" cBy="ChW" cDate="02/08/2001 01:28:31 PST Thu">
        <definition>COD: a sharp or witty reply</definition>
        <sentenceCount annotated="21" total="56"/>
        <lexeme order="1" headword="false" breakBefore="false" POS="N" name="rejoinder"/>
    </lexUnit>
    <lexUnit status="FN1_Sent" POS="N" name="reply.n" ID="666" lemmaID="32704" cBy="ChW" cDate="02/08/2001 01:28:31 PST Thu">
        <definition>COD: a spoken or written response to something spoken or written</definition>
        <sentenceCount annotated="31" total="35"/>
        <lexeme order="1" headword="false" breakBefore="false" POS="N" name="reply"/>
    </lexUnit>
    <lexUnit status="FN1_Sent" POS="V" name="reply.v" ID="667" lemmaID="32705" cBy="ChW" cDate="02/08/2001 01:28:31 PST Thu">
        <definition>COD: say or write something in response to something said or written</definition>
        <sentenceCount annotated="112" total="273"/>
        <lexeme order="1" headword="false" breakBefore="false" POS="V" name="reply"/>
    </lexUnit>
    <lexUnit status="FN1_Sent" POS="V" name="respond.v" ID="668" lemmaID="32908" cBy="ChW" cDate="02/08/2001 01:28:31 PST Thu">
        <definition>FN: say something in reply or as a reaction.</definition>
        <sentenceCount annotated="25" total="264"/>
        <lexeme order="1" headword="false" breakBefore="false" POS="V" name="respond"/>
    </lexUnit>
    <lexUnit status="Finished_Initial" POS="N" name="response.n" ID="669" lemmaID="32910" cBy="ChW" cDate="02/08/2001 01:28:31 PST Thu">
        <definition>COD: an instance of responding; an answer or reaction.</definition>
        <sentenceCount annotated="24" total="953"/>
        <lexeme order="1" headword="false" breakBefore="false" POS="N" name="response"/>
    </lexUnit>
    <lexUnit status="FN1_Sent" POS="N" name="retort.n" ID="670" lemmaID="33010" cBy="ChW" cDate="02/08/2001 01:28:31 PST Thu">
        <definition>COD: a sharp, angry, or witty reply.</definition>
        <sentenceCount annotated="35" total="106"/>
        <lexeme order="1" headword="false" breakBefore="false" POS="N" name="retort"/>
    </lexUnit>
    <lexUnit status="FN1_Sent" POS="V" name="retort.v" ID="671" lemmaID="33011" cBy="ChW" cDate="02/08/2001 01:28:31 PST Thu">
        <definition>COD: say something sharp, angry, or witty in answer to a remark or accusation</definition>
        <sentenceCount annotated="64" total="84"/>
        <lexeme order="1" headword="false" breakBefore="false" POS="V" name="retort"/>
    </lexUnit>
    <lexUnit status="FN1_Sent" POS="N" name="riposte.n" ID="672" lemmaID="33327" cBy="ChW" cDate="02/08/2001 01:28:31 PST Thu">
        <definition>FN: reply quickly or cleverly</definition>
        <sentenceCount annotated="16" total="124"/>
        <lexeme order="1" headword="false" breakBefore="false" POS="N" name="riposte"/>
    </lexUnit>
    <lexUnit status="Created" POS="V" name="come back.v" ID="13269" lemmaID="49980" cBy="MiL" cDate="06/19/2006 05:21:40 PDT Mon">
        <definition>FN:  retort</definition>
        <sentenceCount annotated="0" total="0"/>
        <lexeme order="1" headword="true" breakBefore="false" POS="V" name="come"/>
        <lexeme order="2" headword="false" breakBefore="false" POS="ADV" name="back"/>
    </lexUnit>
    <lexUnit status="Created" POS="N" name="reaction.n" ID="13323" lemmaID="31959" cBy="MiL" cDate="06/26/2006 05:12:53 PDT Mon">
        <definition>FN: Verbal response</definition>
        <sentenceCount annotated="0" total="0"/>
        <lexeme order="1" headword="false" breakBefore="false" POS="N" name="reaction"/>
    </lexUnit>
    <lexUnit status="Created" POS="V" name="acknowledge.v" ID="17434" lemmaID="358" cBy="WMcQ" cDate="02/03/2014 03:02:24 PST Mon">
        <definition>FN: to respond to communication without further information</definition>
        <sentenceCount annotated="3" total="3"/>
        <lexeme order="1" headword="false" breakBefore="false" POS="V" name="acknowledge"/>
    </lexUnit>
</frame>