<?xml version="1.0" encoding="UTF-8" standalone="yes"?>
<?xml-stylesheet type="text/xsl" href="frame.xsl"?>
<frame cBy="JKR" cDate="05/24/2001 07:19:40 PDT Thu" name="Compliance" ID="117" xsi:schemaLocation="../schema/frame.xsd" xmlns="http://framenet.icsi.berkeley.edu" xmlns:xsi="http://www.w3.org/2001/XMLSchema-instance">
    <definition>&lt;def-root&gt;This frame concerns &lt;fen&gt;Act&lt;/fen&gt;s and &lt;fen&gt;State_of_Affairs&lt;/fen&gt; for which &lt;fen&gt;Protagonist&lt;/fen&gt;s are responsible and which either follow or violate some set of rules  or &lt;fen&gt;Norm&lt;/fen&gt;s.
&lt;ex&gt;&lt;/ex&gt;
&lt;ex&gt;A lot of people suspect that &lt;fex name="Act"&gt;blocking savers' access to their money&lt;/fex&gt; &lt;t&gt;violates&lt;/t&gt; &lt;fex name="Norm"&gt;the new constitution's explicit ban on compulsory loans to the government&lt;/fex&gt;.&lt;/ex&gt;

&lt;ex&gt;Not that by &lt;t&gt;adhering&lt;/t&gt; &lt;fex name="Norm"&gt;to the subject-before-predicate principle&lt;/fex&gt;, &lt;fex name="Protagonist"&gt;the translator of the above extract&lt;/fex&gt; has had to ignore the principle of end-weight.&lt;/ex&gt;&lt;/def-root&gt;</definition>
    <FE bgColor="FF0000" fgColor="FFFFFF" coreType="Core" cBy="JKR" cDate="05/25/2001 07:19:51 PDT Fri" abbrev="Prot" name="Protagonist" ID="612">
        <definition>&lt;def-root&gt;The &lt;fen&gt;Protagonist&lt;/fen&gt;'s behavior is in or out of compliance with norms.
&lt;ex&gt;&lt;fex name="Protagonist"&gt;Jo&lt;/fex&gt; &lt;t&gt;violated&lt;/t&gt; the no trespassing law.&lt;/ex&gt;&lt;/def-root&gt;</definition>
        <semType name="Sentient" ID="5"/>
    </FE>
    <FE bgColor="800080" fgColor="FFFFFF" coreType="Core" cBy="JKR" cDate="05/25/2001 07:21:25 PDT Fri" abbrev="Act" name="Act" ID="613">
        <definition>&lt;def-root&gt;This FE identifies the &lt;fen&gt;Act&lt;/fen&gt; that is judged to be in or out of compliance with the &lt;fen&gt;Norm&lt;/fen&gt;s.  &lt;ex&gt;Jo's &lt;fex name="Act"&gt;&lt;t&gt;violation&lt;/t&gt;&lt;/fex&gt; of the no trespassing law came as a surprise.&lt;/ex&gt;&lt;/def-root&gt;</definition>
        <semType name="State_of_affairs" ID="177"/>
    </FE>
    <FE bgColor="FFA500" fgColor="FFFFFF" coreType="Core" cBy="JKR" cDate="05/25/2001 07:46:21 PDT Fri" abbrev="soa" name="State_of_affairs" ID="614">
        <definition>&lt;def-root&gt;A &lt;fen&gt;State_of_affairs&lt;/fen&gt; may violate a law or rule.
&lt;ex&gt;&lt;fex name="soa"&gt;Their pricing policy&lt;/fex&gt; &lt;t&gt;violated&lt;/t&gt; inter-governmental agreements.&lt;/ex&gt;&lt;/def-root&gt;</definition>
    </FE>
    <FE bgColor="0000FF" fgColor="FFFFFF" coreType="Core" cBy="JKR" cDate="05/31/2001 12:08:09 PDT Thu" abbrev="Norm" name="Norm" ID="640">
        <definition>&lt;def-root&gt;This FE identifies the rules or &lt;fen&gt;Norm&lt;/fen&gt;s that ought to guide a person's behavior.  &lt;ex&gt;John &lt;t&gt;violated&lt;/t&gt; &lt;fex name="Norm"&gt;the law&lt;/fex&gt; by not paying taxes.&lt;/ex&gt;&lt;/def-root&gt;</definition>
    </FE>
    <FE bgColor="FF69B4" fgColor="FFFFFF" coreType="Peripheral" cBy="mCo" cDate="06/27/2001 04:08:31 PDT Wed" abbrev="Degr" name="Degree" ID="1114">
        <definition>&lt;def-root&gt;This FE identifies the &lt;fen&gt;Degree&lt;/fen&gt; to which the compliance ocurrs.&lt;/def-root&gt;</definition>
        <semType name="Degree" ID="172"/>
    </FE>
    <FE bgColor="9400D3" fgColor="FFFFFF" coreType="Extra-Thematic" cBy="mCo" cDate="06/27/2001 04:08:31 PDT Wed" abbrev="Depict" name="Depictive" ID="1115">
        <definition>&lt;def-root&gt;&lt;fen&gt;Depictive&lt;/fen&gt; identifies any description of the Actor or Undergoer.&lt;/def-root&gt;</definition>
    </FE>
    <FE bgColor="FF00FF" fgColor="FFFFFF" coreType="Peripheral" cBy="mCo" cDate="06/27/2001 04:08:31 PDT Wed" abbrev="Manr" name="Manner" ID="1117">
        <definition>&lt;def-root&gt;This FE identifies the &lt;fen&gt;Manner&lt;/fen&gt; in which the compliance occurs.
&lt;ex&gt;Jo &lt;t&gt;complied&lt;/t&gt; with the law &lt;fex name="Manner"&gt;willingly&lt;/fex&gt;.&lt;/ex&gt;&lt;/def-root&gt;</definition>
        <semType name="Manner" ID="173"/>
    </FE>
    <FE bgColor="A52A2A" fgColor="FFFFFF" coreType="Peripheral" cBy="mCo" cDate="06/27/2001 04:08:31 PDT Wed" abbrev="Mns" name="Means" ID="1118">
        <definition>&lt;def-root&gt;This FE identifies the &lt;fen&gt;Means&lt;/fen&gt; by which the compliance is (or is not) accomplished.
&lt;ex&gt;He &lt;t&gt;complied&lt;/t&gt; with the decree &lt;fex name="Mns"&gt;by firing the employees&lt;/fex&gt;.&lt;/ex&gt;&lt;/def-root&gt;</definition>
        <semType name="State_of_affairs" ID="177"/>
    </FE>
    <FE bgColor="808080" fgColor="FFFFFF" coreType="Extra-Thematic" cBy="mCo" cDate="06/27/2001 04:08:31 PDT Wed" abbrev="Result" name="Result" ID="1119">
        <definition>&lt;def-root&gt;This FE identifies the &lt;fen&gt;Result&lt;/fen&gt; of compliance.&lt;/def-root&gt;</definition>
    </FE>
    <FE bgColor="008000" fgColor="FFFFFF" coreType="Peripheral" cBy="ACW" cDate="08/22/2002 12:48:17 PDT Thu" abbrev="Time" name="Time" ID="3608">
        <definition>&lt;def-root&gt;This FE identifies the &lt;fen&gt;Time&lt;/fen&gt;  when the act of compliance or non-compliance occurs.&lt;/def-root&gt;</definition>
        <semType name="Time" ID="141"/>
    </FE>
    <FE bgColor="90876C" fgColor="FFFFFF" coreType="Extra-Thematic" cBy="RLG" cDate="07/11/2003 09:15:53 PDT Fri" abbrev="exp" name="Explanation" ID="4754">
        <definition>&lt;def-root&gt;The &lt;fen&gt;Explanation&lt;/fen&gt; for complying with the &lt;fen&gt;Norm&lt;/fen&gt;.
&lt;ex&gt;He &lt;t&gt;submitted&lt;/t&gt; to the will of the king &lt;fex name="exp"&gt;because he had no other choice&lt;/fex&gt;.&lt;/ex&gt;&lt;/def-root&gt;</definition>
        <semType name="State_of_affairs" ID="177"/>
    </FE>
    <FE bgColor="7FFF00" fgColor="000000" coreType="Peripheral" cBy="MiL" cDate="06/07/2006 04:47:26 PDT Wed" abbrev="" name="Judge" ID="10260">
        <definition>&lt;def-root&gt;The individual whose point of view is taken in assigning the judgment denoted by the target.&lt;/def-root&gt;</definition>
    </FE>
    <FEcoreSet>
        <memberFE name="State_of_affairs" ID="614"/>
        <memberFE name="Protagonist" ID="612"/>
        <memberFE name="Act" ID="613"/>
    </FEcoreSet>
    <frameRelation type="Inherits from">
        <relatedFrame ID="369">Social_behavior_evaluation</relatedFrame>
        <relatedFrame ID="2233">Satisfying</relatedFrame>
    </frameRelation>
    <frameRelation type="Is Inherited by"/>
    <frameRelation type="Perspective on"/>
    <frameRelation type="Is Perspectivized in"/>
    <frameRelation type="Uses">
        <relatedFrame ID="1493">Obligation_scenario</relatedFrame>
    </frameRelation>
    <frameRelation type="Is Used by">
        <relatedFrame ID="501">Legality</relatedFrame>
        <relatedFrame ID="75">Strictness</relatedFrame>
    </frameRelation>
    <frameRelation type="Subframe of"/>
    <frameRelation type="Has Subframe(s)"/>
    <frameRelation type="Precedes"/>
    <frameRelation type="Is Preceded by"/>
    <frameRelation type="Is Inchoative of"/>
    <frameRelation type="Is Causative of"/>
    <frameRelation type="See also"/>
    <lexUnit status="Finished_Initial" POS="V" name="adhere.v" ID="2331" lemmaID="482" cBy="JKR" cDate="05/24/2001 07:19:57 PDT Thu">
        <definition>COD: believe in and follow the practices of</definition>
        <sentenceCount annotated="25" total="134"/>
        <lexeme order="1" headword="false" breakBefore="false" POS="V" name="adhere"/>
    </lexUnit>
    <lexUnit status="Finished_Initial" POS="V" name="comply.v" ID="2332" lemmaID="7516" cBy="JKR" cDate="05/24/2001 07:49:05 PDT Thu">
        <definition>COD: act in accordance with a wish or command</definition>
        <sentenceCount annotated="25" total="232"/>
        <lexeme order="1" headword="false" breakBefore="false" POS="V" name="comply"/>
    </lexUnit>
    <lexUnit status="Finished_Initial" POS="V" name="observe.v" ID="2333" lemmaID="26434" cBy="JKR" cDate="05/24/2001 07:51:02 PDT Thu">
        <definition>COD: fulfil or comply with</definition>
        <sentenceCount annotated="16" total="131"/>
        <lexeme order="1" headword="false" breakBefore="false" POS="V" name="observe"/>
    </lexUnit>
    <lexUnit status="Finished_Initial" POS="N" name="adherence.n" ID="2334" lemmaID="483" cBy="JKR" cDate="05/24/2001 07:52:35 PDT Thu">
        <definition>FN: believing in and following the practices of</definition>
        <sentenceCount annotated="17" total="84"/>
        <lexeme order="1" headword="false" breakBefore="false" POS="N" name="adherence"/>
    </lexUnit>
    <lexUnit status="Finished_Initial" POS="N" name="compliance.n" ID="2336" lemmaID="7502" cBy="JKR" cDate="05/24/2001 07:57:09 PDT Thu">
        <definition>COD: the action or fact of being compliant</definition>
        <sentenceCount annotated="31" total="192"/>
        <lexeme order="1" headword="false" breakBefore="false" POS="N" name="compliance"/>
    </lexUnit>
    <lexUnit status="Finished_Initial" POS="V" name="follow.v" ID="2337" lemmaID="14927" cBy="JKR" cDate="05/24/2001 07:59:12 PDT Thu">
        <definition>COD: act according to (an instruction or precept)</definition>
        <sentenceCount annotated="24" total="224"/>
        <lexeme order="1" headword="false" breakBefore="false" POS="V" name="follow"/>
    </lexUnit>
    <lexUnit status="Finished_Initial" POS="N" name="observance.n" ID="2338" lemmaID="26428" cBy="JKR" cDate="05/24/2001 07:59:59 PDT Thu">
        <definition>COD: the practice of observing the requirements of law, morality, or ritual</definition>
        <sentenceCount annotated="17" total="111"/>
        <lexeme order="1" headword="false" breakBefore="false" POS="N" name="observance"/>
    </lexUnit>
    <lexUnit status="Finished_Initial" POS="V" name="break.v" ID="2339" lemmaID="4496" cBy="JKR" cDate="05/24/2001 08:00:18 PDT Thu">
        <definition>COD: fail to observe (a law, regulation, or agreement)</definition>
        <sentenceCount annotated="22" total="260"/>
        <lexeme order="1" headword="false" breakBefore="false" POS="V" name="break"/>
    </lexUnit>
    <lexUnit status="Finished_Initial" POS="V" name="violate.v" ID="2340" lemmaID="43067" cBy="JKR" cDate="05/24/2001 08:00:28 PDT Thu">
        <definition>COD: break or fail to comply with (a rule or formal agreement)</definition>
        <sentenceCount annotated="47" total="196"/>
        <lexeme order="1" headword="false" breakBefore="false" POS="V" name="violate"/>
    </lexUnit>
    <lexUnit status="Finished_Initial" POS="V" name="contravene.v" ID="2341" lemmaID="8134" cBy="JKR" cDate="05/24/2001 08:00:37 PDT Thu">
        <definition>COD: offend against the prohibition or order of (a law, treaty, etc.)</definition>
        <sentenceCount annotated="39" total="83"/>
        <lexeme order="1" headword="false" breakBefore="false" POS="V" name="contravene"/>
    </lexUnit>
    <lexUnit status="Finished_Initial" POS="V" name="breach.v" ID="2342" lemmaID="4480" cBy="JKR" cDate="05/24/2001 08:00:47 PDT Thu">
        <definition>COD: break (a law, agreement, or code of conduct)</definition>
        <sentenceCount annotated="24" total="166"/>
        <lexeme order="1" headword="false" breakBefore="false" POS="V" name="breach"/>
    </lexUnit>
    <lexUnit status="Finished_Initial" POS="N" name="violation.n" ID="2343" lemmaID="43068" cBy="JKR" cDate="05/24/2001 08:00:57 PDT Thu">
        <definition>FN: breaking or failing to comply with (a rule or formal agreement)</definition>
        <sentenceCount annotated="63" total="226"/>
        <lexeme order="1" headword="false" breakBefore="false" POS="N" name="violation"/>
    </lexUnit>
    <lexUnit status="Finished_Initial" POS="N" name="contravention.n" ID="2344" lemmaID="8135" cBy="JKR" cDate="05/24/2001 08:01:09 PDT Thu">
        <definition>FN: an offense against the prohibition or order of a law, treaty, etc.</definition>
        <sentenceCount annotated="13" total="77"/>
        <lexeme order="1" headword="false" breakBefore="false" POS="N" name="contravention"/>
    </lexUnit>
    <lexUnit status="Finished_Initial" POS="N" name="breach.n" ID="2345" lemmaID="4479" cBy="JKR" cDate="05/24/2001 08:01:26 PDT Thu">
        <definition>COD: an act of breaking a law, agreement, or code of conduct</definition>
        <sentenceCount annotated="67" total="370"/>
        <lexeme order="1" headword="false" breakBefore="false" POS="N" name="breach"/>
    </lexUnit>
    <lexUnit status="Finished_Initial" POS="V" name="flout.v" ID="2346" lemmaID="14793" cBy="JKR" cDate="05/24/2001 08:02:31 PDT Thu">
        <definition>COD: openly disregard (a rule, law, or convention)</definition>
        <sentenceCount annotated="25" total="113"/>
        <lexeme order="1" headword="false" breakBefore="false" POS="V" name="flout"/>
    </lexUnit>
    <lexUnit status="Finished_Initial" POS="V" name="conform.v" ID="2420" lemmaID="7747" cBy="JKR" cDate="05/25/2001 07:47:32 PDT Fri">
        <definition>COD: comply with rules, standards, or laws</definition>
        <sentenceCount annotated="24" total="193"/>
        <lexeme order="1" headword="false" breakBefore="false" POS="V" name="conform"/>
    </lexUnit>
    <lexUnit status="Finished_Initial" POS="V" name="obey.v" ID="2464" lemmaID="26369" cBy="JKR" cDate="05/30/2001 06:10:28 PDT Wed">
        <definition>COD: behave in accordance with (a general principle, natural law, etc.)</definition>
        <sentenceCount annotated="29" total="176"/>
        <lexeme order="1" headword="false" breakBefore="false" POS="V" name="obey"/>
    </lexUnit>
    <lexUnit status="Finished_Initial" POS="A" name="compliant.a" ID="2730" lemmaID="7503" cBy="JKR" cDate="06/22/2001 05:35:02 PDT Fri">
        <definition>COD: meeting or in accordance with rules or standards</definition>
        <sentenceCount annotated="10" total="73"/>
        <lexeme order="1" headword="false" breakBefore="false" POS="A" name="compliant"/>
    </lexUnit>
    <lexUnit status="Problem" POS="V" name="submit.v" ID="7910" lemmaID="38563" cBy="ACW" cDate="01/13/2003 02:25:49 PST Mon">
        <definition>FN: to accept or obey the authority of another person or group "After the defeat of their navy, they had to submit to Roman rule."</definition>
        <sentenceCount annotated="16" total="213"/>
        <lexeme order="1" headword="false" breakBefore="false" POS="V" name="submit"/>
    </lexUnit>
    <lexUnit status="Created" POS="V" name="transgress.v" ID="10491" lemmaID="41010" cBy="JKR" cDate="05/06/2004 05:47:46 PDT Thu">
        <definition>COD: go beyond the limits set by (a moral principle, standard, law, etc.)</definition>
        <sentenceCount annotated="0" total="0"/>
        <lexeme order="1" headword="false" breakBefore="false" POS="V" name="transgress"/>
    </lexUnit>
    <lexUnit status="Created" POS="N" name="transgression.n" ID="10492" lemmaID="41011" cBy="JKR" cDate="05/06/2004 05:49:26 PDT Thu">
        <definition>COD: a excession of the limits set by (a moral principle, standard, law, etc.)</definition>
        <sentenceCount annotated="0" total="0"/>
        <lexeme order="1" headword="false" breakBefore="false" POS="N" name="transgression"/>
    </lexUnit>
    <lexUnit status="Created" POS="A" name="lawless.a" ID="11423" lemmaID="21859" cBy="Pam" cDate="12/13/2004 03:20:04 PST Mon">
        <definition>COD: not governed by or obedient to laws.</definition>
        <sentenceCount annotated="0" total="0"/>
        <lexeme order="1" headword="false" breakBefore="false" POS="A" name="lawless"/>
    </lexUnit>
    <lexUnit status="Created" POS="A" name="contrary.a" ID="12167" lemmaID="8130" cBy="JKR" cDate="06/02/2005 03:30:28 PDT Thu">
        <definition>FN: not in conformity with what is usual or what is expected</definition>
        <sentenceCount annotated="0" total="1"/>
        <lexeme order="1" headword="false" breakBefore="false" POS="A" name="contrary"/>
    </lexUnit>
    <lexUnit status="Created" POS="N" name="conformity.n" ID="12689" lemmaID="7754" cBy="JKR" cDate="08/23/2005 03:08:23 PDT Tue">
        <definition>COD: compliance with conventions, rules, or laws.</definition>
        <sentenceCount annotated="0" total="0"/>
        <lexeme order="1" headword="false" breakBefore="false" POS="N" name="conformity"/>
    </lexUnit>
    <lexUnit status="Created" POS="V" name="keep.v" ID="12693" lemmaID="21234" cBy="JKR" cDate="08/23/2005 03:42:29 PDT Tue">
        <definition>FN: fulfil a commitment </definition>
        <sentenceCount annotated="0" total="0"/>
        <lexeme order="1" headword="false" breakBefore="false" POS="V" name="keep"/>
    </lexUnit>
    <lexUnit status="Created" POS="V" name="honor.v" ID="12694" lemmaID="50232" cBy="JKR" cDate="08/23/2005 03:44:47 PDT Tue">
        <definition>COD: fulfil (an obligation) or keep (an agreement).</definition>
        <sentenceCount annotated="5" total="5"/>
        <lexeme order="1" headword="true" breakBefore="false" POS="V" name="honor"/>
    </lexUnit>
    <lexUnit status="Needs_SCs" POS="V" name="abide (by).v" ID="12695" lemmaID="107" cBy="JKR" cDate="08/23/2005 03:46:18 PDT Tue">
        <definition>FN: comply</definition>
        <sentenceCount annotated="13" total="14"/>
        <lexeme order="1" headword="false" breakBefore="false" POS="V" name="abide"/>
    </lexUnit>
    <lexUnit status="New" POS="A" name="obedient.a" ID="12696" lemmaID="26362" cBy="JKR" cDate="08/23/2005 03:46:54 PDT Tue">
        <definition>FN: complying (with a duty)</definition>
        <sentenceCount annotated="0" total="66"/>
        <lexeme order="1" headword="false" breakBefore="false" POS="A" name="obedient"/>
    </lexUnit>
    <lexUnit status="Created" POS="A" name="observant.a" ID="12697" lemmaID="26429" cBy="JKR" cDate="08/23/2005 03:48:19 PDT Tue">
        <definition>COD: observing the rules of a religion. </definition>
        <sentenceCount annotated="0" total="0"/>
        <lexeme order="1" headword="false" breakBefore="false" POS="A" name="observant"/>
    </lexUnit>
    <lexUnit status="Created" POS="V" name="play by the rules.v" ID="12698" lemmaID="50233" cBy="JKR" cDate="08/23/2005 03:51:42 PDT Tue">
        <definition>FN: conform to social or other, more specific norms</definition>
        <sentenceCount annotated="0" total="0"/>
        <lexeme order="1" headword="true" breakBefore="false" POS="V" name="play"/>
        <lexeme order="2" headword="false" breakBefore="true" POS="PREP" name="by"/>
        <lexeme order="3" headword="false" breakBefore="false" POS="ART" name="the"/>
        <lexeme order="4" headword="false" breakBefore="true" POS="N" name="rules"/>
    </lexUnit>
    <lexUnit status="Created" POS="V" name="circumvent.v" ID="12776" lemmaID="6575" cBy="MJE" cDate="10/11/2005 03:42:49 PDT Tue">
        <definition>FN: break (a treaty or agreement), us. with the intent of not revealing the breach.</definition>
        <sentenceCount annotated="0" total="0"/>
        <lexeme order="1" headword="false" breakBefore="false" POS="V" name="circumvent"/>
    </lexUnit>
    <lexUnit status="Created" POS="N" name="noncompliance.n" ID="13321" lemmaID="50386" cBy="MiL" cDate="06/26/2006 04:45:12 PDT Mon">
        <definition>FN:  Not obeying rules. </definition>
        <sentenceCount annotated="0" total="0"/>
        <lexeme order="1" headword="true" breakBefore="false" POS="N" name="noncompliance"/>
    </lexUnit>
    <lexUnit status="Created" POS="N" name="(in/out) line.n" ID="14632" lemmaID="50765" cBy="KmG" cDate="11/09/2007 11:28:32 PST Fri">
        <definition>FN: to be in compliance (with a rule or expectation). </definition>
        <sentenceCount annotated="1" total="1"/>
        <lexeme order="1" headword="true" breakBefore="false" POS="N" name="line"/>
        <semType name="Bound_LU" ID="223"/>
    </lexUnit>
    <lexUnit status="Created" POS="V" name="disobey.v" ID="14652" lemmaID="11055" cBy="KmG" cDate="01/15/2008 01:38:13 PST Tue">
        <definition>FN: to fall out of compliance with some set of rules or an authority's explicit direction. </definition>
        <sentenceCount annotated="1" total="1"/>
        <lexeme order="1" headword="false" breakBefore="false" POS="V" name="disobey"/>
    </lexUnit>
    <lexUnit status="Created" POS="A" name="in accordance.a" ID="14712" lemmaID="50803" cBy="JKs" cDate="01/25/2008 02:19:15 PST Fri">
        <definition>FN: to be in compliance with a Norm; usually followed by "with"</definition>
        <sentenceCount annotated="0" total="0"/>
        <lexeme order="1" headword="true" breakBefore="false" POS="PREP" name="in"/>
        <lexeme order="2" headword="false" breakBefore="false" POS="N" name="accordance"/>
    </lexUnit>
    <lexUnit status="Needs_SCs" POS="V" name="by-pass.v" ID="16823" lemmaID="51478" cBy="RLG" cDate="12/14/2011 03:20:34 PST Wed">
        <definition>FN: avoid or circumvent rules to accomplish a goal.</definition>
        <sentenceCount annotated="3" total="12"/>
        <lexeme order="1" headword="true" breakBefore="false" POS="V" name="by-pass"/>
    </lexUnit>
</frame>