<?xml version="1.0" encoding="UTF-8" standalone="yes"?>
<?xml-stylesheet type="text/xsl" href="frame.xsl"?>
<frame cBy="JKR" cDate="01/14/2003 05:37:28 PST Tue" name="Conduct" ID="491" xsi:schemaLocation="../schema/frame.xsd" xmlns="http://framenet.icsi.berkeley.edu" xmlns:xsi="http://www.w3.org/2001/XMLSchema-instance">
    <definition>&lt;def-root&gt;An &lt;fen&gt;Agent&lt;/fen&gt; acts in a certain &lt;fen&gt;Manner&lt;/fen&gt; either generally or under some particular &lt;fen&gt;Circumstances&lt;/fen&gt;. The conduct may also be directed specifically towards an &lt;fen&gt;Affected_party&lt;/fen&gt;.

&lt;ex&gt; &lt;fex name="Agent"&gt;He&lt;/fex&gt; pledges to  &lt;t&gt;conduct&lt;/t&gt; himself  &lt;fex name="Manner"&gt;with honesty and humility&lt;/fex&gt;.&lt;/ex&gt;
&lt;ex&gt; This year &lt;fex name="Agent"&gt;they&lt;/fex&gt; have &lt;t&gt;behaved&lt;/t&gt; themselves &lt;fex name="Manner"&gt;particularly impudently&lt;/fex&gt;.&lt;/ex&gt;
&lt;ex&gt; His appearance was as   immaculate as ever and &lt;fex name="Agent"&gt;his&lt;/fex&gt; &lt;t&gt;bearing&lt;/t&gt; 
&lt;fex name="Manner"&gt;composed and dignified&lt;/fex&gt;. &lt;/ex&gt;&lt;/def-root&gt;</definition>
    <FE bgColor="FF0000" fgColor="FFFFFF" coreType="Core" cBy="JKR" cDate="01/14/2003 05:59:45 PST Tue" abbrev="" name="Agent" ID="4031">
        <definition>&lt;def-root&gt;This FE marks expressions that denote the person whose conduct is being evaluated.

&lt;ex&gt;&lt;fex name="Agent"&gt;Douglas Hurd&lt;/fex&gt; &lt;t&gt;carried&lt;/t&gt; &lt;t&gt;himself&lt;/t&gt; well &lt;/ex&gt;&lt;/def-root&gt;</definition>
        <semType name="Sentient" ID="5"/>
    </FE>
    <FE bgColor="FF00FF" fgColor="FFFFFF" coreType="Core" cBy="JKR" cDate="01/14/2003 06:01:30 PST Tue" abbrev="" name="Manner" ID="4032">
        <definition>&lt;def-root&gt;This FE marks expressions that characterize the way that the &lt;fen&gt;Agent&lt;/fen&gt; behaves.

&lt;ex&gt; They stood together and posed for the pass, Alleyne relaxed and smiling , a tall , angular man who &lt;t&gt;carried&lt;/t&gt;  &lt;t&gt;himself&lt;/t&gt; &lt;fex name="Manner"&gt;with natural elegance&lt;/fex&gt; .&lt;/ex&gt;&lt;/def-root&gt;</definition>
        <semType name="Manner" ID="173"/>
    </FE>
    <FE bgColor="800080" fgColor="FFFFFF" coreType="Extra-Thematic" cBy="JKR" cDate="01/14/2003 06:05:20 PST Tue" abbrev="" name="Circumstances" ID="4033">
        <definition>&lt;def-root&gt;This FE marks expressions that indicate a set of &lt;fen&gt;Circumstances&lt;/fen&gt; under which the &lt;fen&gt;Agent&lt;/fen&gt; acts in a particular way.

&lt;ex&gt;But Garvey did not care what Gabriel believed , so long as he &lt;t&gt;conducted&lt;/t&gt;  himself &lt;fex name="Circumstances"&gt;on stage&lt;/fex&gt; like the Angel Gabriel .&lt;/ex&gt;&lt;/def-root&gt;</definition>
    </FE>
    <FE bgColor="006400" fgColor="FFFFFF" coreType="Extra-Thematic" cBy="JKR" cDate="03/20/2003 04:52:17 PST Thu" abbrev="aff" name="Affected_party" ID="4300">
        <definition>&lt;def-root&gt;A person to whom behavior is directed by the &lt;fen&gt;Agent&lt;/fen&gt;.

&lt;ex&gt;&lt;fex name="Agent"&gt;Smithers&lt;/fex&gt; &lt;t&gt;behaved&lt;/t&gt; himself &lt;fex name="Manner"&gt;shamefully&lt;/fex&gt; &lt;fex name="Affected_party"&gt;towards me&lt;/fex&gt;.&lt;/ex&gt;&lt;/def-root&gt;</definition>
    </FE>
    <FE bgColor="0000FF" fgColor="FFFFFF" coreType="Extra-Thematic" cBy="JKR" cDate="05/13/2003 02:38:27 PDT Tue" abbrev="Exp" name="Explanation" ID="4485">
        <definition>&lt;def-root&gt;This FE marks expressions that indicate why an &lt;fen&gt;Agent&lt;/fen&gt; behaved in a certain way.

&lt;ex&gt;People &lt;t&gt;behave&lt;/t&gt; in the way they do &lt;fex name="Explanation"&gt;because of their past learning experiences&lt;/fex&gt;&lt;/ex&gt;&lt;/def-root&gt;</definition>
        <semType name="State_of_affairs" ID="177"/>
    </FE>
    <FE bgColor="00008B" fgColor="FFFFFF" coreType="Peripheral" cBy="JKR" cDate="06/21/2004 02:30:10 PDT Mon" abbrev="tim" name="Time" ID="6517">
        <definition>&lt;def-root&gt;The &lt;fen&gt;Time&lt;/fen&gt; when the &lt;fen&gt;Agent&lt;/fen&gt; behaves in a certain way.

&lt;ex&gt; She knew that she had &lt;t&gt;behaved&lt;/t&gt; badly &lt;fex name="tim"&gt;last night&lt;/fex&gt;&lt;/ex&gt;&lt;/def-root&gt;</definition>
        <semType name="Time" ID="141"/>
    </FE>
    <FE bgColor="00BFFF" fgColor="FFFFFF" coreType="Peripheral" cBy="JKR" cDate="06/21/2004 02:31:51 PDT Mon" abbrev="pla" name="Place" ID="6518">
        <definition>&lt;def-root&gt;The location at which the &lt;fen&gt;Agent&lt;/fen&gt; exhibits their behavior.

&lt;ex&gt;Sometimes an offender may be placed at a Probation hostel because they have committed
a serious offence or have &lt;t&gt;behaved&lt;/t&gt; badly &lt;fex name="pla"&gt;at an independent hostel&lt;/fex&gt;&lt;/ex&gt;&lt;/def-root&gt;</definition>
        <semType name="Locative_relation" ID="182"/>
    </FE>
    <FE bgColor="FFA500" fgColor="FFFFFF" coreType="Peripheral" cBy="JKR" cDate="06/21/2004 02:47:10 PDT Mon" abbrev="mea" name="Means" ID="6519">
        <definition>&lt;def-root&gt;The way in which the Agent behaves in the specified manner.

&lt;ex&gt;He &lt;t&gt;behaved&lt;/t&gt; poorly &lt;fex name="Means"&gt;by saying rude things&lt;/fex&gt;.&lt;/ex&gt;&lt;/def-root&gt;</definition>
        <semType name="State_of_affairs" ID="177"/>
    </FE>
    <FE bgColor="A52A2A" fgColor="FFFFFF" coreType="Peripheral" cBy="KlB" cDate="06/25/2004 03:39:37 PDT Fri" abbrev="dom" name="Domain" ID="6570">
        <definition>&lt;def-root&gt;The &lt;fen&gt;Domain&lt;/fen&gt; of human behavior in which the &lt;fen&gt;Agent&lt;/fen&gt; acts in a certain &lt;fen&gt;Manner&lt;/fen&gt;&lt;/def-root&gt;</definition>
    </FE>
    <FE bgColor="FFD700" fgColor="FFFFFF" coreType="Extra-Thematic" cBy="KlB" cDate="06/25/2004 05:58:21 PDT Fri" abbrev="deg" name="Degree" ID="6571">
        <definition>&lt;def-root&gt;The extent to which the (usually 'good' or 'bad') conduct of the &lt;fen&gt;Agent&lt;/fen&gt; deviates from some standard or norm&lt;/def-root&gt;</definition>
        <semType name="Degree" ID="172"/>
    </FE>
    <FE bgColor="90876C" fgColor="FFFFFF" coreType="Peripheral" cBy="KlB" cDate="06/25/2004 06:03:34 PDT Fri" abbrev="sta" name="Standard" ID="6572">
        <definition>&lt;def-root&gt;An explicit point to which the conduct of the &lt;fen&gt;Agent&lt;/fen&gt; is compared.

&lt;ex&gt;He &lt;t&gt;carried&lt;/t&gt; &lt;t&gt;himself&lt;/t&gt; admirably &lt;fex name="Standard"&gt;for a teenager&lt;/fex&gt;.&lt;/ex&gt;&lt;/def-root&gt;</definition>
    </FE>
    <frameRelation type="Inherits from"/>
    <frameRelation type="Is Inherited by">
        <relatedFrame ID="2770">Treating_and_mistreating</relatedFrame>
    </frameRelation>
    <frameRelation type="Perspective on"/>
    <frameRelation type="Is Perspectivized in"/>
    <frameRelation type="Uses">
        <relatedFrame ID="198">Intentionally_act</relatedFrame>
        <relatedFrame ID="369">Social_behavior_evaluation</relatedFrame>
    </frameRelation>
    <frameRelation type="Is Used by">
        <relatedFrame ID="12">Feigning</relatedFrame>
    </frameRelation>
    <frameRelation type="Subframe of"/>
    <frameRelation type="Has Subframe(s)"/>
    <frameRelation type="Precedes"/>
    <frameRelation type="Is Preceded by"/>
    <frameRelation type="Is Inchoative of"/>
    <frameRelation type="Is Causative of"/>
    <frameRelation type="See also"/>
    <lexUnit status="Finished_Initial" POS="N" name="conduct.n" ID="7998" lemmaID="7686" cBy="JKR" cDate="01/15/2003 04:36:08 PST Wed">
        <definition>COD: the manner in which a person behaves</definition>
        <sentenceCount annotated="24" total="221"/>
        <lexeme order="1" headword="false" breakBefore="false" POS="N" name="conduct"/>
    </lexUnit>
    <lexUnit status="Finished_Initial" POS="N" name="deportment.n" ID="8000" lemmaID="10235" cBy="JKR" cDate="01/15/2003 04:39:02 PST Wed">
        <definition>COD: a person's behaviour or manners</definition>
        <sentenceCount annotated="4" total="29"/>
        <lexeme order="1" headword="false" breakBefore="false" POS="N" name="deportment"/>
    </lexUnit>
    <lexUnit status="Created" POS="N" name="behavior.n" ID="8001" lemmaID="3252" cBy="JKR" cDate="01/15/2003 04:54:25 PST Wed">
        <definition>COD: the way in which someone behaves</definition>
        <sentenceCount annotated="5" total="5"/>
        <lexeme order="1" headword="false" breakBefore="false" POS="N" name="behavior"/>
    </lexUnit>
    <lexUnit status="Needs_SCs" POS="N" name="comportment.n" ID="8230" lemmaID="7521" cBy="JKR" cDate="01/28/2003 04:03:01 PST Tue">
        <definition>COD: behaviour or bearing</definition>
        <sentenceCount annotated="0" total="5"/>
        <lexeme order="1" headword="false" breakBefore="false" POS="N" name="comportment"/>
    </lexUnit>
    <lexUnit status="Finished_Initial" POS="V" name="misbehave.v" ID="8231" lemmaID="24461" cBy="JKR" cDate="01/28/2003 04:11:13 PST Tue">
        <definition>COD: behave badly</definition>
        <sentenceCount annotated="16" total="68"/>
        <lexeme order="1" headword="false" breakBefore="false" POS="V" name="misbehave"/>
    </lexUnit>
    <lexUnit status="Finished_Initial" incorporatedFE="Manner" POS="N" name="misbehavior.n" ID="8233" lemmaID="24463" cBy="JKR" cDate="01/28/2003 04:13:04 PST Tue">
        <definition>FN: bad behavior</definition>
        <sentenceCount annotated="21" total="70"/>
        <lexeme order="1" headword="false" breakBefore="false" POS="N" name="misbehavior"/>
    </lexUnit>
    <lexUnit status="Finished_Initial" POS="V" name="behave.v" ID="8509" lemmaID="3251" cBy="JKR" cDate="04/03/2003 08:22:07 PST Thu">
        <definition>COD: act or conduct oneself in a specified way</definition>
        <sentenceCount annotated="55" total="228"/>
        <lexeme order="1" headword="false" breakBefore="false" POS="V" name="behave"/>
    </lexUnit>
    <lexUnit status="Finished_Initial" POS="V" name="act.v" ID="10120" lemmaID="403" cBy="TRn" cDate="02/26/2004 01:03:43 PST Thu">
        <definition>FN: to behave in a certain way.</definition>
        <sentenceCount annotated="66" total="199"/>
        <lexeme order="1" headword="false" breakBefore="false" POS="V" name="act"/>
    </lexUnit>
    <lexUnit status="Finished_Initial" incorporatedFE="Manner" POS="V" name="act up.v" ID="10183" lemmaID="48793" cBy="TRn" cDate="03/04/2004 02:27:10 PST Thu">
        <definition>COD: to behave badly.</definition>
        <sentenceCount annotated="12" total="29"/>
        <lexeme order="1" headword="true" breakBefore="false" POS="V" name="act"/>
        <lexeme order="2" headword="false" breakBefore="false" POS="ADV" name="up"/>
    </lexUnit>
    <lexUnit status="Created" POS="N" name="bearing.n" ID="11151" lemmaID="3114" cBy="MiL" cDate="11/16/2004 02:25:55 PST Tue">
        <definition>COD: a person's way of standing, moving, or behaving.</definition>
        <sentenceCount annotated="0" total="0"/>
        <lexeme order="1" headword="false" breakBefore="false" POS="N" name="bearing"/>
    </lexUnit>
    <lexUnit status="Created" POS="V" name="conduct.v" ID="11152" lemmaID="7687" cBy="MiL" cDate="11/16/2004 02:31:48 PST Tue">
        <definition>COD: the manner in which a person behaves.</definition>
        <sentenceCount annotated="0" total="0"/>
        <lexeme order="1" headword="false" breakBefore="false" POS="V" name="conduct"/>
    </lexUnit>
    <lexUnit status="Created" POS="V" name="carry oneself.v" ID="11153" lemmaID="49681" cBy="MiL" cDate="11/16/2004 02:37:13 PST Tue">
        <definition>COD: stand and move in a specified way.</definition>
        <sentenceCount annotated="0" total="0"/>
        <lexeme order="1" headword="true" breakBefore="false" POS="V" name="carry"/>
        <lexeme order="2" headword="false" breakBefore="false" POS="PRON" name="oneself"/>
    </lexUnit>
    <lexUnit status="Created" POS="N" name="demeanor.n" ID="12535" lemmaID="50190" cBy="RLG" cDate="07/25/2005 11:42:44 PDT Mon">
        <definition>COD: outward behaviour or bearing.</definition>
        <sentenceCount annotated="0" total="0"/>
        <lexeme order="1" headword="true" breakBefore="false" POS="N" name="demeanor"/>
    </lexUnit>
    <lexUnit status="Created" POS="N" name="manner.n" ID="12536" lemmaID="50191" cBy="RLG" cDate="07/25/2005 11:43:36 PDT Mon">
        <definition>COD: a person's outward bearing or way of behaving towards others.</definition>
        <sentenceCount annotated="3" total="3"/>
        <lexeme order="1" headword="true" breakBefore="false" POS="N" name="manner"/>
    </lexUnit>
    <lexUnit status="Created" POS="N" name="way.n" ID="16369" lemmaID="51324" cBy="MLC" cDate="06/15/2011 06:36:45 PDT Wed">
        <definition>FN: a person's outward behvior towards others. </definition>
        <sentenceCount annotated="0" total="0"/>
        <lexeme order="1" headword="true" breakBefore="false" POS="N" name="way"/>
    </lexUnit>
</frame>