<?xml version="1.0" encoding="UTF-8" standalone="yes"?>
<?xml-stylesheet type="text/xsl" href="frame.xsl"?>
<frame cBy="KlB" cDate="07/14/2004 10:46:42 PDT Wed" name="Containment" ID="1174" xsi:schemaLocation="../schema/frame.xsd" xmlns="http://framenet.icsi.berkeley.edu" xmlns:xsi="http://www.w3.org/2001/XMLSchema-instance">
    <definition>&lt;def-root&gt;Basic Image Schema: has a &lt;fen&gt;Container&lt;/fen&gt;, &lt;fen&gt;Interior&lt;/fen&gt;, &lt;fen&gt;Exterior&lt;/fen&gt;, &lt;fen&gt;Boundary&lt;/fen&gt;, and an optional &lt;fen&gt;Portal&lt;/fen&gt;.&lt;/def-root&gt;</definition>
    <semType name="Non-Lexical Frame" ID="16"/>
    <semType name="Non-perspectivalized_frame" ID="52"/>
    <FE bgColor="0000FF" fgColor="FFFFFF" coreType="Core" cBy="KlB" cDate="07/14/2004 10:52:39 PDT Wed" abbrev="con" name="Container" ID="6813">
        <definition>&lt;def-root&gt;The non-point-like entity which has a &lt;fen&gt;Boundary&lt;/fen&gt; which (largely or completely) separates the &lt;fen&gt;Interior&lt;/fen&gt; region from the &lt;fen&gt;Exterior&lt;/fen&gt; region.  It normally also has a &lt;fen&gt;Portal&lt;/fen&gt; which links the &lt;fen&gt;Interior&lt;/fen&gt; and &lt;fen&gt;Exterior&lt;/fen&gt; regions.&lt;/def-root&gt;</definition>
    </FE>
    <FE bgColor="008000" fgColor="FFFFFF" coreType="Core" cBy="KlB" cDate="07/14/2004 10:53:20 PDT Wed" abbrev="int" name="Interior" ID="6814">
        <definition>&lt;def-root&gt;The (finite) region which is inside the &lt;fen&gt;Boundary&lt;/fen&gt; of the &lt;fen&gt;Container&lt;/fen&gt;, disjoint from the &lt;fen&gt;Exterior&lt;/fen&gt;, and overall closer or included in the &lt;fen&gt;Container&lt;/fen&gt;.&lt;/def-root&gt;</definition>
    </FE>
    <FE bgColor="FF0000" fgColor="FFFFFF" coreType="Core" cBy="KlB" cDate="07/14/2004 10:53:40 PDT Wed" abbrev="ext" name="Exterior" ID="6815">
        <definition>&lt;def-root&gt;The (larger) region surrounding an object, disjoint from the &lt;fen&gt;Interior&lt;/fen&gt;, outside the &lt;fen&gt;Boundary&lt;/fen&gt;, and overall more distant from the &lt;fen&gt;Container&lt;/fen&gt; than the &lt;fen&gt;Interior&lt;/fen&gt;.&lt;/def-root&gt;</definition>
    </FE>
    <FE bgColor="800080" fgColor="FFFFFF" coreType="Extra-Thematic" cBy="KlB" cDate="07/14/2004 10:53:58 PDT Wed" abbrev="por" name="Portal" ID="6816">
        <definition>&lt;def-root&gt;A (relatively small) region which goes through the &lt;fen&gt;Boundary&lt;/fen&gt;, connecting the &lt;fen&gt;Interior&lt;/fen&gt; and &lt;fen&gt;Exterior&lt;/fen&gt; of the &lt;fen&gt;Container&lt;/fen&gt;.&lt;/def-root&gt;</definition>
    </FE>
    <FE bgColor="FFA500" fgColor="FFFFFF" coreType="Core" cBy="KlB" cDate="07/14/2004 10:54:14 PDT Wed" abbrev="bou" name="Boundary" ID="6817">
        <definition>&lt;def-root&gt;The finite region which is not part of the &lt;fen&gt;Interior&lt;/fen&gt; or the &lt;fen&gt;Exterior&lt;/fen&gt;.&lt;/def-root&gt;</definition>
    </FE>
    <frameRelation type="Inherits from"/>
    <frameRelation type="Is Inherited by"/>
    <frameRelation type="Perspective on"/>
    <frameRelation type="Is Perspectivized in">
        <relatedFrame ID="397">Containing</relatedFrame>
        <relatedFrame ID="1176">Containment_relation_IS</relatedFrame>
    </frameRelation>
    <frameRelation type="Uses"/>
    <frameRelation type="Is Used by">
        <relatedFrame ID="1176">Containment_relation_IS</relatedFrame>
    </frameRelation>
    <frameRelation type="Subframe of"/>
    <frameRelation type="Has Subframe(s)"/>
    <frameRelation type="Precedes"/>
    <frameRelation type="Is Preceded by"/>
    <frameRelation type="Is Inchoative of"/>
    <frameRelation type="Is Causative of"/>
    <frameRelation type="See also"/>
</frame>