<?xml version="1.0" encoding="UTF-8" standalone="yes"?>
<?xml-stylesheet type="text/xsl" href="frame.xsl"?>
<frame cBy="MRLP" cDate="08/15/2002 06:28:37 PDT Thu" name="Containing" ID="397" xsi:schemaLocation="../schema/frame.xsd" xmlns="http://framenet.icsi.berkeley.edu" xmlns:xsi="http://www.w3.org/2001/XMLSchema-instance">
    <definition>&lt;def-root&gt;In this frame a &lt;fen&gt;Container&lt;/fen&gt; holds within its physical boundaries the &lt;fen&gt;Contents&lt;/fen&gt;. 
&lt;ex&gt;&lt;fex name="Container"&gt;The box&lt;/fex&gt; &lt;t&gt;holds&lt;/t&gt; &lt;fex name="Contents"&gt;three hundred pictures&lt;/fex&gt;.&lt;/ex&gt;&lt;/def-root&gt;</definition>
    <FE bgColor="FF0000" fgColor="FFFFFF" coreType="Core" cBy="MRLP" cDate="08/15/2002 06:30:40 PDT Thu" abbrev="Container" name="Container" ID="3562">
        <definition>&lt;def-root&gt;The &lt;fen&gt;Container&lt;/fen&gt; is the physical object which holds within its boundaries the &lt;fen&gt;Contents&lt;/fen&gt;

&lt;ex&gt;&lt;fex name="Container"&gt;The box&lt;/fex&gt; &lt;t&gt;holds&lt;/t&gt; three hundred pictures.&lt;/ex&gt;&lt;/def-root&gt;</definition>
    </FE>
    <FE bgColor="9400D3" fgColor="FFFFFF" coreType="Core" cBy="MRLP" cDate="08/15/2002 06:32:40 PDT Thu" abbrev="Contents" name="Contents" ID="3563">
        <definition>&lt;def-root&gt;The &lt;fen&gt;Contents&lt;/fen&gt; is the substance or objects contained within the physical bounds of the &lt;fen&gt;Container&lt;/fen&gt;.
&lt;ex&gt;The box &lt;t&gt;holds&lt;/t&gt; &lt;fex name="Contents"&gt;three hundred pictures&lt;/fex&gt;.&lt;/ex&gt;&lt;/def-root&gt;</definition>
    </FE>
    <FE bgColor="FFA500" fgColor="FFFFFF" coreType="Peripheral" cBy="MJE" cDate="01/17/2006 06:44:43 PST Tue" abbrev="tim" name="Time" ID="9863">
        <definition>&lt;def-root&gt;The time at which the &lt;fen&gt;Container&lt;/fen&gt; holds the &lt;fen&gt;Contents&lt;/fen&gt;.&lt;/def-root&gt;</definition>
        <semType name="Time" ID="141"/>
    </FE>
    <frameRelation type="Inherits from">
        <relatedFrame ID="199">Locative_relation</relatedFrame>
    </frameRelation>
    <frameRelation type="Is Inherited by"/>
    <frameRelation type="Perspective on">
        <relatedFrame ID="1174">Containment</relatedFrame>
    </frameRelation>
    <frameRelation type="Is Perspectivized in"/>
    <frameRelation type="Uses"/>
    <frameRelation type="Is Used by">
        <relatedFrame ID="78">Containers</relatedFrame>
        <relatedFrame ID="244">Fullness</relatedFrame>
    </frameRelation>
    <frameRelation type="Subframe of"/>
    <frameRelation type="Has Subframe(s)"/>
    <frameRelation type="Precedes"/>
    <frameRelation type="Is Preceded by"/>
    <frameRelation type="Is Inchoative of"/>
    <frameRelation type="Is Causative of"/>
    <frameRelation type="See also"/>
    <lexUnit status="Created" POS="V" name="contain.v" ID="7296" lemmaID="8022" cBy="ACW" cDate="08/19/2002 11:39:21 PDT Mon">
        <definition>COD:  have or hold within. </definition>
        <sentenceCount annotated="15" total="15"/>
        <lexeme order="1" headword="false" breakBefore="false" POS="V" name="contain"/>
    </lexUnit>
    <lexUnit status="Finished_Initial" POS="V" name="hold.v" ID="7297" lemmaID="45669" cBy="ACW" cDate="08/19/2002 11:40:19 PDT Mon">
        <definition>COD: contain or be capable of containing.</definition>
        <sentenceCount annotated="16" total="206"/>
        <lexeme order="1" headword="false" breakBefore="false" POS="V" name="hold"/>
    </lexUnit>
    <lexUnit status="Finished_Initial" POS="V" name="house.v" ID="13175" lemmaID="18509" cBy="MiL" cDate="03/30/2006 02:57:01 PST Thu">
        <definition>COD: enclose or encase.</definition>
        <sentenceCount annotated="23" total="220"/>
        <lexeme order="1" headword="false" breakBefore="false" POS="V" name="house"/>
    </lexUnit>
    <lexUnit status="Created" POS="V" name="store.v" ID="17644" lemmaID="38199" cBy="WMcQ" cDate="07/21/2014 03:15:07 PDT Mon">
        <definition>FN: To host contents. A container that is non-agentively hosting some contents is said to store said contents.</definition>
        <sentenceCount annotated="1" total="1"/>
        <lexeme order="1" headword="false" breakBefore="false" POS="V" name="store"/>
    </lexUnit>
</frame>