<?xml version="1.0" encoding="UTF-8" standalone="yes"?>
<?xml-stylesheet type="text/xsl" href="frame.xsl"?>
<frame cBy="RLG" cDate="10/14/2011 12:27:04 PDT Fri" name="Counterattack" ID="2677" xsi:schemaLocation="../schema/frame.xsd" xmlns="http://framenet.icsi.berkeley.edu" xmlns:xsi="http://www.w3.org/2001/XMLSchema-instance">
    <definition>&lt;def-root&gt;An &lt;fen&gt;Assailant&lt;/fen&gt; physically attacks a &lt;fen&gt;Victim&lt;/fen&gt; (which is usually but not always sentient), causing or intending to cause the &lt;fen&gt;Victim&lt;/fen&gt; physical damage. The attack is a response to an earlier attack by the &lt;fen&gt;Victim&lt;/fen&gt; on the current &lt;fen&gt;Assailant&lt;/fen&gt; (or by actors associated with the &lt;fen&gt;Assailant&lt;/fen&gt; or &lt;fen&gt;Victim&lt;/fen&gt;).

A &lt;fen&gt;Weapon&lt;/fen&gt; used by the &lt;fen&gt;Assailant&lt;/fen&gt; may also be mentioned, in addition to the usual &lt;fen&gt;Place&lt;/fen&gt;, &lt;fen&gt;Time&lt;/fen&gt;, &lt;fen&gt;Purpose&lt;/fen&gt;, &lt;fen&gt;Reason&lt;/fen&gt;, etc.  Sometimes a location is used metonymically to stand for the &lt;fen&gt;Assailant&lt;/fen&gt; or the &lt;fen&gt;Victim&lt;/fen&gt;, and in such cases the &lt;fen&gt;Place&lt;/fen&gt; FE will be annotated on a second FE layer.

&lt;ex&gt;Are &lt;fex name="Asl"&gt;we&lt;/fex&gt; &lt;t&gt;counterattacking&lt;/t&gt; &lt;fex name="Victim"&gt;them&lt;/fex&gt; &lt;fex name="Purp"&gt;just to keep them off balance&lt;/fex&gt;?&lt;/ex&gt;&lt;/def-root&gt;</definition>
    <FE bgColor="0000FF" fgColor="FFFFFF" coreType="Core" cBy="RLG" cDate="10/14/2011 12:27:04 PDT Fri" abbrev="Vic" name="Victim" ID="15227">
        <definition>&lt;def-root&gt;This FE is the being or entity that is injured by the &lt;fen&gt;Assailant&lt;/fen&gt;'s attack.

&lt;ex&gt;US troops&lt;t&gt;counterattacked&lt;/t&gt; &lt;fex name="Victim"&gt;the French&lt;/fex&gt; the next day.&lt;/ex&gt;&lt;/def-root&gt;</definition>
        <semType name="Sentient" ID="5"/>
    </FE>
    <FE bgColor="A52A2A" fgColor="FFFFFF" coreType="Peripheral" cBy="RLG" cDate="10/14/2011 12:27:05 PDT Fri" abbrev="Wep" name="Weapon" ID="15228">
        <definition>&lt;def-root&gt;An entity used by the &lt;fen&gt;Assailant&lt;/fen&gt; to cause damage to the &lt;fen&gt;Victim&lt;/fen&gt;.

&lt;ex&gt;The mysterious fighter &lt;t&gt;counterattacked&lt;/t&gt; &lt;fex name="Weapon"&gt;with a sabre&lt;/fex&gt;.&lt;/ex&gt;&lt;/def-root&gt;</definition>
        <semType name="Physical_entity" ID="70"/>
    </FE>
    <FE bgColor="FF0000" fgColor="FFFFFF" coreType="Core" cBy="RLG" cDate="10/14/2011 12:27:05 PDT Fri" abbrev="Asl" name="Assailant" ID="15229">
        <definition>&lt;def-root&gt;The person (or other self-directed entity) that is responding to a prior attack by attempting physical harm to the &lt;fen&gt;Victim&lt;/fen&gt;.

&lt;ex&gt;&lt;fex name="Assailant"&gt;The mysterious fighter&lt;/fex&gt; &lt;t&gt;counterattacked&lt;/t&gt; the guardsmen with a sabre.&lt;/ex&gt;&lt;/def-root&gt;</definition>
        <semType name="Sentient" ID="5"/>
    </FE>
    <FE bgColor="FF69B4" fgColor="FFFFFF" coreType="Peripheral" cBy="RLG" cDate="10/14/2011 12:27:05 PDT Fri" abbrev="Mnr" name="Manner" ID="15230">
        <definition>&lt;def-root&gt;Any description of the event which is not covered by more specific FEs, including epistemic modification (probably, presumably, mysteriously), force (hard, softly), secondary effects (quietly, loudly), and general descriptions comparing events (the same way). It may also indicate salient characteristics of an &lt;fen&gt;Assailant&lt;/fen&gt; that also affect the action (presumptuously, coldly, deliberately, eagerly, carefully). &lt;/def-root&gt;</definition>
        <semType name="Manner" ID="173"/>
    </FE>
    <FE bgColor="FF00FF" fgColor="FFFFFF" coreType="Peripheral" cBy="RLG" cDate="10/14/2011 12:27:05 PDT Fri" abbrev="Mns" name="Means" ID="15231">
        <definition>&lt;def-root&gt;An intentional action performed by the &lt;fen&gt;Assailant&lt;/fen&gt; that accomplishes the assault. 

&lt;ex&gt;&lt;fex name="Assailant"&gt;Japanese&lt;/fex&gt; &lt;t&gt;counterattacked&lt;/t&gt; &lt;fex name="Means"&gt;by invading coastal fortifications&lt;/fex&gt;.&lt;/ex&gt;&lt;/def-root&gt;</definition>
        <semType name="State_of_affairs" ID="177"/>
    </FE>
    <FE bgColor="008000" fgColor="FFFFFF" coreType="Peripheral" cBy="RLG" cDate="10/14/2011 12:27:05 PDT Fri" abbrev="Place" name="Place" ID="15232">
        <definition>&lt;def-root&gt;This FE identifies the place where the &lt;fen&gt;Assailant&lt;/fen&gt; makes an assault on the &lt;fen&gt;Victim&lt;/fen&gt;.

&lt;ex&gt;Then they staged a &lt;t&gt;counterattack&lt;/t&gt;&lt;fex name="Place"&gt;on our left flank&lt;/fex&gt;.&lt;/ex&gt;&lt;/def-root&gt;</definition>
        <semType name="Locative_relation" ID="182"/>
    </FE>
    <FE bgColor="800080" fgColor="FFFFFF" coreType="Peripheral" cBy="RLG" cDate="10/14/2011 12:27:05 PDT Fri" abbrev="Purp" name="Purpose" ID="15233">
        <definition>&lt;def-root&gt;This FE identifies the purpose for which an &lt;fen&gt;Assailant&lt;/fen&gt; attacks the &lt;fen&gt;Victim&lt;/fen&gt;.

&lt;ex&gt;Hostile troops probably &lt;m&gt;launched&lt;/m&gt; a &lt;t&gt;counteroffensive&lt;/t&gt; &lt;fex name="Purpose"&gt;to try to intimidate us&lt;/fex&gt;.&lt;/ex&gt;&lt;/def-root&gt;</definition>
        <semType name="State_of_affairs" ID="177"/>
    </FE>
    <FE bgColor="9F79EE" fgColor="FFFFFF" coreType="Extra-Thematic" cBy="RLG" cDate="10/14/2011 12:27:05 PDT Fri" abbrev="Exp" name="Explanation" ID="15234">
        <definition>&lt;def-root&gt;A state of affairs that the &lt;fen&gt;Assailant&lt;/fen&gt; is responding to that leads them to make an assault on the &lt;fen&gt;Victim&lt;/fen&gt;.

&lt;ex&gt;&lt;fex name="Assailant"&gt;We&lt;/fex&gt; &lt;t&gt;counterattack&lt;/t&gt; &lt;fex name="Explanation"&gt;because if we don't, we'll be an easier target next time&lt;/fex&gt;.&lt;/ex&gt;
&lt;/def-root&gt;</definition>
        <semType name="State_of_affairs" ID="177"/>
    </FE>
    <FE bgColor="FFA500" fgColor="FFFFFF" coreType="Peripheral" cBy="RLG" cDate="10/14/2011 12:27:05 PDT Fri" abbrev="Time" name="Time" ID="15235">
        <definition>&lt;def-root&gt;This FE identifies the time when the &lt;fen&gt;Assailant&lt;/fen&gt; attacks the &lt;fen&gt;Victim&lt;/fen&gt;.

&lt;ex&gt;&lt;fex name="Time"&gt;The previous day's&lt;/fex&gt; &lt;t&gt;counterattack&lt;/t&gt; &lt;fex name="Victim"&gt;on French troops&lt;/fex&gt; was deemed a success.&lt;/ex&gt;&lt;/def-root&gt;</definition>
        <semType name="Time" ID="141"/>
    </FE>
    <FE bgColor="006400" fgColor="FFFFFF" coreType="Peripheral" cBy="RLG" cDate="10/14/2011 12:27:05 PDT Fri" abbrev="Src" name="Source" ID="15236">
        <definition>&lt;def-root&gt;The starting-point of the motion of the &lt;fen&gt;Assailant&lt;/fen&gt; or projectiles of the &lt;fen&gt;Assailant&lt;/fen&gt; as they move toward the the &lt;fen&gt;Place&lt;/fen&gt; that the &lt;fen&gt;Victim&lt;/fen&gt; is occupying in the attack.  In prepositional phrases, the prepositional object expresses the starting point of motion.  With particles, the starting point of motion is understood from context.

&lt;ex&gt;We'll &lt;t&gt;counterattack&lt;/t&gt; &lt;fex name="Src"&gt;from our current position&lt;/fex&gt;.&lt;/ex&gt;&lt;/def-root&gt;</definition>
        <semType name="Source" ID="151"/>
    </FE>
    <FE bgColor="800080" fgColor="FFFFFF" coreType="Extra-Thematic" cBy="RLG" cDate="10/14/2011 12:27:05 PDT Fri" abbrev="Dep" name="Depictive" ID="15237">
        <definition>&lt;def-root&gt;This FE is used for any &lt;fen&gt;Depictive&lt;/fen&gt; phrase describeing the state of the &lt;fen&gt;Assailant&lt;/fen&gt; or &lt;fen&gt;Victim&lt;/fen&gt; while the Attack occurs.

&lt;ex&gt;They &lt;t&gt;counterattacked&lt;/t&gt; us &lt;fex name="Depictive"&gt;in large numbers&lt;/fex&gt;.&lt;/ex&gt;&lt;/def-root&gt;</definition>
    </FE>
    <FE bgColor="EEE8AA" fgColor="000000" coreType="Extra-Thematic" cBy="RLG" cDate="10/14/2011 12:27:05 PDT Fri" abbrev="re-e" name="Re-encoding" ID="15238">
        <definition>&lt;def-root&gt;This FE presents the current frame as an integral part of a larger conceptualization expressed by another frame. The frame expressed by the target typically corresponds to a Means action within the frame expressed by the &lt;fex name="Re-encoding"&gt;Re-encoding&lt;/fex&gt;, but not necessarily. &lt;/def-root&gt;</definition>
    </FE>
    <FE bgColor="A9A9A9" fgColor="000000" coreType="Extra-Thematic" cBy="RLG" cDate="10/14/2011 12:27:05 PDT Fri" abbrev="" name="Result" ID="15239">
        <definition>&lt;def-root&gt;The &lt;fen&gt;Result&lt;/fen&gt; of the attack on the &lt;fen&gt;Victim&lt;/fen&gt; by the &lt;fen&gt;Assailant&lt;/fen&gt;. &lt;/def-root&gt;</definition>
    </FE>
    <FE bgColor="1E90FF" fgColor="FFFFFF" coreType="Extra-Thematic" cBy="RLG" cDate="10/14/2011 12:27:05 PDT Fri" abbrev="" name="Containing_event" ID="15240">
        <definition>&lt;def-root&gt;This FE denotes an event that occurs or state of affairs that holds at a time that includes the time during which the event or state of affairs reported by the target occurs and of which it is taken to be a part.&lt;/def-root&gt;</definition>
    </FE>
    <FE bgColor="FFFF00" fgColor="000000" coreType="Extra-Thematic" cBy="RLG" cDate="10/14/2011 12:27:05 PDT Fri" abbrev="" name="Explanation" ID="15241">
        <definition>&lt;def-root&gt;The Explanation denotes a proposition from which the main clause (headed by the target) logically follows. This often means that the Explanation causes the target's proposition, but not in all cases. &lt;/def-root&gt;</definition>
    </FE>
    <FE bgColor="FFD700" fgColor="000000" coreType="Extra-Thematic" cBy="RLG" cDate="10/14/2011 12:27:05 PDT Fri" abbrev="part" name="Particular_iteration" ID="15242">
        <definition>&lt;def-root&gt;Expressions marked with this extra-thematic FE modify a non-iterative use of the target, and indicate that it is conceived as embedded within an iterated series of similar events or states. In addition, most expressions of Particular_iteration indicate which instance of the series is being referred to.&lt;/def-root&gt;</definition>
    </FE>
    <FE bgColor="7CCD73" fgColor="000000" coreType="Extra-Thematic" cBy="RLG" cDate="10/14/2011 12:27:05 PDT Fri" abbrev="" name="Circumstances" ID="15243">
        <definition>&lt;def-root&gt;Circumstances describe the state of the world (at a particular time and place) which is specifically independent of the event itself and any of its participants. &lt;/def-root&gt;</definition>
    </FE>
    <FE bgColor="90876C" fgColor="FFFFFF" coreType="Extra-Thematic" cBy="RLG" cDate="10/14/2011 12:27:05 PDT Fri" abbrev="Ite" name="Iterations" ID="15244">
        <definition>&lt;def-root&gt;The frame element &lt;fex name="Iterations"&gt;Iterations&lt;/fex&gt; is used for expressions that indicate the number of times an event or state (of the kind denoted by the target in its clause) has taken place or held. Examples include &lt;m&gt;once&lt;/m&gt;, &lt;m&gt;twice&lt;/m&gt;, [Cardinal expression] + &lt;m&gt;times&lt;/m&gt;, &lt;m&gt;a lot&lt;/m&gt;.&lt;/def-root&gt;</definition>
    </FE>
    <FE bgColor="00008B" fgColor="FFFFFF" coreType="Extra-Thematic" cBy="RLG" cDate="10/14/2011 12:27:05 PDT Fri" abbrev="" name="Event_description" ID="15245">
        <definition>&lt;def-root&gt;In general, this FE is used for phrases that describe the clause of the target as a whole. There are two somewhat distinct subgroups of sentence modifiers that cover this function.&lt;/def-root&gt;</definition>
    </FE>
    <FE bgColor="A9A9A9" fgColor="FFFFFF" coreType="Peripheral" cBy="RLG" cDate="10/14/2011 12:27:05 PDT Fri" abbrev="" name="Path" ID="15246">
        <definition>&lt;def-root&gt;The &lt;fen&gt;Path&lt;/fen&gt; refers to (a part of) the ground over which the &lt;fen&gt;Assailant&lt;/fen&gt; travels. &lt;/def-root&gt;</definition>
    </FE>
    <frameRelation type="Inherits from">
        <relatedFrame ID="424">Attack</relatedFrame>
    </frameRelation>
    <frameRelation type="Is Inherited by"/>
    <frameRelation type="Perspective on"/>
    <frameRelation type="Is Perspectivized in"/>
    <frameRelation type="Uses">
        <relatedFrame ID="1302">Response</relatedFrame>
    </frameRelation>
    <frameRelation type="Is Used by"/>
    <frameRelation type="Subframe of"/>
    <frameRelation type="Has Subframe(s)"/>
    <frameRelation type="Precedes"/>
    <frameRelation type="Is Preceded by"/>
    <frameRelation type="Is Inchoative of"/>
    <frameRelation type="Is Causative of"/>
    <frameRelation type="See also"/>
    <lexUnit status="In_Use" POS="N" name="counter-attack.n" ID="16736" lemmaID="51445" cBy="RLG" cDate="10/14/2011 01:05:47 PDT Fri">
        <definition>FN: an attack in response to a prior attack.</definition>
        <sentenceCount annotated="20" total="35"/>
        <lexeme order="1" headword="true" breakBefore="false" POS="N" name="counter-attack"/>
    </lexUnit>
    <lexUnit status="In_Use" POS="V" name="counter-attack.v" ID="16737" lemmaID="51446" cBy="RLG" cDate="10/14/2011 01:06:47 PDT Fri">
        <definition>FN: to attack another in response to their attack.</definition>
        <sentenceCount annotated="7" total="37"/>
        <lexeme order="1" headword="true" breakBefore="false" POS="V" name="counter-attack"/>
    </lexUnit>
    <lexUnit status="In_Use" POS="N" name="counter-offensive.n" ID="16738" lemmaID="51447" cBy="RLG" cDate="10/14/2011 01:18:10 PDT Fri">
        <definition>FN: a large-scale assault in response to offensive moves made by an opponent.</definition>
        <sentenceCount annotated="2" total="2"/>
        <lexeme order="1" headword="true" breakBefore="false" POS="N" name="counter-offensive"/>
    </lexUnit>
</frame>