<?xml version="1.0" encoding="UTF-8" standalone="yes"?>
<?xml-stylesheet type="text/xsl" href="frame.xsl"?>
<frame cBy="JKR" cDate="02/25/2004 04:41:56 PST Wed" name="Craft" ID="981" xsi:schemaLocation="../schema/frame.xsd" xmlns="http://framenet.icsi.berkeley.edu" xmlns:xsi="http://www.w3.org/2001/XMLSchema-instance">
    <definition>&lt;def-root&gt;A  particular &lt;fen&gt;Activity&lt;/fen&gt;, performed conventionally or habitually by more than one &lt;fen&gt;Practitioner&lt;/fen&gt;  within a &lt;fen&gt;Culture&lt;/fen&gt;, is described  in terms of its method.


&lt;ex&gt;One lived-in cabin also had a grassy roof, as if the &lt;t&gt;craft&lt;/t&gt; &lt;fex name="Act"&gt;of thatching&lt;/fex&gt; had died out locally&lt;/ex&gt;

&lt;/def-root&gt;</definition>
    <FE bgColor="FFA500" fgColor="FFFFFF" coreType="Core" cBy="JKR" cDate="02/25/2004 04:41:56 PST Wed" abbrev="Act" name="Activity" ID="5970">
        <definition>&lt;def-root&gt;This Frame Element marks expressions that indicate the  &lt;fen&gt;Activity&lt;/fen&gt; that is being performed habitually or conventionally.

&lt;ex&gt; Restrop was built at the very height of the great Elizabethan age, when the &lt;t&gt;craft&lt;/t&gt; &lt;fex name="Act"&gt;of building&lt;/fex&gt; began to turn into an art.&lt;/ex&gt;&lt;/def-root&gt;</definition>
    </FE>
    <FE bgColor="FF0000" fgColor="FFFFFF" coreType="Core" cBy="JKR" cDate="02/25/2004 04:41:56 PST Wed" abbrev="Prac" name="Practitioner" ID="5971">
        <definition>&lt;def-root&gt;This Frame Element marks expressions that indicate whose &lt;fen&gt;Activity&lt;/fen&gt; is at issue.

&lt;ex&gt;The development and the elaboration of metal armour for protection in warfare and jousting gave considerable impetus to the &lt;t&gt;craft&lt;/t&gt; &lt;fex name="Prac"&gt;of the blacksmith&lt;/fex&gt;&lt;/ex&gt;&lt;/def-root&gt;</definition>
    </FE>
    <FE bgColor="0000FF" fgColor="FFFFFF" coreType="Peripheral" cBy="JKR" cDate="02/25/2004 04:41:56 PST Wed" abbrev="Plc" name="Place" ID="5972">
        <definition>&lt;def-root&gt;This Frame Element marks expressions that indicate the &lt;fen&gt;Place&lt;/fen&gt; in which the &lt;fen&gt;Activity&lt;/fen&gt; is performed.

&lt;ex&gt;So, by application of the sacred &lt;fex name="Plc"&gt;northern&lt;/fex&gt; &lt;t&gt;art&lt;/t&gt; of fettling, here are a few tips on how to provide your steed with an almost Zen-like ride quality&lt;/ex&gt;&lt;/def-root&gt;</definition>
        <semType name="Locative_relation" ID="182"/>
    </FE>
    <FE bgColor="1E90FF" fgColor="FFFFFF" coreType="Peripheral" cBy="JKR" cDate="02/25/2004 04:41:56 PST Wed" abbrev="Desc" name="Descriptor" ID="5973">
        <definition>&lt;def-root&gt;This FE marks expressions that indicate attributes, traits, or evaluations of the &lt;fen&gt;Activity&lt;/fen&gt;.

&lt;ex&gt;Once upon a time people indulged in the &lt;fex name="Desc"&gt;ages-old&lt;/fex&gt; &lt;t&gt;craft&lt;/t&gt; of telling stories to each other&lt;/ex&gt;&lt;/def-root&gt;</definition>
    </FE>
    <FE bgColor="9400D3" fgColor="FFFFFF" coreType="Core" cBy="JKR" cDate="02/25/2004 04:41:56 PST Wed" abbrev="Cult" name="Culture" ID="5975">
        <definition>&lt;def-root&gt;A &lt;fen&gt;Culture&lt;/fen&gt; within which the Activity is performed.

&lt;ex&gt;Origami is an ancient &lt;fex name="Culture"&gt;Japanese&lt;/fex&gt; &lt;t&gt;craft&lt;/t&gt; of paper folding&lt;/ex&gt;&lt;/def-root&gt;</definition>
    </FE>
    <frameRelation type="Inherits from"/>
    <frameRelation type="Is Inherited by"/>
    <frameRelation type="Perspective on"/>
    <frameRelation type="Is Perspectivized in"/>
    <frameRelation type="Uses">
        <relatedFrame ID="380">Custom</relatedFrame>
        <relatedFrame ID="1345">Fields</relatedFrame>
    </frameRelation>
    <frameRelation type="Is Used by"/>
    <frameRelation type="Subframe of"/>
    <frameRelation type="Has Subframe(s)"/>
    <frameRelation type="Precedes"/>
    <frameRelation type="Is Preceded by"/>
    <frameRelation type="Is Inchoative of"/>
    <frameRelation type="Is Causative of"/>
    <frameRelation type="See also"/>
    <lexUnit status="Created" POS="N" name="art.n" ID="10110" lemmaID="1999" cBy="JKR" cDate="02/25/2004 05:04:38 PST Wed">
        <definition>FN: an activity with an aesthetic component requiring knowledge and skill </definition>
        <sentenceCount annotated="10" total="11"/>
        <lexeme order="1" headword="false" breakBefore="false" POS="N" name="art"/>
    </lexUnit>
    <lexUnit status="Created" POS="N" name="craft.n" ID="10111" lemmaID="8762" cBy="JKR" cDate="02/25/2004 05:06:16 PST Wed">
        <definition>COD: an activity involving skill in making things by hand.</definition>
        <sentenceCount annotated="3" total="3"/>
        <lexeme order="1" headword="false" breakBefore="false" POS="N" name="craft"/>
    </lexUnit>
    <lexUnit status="New" POS="N" name="science.n" ID="10112" lemmaID="34441" cBy="JKR" cDate="02/25/2004 05:06:51 PST Wed">
        <definition>FN: a procedurally complex activity requiring methodical attention to detail</definition>
        <sentenceCount annotated="0" total="243"/>
        <lexeme order="1" headword="false" breakBefore="false" POS="N" name="science"/>
    </lexUnit>
</frame>