<?xml version="1.0" encoding="UTF-8" standalone="yes"?>
<?xml-stylesheet type="text/xsl" href="frame.xsl"?>
<frame cBy="RLG" cDate="08/10/2011 01:28:21 PDT Wed" name="Deception_end" ID="2614" xsi:schemaLocation="../schema/frame.xsd" xmlns="http://framenet.icsi.berkeley.edu" xmlns:xsi="http://www.w3.org/2001/XMLSchema-instance">
    <definition>&lt;def-root&gt;A &lt;fen&gt;Deceiver&lt;/fen&gt; succeeds or fails in causing a &lt;fen&gt;Victim&lt;/fen&gt; to have a misunderstanding about a &lt;fen&gt;Topic&lt;/fen&gt;.&lt;/def-root&gt;</definition>
    <semType name="Non-Lexical Frame" ID="16"/>
    <FE bgColor="008000" fgColor="FFFFFF" coreType="Core" cBy="RLG" cDate="08/10/2011 01:28:21 PDT Wed" abbrev="vic" name="Victim" ID="14758">
        <definition>&lt;def-root&gt;The &lt;fen&gt;Victim&lt;/fen&gt; is the target of the deception.&lt;/def-root&gt;</definition>
    </FE>
    <FE bgColor="FF0000" fgColor="FFFFFF" coreType="Core" cBy="RLG" cDate="08/10/2011 01:28:21 PDT Wed" abbrev="dec" name="Deceiver" ID="14759">
        <definition>&lt;def-root&gt;The &lt;fen&gt;Deceiver&lt;/fen&gt; attempts to make the &lt;fen&gt;Victim&lt;/fen&gt; unable to know about or detect the truth about a &lt;fen&gt;Phenomenon&lt;/fen&gt; or &lt;fen&gt;Topic&lt;/fen&gt;.&lt;/def-root&gt;</definition>
    </FE>
    <FE bgColor="800080" fgColor="FFFFFF" coreType="Core" cBy="RLG" cDate="08/10/2011 01:28:21 PDT Wed" abbrev="phe" name="Phenomenon" ID="14760">
        <definition>&lt;def-root&gt;The &lt;fen&gt;Phenomenon&lt;/fen&gt; is presented to the &lt;fen&gt;Victim&lt;/fen&gt; as a way to mislead about the &lt;fen&gt;Topic&lt;/fen&gt;.&lt;/def-root&gt;</definition>
    </FE>
    <FE bgColor="0000FF" fgColor="FFFFFF" coreType="Core" cBy="RLG" cDate="08/10/2011 01:28:21 PDT Wed" abbrev="top" name="Topic" ID="14761">
        <definition>&lt;def-root&gt;The entity to which the misleading idea relates, what it is about.&lt;/def-root&gt;</definition>
    </FE>
    <FE bgColor="2E8B57" fgColor="FFFFFF" coreType="Peripheral" cBy="RLG" cDate="08/10/2011 01:32:00 PDT Wed" abbrev="tim" name="Time" ID="14762">
        <definition>&lt;def-root&gt;When the deception fails or succeeds.&lt;/def-root&gt;</definition>
    </FE>
    <FE bgColor="FFA500" fgColor="FFFFFF" coreType="Peripheral" cBy="RLG" cDate="08/10/2011 01:32:19 PDT Wed" abbrev="pla" name="Place" ID="14763">
        <definition>&lt;def-root&gt;The location where the deception fails or succeeds.&lt;/def-root&gt;</definition>
    </FE>
    <frameRelation type="Inherits from"/>
    <frameRelation type="Is Inherited by">
        <relatedFrame ID="2570">Intentional_deception</relatedFrame>
        <relatedFrame ID="2573">Deception_success</relatedFrame>
    </frameRelation>
    <frameRelation type="Perspective on"/>
    <frameRelation type="Is Perspectivized in"/>
    <frameRelation type="Uses"/>
    <frameRelation type="Is Used by"/>
    <frameRelation type="Subframe of">
        <relatedFrame ID="2613">Deception_scenario</relatedFrame>
    </frameRelation>
    <frameRelation type="Has Subframe(s)"/>
    <frameRelation type="Precedes"/>
    <frameRelation type="Is Preceded by"/>
    <frameRelation type="Is Inchoative of"/>
    <frameRelation type="Is Causative of"/>
    <frameRelation type="See also"/>
</frame>