<?xml version="1.0" encoding="UTF-8" standalone="yes"?>
<?xml-stylesheet type="text/xsl" href="frame.xsl"?>
<frame cBy="MJE" cDate="06/27/2002 05:45:46 PDT Thu" name="Deciding" ID="363" xsi:schemaLocation="../schema/frame.xsd" xmlns="http://framenet.icsi.berkeley.edu" xmlns:xsi="http://www.w3.org/2001/XMLSchema-instance">
    <definition>&lt;def-root&gt;A &lt;fen&gt;Cognizer&lt;/fen&gt; makes a &lt;fen&gt;Decision&lt;/fen&gt;, which may be about an entity or a course of action.

How (and whether) this frame is distinct from Choosing is currently up for debate.

&lt;ex&gt;&lt;fex name="Cognizer"&gt;Mo&lt;/fex&gt; &lt;t&gt;decided&lt;/t&gt; &lt;fex name="Decision"&gt;to quit the program&lt;/fex&gt;.&lt;/ex&gt;
&lt;/def-root&gt;</definition>
    <FE bgColor="FF0000" fgColor="FFFFFF" coreType="Core" cBy="MRLP" cDate="09/13/2002 02:54:40 PDT Fri" abbrev="Cog" name="Cognizer" ID="3716">
        <definition>&lt;def-root&gt;The &lt;fen&gt;Cognizer&lt;/fen&gt; decides on a course of action.

&lt;ex&gt;&lt;fex name="Cog"&gt;Mo&lt;/fex&gt; &lt;t&gt;decided&lt;/t&gt; to quit the program.&lt;/ex&gt;&lt;/def-root&gt;</definition>
        <semType name="Sentient" ID="5"/>
    </FE>
    <FE bgColor="0000FF" fgColor="FFFFFF" coreType="Core" cBy="MRLP" cDate="09/13/2002 03:01:18 PDT Fri" abbrev="Dec" name="Decision" ID="3717">
        <definition>&lt;def-root&gt;&lt;fen&gt;Decision&lt;/fen&gt; identifies the entity or course of action upon which the &lt;fen&gt;Cognizer&lt;/fen&gt; decides.
&lt;ex&gt;Mo &lt;t&gt;decided&lt;/t&gt; &lt;fex name="Dec"&gt;to quit the program&lt;/fex&gt;.&lt;/ex&gt;
&lt;/def-root&gt;</definition>
    </FE>
    <FE bgColor="00BFFF" fgColor="FFFFFF" coreType="Peripheral" cBy="MRLP" cDate="09/13/2002 03:30:42 PDT Fri" abbrev="Poss" name="Possibilities" ID="3718">
        <definition>&lt;def-root&gt;A &lt;fen&gt;Cognizer&lt;/fen&gt; makes a &lt;fen&gt;Decision&lt;/fen&gt; from among a set of &lt;fen&gt;Possibilities&lt;/fen&gt;.

&lt;ex&gt;Mo &lt;t&gt;decided&lt;/t&gt; on the blue sweater &lt;fex name="Poss"&gt;from the pile on the counter&lt;/fex&gt;.&lt;/ex&gt;&lt;/def-root&gt;</definition>
    </FE>
    <FE bgColor="FFA500" fgColor="FFFFFF" coreType="Peripheral" cBy="RLG" cDate="08/04/2005 02:04:08 PDT Thu" abbrev="tim" name="Time" ID="8791">
        <definition>&lt;def-root&gt;The time or time period over which the &lt;fen&gt;Cognizer&lt;/fen&gt; makes the decision.

&lt;ex&gt;The State Cabinet &lt;fex name="tim"&gt;today&lt;/fex&gt; &lt;t&gt;decided&lt;/t&gt; to file an appeal in the Supreme Court seeking an extension of six months for implementation of its judgment&lt;/ex&gt;&lt;/def-root&gt;</definition>
        <semType name="Time" ID="141"/>
    </FE>
    <FE bgColor="008000" fgColor="FFFFFF" coreType="Peripheral" cBy="RLG" cDate="08/04/2005 02:08:20 PDT Thu" abbrev="pla" name="Place" ID="8792">
        <definition>&lt;def-root&gt;The place where the &lt;fen&gt;Cognizer&lt;/fen&gt; makes the decision.

&lt;ex&gt;&lt;fex name="pla"&gt;At the first&lt;/fex&gt; crossroad we &lt;t&gt;decided&lt;/t&gt; to wait.&lt;/ex&gt;&lt;/def-root&gt;</definition>
        <semType name="Locative_relation" ID="182"/>
    </FE>
    <FE bgColor="FF00FF" fgColor="FFFFFF" coreType="Extra-Thematic" cBy="AlK" cDate="11/17/2008 01:33:48 PST Mon" abbrev="" name="Manner" ID="13128">
        <definition>&lt;def-root&gt;The &lt;fen&gt;Manner&lt;/fen&gt; in which the &lt;fen&gt;Cognizer&lt;/fen&gt; makes a &lt;fen&gt;Decision&lt;/fen&gt;&lt;/def-root&gt;</definition>
    </FE>
    <FE bgColor="9400D3" fgColor="FFFFFF" coreType="Extra-Thematic" cBy="CVa" cDate="02/02/2012 08:49:59 PST Thu" abbrev="Inh" name="Inherent_purpose" ID="15432">
        <definition>&lt;def-root&gt;The &lt;fen&gt;Cognizer&lt;/fen&gt; intends the &lt;fen&gt;Decision&lt;/fen&gt; to fulfill an &lt;fen&gt;Inherent_purpose&lt;/fen&gt; . &lt;ex&gt;Samson &lt;t&gt;ruled out&lt;/t&gt;  Delilah &lt;fex name="Inherent_purpose"&gt;as a wife&lt;/fex&gt;.&lt;/ex&gt; &lt;/def-root&gt;</definition>
    </FE>
    <FE bgColor="2E8B57" fgColor="FFFFFF" coreType="Extra-Thematic" cBy="CVa" cDate="02/02/2012 09:05:50 PST Thu" abbrev="Circ" name="Circumstance" ID="15433">
        <definition>&lt;def-root&gt;The conditions under which the &lt;fen&gt;Cognizer&lt;/fen&gt; makes a &lt;fen&gt;Decision&lt;/fen&gt;.

&lt;ex&gt;We have &lt;t&gt;ruled out&lt;/t&gt; the effect of photosynthesis &lt;fex name="Circ"&gt;under the current conditions of the experiment&lt;/fex&gt;.&lt;/ex&gt;&lt;/def-root&gt;</definition>
    </FE>
    <FE bgColor="90876C" fgColor="FFFFFF" coreType="Extra-Thematic" cBy="CVa" cDate="02/02/2012 09:09:17 PST Thu" abbrev="exp" name="Explanation" ID="15434">
        <definition>&lt;def-root&gt;The reason for which the &lt;fen&gt;Cognizer&lt;/fen&gt; makes the &lt;fen&gt;Decision&lt;/fen&gt;.

&lt;ex&gt;Miss Patty &lt;t&gt;opted&lt;/t&gt; for blue &lt;fex name="exp"&gt;because it is her daughter's favorite color&lt;/fex&gt;.&lt;/ex&gt;&lt;/def-root&gt;</definition>
        <semType name="State_of_affairs" ID="177"/>
    </FE>
    <frameRelation type="Inherits from"/>
    <frameRelation type="Is Inherited by">
        <relatedFrame ID="352">Choosing</relatedFrame>
    </frameRelation>
    <frameRelation type="Perspective on"/>
    <frameRelation type="Is Perspectivized in"/>
    <frameRelation type="Uses">
        <relatedFrame ID="198">Intentionally_act</relatedFrame>
    </frameRelation>
    <frameRelation type="Is Used by"/>
    <frameRelation type="Subframe of"/>
    <frameRelation type="Has Subframe(s)"/>
    <frameRelation type="Precedes"/>
    <frameRelation type="Is Preceded by"/>
    <frameRelation type="Is Inchoative of"/>
    <frameRelation type="Is Causative of"/>
    <frameRelation type="See also">
        <relatedFrame ID="352">Choosing</relatedFrame>
    </frameRelation>
    <lexUnit status="Finished_Initial" POS="V" name="decide.v" ID="7431" lemmaID="9782" cBy="MRLP" cDate="09/13/2002 03:04:13 PDT Fri">
        <definition>COD: come to a resolution in the mind as a result of consideration</definition>
        <sentenceCount annotated="23" total="309"/>
        <lexeme order="1" headword="false" breakBefore="false" POS="V" name="decide"/>
    </lexUnit>
    <lexUnit status="Created" POS="N" name="decision.n" ID="7432" lemmaID="9795" cBy="MRLP" cDate="09/13/2002 03:06:27 PDT Fri">
        <definition>COD: a conclusion or resolution reached after consideration</definition>
        <sentenceCount annotated="12" total="12"/>
        <lexeme order="1" headword="false" breakBefore="false" POS="N" name="decision"/>
    </lexUnit>
    <lexUnit status="Created" POS="V" name="rule out.v" ID="16842" lemmaID="51480" cBy="CVa" cDate="01/18/2012 11:33:50 PST Wed">
        <definition>FN: to decide against a possiblity</definition>
        <sentenceCount annotated="30" total="30"/>
        <lexeme order="1" headword="true" breakBefore="false" POS="V" name="rule"/>
        <lexeme order="2" headword="false" breakBefore="false" POS="PREP" name="out"/>
        <semType name="Negative" ID="99"/>
    </lexUnit>
    <lexUnit status="Created" POS="V" name="determine.v" ID="17273" lemmaID="10437" cBy="CVa" cDate="01/23/2013 01:03:56 PST Wed">
        <definition>FN: to firmly decide</definition>
        <sentenceCount annotated="0" total="0"/>
        <lexeme order="1" headword="false" breakBefore="false" POS="V" name="determine"/>
    </lexUnit>
</frame>