<?xml version="1.0" encoding="UTF-8" standalone="yes"?>
<?xml-stylesheet type="text/xsl" href="frame.xsl"?>
<frame cBy="JKR" cDate="02/28/2005 03:42:20 PST Mon" name="Defending" ID="1330" xsi:schemaLocation="../schema/frame.xsd" xmlns="http://framenet.icsi.berkeley.edu" xmlns:xsi="http://www.w3.org/2001/XMLSchema-instance">
    <definition>&lt;def-root&gt;A &lt;fen&gt;Defender&lt;/fen&gt; responds to an &lt;fen&gt;Assailant&lt;/fen&gt;'s attack on a &lt;fen&gt;Victim&lt;/fen&gt; by directly, and usually violently, countering it.

&lt;ex&gt;&lt;fex name="def"&gt;Samantha&lt;/fex&gt; &lt;fex name="man"&gt;stalwartly&lt;/fex&gt; &lt;t&gt;defended&lt;/t&gt; &lt;fex name="vic"&gt;the gateway&lt;/fex&gt; &lt;fex name="assail"&gt;from the wraiths&lt;/fex&gt;, &lt;fex name="dep"&gt;crouching low over Stephen's prone form&lt;/fex&gt;.&lt;/ex&gt;&lt;/def-root&gt;</definition>
    <FE bgColor="0000FF" fgColor="FFFFFF" coreType="Core" cBy="JKR" cDate="02/28/2005 03:42:20 PST Mon" abbrev="def" name="Defender" ID="7541">
        <definition>&lt;def-root&gt;This FE is the being or entity that responds forcefully to the &lt;fen&gt;Assailant&lt;/fen&gt;'s attack.
&lt;/def-root&gt;</definition>
        <semType name="Sentient" ID="5"/>
    </FE>
    <FE bgColor="A52A2A" fgColor="FFFFFF" coreType="Peripheral" cBy="JKR" cDate="02/28/2005 03:42:21 PST Mon" abbrev="Wep" name="Instrument" ID="7542">
        <definition>&lt;def-root&gt;An entity used by the &lt;fen&gt;Defender&lt;/fen&gt; fend off the &lt;fen&gt;Assailant&lt;/fen&gt; .
&lt;/def-root&gt;</definition>
        <semType name="Physical_entity" ID="70"/>
    </FE>
    <FE bgColor="FF0000" fgColor="FFFFFF" coreType="Core" cBy="JKR" cDate="02/28/2005 03:42:21 PST Mon" abbrev="assail" name="Assailant" ID="7543">
        <definition>&lt;def-root&gt;The person (or other self-directed entity) that is attempting physical harm to the &lt;fen&gt;Victim&lt;/fen&gt;.&lt;/def-root&gt;</definition>
        <semType name="Sentient" ID="5"/>
        <semType name="Source" ID="151"/>
    </FE>
    <FE bgColor="FF69B4" fgColor="FFFFFF" coreType="Peripheral" cBy="JKR" cDate="02/28/2005 03:42:21 PST Mon" abbrev="man" name="Manner" ID="7544">
        <definition>&lt;def-root&gt;Any description of the event which is not covered by more specific FEs, including epistemic modification (probably, presumably, mysteriously), force (hard, softly), secondary effects (quietly, loudly), and general descriptions comparing events (the same way). It may also indicate salient characteristics of an &lt;fen&gt;Defender&lt;/fen&gt; that also affect the action (presumptuously, coldly, deliberately, eagerly, carefully). &lt;/def-root&gt;</definition>
        <semType name="Manner" ID="173"/>
    </FE>
    <FE bgColor="FF00FF" fgColor="FFFFFF" coreType="Peripheral" cBy="JKR" cDate="02/28/2005 03:42:21 PST Mon" abbrev="Mns" name="Means" ID="7545">
        <definition>&lt;def-root&gt;An intentional action performed by the &lt;fen&gt;Defender&lt;/fen&gt; that accomplishes their defense of the &lt;fen&gt;Victim&lt;/fen&gt;. 
&lt;/def-root&gt;</definition>
        <semType name="State_of_affairs" ID="177"/>
    </FE>
    <FE bgColor="008000" fgColor="FFFFFF" coreType="Peripheral" cBy="JKR" cDate="02/28/2005 03:42:21 PST Mon" abbrev="pla" name="Place" ID="7546">
        <definition>&lt;def-root&gt;This FE identifies the place where the &lt;fen&gt;Defender&lt;/fen&gt; defends the &lt;fen&gt;Victim&lt;/fen&gt; from the &lt;fen&gt;Assailant&lt;/fen&gt;.
&lt;/def-root&gt;</definition>
        <semType name="Locative_relation" ID="182"/>
    </FE>
    <FE bgColor="800080" fgColor="FFFFFF" coreType="Extra-Thematic" cBy="JKR" cDate="02/28/2005 03:42:21 PST Mon" abbrev="Purp" name="Purpose" ID="7547">
        <definition>&lt;def-root&gt;This FE identifies the purpose for which an &lt;fen&gt;Defender&lt;/fen&gt; defends the &lt;fen&gt;Victim&lt;/fen&gt; from the &lt;fen&gt;Assailant&lt;/fen&gt;.
&lt;ex&gt;John &lt;t&gt;defended&lt;/t&gt; the bear &lt;fex name="Purpose"&gt;to prove his manhood&lt;/fex&gt;.&lt;/ex&gt;&lt;/def-root&gt;</definition>
        <semType name="State_of_affairs" ID="177"/>
    </FE>
    <FE bgColor="9F79EE" fgColor="FFFFFF" coreType="Extra-Thematic" cBy="JKR" cDate="02/28/2005 03:42:21 PST Mon" abbrev="Exp" name="Explanation" ID="7548">
        <definition>&lt;def-root&gt;A state of affairs that the &lt;fen&gt;Defender&lt;/fen&gt; is responding to that leads them to protect the &lt;fen&gt;Victim&lt;/fen&gt;.

&lt;/def-root&gt;</definition>
        <semType name="State_of_affairs" ID="177"/>
    </FE>
    <FE bgColor="FFA500" fgColor="FFFFFF" coreType="Peripheral" cBy="JKR" cDate="02/28/2005 03:42:21 PST Mon" abbrev="Time" name="Time" ID="7549">
        <definition>&lt;def-root&gt;This FE identifies the time when the Defender takes forceful action against the Assailant.

&lt;/def-root&gt;</definition>
        <semType name="Time" ID="141"/>
    </FE>
    <FE bgColor="006400" fgColor="FFFFFF" coreType="Extra-Thematic" cBy="JKR" cDate="02/28/2005 03:42:21 PST Mon" abbrev="Loc" name="Location_of_protagonist" ID="7550">
        <definition>&lt;def-root&gt;The starting-point of the motion of the &lt;fen&gt;Defender&lt;/fen&gt; or projectiles of the &lt;fen&gt;Defender&lt;/fen&gt; as they move toward the the &lt;fen&gt;Place&lt;/fen&gt; that the &lt;fen&gt;Assailant&lt;/fen&gt; is occupying.  In prepositional phrases, the prepositional object expresses the starting point of motion.  
&lt;/def-root&gt;</definition>
        <semType name="Location" ID="54"/>
    </FE>
    <FE bgColor="808080" fgColor="FFFFFF" coreType="Extra-Thematic" cBy="JKR" cDate="02/28/2005 03:42:21 PST Mon" abbrev="dep" name="Depictive" ID="7551">
        <definition>&lt;def-root&gt;The state of the &lt;fen&gt;Defender&lt;/fen&gt; or &lt;fen&gt;Victim&lt;/fen&gt; during the &lt;fen&gt;Assailant&lt;/fen&gt;'s attack.&lt;/def-root&gt;</definition>
    </FE>
    <FE bgColor="1E90FF" fgColor="FFFFFF" coreType="Core" cBy="JKR" cDate="02/28/2005 03:52:27 PST Mon" abbrev="vic" name="Victim" ID="7552">
        <definition>&lt;def-root&gt;The individual or entity that is under attack from the &lt;fen&gt;Assailant&lt;/fen&gt; .&lt;/def-root&gt;</definition>
        <semType name="Sentient" ID="5"/>
    </FE>
    <FE bgColor="00008B" fgColor="FFFFFF" coreType="Extra-Thematic" cBy="RLG" cDate="05/29/2012 04:15:42 PDT Tue" abbrev="sou" name="Location_of_assailant" ID="15721">
        <definition>&lt;def-root&gt;The location of the &lt;fen&gt;Assailant&lt;/fen&gt; or the weapons of the &lt;fen&gt;Assailant&lt;/fen&gt;.

&lt;ex&gt;We have to take out their &lt;fex name="sou"&gt;air&lt;/fex&gt; &lt;t&gt;defenses&lt;/t&gt; first.&lt;/ex&gt;&lt;/def-root&gt;</definition>
        <semType name="Location" ID="54"/>
    </FE>
    <frameRelation type="Inherits from"/>
    <frameRelation type="Is Inherited by"/>
    <frameRelation type="Perspective on"/>
    <frameRelation type="Is Perspectivized in"/>
    <frameRelation type="Uses">
        <relatedFrame ID="424">Attack</relatedFrame>
    </frameRelation>
    <frameRelation type="Is Used by"/>
    <frameRelation type="Subframe of"/>
    <frameRelation type="Has Subframe(s)"/>
    <frameRelation type="Precedes"/>
    <frameRelation type="Is Preceded by"/>
    <frameRelation type="Is Inchoative of"/>
    <frameRelation type="Is Causative of"/>
    <frameRelation type="See also"/>
    <lexUnit status="Finished_Initial" POS="V" name="defend.v" ID="11620" lemmaID="9918" cBy="JKR" cDate="02/28/2005 06:13:51 PST Mon">
        <definition>COD: resist an attack on; protect from harm or danger.</definition>
        <sentenceCount annotated="26" total="290"/>
        <lexeme order="1" headword="false" breakBefore="false" POS="V" name="defend"/>
    </lexUnit>
    <lexUnit status="Created" POS="N" name="defense.n" ID="11621" lemmaID="49870" cBy="JKR" cDate="02/28/2005 06:14:56 PST Mon">
        <definition>COD: the action of defending from or resisting attack.</definition>
        <sentenceCount annotated="19" total="27"/>
        <lexeme order="1" headword="true" breakBefore="false" POS="N" name="defense"/>
    </lexUnit>
    <lexUnit status="Created" POS="A" name="defensive.a" ID="11622" lemmaID="9924" cBy="JKR" cDate="02/28/2005 06:17:51 PST Mon">
        <definition>COD: used or intended to defend</definition>
        <sentenceCount annotated="4" total="13"/>
        <lexeme order="1" headword="false" breakBefore="false" POS="A" name="defensive"/>
    </lexUnit>
    <lexUnit status="Created" POS="V" name="hold.v" ID="13436" lemmaID="45669" cBy="RLG" cDate="08/09/2006 03:49:44 PDT Wed">
        <definition>FN: defend, especially a fortified area.</definition>
        <sentenceCount annotated="1" total="1"/>
        <lexeme order="1" headword="false" breakBefore="false" POS="V" name="hold"/>
    </lexUnit>
    <lexUnit status="Created" POS="N" name="defender.n" ID="13512" lemmaID="9920" cBy="RLG" cDate="08/21/2006 12:03:30 PDT Mon">
        <definition>FN: person who defends.</definition>
        <sentenceCount annotated="2" total="2"/>
        <lexeme order="1" headword="false" breakBefore="false" POS="N" name="defender"/>
        <semType name="Agentive_noun" ID="102"/>
    </lexUnit>
    <lexUnit status="Needs_SCs" POS="N" name="defenses.n" ID="14255" lemmaID="50619" cBy="KmG" cDate="03/30/2007 09:40:32 PDT Fri">
        <definition>COD: fortifications against attack. </definition>
        <sentenceCount annotated="17" total="23"/>
        <lexeme order="1" headword="true" breakBefore="false" POS="N" name="defenses"/>
        <semType name="Tendency_grading_LU" ID="91"/>
    </lexUnit>
    <lexUnit status="Created" POS="N" name="biodefense.n" ID="14679" lemmaID="50790" cBy="JKs" cDate="01/23/2008 01:38:48 PST Wed">
        <definition>FN: defense specifically concerned with biological agents</definition>
        <sentenceCount annotated="0" total="0"/>
        <lexeme order="1" headword="true" breakBefore="false" POS="N" name="biodefense"/>
    </lexUnit>
</frame>