<?xml version="1.0" encoding="UTF-8" standalone="yes"?>
<?xml-stylesheet type="text/xsl" href="frame.xsl"?>
<frame cBy="ACW" cDate="01/23/2003 01:46:58 PST Thu" name="Deny_permission" ID="520" xsi:schemaLocation="../schema/frame.xsd" xmlns="http://framenet.icsi.berkeley.edu" xmlns:xsi="http://www.w3.org/2001/XMLSchema-instance">
    <definition>&lt;def-root&gt;In this frame, an &lt;fen&gt;Authority&lt;/fen&gt; orders a &lt;fen&gt;Protagonist&lt;/fen&gt; not to engage in an &lt;fen&gt;Action&lt;/fen&gt;. 

&lt;ex&gt;&lt;fex name="Authority"&gt;The police officer&lt;/fex&gt; &lt;t&gt;forbid&lt;/t&gt; &lt;fex name="Protagonist"&gt;me&lt;/fex&gt; &lt;fex name="Action"&gt;from turning around&lt;/fex&gt; .&lt;/ex&gt;&lt;/def-root&gt;</definition>
    <FE bgColor="FF0000" fgColor="FFFFFF" coreType="Core" cBy="ACW" cDate="01/23/2003 01:56:37 PST Thu" abbrev="Auth" name="Authority" ID="4121">
        <definition>&lt;def-root&gt;The &lt;fen&gt;Authority&lt;/fen&gt; orders the &lt;fen&gt;Protagonist&lt;/fen&gt; to not engage in a particular &lt;fen&gt;Action&lt;/fen&gt;.&lt;/def-root&gt;</definition>
    </FE>
    <FE bgColor="0000FF" fgColor="FFFFFF" coreType="Core" cBy="ACW" cDate="01/23/2003 02:05:13 PST Thu" abbrev="Pro" name="Protagonist" ID="4122">
        <definition>&lt;def-root&gt;The &lt;fen&gt;Protagonist&lt;/fen&gt; wants to engage in an &lt;fen&gt;Action&lt;/fen&gt;, but is ordered not to by the &lt;fen&gt;Authority&lt;/fen&gt;.&lt;/def-root&gt;</definition>
        <semType name="Sentient" ID="5"/>
    </FE>
    <FE bgColor="006400" fgColor="FFFFFF" coreType="Core" cBy="ACW" cDate="01/23/2003 02:06:30 PST Thu" abbrev="Act" name="Action" ID="4123">
        <definition>&lt;def-root&gt;The &lt;fen&gt;Action&lt;/fen&gt; is what the &lt;fen&gt;Protagonist&lt;/fen&gt; seeks to do, but is ordered not to.&lt;/def-root&gt;</definition>
    </FE>
    <FE bgColor="FFA500" fgColor="FFFFFF" coreType="Peripheral" cBy="ACW" cDate="01/23/2003 02:46:20 PST Thu" abbrev="Time" name="Time" ID="4126">
        <definition>&lt;def-root&gt;The &lt;fen&gt;Time&lt;/fen&gt; is when the denying of permission occurs.&lt;/def-root&gt;</definition>
        <semType name="Time" ID="141"/>
    </FE>
    <FE bgColor="A52A2A" fgColor="FFFFFF" coreType="Peripheral" cBy="ACW" cDate="01/23/2003 02:47:01 PST Thu" abbrev="Place" name="Place" ID="4127">
        <definition>&lt;def-root&gt;The &lt;fen&gt;Place&lt;/fen&gt; is where the denial of permission occurs.&lt;/def-root&gt;</definition>
        <semType name="Locative_relation" ID="182"/>
    </FE>
    <FE bgColor="9400D3" fgColor="FFFFFF" coreType="Extra-Thematic" cBy="ACW" cDate="01/23/2003 02:47:31 PST Thu" abbrev="Purpose" name="Purpose" ID="4128">
        <definition>&lt;def-root&gt;The &lt;fen&gt;Purpose&lt;/fen&gt; is what the &lt;fen&gt;Authority&lt;/fen&gt; hopes to accomplish by denying permission.&lt;/def-root&gt;</definition>
        <semType name="State_of_affairs" ID="177"/>
    </FE>
    <FE bgColor="FFFF00" fgColor="000000" coreType="Extra-Thematic" cBy="KmG" cDate="12/07/2006 05:03:22 PST Thu" abbrev="" name="Event_description" ID="10935">
        <definition>&lt;def-root&gt;In general, this FE is used for phrases that describe the clause of the target as a whole. There are two somewhat distinct subgroups of sentence modifiers that cover this function.

First, it applies to appraisals of the event, typically a judgment of its expectedness. The notion of appraisal requires a factive portrayal of the event. The second subgroup consists of any descriptions of the state of affairs denoted by the target as role fillers in other frames. The state of affairs reported by the target is understood to play a role in the state of affairs of the modifier. What that role is depends only on the predicate heading the modifier phrase.&lt;/def-root&gt;</definition>
    </FE>
    <FE bgColor="FF69B4" fgColor="FFFFFF" coreType="Extra-Thematic" cBy="KmG" cDate="12/07/2006 05:21:31 PST Thu" abbrev="" name="Degree" ID="10936">
        <definition>&lt;def-root&gt;This frame element selects some gradable attribute and modifies the expected value for it.&lt;/def-root&gt;</definition>
    </FE>
    <FE bgColor="1E90FF" fgColor="FFFFFF" coreType="Extra-Thematic" cBy="KmG" cDate="12/14/2006 04:09:51 PST Thu" abbrev="" name="Explanation" ID="10937">
        <definition>&lt;def-root&gt;This FE denotes a proposition from which the main clause (headed by the target) logically follows. &lt;/def-root&gt;</definition>
    </FE>
    <FE bgColor="7CCD73" fgColor="FFFFFF" coreType="Extra-Thematic" cBy="KmG" cDate="12/14/2006 04:46:49 PST Thu" abbrev="" name="Circumstances" ID="10938">
        <definition>&lt;def-root&gt;Circumstances describe the state of the world (at a particular time and place) which is specifically independent of the event itself and any of its participants. &lt;/def-root&gt;</definition>
    </FE>
    <frameRelation type="Inherits from"/>
    <frameRelation type="Is Inherited by"/>
    <frameRelation type="Perspective on"/>
    <frameRelation type="Is Perspectivized in"/>
    <frameRelation type="Uses">
        <relatedFrame ID="6">Communication</relatedFrame>
    </frameRelation>
    <frameRelation type="Is Used by"/>
    <frameRelation type="Subframe of"/>
    <frameRelation type="Has Subframe(s)"/>
    <frameRelation type="Precedes"/>
    <frameRelation type="Is Preceded by"/>
    <frameRelation type="Is Inchoative of"/>
    <frameRelation type="Is Causative of"/>
    <frameRelation type="See also"/>
    <lexUnit status="Finished_Initial" POS="V" name="forbid.v" ID="8178" lemmaID="15016" cBy="ACW" cDate="01/23/2003 02:14:04 PST Thu">
        <definition>COD: order not to do. </definition>
        <sentenceCount annotated="18" total="241"/>
        <lexeme order="1" headword="false" breakBefore="false" POS="V" name="forbid"/>
    </lexUnit>
    <lexUnit status="Finished_Initial" POS="V" name="prohibit.v" ID="8180" lemmaID="30653" cBy="ACW" cDate="01/23/2003 02:16:55 PST Thu">
        <definition>FN: to forbid by authority</definition>
        <sentenceCount annotated="11" total="190"/>
        <lexeme order="1" headword="false" breakBefore="false" POS="V" name="prohibit"/>
    </lexUnit>
    <lexUnit status="Created" POS="V" name="outlaw.v" ID="14510" lemmaID="27103" cBy="KmG" cDate="08/02/2007 06:24:58 PDT Thu">
        <definition>FN: to make illegal to do something.</definition>
        <sentenceCount annotated="1" total="1"/>
        <lexeme order="1" headword="false" breakBefore="false" POS="V" name="outlaw"/>
    </lexUnit>
</frame>