<?xml version="1.0" encoding="UTF-8" standalone="yes"?>
<?xml-stylesheet type="text/xsl" href="frame.xsl"?>
<frame cBy="RLG" cDate="10/11/2006 04:38:25 PDT Wed" name="Destiny" ID="1801" xsi:schemaLocation="../schema/frame.xsd" xmlns="http://framenet.icsi.berkeley.edu" xmlns:xsi="http://www.w3.org/2001/XMLSchema-instance">
    <definition>&lt;def-root&gt;An &lt;fen&gt;State_of_affairs&lt;/fen&gt; will come to hold with respect to a &lt;fen&gt;Protagonist&lt;/fen&gt; at some future time. The &lt;fen&gt;Protagonist&lt;/fen&gt; is not conceived of as having control over whether the &lt;fen&gt;State_of_affairs&lt;/fen&gt; will hold: obscurely related previous actions or circumstances, or some hidden power may have already determined that it will occur.

&lt;ex&gt;&lt;fex name="soa"&gt;Exile&lt;/fex&gt; &lt;m&gt;was&lt;/m&gt; &lt;fex name="pro"&gt;his&lt;/fex&gt; &lt;t&gt;fate&lt;/t&gt; and he triumphantly turned it into the fruit of his life.&lt;/ex&gt;

&lt;ex&gt;One could say that it &lt;m&gt;was&lt;/m&gt; &lt;fex name="pro"&gt;Indonesia's&lt;/fex&gt; &lt;t&gt;destiny&lt;/t&gt; &lt;fex name="soa"&gt;to initiate the decolonization process&lt;/fex&gt;.&lt;/ex&gt;

&lt;ex&gt;&lt;fex name="pro"&gt;The sun's&lt;/fex&gt; ultimate &lt;t&gt;fate&lt;/t&gt; &lt;m&gt;is&lt;/m&gt; &lt;fex name="rol"&gt;as a white dwarf, a dense, cold core the size of the earth&lt;/fex&gt;.&lt;/ex&gt;

&lt;ex&gt;At the time it did not appear that &lt;fex name="soa"&gt;greatness&lt;/fex&gt; &lt;m&gt;was&lt;/m&gt; &lt;m&gt;in&lt;/m&gt; &lt;fex name="Protagonist"&gt;her&lt;/fex&gt; &lt;t&gt;stars&lt;/t&gt;.&lt;/ex&gt;

&lt;ex&gt;Nine for &lt;fex name="Protagonist"&gt;mortal men&lt;/fex&gt; , &lt;t&gt;doomed&lt;/t&gt; &lt;fex name="State_of_affairs"&gt;to die&lt;/fex&gt; .&lt;/ex&gt;

&lt;ex&gt;This seemingly &lt;t&gt;predestined&lt;/t&gt; &lt;fex name="State_of_affairs"&gt;meeting between a creator and the model he has pursued all his life&lt;/fex&gt; suggests a kind of miracle . &lt;/ex&gt;
&lt;/def-root&gt;</definition>
    <FE bgColor="0000FF" fgColor="FFFFFF" coreType="Core" cBy="RLG" cDate="10/11/2006 04:46:50 PDT Wed" abbrev="soa" name="State_of_affairs" ID="10690">
        <definition>&lt;def-root&gt;The &lt;fen&gt;State_of_affairs&lt;/fen&gt; that is destined to occur to the Protagonist.&lt;/def-root&gt;</definition>
    </FE>
    <FE bgColor="FF0000" fgColor="FFFFFF" coreType="Core" cBy="RLG" cDate="10/11/2006 04:47:26 PDT Wed" abbrev="pro" name="Protagonist" ID="10691">
        <definition>&lt;def-root&gt;The Protagonist is the one for whom the future &lt;fen&gt;State_of_affairs&lt;/fen&gt; is destined.&lt;/def-root&gt;</definition>
    </FE>
    <FE bgColor="FF69B4" fgColor="FFFFFF" coreType="Extra-Thematic" cBy="RLG" cDate="10/12/2006 02:29:42 PDT Thu" abbrev="des" name="Descriptor" ID="10692">
        <definition>&lt;def-root&gt;A description of the sort of &lt;fen&gt;State_of_affairs&lt;/fen&gt; that will occur.

&lt;ex&gt;You are an important person with a &lt;fex name="des"&gt;glorious&lt;/fex&gt; &lt;t&gt;destiny&lt;/t&gt; and you have a wonderful biography written about you.&lt;/ex&gt;&lt;/def-root&gt;</definition>
    </FE>
    <FE bgColor="00BFFF" fgColor="FFFFFF" coreType="Core" cBy="RLG" cDate="10/12/2006 02:43:47 PDT Thu" abbrev="rol" name="Role" ID="10693">
        <definition>&lt;def-root&gt;The &lt;fen&gt;Role&lt;/fen&gt; filled by the &lt;fen&gt;Protagonist&lt;/fen&gt; in his/her destiny.

&lt;ex&gt;Deciding that his true &lt;t&gt;destiny&lt;/t&gt; &lt;m&gt;is&lt;/m&gt; &lt;fex name="rol"&gt;as a healer&lt;/fex&gt;, Henderson returns home, planning to enter medical school.&lt;/ex&gt;

&lt;ex&gt;His &lt;t&gt;destiny&lt;/t&gt; &lt;fex name="rol"&gt;as the disciple of Shri Krishna&lt;/fex&gt; is to become the prototype of the perfect Yogi&lt;/ex&gt;&lt;/def-root&gt;</definition>
    </FE>
    <FE bgColor="FFA500" fgColor="FFFFFF" coreType="Peripheral" cBy="RLG" cDate="10/13/2006 12:17:04 PDT Fri" abbrev="tim" name="Time" ID="10700">
        <definition>&lt;def-root&gt;The time for which the &lt;fen&gt;Protagonist&lt;/fen&gt;'s future is determined.

&lt;ex&gt;Their &lt;t&gt;destiny&lt;/t&gt; &lt;fex name="tim"&gt;over those years&lt;/fex&gt; was to gradually take charge of most of the world's operations.&lt;/ex&gt;&lt;/def-root&gt;</definition>
    </FE>
    <FE bgColor="008000" fgColor="FFFFFF" coreType="Peripheral" cBy="CVa" cDate="08/15/2013 11:46:07 PDT Thu" abbrev="" name="Place" ID="15935">
        <definition>&lt;def-root&gt;The location in which &lt;fen&gt;State_of_affairs&lt;/fen&gt; is destined to occur to the &lt;fen&gt;Protagonist&lt;/fen&gt;.&lt;/def-root&gt;</definition>
    </FE>
    <FE bgColor="FF00FF" fgColor="000000" coreType="Peripheral" cBy="CVa" cDate="08/15/2013 11:49:18 PDT Thu" abbrev="" name="Manner" ID="15936">
        <definition>&lt;def-root&gt;The way in which the &lt;fen&gt;State_of_affairs&lt;/fen&gt; is destined to occur to the &lt;fen&gt;Protagonist&lt;/fen&gt;.&lt;/def-root&gt;</definition>
    </FE>
    <FEcoreSet>
        <memberFE name="Role" ID="10693"/>
        <memberFE name="State_of_affairs" ID="10690"/>
    </FEcoreSet>
    <frameRelation type="Inherits from">
        <relatedFrame ID="88">Eventive_affecting</relatedFrame>
    </frameRelation>
    <frameRelation type="Is Inherited by"/>
    <frameRelation type="Perspective on"/>
    <frameRelation type="Is Perspectivized in"/>
    <frameRelation type="Uses"/>
    <frameRelation type="Is Used by">
        <relatedFrame ID="1811">Luck</relatedFrame>
    </frameRelation>
    <frameRelation type="Subframe of"/>
    <frameRelation type="Has Subframe(s)"/>
    <frameRelation type="Precedes"/>
    <frameRelation type="Is Preceded by"/>
    <frameRelation type="Is Inchoative of"/>
    <frameRelation type="Is Causative of"/>
    <frameRelation type="See also"/>
    <lexUnit status="Created" POS="N" name="destiny.n" ID="13614" lemmaID="10393" cBy="RLG" cDate="10/11/2006 04:51:03 PDT Wed">
        <definition>COD: the events that will necessarily happen to a particular person in the future.</definition>
        <sentenceCount annotated="2" total="2"/>
        <lexeme order="1" headword="false" breakBefore="false" POS="N" name="destiny"/>
    </lexUnit>
    <lexUnit status="Finished_Initial" POS="N" name="fate.n" ID="13615" lemmaID="14008" cBy="RLG" cDate="10/11/2006 04:51:42 PDT Wed">
        <definition>COD: the development of events outside a person's control, regarded as predetermined by a supernatural power.</definition>
        <sentenceCount annotated="22" total="222"/>
        <lexeme order="1" headword="false" breakBefore="false" POS="N" name="fate"/>
    </lexUnit>
    <lexUnit status="Created" POS="N" name="lot.n" ID="13621" lemmaID="22800" cBy="RLG" cDate="10/13/2006 12:04:06 PDT Fri">
        <definition>COD: a person's destiny, luck, or condition in life.</definition>
        <sentenceCount annotated="0" total="0"/>
        <lexeme order="1" headword="false" breakBefore="false" POS="N" name="lot"/>
    </lexUnit>
    <lexUnit status="Created" POS="N" name="fortune.n" ID="13622" lemmaID="15201" cBy="RLG" cDate="10/13/2006 12:04:32 PDT Fri">
        <definition>FN: destiny.</definition>
        <sentenceCount annotated="2" total="2"/>
        <lexeme order="1" headword="false" breakBefore="false" POS="N" name="fortune"/>
    </lexUnit>
    <lexUnit status="Created" POS="N" name="kismet.n" ID="13623" lemmaID="21367" cBy="RLG" cDate="10/13/2006 12:15:16 PDT Fri">
        <definition>COD: destiny; fate.</definition>
        <sentenceCount annotated="0" total="0"/>
        <lexeme order="1" headword="false" breakBefore="false" POS="N" name="kismet"/>
    </lexUnit>
    <lexUnit status="Created" POS="N" name="stars.n" ID="13624" lemmaID="37837" cBy="RLG" cDate="10/13/2006 12:27:49 PDT Fri">
        <definition>COD: a planet, constellation, or configuration regarded as influencing one's fortunes or personality.

FN: [esp. in phrases "thank lucky stars", "(not) in the stars"]</definition>
        <sentenceCount annotated="0" total="0"/>
        <lexeme order="1" headword="false" breakBefore="false" POS="N" name="stars"/>
    </lexUnit>
    <lexUnit status="New" POS="N" name="doom.n" ID="13625" lemmaID="11496" cBy="RLG" cDate="10/13/2006 05:23:18 PDT Fri">
        <definition>COD: death, destruction, or another terrible fate.</definition>
        <sentenceCount annotated="0" total="60"/>
        <lexeme order="1" headword="false" breakBefore="false" POS="N" name="doom"/>
    </lexUnit>
    <lexUnit status="Created" POS="N" name="the breaks.n" ID="13631" lemmaID="50460" cBy="RLG" cDate="10/16/2006 12:18:47 PDT Mon">
        <definition>FN: unavoidable circumstances, fate.</definition>
        <sentenceCount annotated="0" total="0"/>
        <lexeme order="1" headword="true" breakBefore="false" POS="ART" name="the"/>
        <lexeme order="2" headword="false" breakBefore="false" POS="N" name="breaks"/>
    </lexUnit>
    <lexUnit status="Created" POS="ADV" name="in the cards.adv" ID="15896" lemmaID="51160" cBy="MJE" cDate="07/19/2010 08:01:43 PDT Mon">
        <definition>FN: [esp. negated] likely to occur, as if because of a tarot reading or metaphorical comparison to a card game.</definition>
        <sentenceCount annotated="0" total="0"/>
        <lexeme order="1" headword="false" breakBefore="false" POS="PREP" name="in"/>
        <lexeme order="2" headword="false" breakBefore="false" POS="ART" name="the"/>
        <lexeme order="3" headword="true" breakBefore="true" POS="N" name="cards"/>
    </lexUnit>
    <lexUnit status="Created" POS="A" name="predestined.a" ID="15897" lemmaID="51161" cBy="MJE" cDate="07/19/2010 08:14:31 PDT Mon">
        <definition>FN: happening inevitably, but not for reasons under anyone's control.</definition>
        <sentenceCount annotated="0" total="0"/>
        <lexeme order="1" headword="true" breakBefore="false" POS="A" name="predestined"/>
    </lexUnit>
    <lexUnit status="Created" POS="A" name="destined.a" ID="15898" lemmaID="10392" cBy="MJE" cDate="07/19/2010 08:16:40 PDT Mon">
        <definition>FN: happening regardless of anyone's efforts.</definition>
        <sentenceCount annotated="1" total="1"/>
        <lexeme order="1" headword="false" breakBefore="false" POS="A" name="destined"/>
    </lexUnit>
    <lexUnit status="New" POS="A" name="fated.a" ID="15899" lemmaID="14010" cBy="MJE" cDate="07/19/2010 08:17:23 PDT Mon">
        <definition>FN: occurring without anyone's control.</definition>
        <sentenceCount annotated="0" total="12"/>
        <lexeme order="1" headword="false" breakBefore="false" POS="A" name="fated"/>
    </lexUnit>
    <lexUnit status="Created" POS="A" name="doomed.a" ID="15900" lemmaID="51162" cBy="MJE" cDate="07/19/2010 08:23:14 PDT Mon">
        <definition>FN: unavoidably experiencing (a particular event).</definition>
        <sentenceCount annotated="0" total="0"/>
        <lexeme order="1" headword="true" breakBefore="false" POS="A" name="doomed"/>
    </lexUnit>
</frame>