<?xml version="1.0" encoding="UTF-8" standalone="yes"?>
<?xml-stylesheet type="text/xsl" href="frame.xsl"?>
<frame cBy="MJE" cDate="08/24/2001 01:04:23 PDT Fri" name="Direction" ID="215" xsi:schemaLocation="../schema/frame.xsd" xmlns="http://framenet.icsi.berkeley.edu" xmlns:xsi="http://www.w3.org/2001/XMLSchema-instance">
    <definition>&lt;def-root&gt;A &lt;fen&gt;Path&lt;/fen&gt; made up of a set of positions in some N-space &lt;fen&gt;Domain&lt;/fen&gt; (by default spatial, or metaphorically, other domains) is determined as a function of a &lt;fen&gt;Landmark&lt;/fen&gt; (which may be incorporated and is usually implicit) and some one-dimensional &lt;fen&gt;Independent_variable&lt;/fen&gt; (time, or, metaphorically, other domains).  The &lt;fen&gt;Domain&lt;/fen&gt; and/or the &lt;fen&gt;Independent_variable&lt;/fen&gt; are incorporated in the basic definition of the target.  

This frame is generally used to describe the motion of something along the &lt;fen&gt;Path&lt;/fen&gt; from the &lt;fen&gt;Landmark&lt;/fen&gt;, which is normally implicitly identified as the location of the viewpoint:

&lt;ex&gt;We went &lt;t&gt;&lt;fex name="Path"&gt;north&lt;/fex&gt;&lt;/t&gt; . &lt;fex name="Landmark"&gt;DNI&lt;/fex&gt;&lt;/ex&gt;
&lt;ex&gt;After she was knocked on the head , it seemed like everything had moved &lt;fex name="Distance"&gt;three feet&lt;/fex&gt; &lt;m&gt;to&lt;/m&gt; the &lt;t&gt;left&lt;/t&gt; . &lt;fex name="Landmark"&gt;DNI&lt;/fex&gt;&lt;/ex&gt;

It can often be used for direction of facing and fictive (non-actual) motion as well:

&lt;ex&gt;Look &lt;t&gt;&lt;fex name="Path"&gt;left&lt;/fex&gt;&lt;/t&gt; and you 'll see it . &lt;fex name="Landmark"&gt;DNI&lt;/fex&gt; &lt;/ex&gt;

Words in this frame are commonly used in a fictive motion pattern to identify locations that can be reached by moving in the indicated way from the &lt;fen&gt;Landmark&lt;/fen&gt;:

&lt;ex&gt;The book was unreachable, &lt;fex name="Distance"&gt;10 feet&lt;/fex&gt; &lt;t&gt;&lt;fex name="Path"&gt;up&lt;/fex&gt;&lt;/t&gt; on the shelf. &lt;fex name="Landmark"&gt;DNI&lt;/fex&gt;&lt;/ex&gt;
&lt;ex&gt;&lt;fex name="Path"&gt;&lt;t&gt;East&lt;/t&gt;&lt;/fex&gt; &lt;fex name="Landmark"&gt;of Mt. Diablo&lt;/fex&gt; the Sierras rise majestically above the Central Valley.&lt;/ex&gt; 
&lt;ex&gt;&lt;/ex&gt;

In the second case, the &lt;fen&gt;Domain&lt;/fen&gt; and the &lt;fen&gt;Independent_variable&lt;/fen&gt; are both spatial.

&lt;ex&gt;&lt;/ex&gt;
&lt;ex&gt;They decided to rerate the medication &lt;t&gt;downward&lt;/t&gt; &lt;fex name="Domain"&gt;in potency&lt;/fex&gt; .&lt;/ex&gt;
&lt;ex&gt;&lt;/ex&gt;

In this case, the &lt;fen&gt;Domain&lt;/fen&gt; is "potency" and the &lt;fen&gt;Independent_variable&lt;/fen&gt; is, as usual, time.
&lt;/def-root&gt;</definition>
    <FE bgColor="008000" fgColor="FFFFFF" coreType="Core" cBy="MJE" cDate="09/03/2002 07:12:26 PDT Tue" abbrev="Bse" name="Landmark" ID="3689">
        <definition>&lt;def-root&gt;The point of reference from which the rest of the &lt;fen&gt;Path&lt;/fen&gt; is reckoned.&lt;/def-root&gt;</definition>
    </FE>
    <FE bgColor="0000FF" fgColor="FFFFFF" coreType="Core" cBy="MJE" cDate="09/03/2002 07:13:22 PDT Tue" abbrev="Path" name="Path" ID="3690">
        <definition>&lt;def-root&gt;The one-dimensional set of locations.&lt;/def-root&gt;</definition>
    </FE>
    <FE bgColor="9400D3" fgColor="FFFFFF" coreType="Peripheral" cBy="MJE" cDate="09/03/2002 07:19:30 PDT Tue" abbrev="Dom" name="Domain" ID="3691">
        <definition>&lt;def-root&gt;The kind of space in which the set of points of the &lt;fen&gt;Path&lt;/fen&gt; is defined.
&lt;ex&gt;Let us progess a bit &lt;t&gt;forward&lt;/t&gt; &lt;fex name="Dom"&gt;in time&lt;/fex&gt; to the Napoleonic wars.&lt;/ex&gt;&lt;/def-root&gt;</definition>
    </FE>
    <FE bgColor="FFA500" fgColor="000000" coreType="Peripheral" cBy="MJE" cDate="09/03/2002 07:24:14 PDT Tue" abbrev="Ind" name="Independent_variable" ID="3692">
        <definition>&lt;def-root&gt;The one-dimensional variable with respect to which the positions on the &lt;fen&gt;Path&lt;/fen&gt; are reckoned.  For normal motion, the positions on the &lt;fen&gt;Path&lt;/fen&gt; are with respect to time.&lt;/def-root&gt;</definition>
    </FE>
    <FE bgColor="FF69B4" fgColor="FFFFFF" coreType="Extra-Thematic" cBy="KmG" cDate="07/25/2007 12:41:42 PDT Wed" abbrev="" name="Distance" ID="11940">
        <definition>&lt;def-root&gt;How much movement in the stated direction along the &lt;fen&gt;Path&lt;/fen&gt; from the &lt;fen&gt;Landmark&lt;/fen&gt; there has been.&lt;/def-root&gt;</definition>
    </FE>
    <frameRelation type="Inherits from"/>
    <frameRelation type="Is Inherited by"/>
    <frameRelation type="Perspective on"/>
    <frameRelation type="Is Perspectivized in"/>
    <frameRelation type="Uses"/>
    <frameRelation type="Is Used by">
        <relatedFrame ID="379">Time_vector</relatedFrame>
        <relatedFrame ID="1653">Change_direction</relatedFrame>
    </frameRelation>
    <frameRelation type="Subframe of"/>
    <frameRelation type="Has Subframe(s)"/>
    <frameRelation type="Precedes"/>
    <frameRelation type="Is Preceded by"/>
    <frameRelation type="Is Inchoative of"/>
    <frameRelation type="Is Causative of"/>
    <frameRelation type="See also"/>
    <lexUnit status="Created" incorporatedFE="Independent_variable" POS="ADV" name="east.adv" ID="7359" lemmaID="12125" cBy="MJE" cDate="09/03/2002 05:32:55 PDT Tue">
        <definition>COD: towards the point of the horizon where the sun rises at the equinoxes, on the right-hand side of a person facing north. </definition>
        <sentenceCount annotated="3" total="4"/>
        <lexeme order="1" headword="false" breakBefore="false" POS="ADV" name="east"/>
    </lexUnit>
    <lexUnit status="Created" incorporatedFE="Independent_variable" POS="ADV" name="up.adv" ID="7360" lemmaID="42447" cBy="MJE" cDate="09/03/2002 05:33:44 PDT Tue">
        <definition>COD: towards a higher place or position. </definition>
        <sentenceCount annotated="3" total="3"/>
        <lexeme order="1" headword="false" breakBefore="false" POS="ADV" name="up"/>
    </lexUnit>
    <lexUnit status="Rules_Defined" incorporatedFE="Independent_variable" POS="ADV" name="forward.adv" ID="11164" lemmaID="15210" cBy="MiL" cDate="11/18/2004 01:22:06 PST Thu">
        <definition>COD: in the direction that one is facing or travelling.</definition>
        <sentenceCount annotated="0" total="0"/>
        <lexeme order="1" headword="false" breakBefore="false" POS="ADV" name="forward"/>
    </lexUnit>
    <lexUnit status="Created" incorporatedFE="Domain" POS="ADV" name="left.adv" ID="12496" lemmaID="22004" cBy="JKR" cDate="07/18/2005 06:51:57 PDT Mon">
        <definition>COD: on or to the left side.</definition>
        <sentenceCount annotated="1" total="1"/>
        <lexeme order="1" headword="false" breakBefore="false" POS="ADV" name="left"/>
    </lexUnit>
    <lexUnit status="Created" incorporatedFE="Independent_variable" POS="ADV" name="right.adv" ID="12497" lemmaID="33251" cBy="JKR" cDate="07/18/2005 06:52:33 PDT Mon">
        <definition>COD: on or to the right side</definition>
        <sentenceCount annotated="0" total="0"/>
        <lexeme order="1" headword="false" breakBefore="false" POS="ADV" name="right"/>
    </lexUnit>
    <lexUnit status="Problem" POS="ADV" name="north.adv" ID="13838" lemmaID="26105" cBy="MJE" cDate="02/25/2007 03:25:05 PST Sun">
        <definition>COD: the direction in which a compass needle normally points, towards the horizon on the left-hand side of a person facing east.

</definition>
        <sentenceCount annotated="3" total="3"/>
        <lexeme order="1" headword="false" breakBefore="false" POS="ADV" name="north"/>
    </lexUnit>
    <lexUnit status="Created" POS="N" name="south.n" ID="13839" lemmaID="37067" cBy="MJE" cDate="02/25/2007 03:26:01 PST Sun">
        <definition>COD: the direction towards the point of the horizon 90 deg clockwise from east.</definition>
        <sentenceCount annotated="3" total="3"/>
        <lexeme order="1" headword="false" breakBefore="false" POS="N" name="south"/>
    </lexUnit>
    <lexUnit status="Problem" POS="N" name="west.n" ID="13840" lemmaID="43818" cBy="MJE" cDate="02/25/2007 03:27:08 PST Sun">
        <definition>COD: the direction towards the point of the horizon where the sun sets at the equinoxes, on the left-hand side of a person facing north.</definition>
        <sentenceCount annotated="4" total="4"/>
        <lexeme order="1" headword="false" breakBefore="false" POS="N" name="west"/>
    </lexUnit>
    <lexUnit status="Created" POS="N" name="east.n" ID="13954" lemmaID="12124" cBy="KmG" cDate="03/13/2007 10:06:58 PDT Tue">
        <definition>COD: the direction towards the point of the horizon where the sun rises at the equinoxes, on the right-hand side of a person facing north.</definition>
        <sentenceCount annotated="8" total="8"/>
        <lexeme order="1" headword="false" breakBefore="false" POS="N" name="east"/>
    </lexUnit>
    <lexUnit status="Created" POS="ADV" name="south.adv" ID="13955" lemmaID="37068" cBy="KmG" cDate="03/13/2007 10:28:25 PDT Tue">
        <definition>COD: the direction towards the point of the horizon 90 degrees clockwise from east.</definition>
        <sentenceCount annotated="3" total="3"/>
        <lexeme order="1" headword="false" breakBefore="false" POS="ADV" name="south"/>
    </lexUnit>
    <lexUnit status="Created" POS="ADV" name="down.adv" ID="14495" lemmaID="11608" cBy="KmG" cDate="07/30/2007 03:05:45 PDT Mon">
        <definition>FN: towards a lower position</definition>
        <sentenceCount annotated="2" total="3"/>
        <lexeme order="1" headword="false" breakBefore="false" POS="ADV" name="down"/>
    </lexUnit>
    <lexUnit status="Created" POS="ADV" name="outward.adv" ID="14964" lemmaID="50871" cBy="JKs" cDate="04/24/2008 02:26:38 PDT Thu">
        <definition>COD: going out or away from a place.</definition>
        <sentenceCount annotated="0" total="0"/>
        <lexeme order="1" headword="true" breakBefore="false" POS="ADV" name="outward"/>
    </lexUnit>
    <lexUnit status="Created" POS="N" name="north.n" ID="16200" lemmaID="26104" cBy="AlK" cDate="02/09/2011 02:19:40 PST Wed">
        <definition>COD: the direction in which a compass needle normally points, towards the horizon on the left-hand side of a person facing east. (ex "to the north of...")</definition>
        <sentenceCount annotated="0" total="0"/>
        <lexeme order="1" headword="false" breakBefore="false" POS="N" name="north"/>
    </lexUnit>
    <lexUnit status="Created" POS="ADV" name="west.adv" ID="16201" lemmaID="51270" cBy="AlK" cDate="02/09/2011 02:20:32 PST Wed">
        <definition>COD: the direction towards the point of the horizon where the sun sets at the equinoxes, on the left-hand side of a person facing north. (ex. "10 feet west of..."</definition>
        <sentenceCount annotated="0" total="0"/>
        <lexeme order="1" headword="true" breakBefore="false" POS="ADV" name="west"/>
    </lexUnit>
    <lexUnit status="Created" POS="N" name="true north.n" ID="17051" lemmaID="51522" cBy="PKe" cDate="05/03/2012 02:40:21 PDT Thu">
        <definition>FN: Geographic north, as opposed to magnetic north.</definition>
        <sentenceCount annotated="0" total="0"/>
        <lexeme order="1" headword="false" breakBefore="false" POS="A" name="true"/>
        <lexeme order="2" headword="true" breakBefore="false" POS="N" name="north"/>
    </lexUnit>
</frame>