<?xml version="1.0" encoding="UTF-8" standalone="yes"?>
<?xml-stylesheet type="text/xsl" href="frame.xsl"?>
<frame cBy="JKR" cDate="10/14/2005 03:07:42 PDT Fri" name="Disembarking" ID="1634" xsi:schemaLocation="../schema/frame.xsd" xmlns="http://framenet.icsi.berkeley.edu" xmlns:xsi="http://www.w3.org/2001/XMLSchema-instance">
    <definition>&lt;def-root&gt;A &lt;fen&gt;Traveller&lt;/fen&gt; leaves from or dismounts a &lt;fen&gt;Vehicle&lt;/fen&gt;.

&lt;ex&gt;&lt;fex name="tra"&gt;The passengers&lt;/fex&gt; &lt;t&gt;disembarked&lt;/t&gt; &lt;fex name="pla"&gt;in Southampton&lt;/fex&gt;.&lt;/ex&gt;

&lt;ex&gt;They then informed the passengers that, if the aircraft were to leave the runway, &lt;fex name="tra"&gt;they&lt;/fex&gt; would likely be &lt;t&gt;deplaning&lt;/t&gt; &lt;fex name="Path"&gt;through the rear cabin doors&lt;/fex&gt;.&lt;/ex&gt;&lt;/def-root&gt;</definition>
    <FE bgColor="FF0000" fgColor="FFFFFF" coreType="Core" cBy="JKR" cDate="10/14/2005 03:07:42 PDT Fri" abbrev="tra" name="Traveller" ID="9126">
        <definition>&lt;def-root&gt;The &lt;fen&gt;Traveller&lt;/fen&gt; is the entity which disembarks from the &lt;fen&gt;Vehicle&lt;/fen&gt;.

&lt;ex&gt;&lt;fex name="tra"&gt;We&lt;/fex&gt; &lt;t&gt;got&lt;/t&gt; off at the wrong bus stop.&lt;/ex&gt;&lt;/def-root&gt;</definition>
    </FE>
    <FE bgColor="00008B" fgColor="FFFFFF" coreType="Core" cBy="JKR" cDate="10/14/2005 03:07:42 PDT Fri" abbrev="veh" name="Vehicle" ID="9127">
        <definition>&lt;def-root&gt;The &lt;fen&gt;Vehicle&lt;/fen&gt; is the means of conveyance that the &lt;fen&gt;Traveller&lt;/fen&gt; disembarks from. 


&lt;ex&gt;The victim stopped the tractor and &lt;t&gt;dismounted&lt;/t&gt; &lt;fex name="Vehicle"&gt;from it&lt;/fex&gt;.&lt;/ex&gt;&lt;/def-root&gt;</definition>
    </FE>
    <FE bgColor="FF00FF" fgColor="FFFFFF" coreType="Peripheral" cBy="JKR" cDate="10/14/2005 03:07:42 PDT Fri" abbrev="" name="Manner" ID="9129">
        <definition>&lt;def-root&gt;The &lt;fen&gt;Manner&lt;/fen&gt; describes a property of the motion not related to its trajectory.
&lt;/def-root&gt;</definition>
        <semType name="Manner" ID="173"/>
    </FE>
    <FE bgColor="A52A2A" fgColor="FFFFFF" coreType="Peripheral" cBy="JKR" cDate="10/14/2005 03:07:42 PDT Fri" abbrev="pat" name="Path" ID="9130">
        <definition>&lt;def-root&gt;The &lt;fen&gt;Path&lt;/fen&gt; describes the trajectory of the &lt;fen&gt;Traveller&lt;/fen&gt;'s motion off or out of the &lt;fen&gt;Vehicle&lt;/fen&gt;.

&lt;ex&gt;As we &lt;t&gt;got&lt;/t&gt; off the plane &lt;fex name="Path"&gt;via a set of steps&lt;/fex&gt; we were immediately guided into a bus.&lt;/ex&gt;&lt;/def-root&gt;</definition>
    </FE>
    <FE bgColor="2E8B57" fgColor="FFFFFF" coreType="Extra-Thematic" cBy="JKR" cDate="10/14/2005 03:07:42 PDT Fri" abbrev="dfs" name="Duration_of_final_state" ID="9131">
        <definition>&lt;def-root&gt;The amount of time the &lt;fen&gt;Traveller&lt;/fen&gt; spends off or outside of the &lt;fen&gt;Vehicle&lt;/fen&gt; after disembarking from it.
&lt;/def-root&gt;</definition>
        <semType name="Duration" ID="142"/>
    </FE>
    <FE bgColor="1E90FF" fgColor="FFFFFF" coreType="Extra-Thematic" cBy="JKR" cDate="10/14/2005 03:07:42 PDT Fri" abbrev="dep" name="Depictive" ID="9132">
        <definition>&lt;def-root&gt;The state of the &lt;fen&gt;Traveller&lt;/fen&gt; or &lt;fen&gt;Vehicle&lt;/fen&gt; during the disembarking.
&lt;/def-root&gt;</definition>
    </FE>
    <FE bgColor="FFA500" fgColor="000000" coreType="Peripheral" cBy="JKR" cDate="10/14/2005 03:07:42 PDT Fri" abbrev="Time" name="Time" ID="9133">
        <definition>&lt;def-root&gt;When the disembarking of the &lt;fen&gt;Vehicle&lt;/fen&gt; takes place.

&lt;ex&gt;&lt;fex name="Time"&gt;Yesterday&lt;/fex&gt;, we &lt;t&gt;alighted&lt;/t&gt; onto this tiny hilly island, site of a Singaporean October festival.&lt;/ex&gt;&lt;/def-root&gt;</definition>
        <semType name="Time" ID="141"/>
    </FE>
    <FE bgColor="d0d0d0" fgColor="000000" coreType="Extra-Thematic" cBy="JKR" cDate="10/14/2005 03:07:42 PDT Fri" abbrev="CT" name="Cotheme" ID="9134">
        <definition>&lt;def-root&gt;A theme that leaves the &lt;fen&gt;Vehicle&lt;/fen&gt; together with the main &lt;fen&gt;Traveller&lt;/fen&gt;. This may be an entity the &lt;fen&gt;Traveller&lt;/fen&gt; transports or a co-traveller moving under their own power.

&lt;ex&gt;Many people were waiting for him when he &lt;t&gt;got&lt;/t&gt; off the ship &lt;fex name="CT"&gt;with his wife, Estelita Villafane&lt;/fex&gt;.&lt;/ex&gt;&lt;/def-root&gt;</definition>
    </FE>
    <FE bgColor="0000FF" fgColor="FFFFFF" coreType="Peripheral" cBy="JKR" cDate="10/14/2005 03:07:42 PDT Fri" abbrev="Pur" name="Purpose" ID="9135">
        <definition>&lt;def-root&gt;The &lt;fen&gt;Purpose&lt;/fen&gt; for which the &lt;fen&gt;Traveller&lt;/fen&gt; disembarks from the vehicle.
&lt;/def-root&gt;</definition>
        <semType name="State_of_affairs" ID="177"/>
    </FE>
    <FE bgColor="800080" fgColor="FFFFFF" coreType="Peripheral" cBy="JKR" cDate="10/14/2005 03:07:42 PDT Fri" abbrev="pla" name="Place" ID="9136">
        <definition>&lt;def-root&gt;The location in which the &lt;fen&gt;Traveller&lt;/fen&gt; disembarks from the &lt;fen&gt;Vehicle&lt;/fen&gt;.
&lt;/def-root&gt;</definition>
        <semType name="Locative_relation" ID="182"/>
    </FE>
    <FE bgColor="008000" fgColor="FFFFFF" coreType="Peripheral" cBy="JKR" cDate="10/14/2005 03:15:29 PDT Fri" abbrev="goa" name="Goal" ID="9137">
        <definition>&lt;def-root&gt;The location that the &lt;fen&gt;Traveller&lt;/fen&gt; reaches by leaving the &lt;fen&gt;Vehicle&lt;/fen&gt;.


&lt;ex&gt;The driver and the majority of passengers &lt;t&gt;dismounted&lt;/t&gt; &lt;fex name="goa"&gt;onto the road&lt;/fex&gt; as onlookers quickly formed an unruly squabbling mass.&lt;/ex&gt;&lt;/def-root&gt;</definition>
    </FE>
    <frameRelation type="Inherits from"/>
    <frameRelation type="Is Inherited by"/>
    <frameRelation type="Perspective on"/>
    <frameRelation type="Is Perspectivized in"/>
    <frameRelation type="Uses">
        <relatedFrame ID="690">Ride_vehicle</relatedFrame>
        <relatedFrame ID="57">Departing</relatedFrame>
    </frameRelation>
    <frameRelation type="Is Used by"/>
    <frameRelation type="Subframe of"/>
    <frameRelation type="Has Subframe(s)"/>
    <frameRelation type="Precedes"/>
    <frameRelation type="Is Preceded by"/>
    <frameRelation type="Is Inchoative of"/>
    <frameRelation type="Is Causative of"/>
    <frameRelation type="See also"/>
    <lexUnit status="Finished_Initial" POS="V" name="disembark.v" ID="12817" lemmaID="10930" cBy="JKR" cDate="10/14/2005 03:16:42 PDT Fri">
        <definition>FN: leave a vehicle, usually a ship, aircraft, or train.</definition>
        <sentenceCount annotated="21" total="98"/>
        <lexeme order="1" headword="false" breakBefore="false" POS="V" name="disembark"/>
    </lexUnit>
    <lexUnit status="Insufficient_Attestations" POS="V" name="debark.v" ID="12818" lemmaID="9709" cBy="JKR" cDate="10/14/2005 03:17:26 PDT Fri">
        <definition>COD: leave a ship or aircraft.</definition>
        <sentenceCount annotated="0" total="0"/>
        <lexeme order="1" headword="false" breakBefore="false" POS="V" name="debark"/>
    </lexUnit>
    <lexUnit status="Insufficient_Attestations" incorporatedFE="Vehicle" POS="V" name="deplane.v" ID="12819" lemmaID="10221" cBy="JKR" cDate="10/14/2005 03:17:51 PDT Fri">
        <definition>COD: disembark from an aircraft.</definition>
        <sentenceCount annotated="0" total="4"/>
        <lexeme order="1" headword="false" breakBefore="false" POS="V" name="deplane"/>
    </lexUnit>
    <lexUnit status="Insufficient_Attestations" incorporatedFE="Vehicle" POS="V" name="detrain.v" ID="12820" lemmaID="10458" cBy="JKR" cDate="10/14/2005 03:18:22 PDT Fri">
        <definition>COD: leave a train, or cause or assist to leave a train.</definition>
        <sentenceCount annotated="0" total="0"/>
        <lexeme order="1" headword="false" breakBefore="false" POS="V" name="detrain"/>
    </lexUnit>
    <lexUnit status="Finished_Initial" POS="V" name="dismount.v" ID="12821" lemmaID="11050" cBy="JKR" cDate="10/14/2005 03:18:47 PDT Fri">
        <definition>FN: alight, usually from a horse or bike.</definition>
        <sentenceCount annotated="19" total="164"/>
        <lexeme order="1" headword="false" breakBefore="false" POS="V" name="dismount"/>
    </lexUnit>
    <lexUnit status="Finished_Initial" POS="V" name="alight.v" ID="12822" lemmaID="1006" cBy="JKR" cDate="10/14/2005 03:19:36 PDT Fri">
        <definition>COD: descend from public transport.</definition>
        <sentenceCount annotated="14" total="123"/>
        <lexeme order="1" headword="false" breakBefore="false" POS="V" name="alight"/>
    </lexUnit>
    <lexUnit status="Insufficient_Attestations" incorporatedFE="Vehicle" POS="V" name="debus.v" ID="12823" lemmaID="50269" cBy="JKR" cDate="10/14/2005 03:20:49 PDT Fri">
        <definition>FN: alight from a motor vehicle</definition>
        <sentenceCount annotated="0" total="0"/>
        <lexeme order="1" headword="true" breakBefore="false" POS="V" name="debus"/>
    </lexUnit>
    <lexUnit status="Created" POS="N" name="disembarkation.n" ID="12824" lemmaID="10931" cBy="JKR" cDate="10/14/2005 03:21:21 PDT Fri">
        <definition>FN: the act of getting off a ship, aircraft, or train</definition>
        <sentenceCount annotated="0" total="0"/>
        <lexeme order="1" headword="false" breakBefore="false" POS="N" name="disembarkation"/>
    </lexUnit>
    <lexUnit status="Created" POS="V" name="get.v" ID="12825" lemmaID="16168" cBy="JKR" cDate="10/14/2005 03:22:14 PDT Fri">
        <definition>FN: exit a vehicle</definition>
        <sentenceCount annotated="7" total="7"/>
        <lexeme order="1" headword="false" breakBefore="false" POS="V" name="get"/>
    </lexUnit>
</frame>