<?xml version="1.0" encoding="UTF-8" standalone="yes"?>
<?xml-stylesheet type="text/xsl" href="frame.xsl"?>
<frame cBy="JKR" cDate="07/06/2005 11:58:17 PDT Wed" name="Emphasizing" ID="1542" xsi:schemaLocation="../schema/frame.xsd" xmlns="http://framenet.icsi.berkeley.edu" xmlns:xsi="http://www.w3.org/2001/XMLSchema-instance">
    <definition>&lt;def-root&gt;An &lt;fen&gt;Agent&lt;/fen&gt; who is engaged in an &lt;fen&gt;Undertaking&lt;/fen&gt; accords a &lt;fen&gt;Degree&lt;/fen&gt; of importance to a &lt;fen&gt;Consideration&lt;/fen&gt; that influences the success of an &lt;fen&gt;Undertaking&lt;/fen&gt;. As a consequence, the &lt;fen&gt;Agent&lt;/fen&gt; acts in a way that reflects that judgment of importance.


&lt;ex&gt;&lt;fex name="Agent"&gt;Our company&lt;/fex&gt; &lt;t&gt;emphasizes&lt;/t&gt; &lt;fex name="Consideration"&gt;marketing tried and true products and services&lt;/fex&gt;.&lt;fex name="Competing_consideration"&gt;INI&lt;/fex&gt;&lt;/ex&gt;

&lt;ex&gt;In fact, &lt;fex name="Agent"&gt;most search engines&lt;/fex&gt; &lt;t&gt;place&lt;/t&gt; &lt;fex name="Degree"&gt;little&lt;/fex&gt; &lt;t&gt;weight&lt;/t&gt; &lt;fex name="Consideration"&gt;on words placed in meta tags&lt;/fex&gt; &lt;fex name="Undertaking"&gt;when creating their relevancy rankings&lt;/fex&gt;.&lt;fex name="Competing_consideration"&gt;INI&lt;/fex&gt;&lt;/ex&gt;

&lt;ex&gt;The &lt;t&gt;emphasis&lt;/t&gt; &lt;m&gt;is&lt;/m&gt; &lt;fex name="Consideration"&gt;on the fundamental principles from which the automotive technologies of the future will develop&lt;/fex&gt;, &lt;fex name="Competing_consideration"&gt;rather than on present-day processes&lt;/fex&gt;.&lt;/ex&gt;

&lt;ex&gt;&lt;fex name="Agent"&gt;Our&lt;/fex&gt; &lt;t&gt;emphasis&lt;/t&gt; &lt;fex name="Consideration"&gt;on quality&lt;/fex&gt; does not stop with our products. &lt;fex name="Competing_consideration"&gt;INI&lt;/fex&gt;&lt;/ex&gt;

&lt;ex&gt;&lt;fex name="Undertaking"&gt;When shooting in my studio&lt;/fex&gt;, &lt;fex name="Agent"&gt;I&lt;/fex&gt; &lt;t&gt;emphasize&lt;/t&gt; &lt;fex name="Consideration"&gt;a relaxed atmosphere&lt;/fex&gt;.&lt;fex name="Competing_consideration"&gt;INI&lt;/fex&gt;&lt;/ex&gt;&lt;/def-root&gt;</definition>
    <FE bgColor="FF0000" fgColor="FFFFFF" coreType="Core" cBy="JKR" cDate="07/06/2005 11:58:18 PDT Wed" abbrev="con" name="Consideration" ID="8406">
        <definition>&lt;def-root&gt;An event or state of affairs, an attribute, or an entity whose properties have the potential to influence the success of the &lt;fen&gt;Agent&lt;/fen&gt;'s &lt;fen&gt;Undertaking&lt;/fen&gt;.

&lt;ex&gt;The ICBL has &lt;t&gt;prioritised&lt;/t&gt; &lt;fex name="con"&gt;working to achieve universalisation of the Mine Ban Treaty in South Asia by 2004&lt;/fex&gt;.&lt;/ex&gt;&lt;/def-root&gt;</definition>
    </FE>
    <FE bgColor="FF69B4" fgColor="FFFFFF" coreType="Peripheral" cBy="JKR" cDate="07/06/2005 11:58:20 PDT Wed" abbrev="Degree" name="Degree" ID="8407">
        <definition>&lt;def-root&gt;This FE marks expressions that indicate the &lt;fen&gt;Degree&lt;/fen&gt; to which the &lt;fen&gt;Consideration&lt;/fen&gt; is important to the &lt;fen&gt;Undertaking&lt;/fen&gt;.&lt;/def-root&gt;</definition>
        <semType name="Degree" ID="172"/>
    </FE>
    <FE bgColor="0000FF" fgColor="FFFFFF" coreType="Extra-Thematic" cBy="JKR" cDate="07/06/2005 11:58:20 PDT Wed" abbrev="Undertaking" name="Undertaking" ID="8408">
        <definition>&lt;def-root&gt;The &lt;fen&gt;Undertaking&lt;/fen&gt; is a process or state or field of activity in which the &lt;fen&gt;Agent&lt;/fen&gt; participates.

&lt;ex&gt;&lt;fex name="Undertaking"&gt;In my classes&lt;/fex&gt; I &lt;m&gt;place&lt;/m&gt; greater &lt;t&gt;emphasis&lt;/t&gt; on the importance of staying relaxed and being aware of one's physical limits rather than exactness of form.&lt;/ex&gt;&lt;/def-root&gt;</definition>
    </FE>
    <FE bgColor="1E90FF" fgColor="FFFFFF" coreType="Extra-Thematic" cBy="JKR" cDate="07/06/2005 11:58:20 PDT Wed" abbrev="Exp" name="Explanation" ID="8409">
        <definition>&lt;def-root&gt;This FE  identifies the &lt;fen&gt;Explanation&lt;/fen&gt; for which the &lt;fen&gt;Consideration&lt;/fen&gt; is important to the &lt;fen&gt;Undertaking&lt;/fen&gt;.
&lt;/def-root&gt;</definition>
        <semType name="State_of_affairs" ID="177"/>
    </FE>
    <FE bgColor="800080" fgColor="FFFFFF" coreType="Core" cBy="JKR" cDate="07/06/2005 11:58:21 PDT Wed" abbrev="age" name="Agent" ID="8410">
        <definition>&lt;def-root&gt;The &lt;fen&gt;Agent&lt;/fen&gt; is the individual who devotes time, concentration, or other resources to a &lt;fen&gt;Consideration&lt;/fen&gt; that is important for the success of a larger &lt;fen&gt;Undertaking&lt;/fen&gt;.

&lt;ex&gt;Dell said Friday &lt;fex name="age"&gt;the company&lt;/fex&gt; will put more &lt;t&gt;emphasis&lt;/t&gt; on selling software&lt;/ex&gt;&lt;/def-root&gt;</definition>
        <semType name="Sentient" ID="5"/>
    </FE>
    <FE bgColor="808080" fgColor="FFFFFF" coreType="Peripheral" cBy="JKR" cDate="07/06/2005 12:13:21 PDT Wed" abbrev="pur" name="Purpose" ID="8412">
        <definition>&lt;def-root&gt;An action that the &lt;fen&gt;Agent&lt;/fen&gt; intends to accomplish by assigning the specified level of importance to the &lt;fen&gt;Consideration&lt;/fen&gt;.

&lt;ex&gt;Wilson said it is necessary to &lt;t&gt;place&lt;/t&gt; less &lt;t&gt;weight&lt;/t&gt; on SAT scores &lt;fex name="pur"&gt;in order to maintain diversity&lt;/fex&gt;.&lt;/ex&gt;&lt;/def-root&gt;</definition>
        <semType name="State_of_affairs" ID="177"/>
    </FE>
    <FE bgColor="00008B" fgColor="FFFFFF" coreType="Peripheral" cBy="JKR" cDate="07/06/2005 12:28:57 PDT Wed" abbrev="mea" name="Means" ID="8413">
        <definition>&lt;def-root&gt;An intentional action performed by the &lt;fen&gt;Agent&lt;/fen&gt; that allows the &lt;fen&gt;Agent&lt;/fen&gt; to respond to the importance of the Factor to the &lt;fen&gt;Undertaking&lt;/fen&gt;.&lt;/def-root&gt;</definition>
        <semType name="State_of_affairs" ID="177"/>
    </FE>
    <FE bgColor="A52A2A" fgColor="FFFFFF" coreType="Core" cBy="JKR" cDate="07/06/2005 01:53:35 PDT Wed" abbrev="com" name="Competing_consideration" ID="8414">
        <definition>&lt;def-root&gt;The &lt;fen&gt;Competing_consideration&lt;/fen&gt; is another factor that is relevant to the &lt;fen&gt;Undertaking&lt;/fen&gt; to which the &lt;fen&gt;Agent&lt;/fen&gt; devotes less attention or effort.

&lt;ex&gt;Monophysite Christians  &lt;t&gt;emphasized&lt;/t&gt; Christ's divinity &lt;fex name="com"&gt;over his humanity&lt;/fex&gt;.&lt;/ex&gt;&lt;/def-root&gt;</definition>
    </FE>
    <FE bgColor="FFA500" fgColor="FFFFFF" coreType="Peripheral" cBy="JKR" cDate="07/06/2005 02:02:45 PDT Wed" abbrev="tim" name="Time" ID="8415">
        <definition>&lt;def-root&gt;The time period during which the &lt;fen&gt;Agent&lt;/fen&gt; attaches a specified degree of importance to the &lt;fen&gt;Consideration&lt;/fen&gt; to further the success of the &lt;fen&gt;Undertaking&lt;/fen&gt;.

&lt;ex&gt;&lt;fex name="Time"&gt;In the 1960s&lt;/fex&gt; Foucault &lt;t&gt;placed&lt;/t&gt; great &lt;t&gt;weight&lt;/t&gt; on the notion of archeology.&lt;/ex&gt;&lt;/def-root&gt;</definition>
        <semType name="Time" ID="141"/>
    </FE>
    <FE bgColor="008000" fgColor="FFFFFF" coreType="Peripheral" cBy="JKR" cDate="07/06/2005 02:04:43 PDT Wed" abbrev="pla" name="Place" ID="8416">
        <definition>&lt;def-root&gt;The location in which the &lt;fen&gt;Agent&lt;/fen&gt; attaches the specified level of importance  to the &lt;fen&gt;Consideration&lt;/fen&gt;. 

&lt;ex&gt;&lt;fex name="pla"&gt;In Arizona&lt;/fex&gt; we &lt;t&gt;emphasize&lt;/t&gt; western bats with a special focus on species identification.&lt;/ex&gt;&lt;/def-root&gt;</definition>
        <semType name="Locative_relation" ID="182"/>
    </FE>
    <FE bgColor="FF00FF" fgColor="FFFFFF" coreType="Peripheral" cBy="RLG" cDate="07/15/2005 04:45:49 PDT Fri" abbrev="man" name="Manner" ID="8552">
        <definition>&lt;def-root&gt;Any further description of the &lt;fen&gt;Agent&lt;/fen&gt;'s placing of importance on the &lt;fen&gt;Consideration&lt;/fen&gt;.

&lt;ex&gt;Our teacher always &lt;m&gt;places&lt;/m&gt; &lt;fex name="man"&gt;vigorous&lt;/fex&gt; &lt;t&gt;emphasis&lt;/t&gt; on controlling our spiritual energy.&lt;/ex&gt;&lt;/def-root&gt;</definition>
        <semType name="Manner" ID="173"/>
    </FE>
    <FE bgColor="2E8B57" fgColor="FFFFFF" coreType="Core" cBy="RLG" cDate="07/18/2005 02:25:19 PDT Mon" abbrev="art" name="Artifact" ID="8600">
        <definition>&lt;def-root&gt;The &lt;fen&gt;Artifact&lt;/fen&gt; is a physical object designed with some &lt;fen&gt;Consideration&lt;/fen&gt; in mind, such that it functions to facilitate the &lt;fen&gt;Undertaking&lt;/fen&gt;.

&lt;ex&gt;Water is a scarce commodity on French Island so &lt;fex name="art"&gt;the guest house&lt;/fex&gt; places strong &lt;t&gt;emphasis&lt;/t&gt; on water conservation.&lt;/ex&gt;&lt;/def-root&gt;</definition>
        <excludesFE name="Agent" ID="8410"/>
    </FE>
    <FE bgColor="A9A9A9" fgColor="000000" coreType="Core" cBy="RLG" cDate="07/18/2005 02:33:25 PDT Mon" abbrev="act" name="Action" ID="8601">
        <definition>&lt;def-root&gt;The &lt;fen&gt;Action&lt;/fen&gt; is performed with importance placed on the &lt;fen&gt;Consideration&lt;/fen&gt;.

&lt;ex&gt;Result &lt;t&gt;Oriented&lt;/t&gt; &lt;fex name="act"&gt;Management&lt;/fex&gt;&lt;/ex&gt;
&lt;ex&gt;&lt;fex name="act"&gt;UN efforts&lt;/fex&gt; &lt;t&gt;focused&lt;/t&gt; on the rehabilitation and economic development of south Lebanon&lt;/ex&gt;&lt;/def-root&gt;</definition>
        <excludesFE name="Agent" ID="8410"/>
    </FE>
    <FE bgColor="FFFF00" fgColor="000000" coreType="Extra-Thematic" cBy="KmG" cDate="05/04/2006 10:41:06 PDT Thu" abbrev="" name="Frequency" ID="10072">
        <definition>&lt;def-root&gt;This frame element is defined as the number of times an event occurs per some unit of time. A Frequency expression answers the question how often. It is to be distinguished from Iteration, which pertains simply to the number of times an event occurs-Iteration expressions answer the question how many times. In the future, we will further distinguish Particular_iteration, which is intended to pick out a particular iteration from a series. &lt;/def-root&gt;</definition>
    </FE>
    <FE bgColor="EEE8AA" fgColor="000000" coreType="Extra-Thematic" cBy="MJE" cDate="07/11/2011 05:50:11 PDT Mon" abbrev="dep" name="Depictive" ID="14483">
        <definition>&lt;def-root&gt;The state or quality of an entity involved in the action that holds during the action.&lt;/def-root&gt;</definition>
    </FE>
    <FEcoreSet>
        <memberFE name="Action" ID="8601"/>
        <memberFE name="Agent" ID="8410"/>
    </FEcoreSet>
    <frameRelation type="Inherits from"/>
    <frameRelation type="Is Inherited by"/>
    <frameRelation type="Perspective on"/>
    <frameRelation type="Is Perspectivized in"/>
    <frameRelation type="Uses">
        <relatedFrame ID="407">Importance</relatedFrame>
    </frameRelation>
    <frameRelation type="Is Used by"/>
    <frameRelation type="Subframe of"/>
    <frameRelation type="Has Subframe(s)"/>
    <frameRelation type="Precedes"/>
    <frameRelation type="Is Preceded by"/>
    <frameRelation type="Is Inchoative of"/>
    <frameRelation type="Is Causative of"/>
    <frameRelation type="See also"/>
    <lexUnit status="Created" incorporatedFE="Degree" POS="V" name="emphasize.v" ID="12411" lemmaID="50141" cBy="JKR" cDate="07/06/2005 02:11:34 PDT Wed">
        <definition>FN: devote  relatively more attention and effort to</definition>
        <sentenceCount annotated="2" total="2"/>
        <lexeme order="1" headword="true" breakBefore="false" POS="V" name="emphasize"/>
    </lexUnit>
    <lexUnit status="Created" POS="V" name="prioritize.v" ID="12412" lemmaID="50150" cBy="JKR" cDate="07/06/2005 02:13:55 PDT Wed">
        <definition>COD: designate or treat as most important.</definition>
        <sentenceCount annotated="0" total="0"/>
        <lexeme order="1" headword="true" breakBefore="false" POS="V" name="prioritize"/>
    </lexUnit>
    <lexUnit status="Finished_Initial" incorporatedFE="Degree" POS="N" name="emphasis.n" ID="12413" lemmaID="12617" cBy="JKR" cDate="07/06/2005 07:53:10 PDT Wed">
        <definition>COD: special importance, value, or prominence given to something.</definition>
        <sentenceCount annotated="136" total="311"/>
        <lexeme order="1" headword="false" breakBefore="false" POS="N" name="emphasis"/>
    </lexUnit>
    <lexUnit status="Finished_Initial" POS="V" name="place weight.v" ID="12414" lemmaID="50156" cBy="JKR" cDate="07/06/2005 07:54:53 PDT Wed">
        <definition>FN: attaching importance to something</definition>
        <sentenceCount annotated="7" total="127"/>
        <lexeme order="1" headword="true" breakBefore="false" POS="V" name="place"/>
        <lexeme order="2" headword="false" breakBefore="false" POS="N" name="weight"/>
    </lexUnit>
    <lexUnit status="Created" POS="A" name="centered.a" ID="12481" lemmaID="50177" cBy="RLG" cDate="07/18/2005 01:34:28 PDT Mon">
        <definition>COD: taking a specified subject as the most important element</definition>
        <sentenceCount annotated="0" total="0"/>
        <lexeme order="1" headword="true" breakBefore="false" POS="A" name="centered"/>
    </lexUnit>
    <lexUnit status="Created" POS="A" name="focused.a" ID="12482" lemmaID="50178" cBy="RLG" cDate="07/18/2005 01:39:20 PDT Mon">
        <definition>FN: directed towards or placing importance on a particular subject.</definition>
        <sentenceCount annotated="1" total="1"/>
        <lexeme order="1" headword="true" breakBefore="false" POS="A" name="focused"/>
    </lexUnit>
    <lexUnit status="Created" POS="V" name="focus.v" ID="12483" lemmaID="14893" cBy="RLG" cDate="07/18/2005 01:40:53 PDT Mon">
        <definition>COD: pay particular attention to.</definition>
        <sentenceCount annotated="8" total="8"/>
        <lexeme order="1" headword="false" breakBefore="false" POS="V" name="focus"/>
    </lexUnit>
    <lexUnit status="Created" POS="A" name="oriented.a" ID="12484" lemmaID="50179" cBy="RLG" cDate="07/18/2005 01:41:52 PDT Mon">
        <definition>FN: specifically designed for or placing particular attention on a subject.</definition>
        <sentenceCount annotated="0" total="0"/>
        <lexeme order="1" headword="true" breakBefore="false" POS="A" name="oriented"/>
    </lexUnit>
    <lexUnit status="Created" incorporatedFE="Consideration" POS="A" name="growth-oriented.a" ID="12498" lemmaID="50185" cBy="JKR" cDate="07/18/2005 07:12:47 PDT Mon">
        <definition>FN: specifically designed for or placing particular attention on economic growth.</definition>
        <sentenceCount annotated="1" total="1"/>
        <lexeme order="1" headword="true" breakBefore="false" POS="A" name="growth-oriented"/>
    </lexUnit>
    <lexUnit status="Created" POS="V" name="stress.v" ID="13482" lemmaID="38322" cBy="RLG" cDate="08/16/2006 03:58:07 PDT Wed">
        <definition>COD: emphasize.</definition>
        <sentenceCount annotated="0" total="1"/>
        <lexeme order="1" headword="false" breakBefore="false" POS="V" name="stress"/>
    </lexUnit>
    <lexUnit status="New" POS="V" name="accentuate.v" ID="17611" lemmaID="255" cBy="CVa" cDate="07/16/2014 10:58:20 PDT Wed">
        <definition>FN: to place emphasis on something</definition>
        <sentenceCount annotated="16" total="50"/>
        <lexeme order="1" headword="false" breakBefore="false" POS="V" name="accentuate"/>
    </lexUnit>
</frame>