<?xml version="1.0" encoding="UTF-8" standalone="yes"?>
<?xml-stylesheet type="text/xsl" href="frame.xsl"?>
<frame cBy="MJE" cDate="05/14/2002 04:15:48 PDT Tue" name="Employing" ID="323" xsi:schemaLocation="../schema/frame.xsd" xmlns="http://framenet.icsi.berkeley.edu" xmlns:xsi="http://www.w3.org/2001/XMLSchema-instance">
    <definition>&lt;def-root&gt;An &lt;fen&gt;Employer&lt;/fen&gt; employs an &lt;fen&gt;Employee&lt;/fen&gt; whose &lt;fen&gt;Position&lt;/fen&gt; entails that the &lt;fen&gt;Employee&lt;/fen&gt; perform certain &lt;fen&gt;Task&lt;/fen&gt;s in exchange for &lt;fen&gt;Compensation&lt;/fen&gt;.

&lt;ex&gt;&lt;fex name="Emper"&gt;I&lt;/fex&gt; &lt;t&gt;employed&lt;/t&gt; &lt;fex name="Empee"&gt;him&lt;/fex&gt; &lt;fex name="Posit"&gt;as Chief Gardener&lt;/fex&gt; &lt;fex name="Dur"&gt;for ten years&lt;/fex&gt;.&lt;/ex&gt;&lt;/def-root&gt;</definition>
    <FE bgColor="9F79EE" fgColor="FFFFFF" coreType="Peripheral" cBy="MJE" cDate="05/14/2002 04:16:10 PDT Tue" abbrev="Compense" name="Compensation" ID="2806">
        <definition>&lt;def-root&gt;The &lt;fen&gt;Compensation&lt;/fen&gt; is the payment that the &lt;fen&gt;Employee&lt;/fen&gt; receives for performing a &lt;fen&gt;Task&lt;/fen&gt;.

&lt;/def-root&gt;</definition>
    </FE>
    <FE bgColor="0000FF" fgColor="FFFFFF" coreType="Core" cBy="MJE" cDate="05/14/2002 04:16:10 PDT Tue" abbrev="Empee" name="Employee" ID="2807">
        <definition>&lt;def-root&gt;The FE &lt;fen&gt;Employee&lt;/fen&gt; denotes the person who is obligated to perform some &lt;fen&gt;Task&lt;/fen&gt; in order to receive &lt;fen&gt;Compensation&lt;/fen&gt;.

&lt;ex&gt;&lt;fex name="Empee"&gt;I&lt;/fex&gt; was &lt;t&gt;employed&lt;/t&gt; by an international corporation.&lt;/ex&gt;&lt;/def-root&gt;</definition>
    </FE>
    <FE bgColor="FF0000" fgColor="FFFFFF" coreType="Core" cBy="MJE" cDate="05/14/2002 04:16:10 PDT Tue" abbrev="Emper" name="Employer" ID="2808">
        <definition>&lt;def-root&gt;The &lt;fen&gt;Employer&lt;/fen&gt; is the person (or institution) that gives &lt;fen&gt;Compensation&lt;/fen&gt; to an &lt;fen&gt;Employee&lt;/fen&gt;.

&lt;ex&gt;&lt;fex name="Emper"&gt;I&lt;/fex&gt; &lt;t&gt;employed&lt;/t&gt; him as Chief Gardener for ten years.&lt;/ex&gt;&lt;/def-root&gt;</definition>
    </FE>
    <FE bgColor="00BFFF" fgColor="FFFFFF" coreType="Core" cBy="MJE" cDate="05/14/2002 04:16:10 PDT Tue" abbrev="Field" name="Field" ID="2809">
        <definition>&lt;def-root&gt;The FE &lt;fen&gt;Field&lt;/fen&gt; identifies the field in which the &lt;fen&gt;Employee&lt;/fen&gt; is employed.

&lt;ex&gt;He was &lt;t&gt;employed&lt;/t&gt;&lt;fex name="Field"&gt;in finance&lt;/fex&gt; fourteen years ago.&lt;/ex&gt;&lt;/def-root&gt;</definition>
    </FE>
    <FE bgColor="FF69B4" fgColor="FFFFFF" coreType="Peripheral" cBy="MJE" cDate="05/14/2002 04:16:10 PDT Tue" abbrev="Mnr" name="Manner" ID="2810">
        <definition>&lt;def-root&gt;The FE &lt;fen&gt;Manner&lt;/fen&gt; identifies the way in which an &lt;fen&gt;Employer&lt;/fen&gt; hires an &lt;fen&gt;Employee&lt;/fen&gt;.

&lt;ex&gt;The three young men were given medals and &lt;fex name="Manner"&gt;hastily&lt;/fex&gt; &lt;t&gt;commissioned&lt;/t&gt;.&lt;/ex&gt;&lt;/def-root&gt;</definition>
        <semType name="Manner" ID="173"/>
    </FE>
    <FE bgColor="008000" fgColor="FFFFFF" coreType="Peripheral" cBy="MJE" cDate="05/14/2002 04:16:10 PDT Tue" abbrev="Place" name="Place" ID="2811">
        <definition>&lt;def-root&gt;The FE &lt;fen&gt;Place&lt;/fen&gt; identifies the location where the &lt;fen&gt;Employer&lt;/fen&gt; hires the &lt;fen&gt;Employee&lt;/fen&gt;.

&lt;ex&gt;Actually, he &lt;t&gt;employed&lt;/t&gt; me &lt;fex name="Place"&gt; at the downtown office &lt;/fex&gt;.&lt;/ex&gt;&lt;/def-root&gt;</definition>
        <semType name="Locative_relation" ID="182"/>
    </FE>
    <FE bgColor="9400D3" fgColor="FFFFFF" coreType="Core" cBy="MJE" cDate="05/14/2002 04:16:10 PDT Tue" abbrev="Posit" name="Position" ID="2812">
        <definition>&lt;def-root&gt;The FE &lt;fen&gt;Position&lt;/fen&gt; indicates a particular type of employment.

&lt;ex&gt;I'm not &lt;t&gt;employed&lt;/t&gt; &lt;fex name="Position"&gt;as your waitress&lt;/fex&gt;!&lt;/ex&gt;&lt;/def-root&gt;</definition>
    </FE>
    <FE bgColor="800080" fgColor="FFFFFF" coreType="Extra-Thematic" cBy="MJE" cDate="05/14/2002 04:16:10 PDT Tue" abbrev="Purp" name="Purpose" ID="2813">
        <definition>&lt;def-root&gt;The FE &lt;fen&gt;Purpose&lt;/fen&gt; identifies what the &lt;fen&gt;Employer&lt;/fen&gt; intends to accomplish through the hiring of the &lt;fen&gt;Employee&lt;/fen&gt;.

&lt;ex&gt;John &lt;t&gt;employs&lt;/t&gt; bodyguards &lt;fex name="Purpose"&gt;to protect him from previous clients&lt;/fex&gt;.&lt;/ex&gt;&lt;/def-root&gt;</definition>
        <semType name="State_of_affairs" ID="177"/>
    </FE>
    <FE bgColor="808080" fgColor="FFFFFF" coreType="Core" cBy="MJE" cDate="05/14/2002 04:16:10 PDT Tue" abbrev="Task" name="Task" ID="2814">
        <definition>&lt;def-root&gt;The &lt;fen&gt;Task&lt;/fen&gt; indicates the action/duty that the &lt;fen&gt;Employee&lt;/fen&gt; is obligated to do for the &lt;fen&gt;Employer&lt;/fen&gt;.

&lt;ex&gt;I am &lt;t&gt;employed&lt;/t&gt; &lt;fex name="Task"&gt;to collect the trash&lt;/fex&gt;.&lt;/ex&gt;&lt;/def-root&gt;</definition>
    </FE>
    <FE bgColor="FFA500" fgColor="FFFFFF" coreType="Peripheral" cBy="MJE" cDate="05/14/2002 04:16:10 PDT Tue" abbrev="Time" name="Time" ID="2815">
        <definition>&lt;def-root&gt;The FE &lt;fen&gt;Time&lt;/fen&gt; identifies the time at whcih the &lt;fen&gt;Employer&lt;/fen&gt; hires the &lt;fen&gt;Employee&lt;/fen&gt;.

&lt;ex&gt;Charles has been an &lt;t&gt;employee&lt;/t&gt; of Microsoft &lt;fex name="Time"&gt;since 1998&lt;/fex&gt;!&lt;/ex&gt;&lt;/def-root&gt;</definition>
        <semType name="Time" ID="141"/>
    </FE>
    <FE bgColor="006400" fgColor="FFFFFF" coreType="Peripheral" cBy="MJE" cDate="05/14/2002 04:19:49 PDT Tue" abbrev="Dur" name="Duration" ID="2816">
        <definition>&lt;def-root&gt;The FE &lt;fen&gt;Duration&lt;/fen&gt; identifies the amount of time for which the &lt;fen&gt;Employee&lt;/fen&gt; continues in employ.

&lt;ex&gt;I &lt;t&gt;employed&lt;/t&gt; him as Chief Gardener &lt;fex name="Dur"&gt;for ten years&lt;/fex&gt;.&lt;/ex&gt;&lt;/def-root&gt;</definition>
        <semType name="Duration" ID="142"/>
    </FE>
    <FE bgColor="00008B" fgColor="FFFFFF" coreType="Peripheral" cBy="ACW" cDate="06/12/2002 10:10:29 PDT Wed" abbrev="CB" name="Contract_basis" ID="3028">
        <definition>&lt;def-root&gt;The &lt;fen&gt;Contract_basis&lt;/fen&gt; is the condition of employment with respect to permanency, hours per time period or payment arrangements.

&lt;ex&gt;Chrysler &lt;t&gt;employs&lt;/t&gt; 1000 skilled worker &lt;fex name="Contract_basis"&gt;full-time&lt;/fex&gt;.&lt;/ex&gt;&lt;/def-root&gt;</definition>
    </FE>
    <FE bgColor="FFFF00" fgColor="000000" coreType="Extra-Thematic" cBy="KmG" cDate="12/01/2006 06:16:00 PST Fri" abbrev="" name="Descriptor" ID="10901">
        <definition>&lt;def-root&gt;This FE describes a characteristic of the &lt;fen&gt;Employee&lt;/fen&gt;.

&lt;ex&gt;Electronic theft by foreign and industrial spies and &lt;fex name="Descriptor"&gt;disgruntled&lt;/fex&gt; &lt;t&gt;employees&lt;/t&gt; is costing U.S. companies billions and eroding their international competitive advantage.&lt;/ex&gt;&lt;/def-root&gt;</definition>
    </FE>
    <FE bgColor="A52A2A" fgColor="FFFFFF" coreType="Peripheral" cBy="AnW" cDate="02/22/2010 12:45:46 PST Mon" abbrev="Sub" name="Subgroup" ID="13590">
        <definition>&lt;def-root&gt;The &lt;fen&gt;Subgroup&lt;/fen&gt; is the department or subdivision of the institution that the &lt;fen&gt;Employee&lt;/fen&gt; is a member of.
&lt;ex&gt;He is an &lt;t&gt;employee&lt;/t&gt; &lt;fex name="Subgroup"&gt;in the marketing department&lt;/fex&gt;.&lt;/ex&gt;&lt;/def-root&gt;</definition>
    </FE>
    <FEcoreSet>
        <memberFE name="Field" ID="2809"/>
        <memberFE name="Task" ID="2814"/>
        <memberFE name="Position" ID="2812"/>
    </FEcoreSet>
    <frameRelation type="Inherits from"/>
    <frameRelation type="Is Inherited by"/>
    <frameRelation type="Perspective on">
        <relatedFrame ID="871">Employment_continue</relatedFrame>
    </frameRelation>
    <frameRelation type="Is Perspectivized in"/>
    <frameRelation type="Uses"/>
    <frameRelation type="Is Used by"/>
    <frameRelation type="Subframe of">
        <relatedFrame ID="1062">Employer_scenario</relatedFrame>
    </frameRelation>
    <frameRelation type="Has Subframe(s)"/>
    <frameRelation type="Precedes">
        <relatedFrame ID="326">Firing</relatedFrame>
    </frameRelation>
    <frameRelation type="Is Preceded by">
        <relatedFrame ID="322">Hiring</relatedFrame>
    </frameRelation>
    <frameRelation type="Is Inchoative of"/>
    <frameRelation type="Is Causative of"/>
    <frameRelation type="See also"/>
    <lexUnit status="Finished_Initial" POS="V" name="employ.v" ID="5786" lemmaID="12632" cBy="MJE" cDate="05/14/2002 04:21:36 PDT Tue">
        <definition>COD:  give work to (someone) and pay them for it. </definition>
        <sentenceCount annotated="73" total="500"/>
        <lexeme order="1" headword="false" breakBefore="false" POS="V" name="employ"/>
    </lexUnit>
    <lexUnit status="Created" POS="N" name="employer.n" ID="8395" lemmaID="12635" cBy="GlY" cDate="03/04/2003 01:36:57 PST Tue">
        <definition>COD:  a person that employs people</definition>
        <sentenceCount annotated="0" total="0"/>
        <lexeme order="1" headword="false" breakBefore="false" POS="N" name="employer"/>
    </lexUnit>
    <lexUnit status="Created" POS="N" name="employee.n" ID="8396" lemmaID="12634" cBy="GlY" cDate="03/04/2003 01:37:31 PST Tue">
        <definition>COD:   a person that is employed for wage or salary</definition>
        <sentenceCount annotated="8" total="9"/>
        <lexeme order="1" headword="false" breakBefore="false" POS="N" name="employee"/>
    </lexUnit>
    <lexUnit status="Created" POS="V" name="commission.v" ID="11168" lemmaID="7360" cBy="MiL" cDate="11/18/2004 01:39:52 PST Thu">
        <definition>COD: order or authorize (someone) to do or produce something</definition>
        <sentenceCount annotated="0" total="0"/>
        <lexeme order="1" headword="false" breakBefore="false" POS="V" name="commission"/>
    </lexUnit>
    <lexUnit status="Created" POS="N" name="personnel.n" ID="11685" lemmaID="28585" cBy="JKR" cDate="03/03/2005 09:05:28 PST Thu">
        <definition>COD: people employed in an organization or engaged in an organized undertaking</definition>
        <sentenceCount annotated="23" total="23"/>
        <lexeme order="1" headword="false" breakBefore="false" POS="N" name="personnel"/>
    </lexUnit>
    <lexUnit status="Finished_Initial" POS="N" name="staff.n" ID="11771" lemmaID="37696" cBy="JKR" cDate="03/24/2005 06:32:35 PST Thu">
        <definition>COD:  the employees of a particular organization</definition>
        <sentenceCount annotated="49" total="383"/>
        <lexeme order="1" headword="false" breakBefore="false" POS="N" name="staff"/>
    </lexUnit>
    <lexUnit status="Created" POS="N" name="employment.n" ID="12591" lemmaID="12636" cBy="JKR" cDate="08/02/2005 05:40:14 PDT Tue">
        <definition>FN: the action of employing</definition>
        <sentenceCount annotated="1" total="1"/>
        <lexeme order="1" headword="false" breakBefore="false" POS="N" name="employment"/>
    </lexUnit>
    <lexUnit status="Created" POS="N" name="worker.n" ID="13351" lemmaID="44472" cBy="RLG" cDate="07/10/2006 01:46:45 PDT Mon">
        <definition>COD: a person who works.</definition>
        <sentenceCount annotated="12" total="12"/>
        <lexeme order="1" headword="false" breakBefore="false" POS="N" name="worker"/>
    </lexUnit>
</frame>