<?xml version="1.0" encoding="UTF-8" standalone="yes"?>
<?xml-stylesheet type="text/xsl" href="frame.xsl"?>
<frame cBy="CFB" cDate="02/18/2001 01:08:38 PST Sun" name="Eventive_affecting" ID="88" xsi:schemaLocation="../schema/frame.xsd" xmlns="http://framenet.icsi.berkeley.edu" xmlns:xsi="http://www.w3.org/2001/XMLSchema-instance">
    <definition>&lt;def-root&gt;An &lt;fen&gt;Entity&lt;/fen&gt; undergoes some change (the &lt;fen&gt;Event&lt;/fen&gt;) that is (or is construed as) punctual.  (This frame exists mainly to allow common FEs to be inherited.)

&lt;ex&gt;&lt;fex name="Event"&gt;This&lt;/fex&gt; &lt;t&gt;happens&lt;/t&gt; &lt;fex name="Entity"&gt;to me&lt;/fex&gt; &lt;fex name="Frequency"&gt;all the time&lt;/fex&gt;.&lt;/ex&gt;

&lt;ex&gt;&lt;fex name="Entity"&gt;The area&lt;/fex&gt; was &lt;t&gt;struck&lt;/t&gt; &lt;fex name="Event"&gt;by tragedy&lt;/fex&gt; &lt;fex name="Time"&gt;in 1996&lt;/fex&gt;, &lt;fex name="Time"&gt;when an assassin killed 35 people in Port Arthur.&lt;/fex&gt;&lt;/ex&gt;&lt;/def-root&gt;</definition>
    <FE bgColor="FF0000" fgColor="FFFFFF" coreType="Core-Unexpressed" cBy="CFB" cDate="02/18/2001 01:10:20 PST Sun" abbrev="Evnt" name="Event" ID="403">
        <definition>&lt;def-root&gt;This FE identifies the event which occurs and affects the &lt;fen&gt;Entity&lt;/fen&gt;.&lt;/def-root&gt;</definition>
        <semType name="State_of_affairs" ID="177"/>
    </FE>
    <FE bgColor="008000" fgColor="FFFFFF" coreType="Peripheral" cBy="CFB" cDate="02/18/2001 01:10:55 PST Sun" abbrev="Place" name="Place" ID="404">
        <definition>&lt;def-root&gt;This FE identifies where the event takes place.&lt;/def-root&gt;</definition>
        <semType name="Locative_relation" ID="182"/>
    </FE>
    <FE bgColor="FFA500" fgColor="FFFFFF" coreType="Peripheral" cBy="CFB" cDate="02/18/2001 01:11:43 PST Sun" abbrev="Time" name="Time" ID="405">
        <definition>&lt;def-root&gt;This FE identifies the time when the event occurs.&lt;/def-root&gt;</definition>
        <semType name="Time" ID="141"/>
    </FE>
    <FE bgColor="800080" fgColor="FFFFFF" coreType="Extra-Thematic" cBy="MRLP" cDate="06/01/2001 04:21:01 PDT Fri" abbrev="Exp" name="Explanation" ID="693">
        <definition>&lt;def-root&gt;This FE identifies the &lt;fen&gt;Explanation&lt;/fen&gt; for which an event occurs.&lt;/def-root&gt;</definition>
        <semType name="State_of_affairs" ID="177"/>
    </FE>
    <FE bgColor="0000FF" fgColor="FFFFFF" coreType="Core" cBy="MJE" cDate="06/29/2001 06:43:48 PDT Fri" abbrev="Ent" name="Entity" ID="1190">
        <definition>&lt;def-root&gt;This FE identifies the entity, concrete or abstract.&lt;/def-root&gt;</definition>
    </FE>
    <FE bgColor="FF00FF" fgColor="FFFFFF" coreType="Peripheral" cBy="MJE" cDate="06/15/2006 04:11:43 PDT Thu" abbrev="" name="Manner" ID="10304">
        <definition>&lt;def-root&gt;Any description of the event which is not covered by more specific FEs, including secondary effects (quietly, loudly) and general descriptions comparing events (the same way).&lt;/def-root&gt;</definition>
    </FE>
    <FE bgColor="FF69B4" fgColor="FFFFFF" coreType="Extra-Thematic" cBy="KmG" cDate="06/12/2008 05:07:11 PDT Thu" abbrev="Fre" name="Frequency" ID="12780">
        <definition>&lt;def-root&gt;How often the &lt;fen&gt;Event&lt;/fen&gt; happens to the &lt;fen&gt;Entity&lt;/fen&gt;.&lt;/def-root&gt;</definition>
    </FE>
    <frameRelation type="Inherits from">
        <relatedFrame ID="187">Event</relatedFrame>
    </frameRelation>
    <frameRelation type="Is Inherited by">
        <relatedFrame ID="178">Transfer</relatedFrame>
        <relatedFrame ID="206">Lose_possession</relatedFrame>
        <relatedFrame ID="5">Causation</relatedFrame>
        <relatedFrame ID="1908">Historic_event</relatedFrame>
        <relatedFrame ID="1919">Aging</relatedFrame>
        <relatedFrame ID="1302">Response</relatedFrame>
        <relatedFrame ID="54">Arriving</relatedFrame>
        <relatedFrame ID="57">Departing</relatedFrame>
        <relatedFrame ID="98">Eventive_cognizer_affecting</relatedFrame>
        <relatedFrame ID="1801">Destiny</relatedFrame>
        <relatedFrame ID="2577">Explosion</relatedFrame>
    </frameRelation>
    <frameRelation type="Perspective on"/>
    <frameRelation type="Is Perspectivized in"/>
    <frameRelation type="Uses"/>
    <frameRelation type="Is Used by">
        <relatedFrame ID="125">Social_event</relatedFrame>
        <relatedFrame ID="135">Memory</relatedFrame>
        <relatedFrame ID="27">Coming_up_with</relatedFrame>
        <relatedFrame ID="166">Activity_stop</relatedFrame>
        <relatedFrame ID="146">Activity_start</relatedFrame>
        <relatedFrame ID="170">Activity_prepare</relatedFrame>
        <relatedFrame ID="167">Activity_pause</relatedFrame>
        <relatedFrame ID="1725">Undergoing</relatedFrame>
        <relatedFrame ID="115">Catastrophe</relatedFrame>
        <relatedFrame ID="1906">Individual_history</relatedFrame>
    </frameRelation>
    <frameRelation type="Subframe of"/>
    <frameRelation type="Has Subframe(s)"/>
    <frameRelation type="Precedes"/>
    <frameRelation type="Is Preceded by"/>
    <frameRelation type="Is Inchoative of"/>
    <frameRelation type="Is Causative of"/>
    <frameRelation type="See also"/>
    <lexUnit status="Created" POS="V" name="happen.v" ID="2500" lemmaID="17414" cBy="MJE" cDate="06/03/2001 05:55:00 PDT Sun">
        <definition>COD: take place, occur</definition>
        <sentenceCount annotated="1" total="1"/>
        <lexeme order="1" headword="false" breakBefore="false" POS="V" name="happen"/>
    </lexUnit>
    <lexUnit status="Needs_SCs" POS="V" name="strike.v" ID="15115" lemmaID="38350" cBy="KmG" cDate="06/12/2008 05:09:34 PDT Thu">
        <definition>FN: occur with less-than-desirable consequences</definition>
        <sentenceCount annotated="9" total="260"/>
        <lexeme order="1" headword="false" breakBefore="false" POS="V" name="strike"/>
    </lexUnit>
    <lexUnit status="Created" POS="V" name="see.v" ID="16366" lemmaID="34838" cBy="AlK" cDate="06/15/2011 05:27:28 PDT Wed">
        <definition>FN: experience the occurrence of an event.</definition>
        <sentenceCount annotated="0" total="0"/>
        <lexeme order="1" headword="false" breakBefore="false" POS="V" name="see"/>
    </lexUnit>
    <lexUnit status="Created" POS="V" name="hit.v" ID="16385" lemmaID="51328" cBy="MLC" cDate="07/07/2011 02:27:37 PDT Thu">
        <definition>FN: to occur suddenly and with less-than-desirable consequences. </definition>
        <sentenceCount annotated="10" total="10"/>
        <lexeme order="1" headword="true" breakBefore="false" POS="V" name="hit"/>
    </lexUnit>
    <lexUnit status="Created" POS="V" name="what become (of).v" ID="17475" lemmaID="51683" cBy="MJE" cDate="05/16/2014 04:15:18 PDT Fri">
        <definition>FN: (questioning the subject) happen (to) [implying likely negative impact on the entity affected]</definition>
        <sentenceCount annotated="0" total="0"/>
        <lexeme order="1" headword="false" breakBefore="false" POS="N" name="what"/>
        <lexeme order="2" headword="true" breakBefore="true" POS="V" name="become"/>
    </lexUnit>
</frame>