<?xml version="1.0" encoding="UTF-8" standalone="yes"?>
<?xml-stylesheet type="text/xsl" href="frame.xsl"?>
<frame cBy="AlK" cDate="08/19/2010 01:05:32 PDT Thu" name="Exercising" ID="2400" xsi:schemaLocation="../schema/frame.xsd" xmlns="http://framenet.icsi.berkeley.edu" xmlns:xsi="http://www.w3.org/2001/XMLSchema-instance">
    <definition>&lt;def-root&gt;An &lt;fen&gt;Agent&lt;/fen&gt; actively maintains or improves their level of phyiscal fitness. The action may target a specific &lt;fen&gt;Body_part&lt;/fen&gt;, or happen through a particular &lt;fen&gt;Means&lt;/fen&gt;.

&lt;ex&gt;&lt;fex name="Agent"&gt;Football players&lt;/fex&gt; &lt;t&gt;exercise&lt;/t&gt; &lt;fex name="Frequency"&gt;every day&lt;/fex&gt;.&lt;/ex&gt;
&lt;ex&gt;Don't &lt;t&gt;work out&lt;/t&gt; &lt;fex name="Body_part"&gt;your legs&lt;/fex&gt; &lt;fex name="Time"&gt;after a long run&lt;/fex&gt;. &lt;fex name="Agent"&gt;CNI&lt;/fex&gt;&lt;/ex&gt;&lt;/def-root&gt;</definition>
    <FE bgColor="FF0000" fgColor="FFFFFF" coreType="Core" cBy="AlK" cDate="08/19/2010 01:11:40 PDT Thu" abbrev="" name="Agent" ID="14170">
        <definition>&lt;def-root&gt;The person who is trying to improve or maintain their physical fitness.

&lt;ex&gt;&lt;fex name="Agent"&gt;The manager&lt;/fex&gt; &lt;t&gt;exercises&lt;/t&gt; before and after work.&lt;/ex&gt;&lt;/def-root&gt;</definition>
        <semType name="Human" ID="80"/>
    </FE>
    <FE bgColor="800080" fgColor="FFFFFF" coreType="Peripheral" cBy="AlK" cDate="08/19/2010 01:11:48 PDT Thu" abbrev="" name="Body_part" ID="14171">
        <definition>&lt;def-root&gt;An area of the &lt;fen&gt;Agent&lt;/fen&gt;'s body that the activity is direct at.

&lt;ex&gt;Is there a way to &lt;t&gt;exercise&lt;/t&gt; &lt;fex name="Body_part"&gt;the neck muscles&lt;/fex&gt;?&lt;/ex&gt;&lt;/def-root&gt;</definition>
    </FE>
    <FE bgColor="FF00FF" fgColor="FFFFFF" coreType="Peripheral" cBy="AlK" cDate="08/19/2010 01:12:02 PDT Thu" abbrev="" name="Means" ID="14172">
        <definition>&lt;def-root&gt;Something that the &lt;fen&gt;Agent&lt;/fen&gt; uses to exercise.

&lt;ex&gt;He &lt;t&gt;trains&lt;/t&gt; &lt;fex name="Means"&gt;with weight machines&lt;/fex&gt;.&lt;/ex&gt;&lt;/def-root&gt;</definition>
    </FE>
    <FE bgColor="FF69B4" fgColor="FFFFFF" coreType="Peripheral" cBy="AlK" cDate="08/19/2010 01:12:12 PDT Thu" abbrev="" name="Manner" ID="14173">
        <definition>&lt;def-root&gt;A general description of how the &lt;fen&gt;Agent&lt;/fen&gt; acts while exercising.

&lt;ex&gt;With only 2 weeks until the race, Joan was &lt;t&gt;exercising&lt;/t&gt; &lt;fex name="Manner"&gt;frantically&lt;/fex&gt;.&lt;/ex&gt;&lt;/def-root&gt;</definition>
    </FE>
    <FE bgColor="FFA500" fgColor="FFFFFF" coreType="Peripheral" cBy="AlK" cDate="08/19/2010 01:12:18 PDT Thu" abbrev="" name="Time" ID="14174">
        <definition>&lt;def-root&gt;The time that the &lt;fen&gt;Agent&lt;/fen&gt; exercises.

&lt;ex&gt;I like to &lt;t&gt;exercise&lt;/t&gt; &lt;fex name="Time"&gt;at 3 am&lt;/fex&gt;.&lt;/ex&gt;&lt;/def-root&gt;</definition>
    </FE>
    <FE bgColor="008000" fgColor="FFFFFF" coreType="Peripheral" cBy="AlK" cDate="08/19/2010 01:12:39 PDT Thu" abbrev="" name="Place" ID="14175">
        <definition>&lt;def-root&gt;The location of the Agent while exercising.

&lt;ex&gt;Some people only &lt;t&gt;exercise&lt;/t&gt; &lt;fex name="Place"&gt;in gyms&lt;/fex&gt;.&lt;/ex&gt;&lt;/def-root&gt;</definition>
    </FE>
    <FE bgColor="1E90FF" fgColor="FFFFFF" coreType="Peripheral" cBy="AlK" cDate="08/19/2010 01:13:28 PDT Thu" abbrev="" name="Frequency" ID="14176">
        <definition>&lt;def-root&gt;How often the &lt;fen&gt;Agent&lt;/fen&gt; works on their fitness.

&lt;ex&gt;He &lt;fex name="Frequency"&gt;rarely&lt;/fex&gt; &lt;t&gt;works out&lt;/t&gt;.&lt;/ex&gt;&lt;/def-root&gt;</definition>
    </FE>
    <FE bgColor="7FFF00" fgColor="800080" coreType="Peripheral" cBy="MLC" cDate="09/27/2010 05:01:53 PDT Mon" abbrev="sub" name="Subtype" ID="14216">
        <definition>&lt;def-root&gt;This frame element describes a subtype of the more general exercise category. &lt;/def-root&gt;</definition>
    </FE>
    <FE bgColor="9400D3" fgColor="FFFFFF" coreType="Peripheral" cBy="CVa" cDate="08/15/2013 01:01:50 PDT Thu" abbrev="" name="Purpose" ID="15943">
        <definition>&lt;def-root&gt;The purpose for which the &lt;fen&gt;Agent&lt;/fen&gt; exercises.

&lt;ex&gt;The doctor told me I have to &lt;t&gt;exercise&lt;/t&gt; &lt;fex name="Purpose"&gt;to lose weight&lt;/fex&gt;.&lt;/ex&gt;&lt;/def-root&gt;</definition>
    </FE>
    <frameRelation type="Inherits from">
        <relatedFrame ID="198">Intentionally_act</relatedFrame>
    </frameRelation>
    <frameRelation type="Is Inherited by"/>
    <frameRelation type="Perspective on"/>
    <frameRelation type="Is Perspectivized in"/>
    <frameRelation type="Uses"/>
    <frameRelation type="Is Used by"/>
    <frameRelation type="Subframe of"/>
    <frameRelation type="Has Subframe(s)"/>
    <frameRelation type="Precedes"/>
    <frameRelation type="Is Preceded by"/>
    <frameRelation type="Is Inchoative of"/>
    <frameRelation type="Is Causative of"/>
    <frameRelation type="See also"/>
    <lexUnit status="Created" POS="V" name="exercise.v" ID="16030" lemmaID="13436" cBy="AlK" cDate="08/19/2010 01:29:49 PDT Thu">
        <definition>FN: to engage in activities which maintain or improve the state of one's body</definition>
        <sentenceCount annotated="43" total="43"/>
        <lexeme order="1" headword="false" breakBefore="false" POS="V" name="exercise"/>
    </lexUnit>
    <lexUnit status="Created" POS="V" name="work out.v" ID="16031" lemmaID="51210" cBy="AlK" cDate="08/19/2010 01:30:56 PDT Thu">
        <definition>FN: improve physical strength through directed activity</definition>
        <sentenceCount annotated="0" total="0"/>
        <lexeme order="1" headword="true" breakBefore="false" POS="V" name="work"/>
        <lexeme order="2" headword="false" breakBefore="false" POS="PREP" name="out"/>
    </lexUnit>
    <lexUnit status="Finished_Initial" POS="N" name="exercise.n" ID="16043" lemmaID="13435" cBy="MLC" cDate="09/01/2010 01:10:28 PDT Wed">
        <definition>COD: an activity requiring physical effort carried out for the sake of health and fitness. </definition>
        <sentenceCount annotated="69" total="69"/>
        <lexeme order="1" headword="false" breakBefore="false" POS="N" name="exercise"/>
    </lexUnit>
</frame>