<?xml version="1.0" encoding="UTF-8" standalone="yes"?>
<?xml-stylesheet type="text/xsl" href="frame.xsl"?>
<frame cBy="MJE" cDate="07/15/2005 05:17:55 PDT Fri" name="Exporting" ID="1568" xsi:schemaLocation="../schema/frame.xsd" xmlns="http://framenet.icsi.berkeley.edu" xmlns:xsi="http://www.w3.org/2001/XMLSchema-instance">
    <definition>&lt;def-root&gt;An &lt;fen&gt;Exporter&lt;/fen&gt; moves &lt;fen&gt;Goods&lt;/fen&gt; across a border from an &lt;fen&gt;Exporting_area&lt;/fen&gt; to an &lt;fen&gt;Importing_area&lt;/fen&gt;.

&lt;ex&gt;&lt;fex name="Exporter"&gt;Several companies&lt;/fex&gt; actually make most of their income by &lt;t&gt;exporting&lt;/t&gt; &lt;fex name="Goods"&gt;goods&lt;/fex&gt; &lt;fex name="Exporting_area"&gt;out of the country&lt;/fex&gt;.&lt;/ex&gt;
&lt;ex&gt;&lt;t&gt;Exportation&lt;/t&gt; &lt;fex name="Importing_area"&gt;into nations of "special interest"&lt;/fex&gt; is essentially prohibited.&lt;/ex&gt;&lt;/def-root&gt;</definition>
    <FE bgColor="FF0000" fgColor="FFFFFF" coreType="Core" cBy="MJE" cDate="07/15/2005 05:17:55 PDT Fri" abbrev="Agt" name="Exporter" ID="8554">
        <definition>&lt;def-root&gt;The conscious entity, generally a person, that moves the &lt;fen&gt;Goods&lt;/fen&gt; across a border out of the &lt;fen&gt;Exporting_area&lt;/fen&gt;.  

Very often, an &lt;fen&gt;Exporting_area&lt;/fen&gt; will metonymically stand in for the person or persons directly responsible for the movement of the &lt;fen&gt;Goods&lt;/fen&gt;.  In such cases the constituent should be labeled &lt;fen&gt;Exporter&lt;/fen&gt; on the first layer and with the appropriate locational FE on the second layer.
&lt;ex&gt;&lt;fex name="Exporter"&gt;The U.S.&lt;/fex&gt; &lt;t&gt;exports&lt;/t&gt; most of its peanut products.&lt;/ex&gt;&lt;/def-root&gt;</definition>
        <semType name="Sentient" ID="5"/>
    </FE>
    <FE bgColor="808080" fgColor="FFFFFF" coreType="Peripheral" cBy="MJE" cDate="07/15/2005 05:17:55 PDT Fri" abbrev="Veh" name="Vehicle" ID="8555">
        <definition>&lt;def-root&gt;A mobile entity directed by the &lt;fen&gt;Exporter&lt;/fen&gt; that holds the &lt;fen&gt;Goods&lt;/fen&gt; and moves them along from the &lt;fen&gt;Exporting_area&lt;/fen&gt; to the &lt;fen&gt;Importing_area&lt;/fen&gt;. &lt;/def-root&gt;</definition>
    </FE>
    <FE bgColor="FF69B4" fgColor="FFFFFF" coreType="Peripheral" cBy="MJE" cDate="07/15/2005 05:17:55 PDT Fri" abbrev="Mnr" name="Manner" ID="8556">
        <definition>&lt;def-root&gt;Any description of the event which is not covered by more specific FEs, including secondary effects (quietly, loudly), and general descriptions comparing events (the same way). It may also indicate salient characteristics of an &lt;fen&gt;Exporter&lt;/fen&gt; that also affect the action (presumptuously, coldly, deliberately, eagerly, carefully). &lt;/def-root&gt;</definition>
        <semType name="Manner" ID="173"/>
    </FE>
    <FE bgColor="A52A2A" fgColor="FFFFFF" coreType="Peripheral" cBy="MJE" cDate="07/15/2005 05:17:55 PDT Fri" abbrev="Mns" name="Means" ID="8557">
        <definition>&lt;def-root&gt;An intentional action performed by the &lt;fen&gt;Exporter&lt;/fen&gt; that accomplishes the action indicated by the target. &lt;/def-root&gt;</definition>
        <semType name="State_of_affairs" ID="177"/>
    </FE>
    <FE bgColor="0000FF" fgColor="FFFFFF" coreType="Core" cBy="MJE" cDate="07/15/2005 05:17:55 PDT Fri" abbrev="Goods" name="Goods" ID="8558">
        <definition>&lt;def-root&gt;The items of value whose location is changing.&lt;/def-root&gt;</definition>
    </FE>
    <FE bgColor="800080" fgColor="FFFFFF" coreType="Extra-Thematic" cBy="MJE" cDate="07/15/2005 05:17:55 PDT Fri" abbrev="Purp" name="Purpose" ID="8559">
        <definition>&lt;def-root&gt;This FE identifies the state-of-affairs that the &lt;fen&gt;Exporter&lt;/fen&gt; is attempting to bring about by exporting.
&lt;/def-root&gt;</definition>
        <semType name="State_of_affairs" ID="177"/>
    </FE>
    <FE bgColor="9F79EE" fgColor="FFFFFF" coreType="Extra-Thematic" cBy="MJE" cDate="07/15/2005 05:17:55 PDT Fri" abbrev="Reason" name="Explanation" ID="8560">
        <definition>&lt;def-root&gt;A state of affairs that explains why the &lt;fen&gt;Exporter&lt;/fen&gt; moves the &lt;fen&gt;Goods&lt;/fen&gt; across the border.
&lt;/def-root&gt;</definition>
        <semType name="State_of_affairs" ID="177"/>
    </FE>
    <FE bgColor="FFA500" fgColor="FFFFFF" coreType="Peripheral" cBy="MJE" cDate="07/15/2005 05:17:55 PDT Fri" abbrev="Time" name="Time" ID="8561">
        <definition>&lt;def-root&gt;This FE identifies the time when the &lt;fen&gt;Exporter&lt;/fen&gt; moves the &lt;fen&gt;Goods&lt;/fen&gt;.&lt;/def-root&gt;</definition>
        <semType name="Time" ID="141"/>
    </FE>
    <FE bgColor="9400D3" fgColor="FFFFFF" coreType="Extra-Thematic" cBy="MJE" cDate="07/15/2005 05:17:55 PDT Fri" abbrev="Dep" name="Depictive" ID="8562">
        <definition>&lt;def-root&gt;This FE identifies the state of a participant during the action
&lt;ex&gt;Kazakhstan &lt;t&gt;exported&lt;/t&gt; the petroleum, &lt;fex name="Depictive"&gt;gleeful at how much they were earning&lt;/fex&gt;.&lt;/ex&gt;&lt;/def-root&gt;</definition>
    </FE>
    <FE bgColor="00BFFF" fgColor="FFFFFF" coreType="Core" cBy="MJE" cDate="07/15/2005 05:17:55 PDT Fri" abbrev="Goal" name="Importing_area" ID="8563">
        <definition>&lt;def-root&gt;The FE &lt;fen&gt;Importing_area&lt;/fen&gt; is the place that the &lt;fen&gt;Goods&lt;/fen&gt; end up as a result of motion.

&lt;/def-root&gt;</definition>
    </FE>
    <FE bgColor="2E8B57" fgColor="FFFFFF" coreType="Peripheral" cBy="MJE" cDate="07/15/2005 05:17:55 PDT Fri" abbrev="Path" name="Path" ID="8564">
        <definition>&lt;def-root&gt;&lt;fen&gt;Path&lt;/fen&gt; identifies the location of the &lt;fen&gt;Goods&lt;/fen&gt; during transit, i.e. after leaving the &lt;fen&gt;Exporting_area&lt;/fen&gt; and before reaching the &lt;fen&gt;Importing_area&lt;/fen&gt;.

&lt;ex&gt;The &lt;t&gt;exportation&lt;/t&gt; of goods &lt;fex name="Path"&gt;across state lines&lt;/fex&gt; is strictly prohibited.&lt;/ex&gt;&lt;/def-root&gt;</definition>
    </FE>
    <FE bgColor="006400" fgColor="FFFFFF" coreType="Core" cBy="MJE" cDate="07/15/2005 05:17:55 PDT Fri" abbrev="Src" name="Exporting_area" ID="8565">
        <definition>&lt;def-root&gt;The place where the &lt;fen&gt;Goods&lt;/fen&gt; are initially, before the the &lt;fen&gt;Exporter&lt;/fen&gt; moves them.

&lt;/def-root&gt;</definition>
    </FE>
    <FE bgColor="00008B" fgColor="FFFFFF" coreType="Extra-Thematic" cBy="KmG" cDate="01/16/2007 01:11:10 PST Tue" abbrev="re-e" name="Re-encoding" ID="10974">
        <definition>&lt;def-root&gt;This FE presents the current frame as an integral part of a larger conceptualization expressed by another frame. &lt;/def-root&gt;</definition>
    </FE>
    <FE bgColor="EEE8AA" fgColor="000000" coreType="Peripheral" cBy="KmG" cDate="02/20/2007 06:16:33 PST Tue" abbrev="typ" name="Type" ID="11063">
        <definition>&lt;def-root&gt;This FE indicates what subtype of the general category the Exporting event belongs to.&lt;/def-root&gt;</definition>
    </FE>
    <frameRelation type="Inherits from"/>
    <frameRelation type="Is Inherited by"/>
    <frameRelation type="Perspective on">
        <relatedFrame ID="422">Import_export_scenario</relatedFrame>
    </frameRelation>
    <frameRelation type="Is Perspectivized in"/>
    <frameRelation type="Uses">
        <relatedFrame ID="172">Commerce_sell</relatedFrame>
    </frameRelation>
    <frameRelation type="Is Used by"/>
    <frameRelation type="Subframe of"/>
    <frameRelation type="Has Subframe(s)"/>
    <frameRelation type="Precedes"/>
    <frameRelation type="Is Preceded by"/>
    <frameRelation type="Is Inchoative of"/>
    <frameRelation type="Is Causative of"/>
    <frameRelation type="See also"/>
    <lexUnit status="Created" POS="N" name="exportation.n" ID="12468" lemmaID="13588" cBy="MJE" cDate="07/15/2005 05:29:14 PDT Fri">
        <definition>FN: the act of moving goods out of an area for purposes of sale.</definition>
        <sentenceCount annotated="5" total="6"/>
        <lexeme order="1" headword="false" breakBefore="false" POS="N" name="exportation"/>
    </lexUnit>
    <lexUnit status="Finished_Initial" POS="V" name="export.v" ID="12469" lemmaID="13586" cBy="MJE" cDate="07/15/2005 05:30:07 PDT Fri">
        <definition>COD: send (goods or services) to another country for sale.</definition>
        <sentenceCount annotated="32" total="222"/>
        <lexeme order="1" headword="false" breakBefore="false" POS="V" name="export"/>
    </lexUnit>
    <lexUnit status="Created" POS="N" name="export [act].n" ID="12470" lemmaID="13585" cBy="MJE" cDate="07/15/2005 05:30:41 PDT Fri">
        <definition>COD: the exporting of goods or services. </definition>
        <sentenceCount annotated="13" total="13"/>
        <lexeme order="1" headword="false" breakBefore="false" POS="N" name="export"/>
    </lexUnit>
    <lexUnit status="Created" POS="N" name="export [entity].n" ID="12516" lemmaID="13585" cBy="RLG" cDate="07/20/2005 10:04:34 PDT Wed">
        <definition>COD:  an exported commodity, article, or service.</definition>
        <sentenceCount annotated="3" total="3"/>
        <lexeme order="1" headword="false" breakBefore="false" POS="N" name="export"/>
    </lexUnit>
</frame>