<?xml version="1.0" encoding="UTF-8" standalone="yes"?>
<?xml-stylesheet type="text/xsl" href="frame.xsl"?>
<frame cBy="RLG" cDate="07/14/2011 01:23:21 PDT Thu" name="Fall_for" ID="2572" xsi:schemaLocation="../schema/frame.xsd" xmlns="http://framenet.icsi.berkeley.edu" xmlns:xsi="http://www.w3.org/2001/XMLSchema-instance">
    <definition>&lt;def-root&gt;A &lt;fen&gt;Victim&lt;/fen&gt; comes to have incorrect beliefs as a result of exposure to a &lt;fen&gt;Deception&lt;/fen&gt;. The &lt;fen&gt;Deception&lt;/fen&gt; is necessarily orchestrated by one or more agents, though these are not expressible by the LUs in this frame.

&lt;ex&gt;&lt;fex name="vic"&gt;The public&lt;/fex&gt; was too clever to &lt;t&gt;fall for&lt;/t&gt; &lt;fex name="dec"&gt;the type of propaganda prevalent in London at the time&lt;/fex&gt;.&lt;/ex&gt;&lt;/def-root&gt;</definition>
    <FE bgColor="0000FF" fgColor="FFFFFF" coreType="Core" cBy="RLG" cDate="07/14/2011 01:38:33 PDT Thu" abbrev="vic" name="Victim" ID="14497">
        <definition>&lt;def-root&gt;The &lt;fen&gt;Victim&lt;/fen&gt; has false beliefs as a result of exposure to a &lt;fex name="dec"&gt;Deception&lt;/fex&gt;.

&lt;ex&gt;&lt;fex name="vic"&gt;Seventeen respected scientists&lt;/fex&gt; &lt;t&gt;fell for&lt;/t&gt; the lie before it was revealed as a hoax.&lt;/ex&gt;&lt;/def-root&gt;</definition>
    </FE>
    <FE bgColor="808080" fgColor="FFFFFF" coreType="Core" cBy="RLG" cDate="07/14/2011 01:39:47 PDT Thu" abbrev="dec" name="Deception" ID="14498">
        <definition>&lt;def-root&gt;The &lt;fen&gt;Deception&lt;/fen&gt; is perceived by the &lt;fen&gt;Victim&lt;/fen&gt;, leading to false beliefs. The &lt;fen&gt;Deception&lt;/fen&gt;, orchestrated by an agent or agents with the intention of deception, may be any misinformation, event, or situation perceived by the &lt;fen&gt;Victim&lt;/fen&gt;.

&lt;ex&gt;Even the smartest person can fall for &lt;fex name="dec"&gt;a cleverly-designed scam&lt;/fex&gt;.&lt;/ex&gt;&lt;/def-root&gt;</definition>
    </FE>
    <FE bgColor="FFA500" fgColor="FFFFFF" coreType="Peripheral" cBy="RLG" cDate="07/14/2011 01:58:36 PDT Thu" abbrev="tim" name="Time" ID="14499">
        <definition>&lt;def-root&gt;The &lt;fen&gt;Time&lt;/fen&gt; when the &lt;fen&gt;Victim&lt;/fen&gt; falls for the &lt;fen&gt;Deception&lt;/fen&gt;.

&lt;ex&gt;They &lt;t&gt;fell for&lt;/t&gt; it &lt;fex name="tim"&gt;immediately&lt;/fex&gt;.&lt;/ex&gt;&lt;/def-root&gt;</definition>
        <semType name="Time" ID="141"/>
    </FE>
    <FE bgColor="008000" fgColor="FFFFFF" coreType="Peripheral" cBy="RLG" cDate="07/14/2011 01:59:22 PDT Thu" abbrev="pla" name="Place" ID="14500">
        <definition>&lt;def-root&gt;The &lt;fen&gt;Place&lt;/fen&gt; where the &lt;fen&gt;Victim&lt;/fen&gt; falls for the &lt;fen&gt;Deception&lt;/fen&gt;.

&lt;ex&gt;Young children were found to accept ridiculous ideas in the classroom which they would &lt;t&gt;fall for&lt;/t&gt; &lt;fex name="pla"&gt;at home&lt;/fex&gt;.&lt;/ex&gt;&lt;/def-root&gt;</definition>
        <semType name="Location" ID="54"/>
    </FE>
    <FE bgColor="FF00FF" fgColor="FFFFFF" coreType="Peripheral" cBy="RLG" cDate="07/14/2011 02:38:44 PDT Thu" abbrev="man" name="Manner" ID="14501">
        <definition>&lt;def-root&gt;A description of the way &lt;fen&gt;Victim&lt;/fen&gt; is deceived which is not covered by more specific FEs.

&lt;ex&gt;I can't believe she &lt;fex name="man"&gt;so gullibly&lt;/fex&gt; &lt;t&gt;fell for&lt;/t&gt; his lies and flattery.&lt;/ex&gt;&lt;/def-root&gt;</definition>
    </FE>
    <FE bgColor="FF69B4" fgColor="FFFFFF" coreType="Peripheral" cBy="RLG" cDate="07/14/2011 02:43:37 PDT Thu" abbrev="deg" name="Degree" ID="14502">
        <definition>&lt;def-root&gt;The Degree to which the &lt;fen&gt;Victim&lt;/fen&gt; believes the &lt;fen&gt;Deception&lt;/fen&gt;.

&lt;ex&gt;He &lt;t&gt;fell for&lt;/t&gt; it &lt;fex name="deg"&gt;completely&lt;/fex&gt;.&lt;/ex&gt;
&lt;ex&gt;Thankfully I only &lt;fex name="deg"&gt;partially&lt;/fex&gt; &lt;t&gt;fell for&lt;/t&gt; the scam.&lt;/ex&gt;&lt;/def-root&gt;</definition>
    </FE>
    <frameRelation type="Inherits from"/>
    <frameRelation type="Is Inherited by"/>
    <frameRelation type="Perspective on">
        <relatedFrame ID="2573">Deception_success</relatedFrame>
    </frameRelation>
    <frameRelation type="Is Perspectivized in"/>
    <frameRelation type="Uses">
        <relatedFrame ID="23">Coming_to_believe</relatedFrame>
    </frameRelation>
    <frameRelation type="Is Used by"/>
    <frameRelation type="Subframe of"/>
    <frameRelation type="Has Subframe(s)"/>
    <frameRelation type="Precedes"/>
    <frameRelation type="Is Preceded by"/>
    <frameRelation type="Is Inchoative of"/>
    <frameRelation type="Is Causative of"/>
    <frameRelation type="See also"/>
    <lexUnit status="Created" POS="V" name="fall for.v" ID="16396" lemmaID="51329" cBy="RLG" cDate="07/14/2011 02:35:09 PDT Thu">
        <definition>FN: be deceived; come to have false beliefs or come to an incorrect conclusion as a result of deception.</definition>
        <sentenceCount annotated="0" total="0"/>
        <lexeme order="1" headword="true" breakBefore="false" POS="V" name="fall"/>
        <lexeme order="2" headword="false" breakBefore="true" POS="PREP" name="for"/>
    </lexUnit>
    <lexUnit status="Created" POS="V" name="swallow.v" ID="16397" lemmaID="39063" cBy="RLG" cDate="07/14/2011 03:06:17 PDT Thu">
        <definition>FN: accept without question.</definition>
        <sentenceCount annotated="0" total="0"/>
        <lexeme order="1" headword="false" breakBefore="false" POS="V" name="swallow"/>
    </lexUnit>
</frame>