<?xml version="1.0" encoding="UTF-8" standalone="yes"?>
<?xml-stylesheet type="text/xsl" href="frame.xsl"?>
<frame cBy="RLG" cDate="02/27/2007 02:55:18 PST Tue" name="Fame" ID="1880" xsi:schemaLocation="../schema/frame.xsd" xmlns="http://framenet.icsi.berkeley.edu" xmlns:xsi="http://www.w3.org/2001/XMLSchema-instance">
    <definition>&lt;def-root&gt;An &lt;fen&gt;Entity&lt;/fen&gt; is well-known among a wide range of people (in general or in a particular domain) for a particular &lt;fen&gt;Reason&lt;/fen&gt;, which may be a behavior, characteristic, or some other associated item. In the case of events, fame entails a large number of people being aware of the event's occurence; in the case of concrete entities, including humans, fame entails awareness of existence. In both cases, often fame is accompanied by awareness of the &lt;fen&gt;Entity&lt;/fen&gt;'s significance in historical, cultural, or social contexts.

&lt;ex&gt;&lt;fex name="Entity"&gt;Shakespeare&lt;/fex&gt; &lt;m&gt;was&lt;/m&gt; &lt;t&gt;famous&lt;/t&gt; &lt;fex name="Time"&gt;during his life&lt;/fex&gt; &lt;fex name="Explanation"&gt;because he performed in front of Queen Elizabeth I more than anyone else&lt;/fex&gt;.&lt;/ex&gt;&lt;/def-root&gt;</definition>
    <FE bgColor="FF0000" fgColor="FFFFFF" coreType="Core" cBy="RLG" cDate="02/27/2007 02:55:18 PST Tue" abbrev="Ent" name="Entity" ID="11110">
        <definition>&lt;def-root&gt;The &lt;fen&gt;Entity&lt;/fen&gt; which is widely known and recognized.

&lt;/def-root&gt;</definition>
    </FE>
    <FE bgColor="FF00FF" fgColor="FFFFFF" coreType="Peripheral" cBy="RLG" cDate="02/27/2007 02:55:18 PST Tue" abbrev="" name="Degree" ID="11112">
        <definition>&lt;def-root&gt;A modifier expressing  the degree of fame of the &lt;fen&gt;Entity&lt;/fen&gt;.&lt;/def-root&gt;</definition>
        <semType name="Degree" ID="172"/>
    </FE>
    <FE bgColor="FFA500" fgColor="FFFFFF" coreType="Extra-Thematic" cBy="RLG" cDate="02/27/2007 02:55:18 PST Tue" abbrev="Tim" name="Time" ID="11113">
        <definition>&lt;def-root&gt;The &lt;fen&gt;Time&lt;/fen&gt; during which the &lt;fen&gt;Entity&lt;/fen&gt; is famous.&lt;/def-root&gt;</definition>
        <semType name="Time" ID="141"/>
    </FE>
    <FE bgColor="A52A2A" fgColor="FFFFFF" coreType="Extra-Thematic" cBy="RLG" cDate="02/27/2007 02:55:18 PST Tue" abbrev="cir" name="Circumstances" ID="11114">
        <definition>&lt;def-root&gt;Some specification of the circumstances under which the &lt;fen&gt;Entity&lt;/fen&gt; is considered famous.&lt;/def-root&gt;</definition>
    </FE>
    <FE bgColor="800080" fgColor="FFFFFF" coreType="Extra-Thematic" cBy="RLG" cDate="02/27/2007 04:12:35 PST Tue" abbrev="exp" name="Explanation" ID="11117">
        <definition>&lt;def-root&gt;A state of affairs that provides an explanation (via reasoning, causation, etc.) for the level of fame of the &lt;fen&gt;Entity&lt;/fen&gt;.&lt;/def-root&gt;</definition>
    </FE>
    <FE bgColor="0000FF" fgColor="FFFFFF" coreType="Core" cBy="RLG" cDate="02/28/2007 12:23:17 PST Wed" abbrev="rea" name="Reason" ID="11120">
        <definition>&lt;def-root&gt;The behavior, attribute, or associated entities that provide the reason for the &lt;fen&gt;Entity&lt;/fen&gt; being famous.

&lt;ex&gt;This station is &lt;t&gt;famous&lt;/t&gt; &lt;fex name="rea"&gt;for the many ramen shacks surrounding it&lt;/fex&gt;.&lt;/ex&gt;

&lt;ex&gt;Google is &lt;t&gt;well known&lt;/t&gt; &lt;fex name="rea"&gt;for having attracted and kept some of the best minds in the industry&lt;/fex&gt;.&lt;/ex&gt;&lt;/def-root&gt;</definition>
    </FE>
    <FE bgColor="d0d0d0" fgColor="000000" coreType="Peripheral" cBy="RLG" cDate="02/28/2007 02:53:06 PST Wed" abbrev="dur" name="Duration" ID="11122">
        <definition>&lt;def-root&gt;The length of time during which the &lt;fen&gt;Entity&lt;/fen&gt; is famous.&lt;/def-root&gt;</definition>
    </FE>
    <FE bgColor="008000" fgColor="FFFFFF" coreType="Peripheral" cBy="RLG" cDate="02/28/2007 02:53:51 PST Wed" abbrev="pla" name="Place" ID="11123">
        <definition>&lt;def-root&gt;The location where the &lt;fen&gt;Entity&lt;/fen&gt; is famous.

&lt;ex&gt;Certain people are &lt;t&gt;well known&lt;/t&gt; &lt;fex name="pla"&gt;only in North America&lt;/fex&gt;.&lt;/ex&gt;&lt;/def-root&gt;</definition>
    </FE>
    <FE bgColor="FFFF00" fgColor="006400" coreType="Extra-Thematic" cBy="KmG" cDate="05/29/2008 05:11:42 PDT Thu" abbrev="Rol" name="Role" ID="12684">
        <definition>&lt;def-root&gt;The &lt;fen&gt;Role&lt;/fen&gt; underwhich the &lt;fen&gt;Entity&lt;/fen&gt; become famous.&lt;/def-root&gt;</definition>
    </FE>
    <FE bgColor="FF69B4" fgColor="FFFFFF" coreType="Peripheral" cBy="KmG" cDate="05/29/2008 05:17:55 PDT Thu" abbrev="Mea" name="Means" ID="12685">
        <definition>&lt;def-root&gt;The way in which the &lt;fen&gt;Entity&lt;/fen&gt; becomes famous.&lt;/def-root&gt;</definition>
    </FE>
    <frameRelation type="Inherits from">
        <relatedFrame ID="2411">Personal_success</relatedFrame>
    </frameRelation>
    <frameRelation type="Is Inherited by"/>
    <frameRelation type="Perspective on"/>
    <frameRelation type="Is Perspectivized in"/>
    <frameRelation type="Uses">
        <relatedFrame ID="19">Awareness</relatedFrame>
    </frameRelation>
    <frameRelation type="Is Used by">
        <relatedFrame ID="1881">Obscurity</relatedFrame>
    </frameRelation>
    <frameRelation type="Subframe of"/>
    <frameRelation type="Has Subframe(s)"/>
    <frameRelation type="Precedes"/>
    <frameRelation type="Is Preceded by"/>
    <frameRelation type="Is Inchoative of"/>
    <frameRelation type="Is Causative of"/>
    <frameRelation type="See also"/>
    <lexUnit status="Created" POS="A" name="famous.a" ID="13880" lemmaID="13907" cBy="RLG" cDate="02/27/2007 03:08:42 PST Tue">
        <definition>COD: known about by many people.</definition>
        <sentenceCount annotated="8" total="8"/>
        <lexeme order="1" headword="false" breakBefore="false" POS="A" name="famous"/>
    </lexUnit>
    <lexUnit status="Finished_Initial" POS="N" name="fame.n" ID="13881" lemmaID="13895" cBy="RLG" cDate="02/27/2007 03:10:27 PST Tue">
        <definition>COD: the state of being famous.</definition>
        <sentenceCount annotated="15" total="167"/>
        <lexeme order="1" headword="false" breakBefore="false" POS="N" name="fame"/>
    </lexUnit>
    <lexUnit status="Created" POS="N" name="stature.n" ID="13888" lemmaID="37888" cBy="RLG" cDate="02/28/2007 11:15:54 PST Wed">
        <definition>COD: importance or reputation gained by ability or achievement.</definition>
        <sentenceCount annotated="1" total="1"/>
        <lexeme order="1" headword="false" breakBefore="false" POS="N" name="stature"/>
    </lexUnit>
    <lexUnit status="Finished_Initial" POS="A" name="legendary.a" ID="13889" lemmaID="22032" cBy="RLG" cDate="02/28/2007 11:20:30 PST Wed">
        <definition>COD: remarkable enough to be famous; very well known.</definition>
        <sentenceCount annotated="128" total="212"/>
        <lexeme order="1" headword="false" breakBefore="false" POS="A" name="legendary"/>
    </lexUnit>
    <lexUnit status="Created" POS="A" name="well known.a" ID="13890" lemmaID="50531" cBy="RLG" cDate="02/28/2007 12:07:28 PST Wed">
        <definition>FN: famous.</definition>
        <sentenceCount annotated="1" total="1"/>
        <lexeme order="1" headword="false" breakBefore="false" POS="ADV" name="well"/>
        <lexeme order="2" headword="true" breakBefore="false" POS="A" name="known"/>
    </lexUnit>
    <lexUnit status="Created" POS="A" name="infamous.a" ID="13892" lemmaID="19812" cBy="RLG" cDate="02/28/2007 12:14:48 PST Wed">
        <definition>COD: well known for some bad quality or deed</definition>
        <sentenceCount annotated="0" total="0"/>
        <lexeme order="1" headword="false" breakBefore="false" POS="A" name="infamous"/>
        <semType name="Negative_judgment" ID="14"/>
    </lexUnit>
    <lexUnit status="Created" POS="N" name="renown.n" ID="13893" lemmaID="32633" cBy="RLG" cDate="02/28/2007 12:16:44 PST Wed">
        <definition>COD: the state of being famous.</definition>
        <sentenceCount annotated="0" total="0"/>
        <lexeme order="1" headword="false" breakBefore="false" POS="N" name="renown"/>
    </lexUnit>
    <lexUnit status="Created" POS="A" name="renowned.a" ID="13894" lemmaID="32634" cBy="RLG" cDate="02/28/2007 12:16:55 PST Wed">
        <definition>FN: famous, especially for widely appreciated acts.</definition>
        <sentenceCount annotated="2" total="2"/>
        <lexeme order="1" headword="false" breakBefore="false" POS="A" name="renowned"/>
    </lexUnit>
    <lexUnit status="Created" POS="A" name="notorious.a" ID="14717" lemmaID="26196" cBy="JKs" cDate="01/25/2008 03:06:21 PST Fri">
        <definition>FN: infamous</definition>
        <sentenceCount annotated="0" total="0"/>
        <lexeme order="1" headword="false" breakBefore="false" POS="A" name="notorious"/>
    </lexUnit>
    <lexUnit status="Created" POS="N" name="notoriety.n" ID="14718" lemmaID="50808" cBy="JKs" cDate="01/25/2008 03:08:09 PST Fri">
        <definition>FN: the state of being notorious</definition>
        <sentenceCount annotated="1" total="1"/>
        <lexeme order="1" headword="true" breakBefore="false" POS="N" name="notoriety"/>
    </lexUnit>
    <lexUnit status="Created" POS="N" name="reputation.n" ID="14726" lemmaID="32787" cBy="JKs" cDate="01/25/2008 04:13:35 PST Fri">
        <definition>FN: the opinion of others directed towards an Entity</definition>
        <sentenceCount annotated="3" total="3"/>
        <lexeme order="1" headword="false" breakBefore="false" POS="N" name="reputation"/>
    </lexUnit>
    <lexUnit status="Created" POS="A" name="epic.a" ID="15095" lemmaID="12942" cBy="KmG" cDate="06/10/2008 02:53:41 PDT Tue">
        <definition>FN: being known from (or hypothetically deserving of reference within) poetry of the epic tradition.</definition>
        <sentenceCount annotated="1" total="1"/>
        <lexeme order="1" headword="false" breakBefore="false" POS="A" name="epic"/>
    </lexUnit>
    <lexUnit status="Created" POS="N" name="name.n" ID="16845" lemmaID="25401" cBy="PKe" cDate="01/18/2012 02:30:22 PST Wed">
        <definition>FN: One's name is one's reputation.</definition>
        <sentenceCount annotated="1" total="1"/>
        <lexeme order="1" headword="false" breakBefore="false" POS="N" name="name"/>
    </lexUnit>
    <lexUnit status="Created" POS="N" name="big name.n" ID="16847" lemmaID="51482" cBy="PKe" cDate="01/18/2012 02:49:43 PST Wed">
        <definition>FN: A 'big name' is someone famous in a particular field or domain.</definition>
        <sentenceCount annotated="0" total="0"/>
        <lexeme order="1" headword="true" breakBefore="false" POS="N" name="big_name"/>
    </lexUnit>
    <lexUnit status="Created" POS="V" name="make a name for oneself.v" ID="16850" lemmaID="51484" cBy="PKe" cDate="01/18/2012 03:41:22 PST Wed">
        <definition>FN: To make a name for oneself, one accomplishes some task to recieve notoriety with some group of people.</definition>
        <sentenceCount annotated="0" total="0"/>
        <lexeme order="1" headword="true" breakBefore="false" POS="V" name="make_a_name_for_oneself"/>
    </lexUnit>
    <lexUnit status="Created" POS="A" name="known.a" ID="18015" lemmaID="21466" cBy="MJE" cDate="05/11/2015 03:02:23 PDT Mon">
        <definition>FN: in the public awareness (for some particular reason).</definition>
        <sentenceCount annotated="0" total="0"/>
        <lexeme order="1" headword="false" breakBefore="false" POS="A" name="known"/>
    </lexUnit>
</frame>