<?xml version="1.0" encoding="UTF-8" standalone="yes"?>
<?xml-stylesheet type="text/xsl" href="frame.xsl"?>
<frame cBy="RLG" cDate="02/05/2003 09:39:06 PST Wed" name="Fighting_activity" ID="563" xsi:schemaLocation="../schema/frame.xsd" xmlns="http://framenet.icsi.berkeley.edu" xmlns:xsi="http://www.w3.org/2001/XMLSchema-instance">
    <definition>&lt;def-root&gt;A generally large group of people, the &lt;fen&gt;Combatants&lt;/fen&gt;, are engaged in a chaotic, violent, and usually protracted &lt;fen&gt;Fight&lt;/fen&gt; amongst themselves.  There are no distinct sides, and generally no particular goal (compare Hostile_encounter).  The &lt;fen&gt;Fight&lt;/fen&gt; may be described as having a &lt;fen&gt;Manner&lt;/fen&gt; or &lt;fen&gt;Degree&lt;/fen&gt; of violence.  &lt;fen&gt;Time&lt;/fen&gt; and &lt;fen&gt;Place&lt;/fen&gt; may also be expressed.

&lt;ex&gt;&lt;fex name="Combatants"&gt;The gladiators&lt;/fex&gt; entered the &lt;fex name="Fight"&gt;&lt;t&gt;fray&lt;/t&gt;&lt;/fex&gt;.&lt;/ex&gt;
&lt;/def-root&gt;</definition>
    <FE bgColor="FF0000" fgColor="FFFFFF" coreType="Core" cBy="RLG" cDate="02/05/2003 09:57:06 PST Wed" abbrev="Com" name="Combatants" ID="4193">
        <definition>&lt;def-root&gt;The &lt;fen&gt;Combatants&lt;/fen&gt; participate as fighters in the &lt;fen&gt;Fight&lt;/fen&gt;.
&lt;ex&gt;The football referee's controversial call led to a bloody &lt;t&gt;free-for-all&lt;/t&gt; &lt;fex name="Combatants"&gt;among the fans&lt;/fex&gt;.&lt;/ex&gt;&lt;/def-root&gt;</definition>
    </FE>
    <FE bgColor="A52A2A" fgColor="FFFFFF" coreType="Core" cBy="RLG" cDate="02/05/2003 10:01:09 PST Wed" abbrev="Fight" name="Fight" ID="4194">
        <definition>&lt;def-root&gt;The violent activity.
&lt;ex&gt;I couldn't help but watch as several bruised people reentered the &lt;fex name="Fight"&gt;&lt;t&gt;melee&lt;/t&gt;&lt;/fex&gt;.&lt;/ex&gt;&lt;/def-root&gt;</definition>
    </FE>
    <FE bgColor="008000" fgColor="FFFFFF" coreType="Peripheral" cBy="RLG" cDate="02/05/2003 10:03:32 PST Wed" abbrev="Time" name="Time" ID="4195">
        <definition>&lt;def-root&gt;When the &lt;fen&gt;Fight&lt;/fen&gt; takes place.&lt;/def-root&gt;</definition>
        <semType name="Time" ID="141"/>
    </FE>
    <FE bgColor="FFA500" fgColor="FFFFFF" coreType="Peripheral" cBy="RLG" cDate="02/05/2003 10:04:12 PST Wed" abbrev="Place" name="Place" ID="4196">
        <definition>&lt;def-root&gt;Where the &lt;fen&gt;Fight&lt;/fen&gt; takes place.&lt;/def-root&gt;</definition>
        <semType name="Locative_relation" ID="182"/>
    </FE>
    <FE bgColor="FF00FF" fgColor="FFFFFF" coreType="Peripheral" cBy="RLG" cDate="02/05/2003 10:04:54 PST Wed" abbrev="Mnr" name="Manner" ID="4197">
        <definition>&lt;def-root&gt;The manner of the &lt;fen&gt;Fight&lt;/fen&gt;.
&lt;ex&gt;Officers said they were stunned upon arrival at the scene of the &lt;fex name="Mnr"&gt;raucous&lt;/fex&gt; &lt;t&gt;fray&lt;/t&gt;.&lt;/ex&gt;&lt;/def-root&gt;</definition>
        <semType name="Manner" ID="173"/>
    </FE>
    <FE bgColor="d0d0d0" fgColor="000000" coreType="Extra-Thematic" cBy="RLG" cDate="02/05/2003 10:10:50 PST Wed" abbrev="Deg" name="Degree" ID="4198">
        <definition>&lt;def-root&gt;This is the &lt;fen&gt;Degree&lt;/fen&gt; of violence of the &lt;fen&gt;Fight&lt;/fen&gt;.
&lt;ex&gt;The townspeople engaged in a &lt;fex name="Deg"&gt;full-scale&lt;/fex&gt; &lt;t&gt;free-for-all&lt;/t&gt;.&lt;/ex&gt;&lt;/def-root&gt;</definition>
        <semType name="Degree" ID="172"/>
    </FE>
    <FE bgColor="00BFFF" fgColor="000000" coreType="Peripheral" cBy="RLG" cDate="07/14/2003 02:25:31 PDT Mon" abbrev="SA" name="Salient_activity" ID="4777">
        <definition>&lt;def-root&gt;An activity that engaged in by the &lt;fen&gt;Combatants&lt;/fen&gt; while fighting.
&lt;ex&gt;&lt;fex name="SA"&gt;stabbing&lt;/fex&gt; &lt;t&gt;affray&lt;/t&gt;&lt;/ex&gt;&lt;/def-root&gt;</definition>
    </FE>
    <FE bgColor="800080" fgColor="FFFFFF" coreType="Peripheral" cBy="RLG" cDate="07/14/2003 02:36:01 PDT Mon" abbrev="iss" name="Issue" ID="4778">
        <definition>&lt;def-root&gt;The &lt;fen&gt;Issue&lt;/fen&gt; over which &lt;fen&gt;Fight&lt;/fen&gt; happens.&lt;/def-root&gt;</definition>
        <semType name="State_of_affairs" ID="177"/>
    </FE>
    <FE bgColor="1E90FF" fgColor="FFFFFF" coreType="Peripheral" cBy="RLG" cDate="08/21/2006 03:05:57 PDT Mon" abbrev="dur" name="Duration" ID="10523">
        <definition>&lt;def-root&gt;The amount of time for which the &lt;fen&gt;Fight&lt;/fen&gt; takes place.&lt;/def-root&gt;</definition>
    </FE>
    <FE bgColor="FF69B4" fgColor="FFFFFF" coreType="Peripheral" cBy="RLG" cDate="08/21/2006 03:06:57 PDT Mon" abbrev="mea" name="Means" ID="10524">
        <definition>&lt;def-root&gt;The means by which the &lt;fen&gt;Combatants&lt;/fen&gt; engage in the &lt;fen&gt;Fight&lt;/fen&gt;.&lt;/def-root&gt;</definition>
    </FE>
    <FE bgColor="006400" fgColor="FFFFFF" coreType="Peripheral" cBy="RLG" cDate="08/21/2006 03:08:04 PDT Mon" abbrev="ins" name="Instrument" ID="10525">
        <definition>&lt;def-root&gt;The weapon or other instrument used by the &lt;fen&gt;Combatants&lt;/fen&gt;.&lt;/def-root&gt;</definition>
    </FE>
    <FE bgColor="EEE8AA" fgColor="000000" coreType="Peripheral" cBy="RLG" cDate="08/21/2006 03:13:35 PDT Mon" abbrev="pur" name="Purpose" ID="10526">
        <definition>&lt;def-root&gt;The state of affairs that (some of) he &lt;fen&gt;Combatants&lt;/fen&gt; wish to acheive by fighting.&lt;/def-root&gt;</definition>
        <semType name="State_of_affairs" ID="177"/>
    </FE>
    <frameRelation type="Inherits from">
        <relatedFrame ID="93">Hostile_encounter</relatedFrame>
    </frameRelation>
    <frameRelation type="Is Inherited by"/>
    <frameRelation type="Perspective on"/>
    <frameRelation type="Is Perspectivized in"/>
    <frameRelation type="Uses"/>
    <frameRelation type="Is Used by"/>
    <frameRelation type="Subframe of"/>
    <frameRelation type="Has Subframe(s)"/>
    <frameRelation type="Precedes"/>
    <frameRelation type="Is Preceded by"/>
    <frameRelation type="Is Inchoative of"/>
    <frameRelation type="Is Causative of"/>
    <frameRelation type="See also"/>
    <lexUnit status="Finished_Initial" incorporatedFE="Fight" POS="N" name="melee.n" ID="8268" lemmaID="23913" cBy="RLG" cDate="02/05/2003 10:15:03 PST Wed">
        <definition>COD: a confused crowd or scuffle.</definition>
        <sentenceCount annotated="5" total="37"/>
        <lexeme order="1" headword="false" breakBefore="false" POS="N" name="melee"/>
    </lexUnit>
    <lexUnit status="Insufficient_Attestations" incorporatedFE="Fight" POS="N" name="free-for-all.n" ID="8269" lemmaID="15377" cBy="RLG" cDate="02/05/2003 10:17:00 PST Wed">
        <definition>COD: a disorganized or unrestricted situation or event in which everyone may take part, especially a fight or discussion.</definition>
        <sentenceCount annotated="3" total="33"/>
        <lexeme order="1" headword="false" breakBefore="false" POS="N" name="free-for-all"/>
    </lexUnit>
    <lexUnit status="Finished_Initial" incorporatedFE="Fight" POS="N" name="affray.n" ID="8270" lemmaID="702" cBy="RLG" cDate="02/05/2003 10:17:59 PST Wed">
        <definition>COD: a breach of the peace by fighting in a public place. </definition>
        <sentenceCount annotated="5" total="53"/>
        <lexeme order="1" headword="false" breakBefore="false" POS="N" name="affray"/>
    </lexUnit>
    <lexUnit status="Finished_Initial" incorporatedFE="Fight" POS="N" name="fray.n" ID="8271" lemmaID="47371" cBy="RLG" cDate="02/05/2003 10:23:42 PST Wed">
        <definition>COD: a battle or fight</definition>
        <sentenceCount annotated="8" total="118"/>
        <lexeme order="1" headword="true" breakBefore="false" POS="N" name="fray"/>
    </lexUnit>
    <lexUnit status="Insufficient_Attestations" incorporatedFE="Fight" POS="N" name="donnybrook.n" ID="8272" lemmaID="47372" cBy="RLG" cDate="02/05/2003 10:27:29 PST Wed">
        <definition>COD: a heated argument. </definition>
        <sentenceCount annotated="1" total="4"/>
        <lexeme order="1" headword="true" breakBefore="false" POS="N" name="donnybrook"/>
    </lexUnit>
    <lexUnit status="Finished_Initial" incorporatedFE="Fight" POS="N" name="fracas.n" ID="8280" lemmaID="15290" cBy="RLG" cDate="02/05/2003 11:05:20 PST Wed">
        <definition>COD: a noisy disturbance or quarrel.</definition>
        <sentenceCount annotated="13" total="61"/>
        <lexeme order="1" headword="false" breakBefore="false" POS="N" name="fracas"/>
    </lexUnit>
</frame>