<?xml version="1.0" encoding="UTF-8" standalone="yes"?>
<?xml-stylesheet type="text/xsl" href="frame.xsl"?>
<frame cBy="MJE" cDate="03/03/2014 04:29:27 PST Mon" name="Fire_going_out" ID="2823" xsi:schemaLocation="../schema/frame.xsd" xmlns="http://framenet.icsi.berkeley.edu" xmlns:xsi="http://www.w3.org/2001/XMLSchema-instance">
    <definition>&lt;def-root&gt;A &lt;fen&gt;Fire&lt;/fen&gt; goes out.

&lt;ex&gt;&lt;fex name="Fire"&gt;The fire&lt;/fex&gt; is expected to &lt;t&gt;burn out&lt;/t&gt; &lt;fex name="Time"&gt;within a week&lt;/fex&gt;.&lt;/ex&gt;

&lt;/def-root&gt;</definition>
    <FE bgColor="9400D3" fgColor="FFFFFF" coreType="Extra-Thematic" cBy="MJE" cDate="03/03/2014 04:29:27 PST Mon" abbrev="Depict" name="Depictive" ID="16003">
        <definition>&lt;def-root&gt;This FE identifies the &lt;fen&gt;Depictive&lt;/fen&gt; phrase describing an undergoer of an action during their participation in the event.
&lt;/def-root&gt;</definition>
    </FE>
    <FE bgColor="FF00FF" fgColor="FFFFFF" coreType="Peripheral" cBy="MJE" cDate="03/03/2014 04:29:27 PST Mon" abbrev="Manr" name="Manner" ID="16004">
        <definition>&lt;def-root&gt;This FE identifies the state of the &lt;fen&gt;Fire&lt;/fen&gt; that affects the nature of the event.&lt;/def-root&gt;</definition>
        <semType name="Manner" ID="173"/>
    </FE>
    <FE bgColor="9F79EE" fgColor="FFFFFF" coreType="Extra-Thematic" cBy="MJE" cDate="03/03/2014 04:29:27 PST Mon" abbrev="Result" name="Result" ID="16005">
        <definition>&lt;def-root&gt;This FE identifies the &lt;fen&gt;Result&lt;/fen&gt; of the event.&lt;/def-root&gt;</definition>
    </FE>
    <FE bgColor="008000" fgColor="FFFFFF" coreType="Peripheral" cBy="MJE" cDate="03/03/2014 04:29:27 PST Mon" abbrev="Place" name="Place" ID="16006">
        <definition>&lt;def-root&gt;This FE identifies the &lt;fen&gt;Place&lt;/fen&gt; where the &lt;fen&gt;Fire&lt;/fen&gt; goes out.

&lt;ex&gt;The Forest Service said they will have dedicated employees &lt;fex name="Place"&gt;in the woods&lt;/fex&gt; day and night until the fire &lt;t&gt;is quenched&lt;/t&gt;.&lt;/ex&gt;&lt;/def-root&gt;</definition>
        <semType name="Locative_relation" ID="182"/>
    </FE>
    <FE bgColor="FFA500" fgColor="FFFFFF" coreType="Peripheral" cBy="MJE" cDate="03/03/2014 04:29:27 PST Mon" abbrev="Time" name="Time" ID="16007">
        <definition>&lt;def-root&gt;This FE identifies the &lt;fen&gt;Time&lt;/fen&gt; when the &lt;fen&gt;Fire&lt;/fen&gt; goes out.&lt;/def-root&gt;</definition>
        <semType name="Time" ID="141"/>
    </FE>
    <FE bgColor="0000FF" fgColor="FFFFFF" coreType="Core" cBy="MJE" cDate="03/03/2014 04:29:27 PST Mon" abbrev="Act" name="Fire" ID="16009">
        <definition>&lt;def-root&gt;The combustion process that comes to an end.

&lt;ex&gt;&lt;fex name="Fire"&gt;The fire&lt;/fex&gt; &lt;t&gt;went out&lt;/t&gt; this morning .&lt;/ex&gt;&lt;/def-root&gt;</definition>
    </FE>
    <FE bgColor="FFFF00" fgColor="000000" coreType="Peripheral" cBy="MJE" cDate="03/03/2014 04:29:27 PST Mon" abbrev="" name="Degree" ID="16012">
        <definition>&lt;def-root&gt;This FE describes the how near the &lt;fen&gt;Fire&lt;/fen&gt; is to going out.  


&lt;ex&gt;The firefighters have &lt;fex name="Degree"&gt;nearly&lt;/fex&gt;&lt;t&gt;extinguished&lt;/t&gt; the blaze.&lt;/ex&gt;&lt;/def-root&gt;</definition>
        <semType name="Degree" ID="172"/>
    </FE>
    <FE bgColor="EEE8AA" fgColor="000000" coreType="Extra-Thematic" cBy="MJE" cDate="03/03/2014 04:29:27 PST Mon" abbrev="" name="Explanation" ID="16013">
        <definition>&lt;def-root&gt;The Explanation denotes a proposition from which the main clause (headed by the target) logically follows. This often means that the Explanation causes the target's proposition, but not in all cases. &lt;/def-root&gt;</definition>
        <semType name="State_of_affairs" ID="177"/>
    </FE>
    <FE bgColor="90876C" fgColor="FFFFFF" coreType="Extra-Thematic" cBy="MJE" cDate="03/03/2014 04:29:27 PST Mon" abbrev="" name="Circumstances" ID="16014">
        <definition>&lt;def-root&gt;Circumstances describe the state of the world (at a particular time and place) which is specifically independent of the event itself and any of its participants. &lt;/def-root&gt;</definition>
    </FE>
    <FE bgColor="7CCD73" fgColor="000000" coreType="Extra-Thematic" cBy="MJE" cDate="03/03/2014 04:29:27 PST Mon" abbrev="" name="Containing_event" ID="16015">
        <definition>&lt;def-root&gt;This FE denotes an event that occurs or state of affairs that holds at a time that includes the time during which the event or state of affairs reported by the target occurs and of which it is taken to be a part.

&lt;/def-root&gt;</definition>
    </FE>
    <frameRelation type="Inherits from"/>
    <frameRelation type="Is Inherited by"/>
    <frameRelation type="Perspective on"/>
    <frameRelation type="Is Perspectivized in"/>
    <frameRelation type="Uses"/>
    <frameRelation type="Is Used by"/>
    <frameRelation type="Subframe of">
        <relatedFrame ID="2822">Fire_end_scenario</relatedFrame>
    </frameRelation>
    <frameRelation type="Has Subframe(s)"/>
    <frameRelation type="Precedes"/>
    <frameRelation type="Is Preceded by">
        <relatedFrame ID="2824">Fire_burning</relatedFrame>
    </frameRelation>
    <frameRelation type="Is Inchoative of"/>
    <frameRelation type="Is Causative of"/>
    <frameRelation type="See also"/>
    <lexUnit status="New" POS="V" name="die.v" ID="17445" lemmaID="10617" cBy="WMcQ" cDate="03/04/2014 02:47:43 PST Tue">
        <definition>FN: (Of fire) cease to burn.</definition>
        <sentenceCount annotated="0" total="71"/>
        <lexeme order="1" headword="false" breakBefore="false" POS="V" name="die"/>
    </lexUnit>
    <lexUnit status="Created" POS="V" name="burn out.v" ID="17446" lemmaID="51675" cBy="WMcQ" cDate="03/04/2014 03:00:43 PST Tue">
        <definition>FN: Cease to burn</definition>
        <sentenceCount annotated="0" total="0"/>
        <lexeme order="1" headword="true" breakBefore="false" POS="V" name="burn"/>
        <lexeme order="2" headword="false" breakBefore="true" POS="PREP" name="out"/>
    </lexUnit>
    <lexUnit status="Created" POS="V" name="go out.v" ID="17447" lemmaID="51676" cBy="WMcQ" cDate="03/04/2014 03:05:02 PST Tue">
        <definition>FN: Cease to burn</definition>
        <sentenceCount annotated="0" total="0"/>
        <lexeme order="1" headword="true" breakBefore="false" POS="V" name="go"/>
        <lexeme order="2" headword="false" breakBefore="true" POS="PREP" name="out"/>
    </lexUnit>
    <lexUnit status="Created" POS="V" name="gutter out.v" ID="17449" lemmaID="51678" cBy="WMcQ" cDate="03/04/2014 04:22:31 PST Tue">
        <definition>FN: Cease to burn, preceded by sputtering</definition>
        <sentenceCount annotated="0" total="0"/>
        <lexeme order="1" headword="true" breakBefore="false" POS="V" name="gutter"/>
        <lexeme order="2" headword="false" breakBefore="true" POS="PREP" name="out"/>
    </lexUnit>
</frame>