<?xml version="1.0" encoding="UTF-8" standalone="yes"?>
<?xml-stylesheet type="text/xsl" href="frame.xsl"?>
<frame cBy="WMcQ" cDate="04/23/2014 01:31:41 PDT Wed" name="Firefighting" ID="2832" xsi:schemaLocation="../schema/frame.xsd" xmlns="http://framenet.icsi.berkeley.edu" xmlns:xsi="http://www.w3.org/2001/XMLSchema-instance">
    <definition>&lt;def-root&gt;This frame characterizes the situation or state of affairs in which someone acts to prevent a Fire_disaster from occurring, accelerating, or affecting any area not identified as a Controlled_area. The named Burn_area, targeted by the Fire_disaster, is more salient than "fire" itself and is often used for reference instead. The organizational methods for Firefighting are of utmost importance in this frame.&lt;/def-root&gt;</definition>
    <FE bgColor="FF0000" fgColor="FFFF00" coreType="Core" cBy="WMcQ" cDate="04/24/2014 03:53:28 PDT Thu" abbrev="" name="Fire" ID="16078">
        <definition>&lt;def-root&gt;The fire that Firefighters target.&lt;/def-root&gt;</definition>
    </FE>
    <FE bgColor="FFFF00" fgColor="FF0000" coreType="Core" cBy="WMcQ" cDate="04/24/2014 04:02:33 PDT Thu" abbrev="" name="Firefighter" ID="16079">
        <definition>&lt;def-root&gt;The individual or group who respond(s) to the &lt;fen&gt;Fire&lt;/fen&gt;.&lt;/def-root&gt;</definition>
        <semType name="Sentient" ID="5"/>
    </FE>
    <FE bgColor="FFA500" fgColor="FFFFFF" coreType="Peripheral" cBy="WMcQ" cDate="05/07/2014 02:28:02 PDT Wed" abbrev="" name="Time" ID="16096">
        <definition>&lt;def-root&gt;The time when the Firefighter fights the Fire.&lt;/def-root&gt;</definition>
    </FE>
    <FE bgColor="008000" fgColor="FFFFFF" coreType="Peripheral" cBy="WMcQ" cDate="05/07/2014 02:42:52 PDT Wed" abbrev="" name="Place" ID="16097">
        <definition>&lt;def-root&gt;This FE identifies the location of the Firefighters as they attempt to fight the Fire.&lt;/def-root&gt;</definition>
        <semType name="Locative_relation" ID="182"/>
    </FE>
    <FE bgColor="FF00FF" fgColor="FFFFFF" coreType="Peripheral" cBy="WMcQ" cDate="05/07/2014 02:45:55 PDT Wed" abbrev="" name="Manner" ID="16098">
        <definition>&lt;def-root&gt;The manner in which the Firefighters are fighting the Fire.&lt;/def-root&gt;</definition>
    </FE>
    <FE bgColor="00BFFF" fgColor="FFFFFF" coreType="Peripheral" cBy="WMcQ" cDate="06/04/2014 04:16:34 PDT Wed" abbrev="" name="Purpose" ID="16117">
        <definition>&lt;def-root&gt;The desired result of the firefight. It may either directly refer to the state of affairs that is desired, e.g.
&lt;ex&gt;The &lt;fex name="Firefighter"&gt;firefighters&lt;/fex&gt; &lt;t&gt;tackled&lt;/t&gt; the &lt;fex name="Fire"&gt;blaze&lt;/fex&gt; early &lt;fex name="Purpose"&gt;to prevent the further spread of the flames.&lt;/fex&gt;&lt;/ex&gt;
or the state of affairs may be implicit in an (abstract or concrete) entity that is desired by the firefighters, e.g.
&lt;ex&gt;The &lt;fex name="Firefighter"&gt;firefighters&lt;/fex&gt; &lt;t&gt;fought&lt;/t&gt; &lt;fex name="Purpose"&gt;for ground&lt;/fex&gt; as the &lt;fex name="Fire"&gt;flames&lt;/fex&gt; approached.&lt;/ex&gt;&lt;/def-root&gt;</definition>
        <semType name="State_of_affairs" ID="177"/>
    </FE>
    <FE bgColor="A9A9A9" fgColor="FFFFFF" coreType="Peripheral" cBy="WMcQ" cDate="06/04/2014 04:27:59 PDT Wed" abbrev="" name="Instrument" ID="16118">
        <definition>&lt;def-root&gt;An instrument with which an intentional fire-fighting act is performed.&lt;/def-root&gt;</definition>
        <semType name="Physical_entity" ID="70"/>
    </FE>
    <FE bgColor="EEE8AA" fgColor="000000" coreType="Extra-Thematic" cBy="WMcQ" cDate="06/06/2014 04:29:16 PDT Fri" abbrev="" name="Depictive" ID="16119">
        <definition>&lt;def-root&gt;This FE describes a participant of the state of affairs as being in some state during the firefighting action. &lt;/def-root&gt;</definition>
    </FE>
    <frameRelation type="Inherits from"/>
    <frameRelation type="Is Inherited by"/>
    <frameRelation type="Perspective on"/>
    <frameRelation type="Is Perspectivized in"/>
    <frameRelation type="Uses">
        <relatedFrame ID="93">Hostile_encounter</relatedFrame>
    </frameRelation>
    <frameRelation type="Is Used by"/>
    <frameRelation type="Subframe of">
        <relatedFrame ID="2833">Fire_emergency_scenario</relatedFrame>
    </frameRelation>
    <frameRelation type="Has Subframe(s)"/>
    <frameRelation type="Precedes">
        <relatedFrame ID="2820">Putting_out_fire</relatedFrame>
    </frameRelation>
    <frameRelation type="Is Preceded by"/>
    <frameRelation type="Is Inchoative of"/>
    <frameRelation type="Is Causative of"/>
    <frameRelation type="See also"/>
    <lexUnit status="New" POS="V" name="fight.v" ID="17470" lemmaID="14321" cBy="WMcQ" cDate="05/07/2014 02:06:24 PDT Wed">
        <definition>FN: Making an attempt to put a fire out with great effort. Usually attempted by official Firefighters.</definition>
        <sentenceCount annotated="18" total="464"/>
        <lexeme order="1" headword="false" breakBefore="false" POS="V" name="fight"/>
    </lexUnit>
    <lexUnit status="New" POS="V" name="gain ground.v" ID="17479" lemmaID="51686" cBy="WMcQ" cDate="05/22/2014 11:10:26 PDT Thu">
        <definition>FN: To advance a firefighting effort into territory that was previously burning, or was thought to be burning. Most often used to describe advances made on wildfires burning in non-urban areas.</definition>
        <sentenceCount annotated="1" total="151"/>
        <lexeme order="1" headword="true" breakBefore="false" POS="V" name="gain"/>
        <lexeme order="2" headword="false" breakBefore="true" POS="N" name="ground"/>
    </lexUnit>
    <lexUnit status="New" POS="N" name="battle.n" ID="17482" lemmaID="3048" cBy="WMcQ" cDate="05/23/2014 10:19:51 PDT Fri">
        <definition>FN: A firefighting effort where the outcome is not guaranteed.</definition>
        <sentenceCount annotated="1" total="151"/>
        <lexeme order="1" headword="false" breakBefore="false" POS="N" name="battle"/>
    </lexUnit>
    <lexUnit status="New" POS="V" name="control.v" ID="17486" lemmaID="8149" cBy="WMcQ" cDate="06/04/2014 03:27:13 PDT Wed">
        <definition>FN: Firefighting unit prevents a blaze from reaching a critical moment at which it may cause expensive, irreparable, or otherwise undesirable damage.</definition>
        <sentenceCount annotated="7" total="210"/>
        <lexeme order="1" headword="false" breakBefore="false" POS="V" name="control"/>
    </lexUnit>
    <lexUnit status="New" POS="V" name="tackle.v" ID="17487" lemmaID="39367" cBy="WMcQ" cDate="06/04/2014 03:30:31 PDT Wed">
        <definition>FN: Firefighting unit aggressively pushes forward toward a fire so that it can be doused before causing any more damage than it might already have caused.</definition>
        <sentenceCount annotated="34" total="268"/>
        <lexeme order="1" headword="false" breakBefore="false" POS="V" name="tackle"/>
    </lexUnit>
    <lexUnit status="Created" POS="V" name="attack.v" ID="17559" lemmaID="2283" cBy="WMcQ" cDate="07/07/2014 02:21:41 PDT Mon">
        <definition>FN: Employ firefighters and firefighting equipment in a concentrated effort against a fire.</definition>
        <sentenceCount annotated="0" total="0"/>
        <lexeme order="1" headword="false" breakBefore="false" POS="V" name="attack"/>
    </lexUnit>
    <lexUnit status="Created" POS="V" name="battle.v" ID="17613" lemmaID="3049" cBy="WMcQ" cDate="07/17/2014 04:14:37 PDT Thu">
        <definition>FN: A team fights a fire with no indication of weakness but no clear indication of imminent success.</definition>
        <sentenceCount annotated="1" total="1"/>
        <lexeme order="1" headword="false" breakBefore="false" POS="V" name="battle"/>
    </lexUnit>
    <lexUnit status="Created" POS="N" name="fire fighting.n" ID="17620" lemmaID="51716" cBy="CVa" cDate="07/18/2014 10:58:51 PDT Fri">
        <definition>FN: to process of extinguishing fires</definition>
        <sentenceCount annotated="2" total="2"/>
        <lexeme order="1" headword="true" breakBefore="false" POS="N" name="fire"/>
        <lexeme order="2" headword="false" breakBefore="false" POS="N" name="fighting"/>
    </lexUnit>
</frame>