<?xml version="1.0" encoding="UTF-8" standalone="yes"?>
<?xml-stylesheet type="text/xsl" href="frame.xsl"?>
<frame cBy="MJE" cDate="05/15/2002 12:39:34 PDT Wed" name="Firing" ID="326" xsi:schemaLocation="../schema/frame.xsd" xmlns="http://framenet.icsi.berkeley.edu" xmlns:xsi="http://www.w3.org/2001/XMLSchema-instance">
    <definition>&lt;def-root&gt;An &lt;fen&gt;Employer&lt;/fen&gt; ends an employment relationship with an &lt;fen&gt;Employee&lt;/fen&gt;.  There is often a &lt;fen&gt;Reason&lt;/fen&gt; given for the action.

&lt;ex&gt;&lt;fex name="Employer"&gt;He&lt;/fex&gt; &lt;t&gt;fired&lt;/t&gt; &lt;fex name="Employee"&gt;me&lt;/fex&gt; &lt;fex name="Position"&gt;as annotator&lt;/fex&gt; &lt;fex name="Explanation"&gt;for being too slow&lt;/fex&gt;.&lt;/ex&gt;
&lt;/def-root&gt;</definition>
    <FE bgColor="0000FF" fgColor="FFFFFF" coreType="Core" cBy="MJE" cDate="05/15/2002 02:40:46 PDT Wed" abbrev="Empee" name="Employee" ID="2839">
        <definition>&lt;def-root&gt;The person who is let go by their &lt;fen&gt;Employer&lt;/fen&gt;.  

&lt;ex&gt;&lt;fex name="Empee"&gt;I&lt;/fex&gt; was just &lt;t&gt;fired&lt;/t&gt; yesterday!&lt;/ex&gt;&lt;/def-root&gt;</definition>
    </FE>
    <FE bgColor="FF0000" fgColor="FFFFFF" coreType="Core" cBy="MJE" cDate="05/15/2002 02:40:47 PDT Wed" abbrev="Emper" name="Employer" ID="2840">
        <definition>&lt;def-root&gt;The person (or institution) that end an employment relationship with an &lt;fen&gt;Employee&lt;/fen&gt;.

&lt;ex&gt;Dominic Mallozzi claims &lt;fex name="Emper"&gt;United Trust Bank&lt;/fex&gt; &lt;t&gt;fired&lt;/t&gt; him from a job at the bank's Palmer Township branch because he's HIV positive.&lt;/ex&gt;&lt;/def-root&gt;</definition>
        <semType name="Sentient" ID="5"/>
    </FE>
    <FE bgColor="FF69B4" fgColor="FFFFFF" coreType="Peripheral" cBy="MJE" cDate="05/15/2002 02:40:47 PDT Wed" abbrev="Mnr" name="Manner" ID="2842">
        <definition>&lt;def-root&gt;This FE identifies the &lt;fen&gt;Manner&lt;/fen&gt; in which an &lt;fen&gt;Employer&lt;/fen&gt; fires an &lt;fen&gt;Employee&lt;/fen&gt;.

&lt;ex&gt;Five were &lt;fex name="Mnr"&gt;hastily&lt;/fex&gt; &lt;t&gt;fired&lt;/t&gt;, and the federal government is investigating possible insider trading violations.&lt;/ex&gt;&lt;/def-root&gt;</definition>
        <semType name="Manner" ID="173"/>
    </FE>
    <FE bgColor="008000" fgColor="FFFFFF" coreType="Peripheral" cBy="MJE" cDate="05/15/2002 02:40:47 PDT Wed" abbrev="Place" name="Place" ID="2843">
        <definition>&lt;def-root&gt;This FE identifies the &lt;fen&gt;Place&lt;/fen&gt; where the &lt;fen&gt;Employer&lt;/fen&gt; fires the &lt;fen&gt;Employee&lt;/fen&gt;.

&lt;ex&gt;The phone in his small apartment in the town of Milan rang and he dreaded it. He was going to be &lt;t&gt;fired&lt;/t&gt; &lt;fex name="Place"&gt;right there&lt;/fex&gt;.&lt;/ex&gt;&lt;/def-root&gt;</definition>
        <semType name="Locative_relation" ID="182"/>
    </FE>
    <FE bgColor="9400D3" fgColor="FFFFFF" coreType="Core" cBy="MJE" cDate="05/15/2002 02:40:47 PDT Wed" abbrev="Posit" name="Position" ID="2844">
        <definition>&lt;def-root&gt;The label given to a particular type of employment.


&lt;ex&gt;Doc Rivers was &lt;t&gt;fired&lt;/t&gt; &lt;fex name="Posit"&gt;as coach of the Orlando Magic&lt;/fex&gt;.&lt;/ex&gt;&lt;/def-root&gt;</definition>
    </FE>
    <FE bgColor="800080" fgColor="FFFFFF" coreType="Peripheral" cBy="MJE" cDate="05/15/2002 02:40:47 PDT Wed" abbrev="Purp" name="Purpose" ID="2845">
        <definition>&lt;def-root&gt;This FE identifies the &lt;fen&gt;Purpose&lt;/fen&gt; for which an &lt;fen&gt;Employer&lt;/fen&gt; fires the &lt;fen&gt;Employee&lt;/fen&gt;.

&lt;ex&gt;John &lt;t&gt;fired&lt;/t&gt; her &lt;fex name="Purpose"&gt;to make his the other employees nervous&lt;/fex&gt;.&lt;/ex&gt;&lt;/def-root&gt;</definition>
        <semType name="State_of_affairs" ID="177"/>
    </FE>
    <FE bgColor="00008B" fgColor="FFFFFF" coreType="Core" cBy="MJE" cDate="05/15/2002 02:40:47 PDT Wed" abbrev="Task" name="Task" ID="2846">
        <definition>&lt;def-root&gt;The action that the &lt;fen&gt;Employee&lt;/fen&gt; is relieved from doing for the &lt;fen&gt;Employer&lt;/fen&gt;

.&lt;ex&gt;I was &lt;t&gt;fired&lt;/t&gt; &lt;fex name="Task"&gt;from training the new actors&lt;/fex&gt;.&lt;/ex&gt;&lt;/def-root&gt;</definition>
        <excludesFE name="Position" ID="2844"/>
    </FE>
    <FE bgColor="FFA500" fgColor="FFFFFF" coreType="Peripheral" cBy="MJE" cDate="05/15/2002 02:40:47 PDT Wed" abbrev="Time" name="Time" ID="2847">
        <definition>&lt;def-root&gt;This FE identifies the &lt;fen&gt;Time&lt;/fen&gt; when an &lt;fen&gt;Employer&lt;/fen&gt; fires the &lt;fen&gt;Employee&lt;/fen&gt;.

&lt;ex&gt;Guess who just got &lt;t&gt;fired&lt;/t&gt; &lt;fex name="Time"&gt;today&lt;/fex&gt;!&lt;/ex&gt;&lt;/def-root&gt;</definition>
        <semType name="Time" ID="141"/>
    </FE>
    <FE bgColor="008000" fgColor="FFFFFF" coreType="Extra-Thematic" cBy="MJE" cDate="05/15/2002 02:43:02 PDT Wed" abbrev="Exp" name="Explanation" ID="2848">
        <definition>&lt;def-root&gt;The &lt;fen&gt;Explanation&lt;/fen&gt; for which the &lt;fen&gt;Employee&lt;/fen&gt; is terminated. 

&lt;ex&gt;North was &lt;t&gt;dismissed&lt;/t&gt; &lt;fex name="Explanation"&gt;for gross mismanagement of funds&lt;/fex&gt;.&lt;/ex&gt;&lt;/def-root&gt;</definition>
        <semType name="State_of_affairs" ID="177"/>
    </FE>
    <FE bgColor="EEE8AA" fgColor="000000" coreType="Peripheral" cBy="CFB" cDate="04/23/2004 11:25:13 PDT Fri" abbrev="" name="Means" ID="6317">
        <definition>&lt;def-root&gt;The means whereby the &lt;fen&gt;Employer&lt;/fen&gt; fires the &lt;fen&gt;Employee&lt;/fen&gt;

&lt;ex&gt;&lt;fex name="Employer"&gt;Pat&lt;/fex&gt; fired &lt;fex name="Employee"&gt;Jan&lt;/fex&gt; &lt;fex name="Means"&gt;by leaving a letter of dismissal on his desk.&lt;/fex&gt;&lt;/ex&gt;&lt;/def-root&gt;</definition>
        <semType name="State_of_affairs" ID="177"/>
    </FE>
    <FEcoreSet>
        <memberFE name="Task" ID="2846"/>
        <memberFE name="Position" ID="2844"/>
    </FEcoreSet>
    <frameRelation type="Inherits from">
        <relatedFrame ID="230">Intentionally_affect</relatedFrame>
        <relatedFrame ID="872">Employment_end</relatedFrame>
    </frameRelation>
    <frameRelation type="Is Inherited by"/>
    <frameRelation type="Perspective on"/>
    <frameRelation type="Is Perspectivized in"/>
    <frameRelation type="Uses"/>
    <frameRelation type="Is Used by"/>
    <frameRelation type="Subframe of">
        <relatedFrame ID="1062">Employer_scenario</relatedFrame>
    </frameRelation>
    <frameRelation type="Has Subframe(s)"/>
    <frameRelation type="Precedes"/>
    <frameRelation type="Is Preceded by">
        <relatedFrame ID="323">Employing</relatedFrame>
    </frameRelation>
    <frameRelation type="Is Inchoative of"/>
    <frameRelation type="Is Causative of"/>
    <frameRelation type="See also"/>
    <lexUnit status="Created" POS="V" name="dismiss.v" ID="5796" lemmaID="11048" cBy="MJE" cDate="05/15/2002 12:39:57 PDT Wed">
        <definition>COD: discharge from employment. </definition>
        <sentenceCount annotated="0" total="0"/>
        <lexeme order="1" headword="false" breakBefore="false" POS="V" name="dismiss"/>
    </lexUnit>
    <lexUnit status="Created" POS="V" name="can.v" ID="5797" lemmaID="5322" cBy="MJE" cDate="05/15/2002 12:40:28 PDT Wed">
        <definition>COD: dismiss from a job or reject as inadequate. </definition>
        <sentenceCount annotated="0" total="0"/>
        <lexeme order="1" headword="false" breakBefore="false" POS="V" name="can"/>
    </lexUnit>
    <lexUnit status="Finished_Initial" POS="V" name="fire.v" ID="5798" lemmaID="14432" cBy="MJE" cDate="05/15/2002 12:40:55 PDT Wed">
        <definition>COD: dismiss from a job. </definition>
        <sentenceCount annotated="25" total="309"/>
        <lexeme order="1" headword="false" breakBefore="false" POS="V" name="fire"/>
    </lexUnit>
    <lexUnit status="Insufficient_Attestations" POS="V" name="shitcan.v" ID="5799" lemmaID="45687" cBy="MJE" cDate="05/15/2002 12:46:01 PDT Wed">
        <definition>FN: (informally) fire </definition>
        <sentenceCount annotated="0" total="0"/>
        <lexeme order="1" headword="false" breakBefore="false" POS="V" name="shitcan"/>
    </lexUnit>
    <lexUnit status="Created" POS="V" name="sack.v" ID="5800" lemmaID="33880" cBy="MJE" cDate="05/15/2002 12:48:19 PDT Wed">
        <definition>COD: dismiss from employment. </definition>
        <sentenceCount annotated="1" total="1"/>
        <lexeme order="1" headword="false" breakBefore="false" POS="V" name="sack"/>
    </lexUnit>
    <lexUnit status="Finished_Initial" POS="V" name="terminate.v" ID="5801" lemmaID="39904" cBy="MJE" cDate="05/15/2002 12:48:33 PDT Wed">
        <definition>COD: end the employment of. </definition>
        <sentenceCount annotated="10" total="277"/>
        <lexeme order="1" headword="false" breakBefore="false" POS="V" name="terminate"/>
    </lexUnit>
    <lexUnit status="Created" POS="V" name="let go.v" ID="5802" lemmaID="45675" cBy="MJE" cDate="05/15/2002 12:49:40 PDT Wed">
        <definition>FN: (euhpemistically) discharge from a job</definition>
        <sentenceCount annotated="0" total="0"/>
        <lexeme order="1" headword="true" breakBefore="false" POS="V" name="let"/>
        <lexeme order="2" headword="false" breakBefore="true" POS="V" name="go"/>
    </lexUnit>
    <lexUnit status="Created" POS="V" name="lay off.v" ID="5803" lemmaID="45689" cBy="MJE" cDate="05/15/2002 12:50:59 PDT Wed">
        <definition>FN: temporarily or permanently discharge worker(s)</definition>
        <sentenceCount annotated="0" total="0"/>
        <lexeme order="1" headword="true" breakBefore="false" POS="V" name="lay"/>
        <lexeme order="2" headword="false" breakBefore="true" POS="ADV" name="off"/>
    </lexUnit>
    <lexUnit status="Finished_Initial" POS="N" name="dismissal.n" ID="5804" lemmaID="11049" cBy="MJE" cDate="05/15/2002 12:51:13 PDT Wed">
        <definition>FN: an instance of discharging from employment</definition>
        <sentenceCount annotated="28" total="172"/>
        <lexeme order="1" headword="false" breakBefore="false" POS="N" name="dismissal"/>
    </lexUnit>
    <lexUnit status="Created" POS="N" name="firing.n" ID="5805" lemmaID="45690" cBy="MJE" cDate="05/15/2002 12:51:39 PDT Wed">
        <definition>FN: cease to employ.</definition>
        <sentenceCount annotated="0" total="0"/>
        <lexeme order="1" headword="false" breakBefore="false" POS="N" name="firing"/>
    </lexUnit>
    <lexUnit status="Created" POS="V" name="give the boot.v" ID="5806" lemmaID="45691" cBy="MJE" cDate="05/15/2002 02:06:09 PDT Wed">
        <definition>COD: dismiss from job</definition>
        <sentenceCount annotated="0" total="0"/>
        <lexeme order="1" headword="true" breakBefore="false" POS="V" name="give"/>
        <lexeme order="2" headword="false" breakBefore="true" POS="ART" name="the"/>
        <lexeme order="3" headword="false" breakBefore="false" POS="N" name="boot"/>
    </lexUnit>
    <lexUnit status="Created" POS="N" name="lay-off.n" ID="5807" lemmaID="21885" cBy="MJE" cDate="05/15/2002 02:07:00 PDT Wed">
        <definition>COD: a temporary or permanent discharge of a worker or workers.</definition>
        <sentenceCount annotated="0" total="0"/>
        <lexeme order="1" headword="false" breakBefore="false" POS="N" name="lay-off"/>
    </lexUnit>
    <lexUnit status="Finished_Initial" POS="N" name="the sack.n" ID="5808" lemmaID="45692" cBy="MJE" cDate="05/15/2002 02:33:29 PDT Wed">
        <definition>COD: dismissal from employment. </definition>
        <sentenceCount annotated="22" total="90"/>
        <lexeme order="1" headword="false" breakBefore="false" POS="ART" name="the"/>
        <lexeme order="2" headword="true" breakBefore="false" POS="N" name="sack"/>
    </lexUnit>
    <lexUnit status="Finished_Initial" POS="N" name="termination.n" ID="5809" lemmaID="39905" cBy="MJE" cDate="05/15/2002 02:36:54 PDT Wed">
        <definition>FN: ending the employment of a person</definition>
        <sentenceCount annotated="8" total="183"/>
        <lexeme order="1" headword="false" breakBefore="false" POS="N" name="termination"/>
    </lexUnit>
    <lexUnit status="Insufficient_Attestations" POS="V" name="downsize.v" ID="5937" lemmaID="45710" cBy="JKR" cDate="05/31/2002 06:09:31 PDT Fri">
        <definition>COD: (of a company) shed staff. </definition>
        <sentenceCount annotated="0" total="0"/>
        <lexeme order="1" headword="false" breakBefore="false" POS="V" name="downsize"/>
    </lexUnit>
    <lexUnit status="Created" POS="V" name="discharge.v" ID="17275" lemmaID="10841" cBy="CVa" cDate="01/23/2013 01:07:25 PST Wed">
        <definition>FN: to dismiss someone from employment</definition>
        <sentenceCount annotated="0" total="0"/>
        <lexeme order="1" headword="false" breakBefore="false" POS="V" name="discharge"/>
    </lexUnit>
</frame>