<?xml version="1.0" encoding="UTF-8" standalone="yes"?>
<?xml-stylesheet type="text/xsl" href="frame.xsl"?>
<frame cBy="KmG" cDate="02/05/2008 04:21:03 PST Tue" name="Food_gathering" ID="2008" xsi:schemaLocation="../schema/frame.xsd" xmlns="http://framenet.icsi.berkeley.edu" xmlns:xsi="http://www.w3.org/2001/XMLSchema-instance">
    <definition>&lt;def-root&gt;A &lt;fex name="Gatherer"&gt;Gatherer&lt;/fex&gt; removes &lt;fex name="Crop"&gt;Crop&lt;/fex&gt; ripe and ready to an accepted degree. The &lt;fex name="Crop"&gt;Crop&lt;/fex&gt; comes from a  &lt;fex name="Source"&gt;Source&lt;/fex&gt; where it has been grown and matured.

&lt;ex&gt;&lt;fex name="Gatherer"&gt;They&lt;/fex&gt; &lt;t&gt;harvest&lt;/t&gt; &lt;fex name="Crop"&gt;their pumpkins&lt;/fex&gt; &lt;fex name="Time"&gt;in the Autumn&lt;/fex&gt;. &lt;fex name="Source"&gt;INI&lt;/fex&gt; &lt;/ex&gt;

&lt;ex&gt;&lt;fex name="Gatherer"&gt;We&lt;/fex&gt; &lt;t&gt;bring in&lt;/t&gt; &lt;fex name="Crop"&gt;the tobacco&lt;/fex&gt; &lt;fex name="Source"&gt;from the fields&lt;/fex&gt; &lt;fex name="Time"&gt;during the summer&lt;/fex&gt;.&lt;/ex&gt;

&lt;ex&gt;The stage at which &lt;fex name="Crop"&gt;the peppercorns&lt;/fex&gt; are &lt;t&gt;harvested&lt;/t&gt; &lt;fex name="Source"&gt;from the vine&lt;/fex&gt; decides their colour . &lt;fex name="Gatherer"&gt;CNI&lt;/fex&gt;&lt;/ex&gt;&lt;/def-root&gt;</definition>
    <FE bgColor="FF0000" fgColor="FFFFFF" coreType="Core" cBy="KmG" cDate="02/05/2008 04:21:03 PST Tue" abbrev="See" name="Gatherer" ID="12127">
        <definition>&lt;def-root&gt;The &lt;fen&gt;Gatherer&lt;/fen&gt; is the agent gathering the &lt;fen&gt;Crop&lt;/fen&gt;.

&lt;ex&gt;&lt;fex name="Gatherer"&gt;Small growers&lt;/fex&gt; can &lt;t&gt;harvest&lt;/t&gt; quality crops.&lt;/ex&gt;&lt;/def-root&gt;</definition>
        <semType name="Sentient" ID="5"/>
    </FE>
    <FE bgColor="FFD700" fgColor="000000" coreType="Core" cBy="KmG" cDate="02/05/2008 04:21:03 PST Tue" abbrev="Foo" name="Crop" ID="12128">
        <definition>&lt;def-root&gt;&lt;fen&gt;Crop&lt;/fen&gt; is item being collected together by the &lt;fen&gt;Gatherer&lt;/fen&gt;.

&lt;ex&gt;&lt;fex name="Crop"&gt;Tubers&lt;/fex&gt; &lt;t&gt;harvested&lt;/t&gt; immediately after spraying developed gangrene.&lt;/ex&gt;&lt;/def-root&gt;</definition>
        <semType name="Physical_entity" ID="70"/>
    </FE>
    <FE bgColor="00BFFF" fgColor="FFFFFF" coreType="Peripheral" cBy="KmG" cDate="02/05/2008 04:21:03 PST Tue" abbrev="Dur" name="Duration" ID="12130">
        <definition>&lt;def-root&gt;For what length of time the &lt;fen&gt;Gatherer&lt;/fen&gt; was gathering the &lt;fen&gt;Crop&lt;/fen&gt;. 

&lt;/def-root&gt;</definition>
    </FE>
    <FE bgColor="FF00FF" fgColor="FFFFFF" coreType="Peripheral" cBy="KmG" cDate="02/05/2008 04:21:03 PST Tue" abbrev="Man" name="Manner" ID="12131">
        <definition>&lt;def-root&gt;The &lt;fen&gt;Manner&lt;/fen&gt; in which the &lt;fen&gt;Gatherer&lt;/fen&gt; gathers the &lt;fen&gt;Crop&lt;/fen&gt;.&lt;/def-root&gt;</definition>
    </FE>
    <FE bgColor="A52A2A" fgColor="FFFFFF" coreType="Peripheral" cBy="KmG" cDate="02/05/2008 04:21:03 PST Tue" abbrev="Mea" name="Means" ID="12132">
        <definition>&lt;def-root&gt;This FE identifies the &lt;fen&gt;Means&lt;/fen&gt; by which the &lt;fen&gt;Crop&lt;/fen&gt; is gathered.&lt;/def-root&gt;</definition>
    </FE>
    <FE bgColor="008000" fgColor="FFFFFF" coreType="Peripheral" cBy="KmG" cDate="02/05/2008 04:21:03 PST Tue" abbrev="Pla" name="Place" ID="12134">
        <definition>&lt;def-root&gt;The greater geographic location where the &lt;fen&gt;Gatherer&lt;/fen&gt; gathers his &lt;fen&gt;Crop&lt;/fen&gt;.
&lt;/def-root&gt;</definition>
    </FE>
    <FE bgColor="FFA500" fgColor="FFFFFF" coreType="Peripheral" cBy="KmG" cDate="02/05/2008 04:21:03 PST Tue" abbrev="Tim" name="Time" ID="12135">
        <definition>&lt;def-root&gt;When the &lt;fen&gt;Crop&lt;/fen&gt; gathering action occurs.&lt;/def-root&gt;</definition>
    </FE>
    <FE bgColor="800080" fgColor="FFFFFF" coreType="Peripheral" cBy="KmG" cDate="02/05/2008 04:21:03 PST Tue" abbrev="Pur" name="Purpose" ID="12136">
        <definition>&lt;def-root&gt;An action that the &lt;fen&gt;Gatherer&lt;/fen&gt; intends to accomplish by gathering his &lt;fen&gt;Crop&lt;/fen&gt;.&lt;/def-root&gt;</definition>
    </FE>
    <FE bgColor="7CCD73" fgColor="FFFFFF" coreType="Peripheral" cBy="KmG" cDate="02/05/2008 04:21:03 PST Tue" abbrev="Fre" name="Frequency" ID="12137">
        <definition>&lt;def-root&gt;How often the &lt;fen&gt;Gatherer&lt;/fen&gt; collects his &lt;fen&gt;Crop&lt;/fen&gt;.&lt;/def-root&gt;</definition>
    </FE>
    <FE bgColor="FFFF00" fgColor="0000FF" coreType="Extra-Thematic" cBy="KmG" cDate="02/05/2008 04:21:03 PST Tue" abbrev="Par" name="Particular_iteration" ID="12140">
        <definition>&lt;def-root&gt;Expressions marked with this extra-thematic FE modify a non-iterative use of the target, and indicate that it is conceived as embedded within an iterated series of similar events or states.&lt;/def-root&gt;</definition>
    </FE>
    <FE bgColor="0000FF" fgColor="FFFFFF" coreType="Core" cBy="KmG" cDate="02/05/2008 06:04:00 PST Tue" abbrev="Src" name="Source" ID="12141">
        <definition>&lt;def-root&gt;The &lt;fex name="Source"&gt;Source&lt;/fex&gt; is the ground where the &lt;fex name="Crop"&gt;Crop&lt;/fex&gt; is gathered from.

&lt;ex&gt;They picked the apples &lt;fex name="Source"&gt;from the tallest trees&lt;/fex&gt;.&lt;/ex&gt;&lt;/def-root&gt;</definition>
    </FE>
    <FE bgColor="9F79EE" fgColor="000000" coreType="Extra-Thematic" cBy="KmG" cDate="02/19/2008 05:15:33 PST Tue" abbrev="Cir" name="Circumstances" ID="12238">
        <definition>&lt;def-root&gt;Circumstances describe the state of the world (at a particular time and place) which is specifically independent of the event itself and any of its participants. &lt;/def-root&gt;</definition>
    </FE>
    <FE bgColor="90876C" fgColor="FFFFFF" coreType="Peripheral" cBy="KmG" cDate="02/21/2008 04:25:08 PST Thu" abbrev="Deg" name="Degree" ID="12241">
        <definition>&lt;def-root&gt;This FE describes the amount of effort put into the food gathering event.&lt;/def-root&gt;</definition>
    </FE>
    <FE bgColor="FF69B4" fgColor="00008B" coreType="Extra-Thematic" cBy="KmG" cDate="02/21/2008 04:52:28 PST Thu" abbrev="" name="Beneficiary" ID="12242">
        <definition>&lt;def-root&gt;The person on who's behalf the &lt;fen&gt;Gatherer&lt;/fen&gt; gathers the &lt;fen&gt;Crop&lt;/fen&gt;.&lt;/def-root&gt;</definition>
    </FE>
    <frameRelation type="Inherits from"/>
    <frameRelation type="Is Inherited by"/>
    <frameRelation type="Perspective on"/>
    <frameRelation type="Is Perspectivized in"/>
    <frameRelation type="Uses"/>
    <frameRelation type="Is Used by"/>
    <frameRelation type="Subframe of">
        <relatedFrame ID="2012">Agriculture</relatedFrame>
    </frameRelation>
    <frameRelation type="Has Subframe(s)"/>
    <frameRelation type="Precedes"/>
    <frameRelation type="Is Preceded by"/>
    <frameRelation type="Is Inchoative of"/>
    <frameRelation type="Is Causative of"/>
    <frameRelation type="See also"/>
    <lexUnit status="Finished_Initial" POS="V" name="gather.v" ID="14772" lemmaID="15987" cBy="KmG" cDate="02/05/2008 04:26:55 PST Tue">
        <definition>FN: retrieve and bring together crops</definition>
        <sentenceCount annotated="15" total="74"/>
        <lexeme order="1" headword="false" breakBefore="false" POS="V" name="gather"/>
    </lexUnit>
    <lexUnit status="Finished_Initial" POS="V" name="pick.v" ID="14773" lemmaID="28892" cBy="KmG" cDate="02/05/2008 04:30:10 PST Tue">
        <definition>FN: seek out and retrieve</definition>
        <sentenceCount annotated="27" total="161"/>
        <lexeme order="1" headword="false" breakBefore="false" POS="V" name="pick"/>
    </lexUnit>
    <lexUnit status="Finished_Initial" POS="V" name="harvest.v" ID="14774" lemmaID="17522" cBy="KmG" cDate="02/05/2008 04:37:46 PST Tue">
        <definition>FN: gather up ready crops</definition>
        <sentenceCount annotated="18" total="88"/>
        <lexeme order="1" headword="false" breakBefore="false" POS="V" name="harvest"/>
    </lexUnit>
    <lexUnit status="Created" POS="V" name="bring in.v" ID="14775" lemmaID="50825" cBy="KmG" cDate="02/05/2008 04:38:49 PST Tue">
        <definition>FN: remove and amass ready crops from where they grow</definition>
        <sentenceCount annotated="0" total="0"/>
        <lexeme order="1" headword="true" breakBefore="false" POS="V" name="bring"/>
        <lexeme order="2" headword="false" breakBefore="false" POS="PREP" name="in"/>
    </lexUnit>
</frame>