<?xml version="1.0" encoding="UTF-8" standalone="yes"?>
<?xml-stylesheet type="text/xsl" href="frame.xsl"?>
<frame cBy="JKR" cDate="12/01/2005 02:09:13 PST Thu" name="Forging" ID="1661" xsi:schemaLocation="../schema/frame.xsd" xmlns="http://framenet.icsi.berkeley.edu" xmlns:xsi="http://www.w3.org/2001/XMLSchema-instance">
    <definition>&lt;def-root&gt;An &lt;fen&gt;Agent&lt;/fen&gt; produces a &lt;fen&gt;Forgery&lt;/fen&gt;, an entity that they intend to pass off as a particular (instance of)  a &lt;fen&gt;Standard&lt;/fen&gt;. An instance of the  &lt;fen&gt;Standard&lt;/fen&gt; may actually exist that served as an original that is copied by the Agent, or the &lt;fen&gt;Standard&lt;/fen&gt; exists only as an idea.

&lt;ex&gt;So who was it that &lt;t&gt;faked&lt;/t&gt; the photo "showing" Jane Fonda and John Kerry with the Vietcong?&lt;/ex&gt;&lt;/def-root&gt;</definition>
    <FE bgColor="FF0000" fgColor="FFFFFF" coreType="Core" cBy="JKR" cDate="12/01/2005 02:09:13 PST Thu" abbrev="agt" name="Agent" ID="9490">
        <definition>&lt;def-root&gt;The &lt;fen&gt;Agent&lt;/fen&gt; is the person that creates a Forgery with the intent of passing it off as (an instance of) the &lt;fen&gt;Standard&lt;/fen&gt;.

&lt;ex&gt;&lt;fex name="agt"&gt;He&lt;/fex&gt; even &lt;t&gt;faked&lt;/t&gt; her signature. &lt;/ex&gt;&lt;/def-root&gt;</definition>
        <semType name="Sentient" ID="5"/>
    </FE>
    <FE bgColor="2E8B57" fgColor="FFFFFF" coreType="Core" cBy="JKR" cDate="12/01/2005 02:09:13 PST Thu" abbrev="for" name="Forgery" ID="9492">
        <definition>&lt;def-root&gt;The &lt;fen&gt;Forgery&lt;/fen&gt; is the product that the &lt;fen&gt;Agent&lt;/fen&gt; creates with the intent of passing it off as (an instance of) the &lt;fen&gt;Standard&lt;/fen&gt;.&lt;/def-root&gt;</definition>
    </FE>
    <FE bgColor="FF00FF" fgColor="FFFFFF" coreType="Peripheral" cBy="JKR" cDate="12/01/2005 02:09:13 PST Thu" abbrev="man" name="Manner" ID="9493">
        <definition>&lt;def-root&gt;Any description of the intentional act which is not covered by more specific FEs, including secondary effects (&lt;ment&gt;quietly, loudly&lt;/ment&gt;), and general descriptions comparing events (&lt;ment&gt;the same way&lt;/ment&gt;). In addition, it may indicate salient characteristics of an &lt;fen&gt;Agent&lt;/fen&gt; that also affect the action (&lt;ment&gt;presumptuously, coldly, deliberately, eagerly, carefully&lt;/ment&gt;). 
&lt;/def-root&gt;</definition>
        <semType name="Manner" ID="173"/>
    </FE>
    <FE bgColor="0000FF" fgColor="FFFFFF" coreType="Peripheral" cBy="JKR" cDate="12/01/2005 02:09:13 PST Thu" abbrev="Mns" name="Means" ID="9494">
        <definition>&lt;def-root&gt;An act performed by the &lt;fen&gt;Agent&lt;/fen&gt; that accomplishes the imitation.
&lt;/def-root&gt;</definition>
        <semType name="State_of_affairs" ID="177"/>
    </FE>
    <FE bgColor="FF69B4" fgColor="FFFFFF" coreType="Peripheral" cBy="JKR" cDate="12/01/2005 02:09:13 PST Thu" abbrev="Degr" name="Degree" ID="9495">
        <definition>&lt;def-root&gt;&lt;/def-root&gt;</definition>
        <semType name="Degree" ID="172"/>
    </FE>
    <FE bgColor="2E8B57" fgColor="FFFFFF" coreType="Extra-Thematic" cBy="JKR" cDate="12/01/2005 03:30:40 PST Thu" abbrev="exp" name="Explanation" ID="9502">
        <definition>&lt;def-root&gt;The Explanation denotes a proposition from which the forging event logically follows. &lt;/def-root&gt;</definition>
        <semType name="State_of_affairs" ID="177"/>
    </FE>
    <FE bgColor="A52A2A" fgColor="FFFFFF" coreType="Peripheral" cBy="JKR" cDate="12/01/2005 04:13:20 PST Thu" abbrev="pur" name="Purpose" ID="9503">
        <definition>&lt;def-root&gt;An action or state that the &lt;fen&gt;Agent&lt;/fen&gt; intends to accomplish by producing the &lt;fen&gt;Forgery&lt;/fen&gt;.&lt;/def-root&gt;</definition>
        <semType name="State_of_affairs" ID="177"/>
    </FE>
    <FE bgColor="00008B" fgColor="FFFFFF" coreType="Core" cBy="JKR" cDate="12/02/2005 10:41:51 PST Fri" abbrev="sta" name="Standard" ID="9522">
        <definition>&lt;def-root&gt;The &lt;fen&gt;Standard&lt;/fen&gt; is the actually existing or imagined (kind of) thing that the &lt;fen&gt;Agent&lt;/fen&gt; wants to pass the &lt;fen&gt;Forgery&lt;/fen&gt; off as.&lt;/def-root&gt;</definition>
    </FE>
    <FE bgColor="008000" fgColor="FFFFFF" coreType="Peripheral" cBy="MJE" cDate="12/08/2005 11:58:32 PST Thu" abbrev="ins" name="Instrument" ID="9664">
        <definition>&lt;def-root&gt;An entity manipulated by the &lt;fen&gt;Agent&lt;/fen&gt; in order to produce the &lt;fen&gt;Forgery&lt;/fen&gt;.

&lt;ex&gt;Fortunately, he &lt;t&gt;forged&lt;/t&gt; it &lt;fex name="ins"&gt;with a black pen&lt;/fex&gt;, which couriers never use.&lt;/ex&gt;

&lt;/def-root&gt;</definition>
        <semType name="Physical_entity" ID="70"/>
    </FE>
    <FE bgColor="9400D3" fgColor="FFFFFF" coreType="Peripheral" cBy="MJE" cDate="12/08/2005 12:01:49 PST Thu" abbrev="pla" name="Place" ID="9665">
        <definition>&lt;def-root&gt;The location in which the &lt;fen&gt;Agent&lt;/fen&gt; makes a &lt;fen&gt;Forgery&lt;/fen&gt;.&lt;/def-root&gt;</definition>
        <semType name="Locative_relation" ID="182"/>
    </FE>
    <FE bgColor="A9A9A9" fgColor="FFFFFF" coreType="Peripheral" cBy="MJE" cDate="12/08/2005 12:02:39 PST Thu" abbrev="tim" name="Time" ID="9666">
        <definition>&lt;def-root&gt;The time at which the forgery takes place.&lt;/def-root&gt;</definition>
        <semType name="Time" ID="141"/>
    </FE>
    <FE bgColor="00BFFF" fgColor="FFFFFF" coreType="Peripheral" cBy="MJE" cDate="12/08/2005 12:03:23 PST Thu" abbrev="fid" name="Fidelity" ID="9667">
        <definition>&lt;def-root&gt;The way in which the &lt;fen&gt;Forgery&lt;/fen&gt; does or does not match the &lt;fen&gt;Standard&lt;/fen&gt;.

&lt;ex&gt;What I don't know is why she tried to &lt;t&gt;forge&lt;/t&gt; it &lt;fex name="fid"&gt;half-size&lt;/fex&gt;.&lt;/ex&gt;&lt;/def-root&gt;</definition>
    </FE>
    <FE bgColor="1E90FF" fgColor="FFFFFF" coreType="Peripheral" cBy="MJE" cDate="12/08/2005 12:05:29 PST Thu" abbrev="sou" name="Source" ID="9668">
        <definition>&lt;def-root&gt;An entity corresponding to the &lt;fen&gt;Standard&lt;/fen&gt; which the &lt;fen&gt;Agent&lt;/fen&gt; scrutinizes in order to copy.

&lt;ex&gt;He &lt;t&gt;faked&lt;/t&gt; his travel documents &lt;fex name="sou"&gt;from the ones his sister used last year&lt;/fex&gt;.&lt;/ex&gt;&lt;/def-root&gt;</definition>
        <semType name="Source" ID="151"/>
    </FE>
    <FEcoreSet>
        <memberFE name="Standard" ID="9522"/>
        <memberFE name="Forgery" ID="9492"/>
    </FEcoreSet>
    <frameRelation type="Inherits from">
        <relatedFrame ID="11">Duplication</relatedFrame>
    </frameRelation>
    <frameRelation type="Is Inherited by"/>
    <frameRelation type="Perspective on"/>
    <frameRelation type="Is Perspectivized in"/>
    <frameRelation type="Uses">
        <relatedFrame ID="1660">Artificiality</relatedFrame>
    </frameRelation>
    <frameRelation type="Is Used by"/>
    <frameRelation type="Subframe of"/>
    <frameRelation type="Has Subframe(s)"/>
    <frameRelation type="Precedes"/>
    <frameRelation type="Is Preceded by"/>
    <frameRelation type="Is Inchoative of"/>
    <frameRelation type="Is Causative of"/>
    <frameRelation type="See also"/>
    <lexUnit status="Created" POS="V" name="falsify.v" ID="13010" lemmaID="13891" cBy="JKR" cDate="12/01/2005 03:07:19 PST Thu">
        <definition>FN: to produce a fake</definition>
        <sentenceCount annotated="10" total="53"/>
        <lexeme order="1" headword="false" breakBefore="false" POS="V" name="falsify"/>
    </lexUnit>
    <lexUnit status="Created" POS="V" name="counterfeit.v" ID="13011" lemmaID="8588" cBy="JKR" cDate="12/01/2005 03:07:38 PST Thu">
        <definition>FN: to create a forgery of an object, usually art or money, intending to pass it off as original</definition>
        <sentenceCount annotated="3" total="9"/>
        <lexeme order="1" headword="false" breakBefore="false" POS="V" name="counterfeit"/>
    </lexUnit>
    <lexUnit status="Created" POS="V" name="forge.v" ID="13012" lemmaID="15106" cBy="JKR" cDate="12/01/2005 03:11:00 PST Thu">
        <definition>COD: produce a fraudulent copy or imitation of.</definition>
        <sentenceCount annotated="14" total="81"/>
        <lexeme order="1" headword="false" breakBefore="false" POS="V" name="forge"/>
    </lexUnit>
    <lexUnit status="Created" POS="V" name="fake.v" ID="13013" lemmaID="13862" cBy="JKR" cDate="12/01/2005 03:14:21 PST Thu">
        <definition>FN: to produce a forgery intending to pass it off as the original</definition>
        <sentenceCount annotated="8" total="8"/>
        <lexeme order="1" headword="false" breakBefore="false" POS="V" name="fake"/>
    </lexUnit>
    <lexUnit status="Needs_SCs" POS="N" name="forgery [act].n" ID="13026" lemmaID="15108" cBy="JKR" cDate="12/01/2005 07:34:45 PST Thu">
        <definition>FN: the act of producing a fraudulent copy or imitation of (a banknote, work of art, etc.).</definition>
        <sentenceCount annotated="3" total="3"/>
        <lexeme order="1" headword="false" breakBefore="false" POS="N" name="forgery"/>
    </lexUnit>
    <lexUnit status="Finished_Initial" POS="N" name="forgery [entity].n" ID="13027" lemmaID="15108" cBy="JKR" cDate="12/01/2005 07:40:14 PST Thu">
        <definition>FN: a fraudulent copy or imitation of (a banknote, work of art, etc.). </definition>
        <sentenceCount annotated="12" total="43"/>
        <lexeme order="1" headword="false" breakBefore="false" POS="N" name="forgery"/>
    </lexUnit>
    <lexUnit status="FN1_Sent" POS="N" name="fake.n" ID="13029" lemmaID="13861" cBy="JKR" cDate="12/02/2005 10:56:05 PST Fri">
        <definition>COD: a person or thing that is not genuine. </definition>
        <sentenceCount annotated="7" total="34"/>
        <lexeme order="1" headword="false" breakBefore="false" POS="N" name="fake"/>
    </lexUnit>
</frame>