<?xml version="1.0" encoding="UTF-8" standalone="yes"?>
<?xml-stylesheet type="text/xsl" href="frame.xsl"?>
<frame cBy="RLG" cDate="11/28/2006 08:13:37 PST Tue" name="Fragmentation_scenario" ID="1861" xsi:schemaLocation="../schema/frame.xsd" xmlns="http://framenet.icsi.berkeley.edu" xmlns:xsi="http://www.w3.org/2001/XMLSchema-instance">
    <definition>&lt;def-root&gt;A &lt;fen&gt;Whole&lt;/fen&gt; fragments or breaks into &lt;fen&gt;Parts&lt;/fen&gt;, or alternatively a part, &lt;fen&gt;Part_1&lt;/fen&gt;, breaks off from the rest of the item, called &lt;fen&gt;Part_2&lt;/fen&gt;.

&lt;ex&gt;&lt;fex name="Time"&gt;Last year&lt;/fex&gt;, &lt;fex name="Part_1"&gt;it&lt;/fex&gt; &lt;t&gt;broke&lt;/t&gt; &lt;fex name="Part_2"&gt;off from the Ross Ice Shelf&lt;/fex&gt; and began drifting out to sea. &lt;/ex&gt;

&lt;ex&gt;&lt;fex name="Whole"&gt;The calved ice&lt;/fex&gt; &lt;t&gt;broke&lt;/t&gt; &lt;fex name="Parts"&gt;into three large icebergs, named A22, A23 and A24&lt;/fex&gt;.&lt;/ex&gt;&lt;/def-root&gt;</definition>
    <semType name="Non-Lexical Frame" ID="16"/>
    <FE bgColor="808080" fgColor="FFFFFF" coreType="Core" cBy="RLG" cDate="11/28/2006 08:13:37 PST Tue" abbrev="Whole" name="Whole" ID="10867">
        <definition>&lt;def-root&gt;The &lt;fen&gt;Whole&lt;/fen&gt; is a single entity which breaks into &lt;fen&gt;Parts&lt;/fen&gt;.&lt;/def-root&gt;</definition>
    </FE>
    <FE bgColor="00008B" fgColor="FFFFFF" coreType="Core" cBy="RLG" cDate="11/28/2006 08:13:37 PST Tue" abbrev="Parts" name="Parts" ID="10868">
        <definition>&lt;def-root&gt;This refers collectively to the Parts resulting from fragmentation of a Whole.&lt;/def-root&gt;</definition>
    </FE>
    <FE bgColor="9F79EE" fgColor="FFFFFF" coreType="Core" cBy="RLG" cDate="11/28/2006 08:13:37 PST Tue" abbrev="Part-1" name="Part_1" ID="10869">
        <definition>&lt;def-root&gt;Part-1 is the first of two Parts mentioned. This is most often the external argument of a verb.&lt;/def-root&gt;</definition>
    </FE>
    <FE bgColor="006400" fgColor="FFFFFF" coreType="Core" cBy="RLG" cDate="11/28/2006 08:13:37 PST Tue" abbrev="Part-2" name="Part_2" ID="10870">
        <definition>&lt;def-root&gt;Part_2 is the second of two Parts mentioned. This is usually a PP Complement.&lt;/def-root&gt;</definition>
    </FE>
    <FE bgColor="0000FF" fgColor="FFFFFF" coreType="Peripheral" cBy="RLG" cDate="11/28/2006 08:13:37 PST Tue" abbrev="Crit" name="Criterion" ID="10872">
        <definition>&lt;def-root&gt;This frame element expresses a property of the Parts or components of the &lt;fen&gt;Whole&lt;/fen&gt; which correlates with the locations (e.g.) of fragmentation on the &lt;fen&gt;Whole&lt;/fen&gt;.&lt;/def-root&gt;</definition>
    </FE>
    <FE bgColor="9400D3" fgColor="FFFFFF" coreType="Extra-Thematic" cBy="RLG" cDate="11/28/2006 08:13:37 PST Tue" abbrev="Dep" name="Depictive" ID="10873">
        <definition>&lt;def-root&gt;This FE identifies any &lt;fen&gt;Depictive&lt;/fen&gt; phrase describing any of the undergoers of the fragmentation.&lt;/def-root&gt;</definition>
    </FE>
    <FE bgColor="FF00FF" fgColor="FFFFFF" coreType="Peripheral" cBy="RLG" cDate="11/28/2006 08:13:37 PST Tue" abbrev="Manr" name="Manner" ID="10874">
        <definition>&lt;def-root&gt;Manner of performing an action&lt;/def-root&gt;</definition>
        <semType name="Manner" ID="173"/>
    </FE>
    <FE bgColor="FF69B4" fgColor="FFFFFF" coreType="Peripheral" cBy="RLG" cDate="11/28/2006 08:13:37 PST Tue" abbrev="Degr" name="Degree" ID="10875">
        <definition>&lt;def-root&gt;Degree to which event occurs&lt;/def-root&gt;</definition>
        <semType name="Degree" ID="172"/>
    </FE>
    <FE bgColor="1E90FF" fgColor="FFFFFF" coreType="Extra-Thematic" cBy="RLG" cDate="11/28/2006 08:13:37 PST Tue" abbrev="Result" name="Result" ID="10877">
        <definition>&lt;def-root&gt;This FE identifies the &lt;fen&gt;Result&lt;/fen&gt; of an event.&lt;/def-root&gt;</definition>
    </FE>
    <FE bgColor="FFA500" fgColor="FFFFFF" coreType="Peripheral" cBy="RLG" cDate="11/28/2006 08:13:38 PST Tue" abbrev="" name="Time" ID="10880">
        <definition>&lt;def-root&gt;This FE identifies the &lt;fen&gt;Time&lt;/fen&gt; when the fragmenting occurs.&lt;/def-root&gt;</definition>
        <semType name="Time" ID="141"/>
    </FE>
    <FE bgColor="008000" fgColor="FFFFFF" coreType="Peripheral" cBy="RLG" cDate="11/28/2006 08:13:38 PST Tue" abbrev="" name="Place" ID="10881">
        <definition>&lt;def-root&gt;Where the breaking occurs.&lt;/def-root&gt;</definition>
        <semType name="Locative_relation" ID="182"/>
    </FE>
    <FE bgColor="A52A2A" fgColor="FFFFFF" coreType="Peripheral" cBy="RLG" cDate="12/01/2006 11:08:36 PST Fri" abbrev="res" name="Resistant_surface" ID="10898">
        <definition>&lt;def-root&gt;The hard surface against which the &lt;fen&gt;Whole&lt;/fen&gt; (or &lt;fen&gt;Part_1&lt;/fen&gt;) breaks.

&lt;ex&gt;Too fragile a knife will &lt;t&gt;shatter&lt;/t&gt; &lt;fex name="res"&gt;on the stone&lt;/fex&gt;.&lt;/ex&gt;&lt;/def-root&gt;</definition>
    </FE>
    <FE bgColor="FF0000" fgColor="FFFFFF" coreType="Peripheral" cBy="RLG" cDate="12/04/2006 03:39:59 PST Mon" abbrev="mea" name="Means" ID="10924">
        <definition>&lt;def-root&gt;An action or state that enables the fragmentation.

&lt;ex&gt;As the energy of the string increases, it &lt;t&gt;fragments&lt;/t&gt; &lt;fex name="mea"&gt;by producing quark-antiquark (or diquark-antidiquark) pairs at the breakpoints&lt;/fex&gt;.&lt;/ex&gt;&lt;/def-root&gt;</definition>
    </FE>
    <frameRelation type="Inherits from">
        <relatedFrame ID="1863">Becoming_separated</relatedFrame>
    </frameRelation>
    <frameRelation type="Is Inherited by"/>
    <frameRelation type="Perspective on"/>
    <frameRelation type="Is Perspectivized in">
        <relatedFrame ID="1860">Breaking_off</relatedFrame>
        <relatedFrame ID="1862">Breaking_apart</relatedFrame>
    </frameRelation>
    <frameRelation type="Uses"/>
    <frameRelation type="Is Used by"/>
    <frameRelation type="Subframe of"/>
    <frameRelation type="Has Subframe(s)"/>
    <frameRelation type="Precedes"/>
    <frameRelation type="Is Preceded by"/>
    <frameRelation type="Is Inchoative of"/>
    <frameRelation type="Is Causative of"/>
    <frameRelation type="See also"/>
</frame>