<?xml version="1.0" encoding="UTF-8" standalone="yes"?>
<?xml-stylesheet type="text/xsl" href="frame.xsl"?>
<frame cBy="ChW" cDate="02/07/2001 04:12:28 PST Wed" name="Frequency" ID="80" xsi:schemaLocation="../schema/frame.xsd" xmlns="http://framenet.icsi.berkeley.edu" xmlns:xsi="http://www.w3.org/2001/XMLSchema-instance">
    <definition>&lt;def-root&gt;This frame has to do with the repetition (and especially the frequency of repetition) of an event. Many of the adjectives and adverbs in this frame are based on nouns in the Calendric_unit frame.


&lt;ex&gt;China will have to face a &lt;fex name="Degree"&gt;high&lt;/fex&gt; &lt;t&gt;frequency&lt;/t&gt; &lt;fex name="Event"&gt;of sand storms&lt;/fex&gt; in the years to come.&lt;/ex&gt;
&lt;/def-root&gt;</definition>
    <FE bgColor="FF0000" fgColor="FFFFFF" coreType="Core" cBy="ChW" cDate="02/07/2001 04:12:28 PST Wed" abbrev="Evnt" name="Event" ID="371">
        <definition>&lt;def-root&gt;This FE is used for any (bounded) &lt;fen&gt;Event&lt;/fen&gt; whose frequency or iteration is described. 
&lt;ex&gt;The country has been struck by &lt;t&gt;frequent&lt;/t&gt; &lt;fex name="Event"&gt;economic crises&lt;/fex&gt;.&lt;/ex&gt;
&lt;ex&gt;&lt;fex name="Event"&gt;The symptoms&lt;/fex&gt; were &lt;t&gt;sporadic&lt;/t&gt;.&lt;/ex&gt;&lt;/def-root&gt;</definition>
        <semType name="State_of_affairs" ID="177"/>
        <excludesFE name="Salient_entity" ID="8922"/>
    </FE>
    <FE bgColor="FF69B4" fgColor="FFFFFF" coreType="Core" cBy="MJE" cDate="09/17/2001 04:52:00 PDT Mon" abbrev="Degr" name="Degree" ID="1894">
        <definition>&lt;def-root&gt;The extent to which the actually observed rate of occurrence of the &lt;fen&gt;Event&lt;/fen&gt; or &lt;fen&gt;Salient_entity&lt;/fen&gt; differs from the expected rate.


&lt;ex&gt;The Crested Lark (Galerida cristata) is  &lt;fex name="Degree"&gt;very&lt;/fex&gt; &lt;t&gt;frequent&lt;/t&gt; from the coastal plain to the mountains.&lt;/ex&gt;&lt;/def-root&gt;</definition>
        <semType name="Degree" ID="172"/>
    </FE>
    <FE bgColor="0000FF" fgColor="FFFFFF" coreType="Core" cBy="ACW" cDate="06/09/2003 10:57:01 PDT Mon" abbrev="Int" name="Interval" ID="4561">
        <definition>&lt;def-root&gt;The &lt;fen&gt;Interval&lt;/fen&gt; is a noun modified by the target word. The target word specifies the frequency of the &lt;fen&gt;Interval&lt;/fen&gt; . &lt;ex&gt;The meetings occurred at &lt;t&gt;fortnightly&lt;/t&gt; &lt;fex name="Interval"&gt;intervals&lt;/fex&gt;.&lt;/ex&gt; &lt;ex&gt;The parties were held on a &lt;t&gt;monthly&lt;/t&gt; &lt;fex name="Interval"&gt;basis&lt;/fex&gt;.&lt;/ex&gt;&lt;/def-root&gt;</definition>
        <semType name="Duration" ID="142"/>
        <excludesFE name="Salient_entity" ID="8922"/>
    </FE>
    <FE bgColor="800080" fgColor="FFFFFF" coreType="Core" cBy="ACW" cDate="06/09/2003 11:01:00 PDT Mon" abbrev="T_span" name="Time_span" ID="4562">
        <definition>&lt;def-root&gt;The &lt;fen&gt;Time_span&lt;/fen&gt; is the length of time of the &lt;fen&gt;Interval&lt;/fen&gt;. This FE is incorporated by most of the lexical units in this frame.

&lt;ex&gt;You have to renew the license &lt;t&gt;every&lt;/t&gt; &lt;fex name="Time_span"&gt;year&lt;/fex&gt; .&lt;/ex&gt;
&lt;/def-root&gt;</definition>
    </FE>
    <FE bgColor="008000" fgColor="FFFFFF" coreType="Core" cBy="JKR" cDate="08/17/2005 05:38:54 PDT Wed" abbrev="rat" name="Rate" ID="8921">
        <definition>&lt;def-root&gt;The number of times per unit of real or scanning time that an &lt;fen&gt;Event&lt;/fen&gt; or &lt;fen&gt;Salient_entity&lt;/fen&gt; is encountered. 

&lt;ex&gt;The state government spends its fiscal year 2006 budget of $23.4 billion at a &lt;t&gt;rate&lt;/t&gt; &lt;fex name="rat"&gt;of $742 per second&lt;/fex&gt;.&lt;/ex&gt;&lt;/def-root&gt;</definition>
        <excludesFE name="Degree" ID="1894"/>
    </FE>
    <FE bgColor="FF00FF" fgColor="FFFFFF" coreType="Core" cBy="JKR" cDate="08/17/2005 05:40:16 PDT Wed" abbrev="sal" name="Salient_entity" ID="8922">
        <definition>&lt;def-root&gt;An entity which the implicit cognizer encounters with the specified frequency.

&lt;ex&gt;It costs about US$2.50 to travel 200km (124 mi), but &lt;fex name="sal"&gt;buses&lt;/fex&gt; are &lt;t&gt;infrequent&lt;/t&gt; and only one or two buses a day service most routes.&lt;/ex&gt;&lt;/def-root&gt;</definition>
    </FE>
    <FE bgColor="A9A9A9" fgColor="FFFFFF" coreType="Core" cBy="JKR" cDate="08/17/2005 05:50:37 PDT Wed" abbrev="att" name="Attribute" ID="8923">
        <definition>&lt;def-root&gt;The frequency feature of the &lt;fen&gt;Event&lt;/fen&gt; or &lt;fen&gt;Salient_entity&lt;/fen&gt; that is under discussion. All the lexical units in this frame incorporate this frame element.

&lt;ex&gt;These exposures were likely to be &lt;t&gt;intermittent&lt;/t&gt; &lt;fex name="att"&gt;in frequency&lt;/fex&gt; occurring only when workers were participating in activities at these specific areas.&lt;/ex&gt;&lt;/def-root&gt;</definition>
    </FE>
    <FE bgColor="FFA500" fgColor="FFFFFF" coreType="Peripheral" cBy="KmG" cDate="10/30/2007 01:30:10 PDT Tue" abbrev="" name="Time" ID="12039">
        <definition>&lt;def-root&gt;The Time when the Event has a particular frequency.&lt;/def-root&gt;</definition>
    </FE>
    <FE bgColor="00BFFF" fgColor="FFFFFF" coreType="Peripheral" cBy="PKe" cDate="10/31/2011 05:28:14 PDT Mon" abbrev="gro" name="Group" ID="15280">
        <definition>&lt;def-root&gt;The &lt;fen&gt;Group&lt;/fen&gt; in which the &lt;fen&gt;Event&lt;/fen&gt; or &lt;fen&gt;Salient_entity&lt;/fen&gt; is frequent. &lt;ex&gt;&lt;fex name="Salient_entity"&gt;Obesity&lt;/fex&gt; is &lt;t&gt;common&lt;/t&gt; &lt;fex name="Group"&gt;to Americans&lt;/fex&gt;.&lt;/ex&gt; &lt;ex&gt;&lt;fex name="Salient_entity"&gt;Obesity&lt;/fex&gt; is &lt;t&gt;common&lt;/t&gt; &lt;fex name="Group"&gt;in America&lt;/fex&gt;.&lt;/ex&gt; &lt;ex&gt;&lt;fex name="Salient_entity"&gt;Behaviors&lt;/fex&gt; &lt;t&gt;common&lt;/t&gt; &lt;fex name="Group"&gt;to small children&lt;/fex&gt; include crying.&lt;/ex&gt;&lt;/def-root &gt;</definition>
    </FE>
    <FEcoreSet>
        <memberFE name="Event" ID="371"/>
        <memberFE name="Interval" ID="4561"/>
    </FEcoreSet>
    <frameRelation type="Inherits from">
        <relatedFrame ID="1015">Gradable_attributes</relatedFrame>
    </frameRelation>
    <frameRelation type="Is Inherited by"/>
    <frameRelation type="Perspective on"/>
    <frameRelation type="Is Perspectivized in"/>
    <frameRelation type="Uses">
        <relatedFrame ID="187">Event</relatedFrame>
    </frameRelation>
    <frameRelation type="Is Used by">
        <relatedFrame ID="380">Custom</relatedFrame>
    </frameRelation>
    <frameRelation type="Subframe of"/>
    <frameRelation type="Has Subframe(s)"/>
    <frameRelation type="Precedes"/>
    <frameRelation type="Is Preceded by"/>
    <frameRelation type="Is Inchoative of"/>
    <frameRelation type="Is Causative of"/>
    <frameRelation type="See also"/>
    <lexUnit status="FN1_Sent" incorporatedFE="Attribute" POS="A" name="annual.a" ID="1724" lemmaID="1469" cBy="ChW" cDate="02/08/2001 01:30:20 PST Thu">
        <definition>COD: occurring once every year.</definition>
        <sentenceCount annotated="23" total="67"/>
        <lexeme order="1" headword="false" breakBefore="false" POS="A" name="annual"/>
    </lexUnit>
    <lexUnit status="FN1_Sent" incorporatedFE="Attribute" POS="A" name="bi-annual.a" ID="1725" lemmaID="9" cBy="ChW" cDate="02/08/2001 01:30:20 PST Thu">
        <definition>FN: occurring once in two years</definition>
        <sentenceCount annotated="9" total="15"/>
        <lexeme order="1" headword="false" breakBefore="false" POS="A" name="bi-annual"/>
    </lexUnit>
    <lexUnit status="FN1_Sent" incorporatedFE="Attribute" POS="A" name="bi-monthly.a" ID="1726" lemmaID="10" cBy="ChW" cDate="02/08/2001 01:30:20 PST Thu">
        <definition>FN: occuring once every two months.</definition>
        <sentenceCount annotated="10" total="43"/>
        <lexeme order="1" headword="false" breakBefore="false" POS="A" name="bi-monthly"/>
    </lexUnit>
    <lexUnit status="FN1_Sent" incorporatedFE="Attribute" POS="A" name="biennial.a" ID="1727" lemmaID="3525" cBy="ChW" cDate="02/08/2001 01:30:20 PST Thu">
        <definition>COD: taking place every other year. </definition>
        <sentenceCount annotated="14" total="38"/>
        <lexeme order="1" headword="false" breakBefore="false" POS="A" name="biennial"/>
    </lexUnit>
    <lexUnit status="FN1_Sent" incorporatedFE="Attribute" POS="A" name="daily.a" ID="1728" lemmaID="9478" cBy="ChW" cDate="02/08/2001 01:30:20 PST Thu">
        <definition>COD: done, produced, or occurring every day or every weekday. </definition>
        <sentenceCount annotated="19" total="72"/>
        <lexeme order="1" headword="false" breakBefore="false" POS="A" name="daily"/>
    </lexUnit>
    <lexUnit status="FN1_Sent" incorporatedFE="Attribute" POS="A" name="fortnightly.a" ID="1729" lemmaID="15193" cBy="ChW" cDate="02/08/2001 01:30:20 PST Thu">
        <definition>COD: happening or produced every two weeks. </definition>
        <sentenceCount annotated="15" total="38"/>
        <lexeme order="1" headword="false" breakBefore="false" POS="A" name="fortnightly"/>
    </lexUnit>
    <lexUnit status="FN1_Sent" incorporatedFE="Attribute" POS="A" name="frequent.a" ID="1730" lemmaID="15435" cBy="ChW" cDate="02/08/2001 01:30:20 PST Thu">
        <definition>COD: occurring or done many times at short intervals. </definition>
        <sentenceCount annotated="26" total="164"/>
        <lexeme order="1" headword="false" breakBefore="false" POS="A" name="frequent"/>
    </lexUnit>
    <lexUnit status="FN1_Sent" incorporatedFE="Attribute" POS="A" name="infrequent.a" ID="1731" lemmaID="19905" cBy="ChW" cDate="02/08/2001 01:30:21 PST Thu">
        <definition>COD: not occurring often; rare. </definition>
        <sentenceCount annotated="30" total="62"/>
        <lexeme order="1" headword="false" breakBefore="false" POS="A" name="infrequent"/>
        <semType name="Negative" ID="99"/>
    </lexUnit>
    <lexUnit status="FN1_Sent" incorporatedFE="Attribute" POS="A" name="intermittent.a" ID="1732" lemmaID="20358" cBy="ChW" cDate="02/08/2001 01:30:21 PST Thu">
        <definition>COD: occurring at irregular intervals. </definition>
        <sentenceCount annotated="13" total="58"/>
        <lexeme order="1" headword="false" breakBefore="false" POS="A" name="intermittent"/>
    </lexUnit>
    <lexUnit status="FN1_Sent" incorporatedFE="Attribute" POS="A" name="monthly.a" ID="1733" lemmaID="24854" cBy="ChW" cDate="02/08/2001 01:30:21 PST Thu">
        <definition>COD: done, produced, or occurring once a month. </definition>
        <sentenceCount annotated="7" total="60"/>
        <lexeme order="1" headword="false" breakBefore="false" POS="A" name="monthly"/>
    </lexUnit>
    <lexUnit status="FN1_Sent" incorporatedFE="Attribute" POS="A" name="nightly.a" ID="1734" lemmaID="25857" cBy="ChW" cDate="02/08/2001 01:30:21 PST Thu">
        <definition>COD: happening or done every night. </definition>
        <sentenceCount annotated="17" total="47"/>
        <lexeme order="1" headword="false" breakBefore="false" POS="A" name="nightly"/>
    </lexUnit>
    <lexUnit status="FN1_Sent" incorporatedFE="Attribute" POS="A" name="occasional.a" ID="1735" lemmaID="26484" cBy="ChW" cDate="02/08/2001 01:30:21 PST Thu">
        <definition>COD: occurring infrequently or irregularly. </definition>
        <sentenceCount annotated="21" total="62"/>
        <lexeme order="1" headword="false" breakBefore="false" POS="A" name="occasional"/>
    </lexUnit>
    <lexUnit status="FN1_Sent" incorporatedFE="Attribute" POS="A" name="periodic.a" ID="1736" lemmaID="28464" cBy="ChW" cDate="02/08/2001 01:30:21 PST Thu">
        <definition>COD: appearing or occurring at intervals. </definition>
        <sentenceCount annotated="10" total="51"/>
        <lexeme order="1" headword="false" breakBefore="false" POS="A" name="periodic"/>
    </lexUnit>
    <lexUnit status="FN1_Sent" incorporatedFE="Attribute" POS="A" name="recurrent.a" ID="1737" lemmaID="32216" cBy="ChW" cDate="02/08/2001 01:30:21 PST Thu">
        <definition>COD: occurring often or repeatedly. </definition>
        <sentenceCount annotated="10" total="50"/>
        <lexeme order="1" headword="false" breakBefore="false" POS="A" name="recurrent"/>
    </lexUnit>
    <lexUnit status="FN1_Sent" incorporatedFE="Attribute" POS="A" name="recurring.a" ID="1738" lemmaID="44" cBy="ChW" cDate="02/08/2001 01:30:21 PST Thu">
        <definition>FN: occurring with a regular periodicity.</definition>
        <sentenceCount annotated="17" total="43"/>
        <lexeme order="1" headword="false" breakBefore="false" POS="A" name="recurring"/>
    </lexUnit>
    <lexUnit status="Problem" incorporatedFE="Attribute" POS="A" name="repeated.a" ID="1739" lemmaID="32673" cBy="ChW" cDate="02/08/2001 01:30:21 PST Thu">
        <definition>FN: occurring more than once; again and again.</definition>
        <sentenceCount annotated="25" total="90"/>
        <lexeme order="1" headword="false" breakBefore="false" POS="A" name="repeated"/>
    </lexUnit>
    <lexUnit status="FN1_Sent" incorporatedFE="Attribute" POS="A" name="sporadic.a" ID="1740" lemmaID="37472" cBy="ChW" cDate="02/08/2001 01:30:22 PST Thu">
        <definition>COD: occurring at irregular intervals or only in a few places. </definition>
        <sentenceCount annotated="27" total="61"/>
        <lexeme order="1" headword="false" breakBefore="false" POS="A" name="sporadic"/>
        <semType name="Negative" ID="99"/>
    </lexUnit>
    <lexUnit status="FN1_Sent" incorporatedFE="Attribute" POS="A" name="weekly.a" ID="1741" lemmaID="43697" cBy="ChW" cDate="02/08/2001 01:30:22 PST Thu">
        <definition>COD: done, produced, or occurring once a week.</definition>
        <sentenceCount annotated="15" total="61"/>
        <lexeme order="1" headword="false" breakBefore="false" POS="A" name="weekly"/>
    </lexUnit>
    <lexUnit status="FN1_Sent" incorporatedFE="Attribute" POS="A" name="yearly.a" ID="1742" lemmaID="44684" cBy="ChW" cDate="02/08/2001 01:30:22 PST Thu">
        <definition>COD: happening or produced once a year or every year.</definition>
        <sentenceCount annotated="4" total="50"/>
        <lexeme order="1" headword="false" breakBefore="false" POS="A" name="yearly"/>
    </lexUnit>
    <lexUnit status="Created" POS="N" name="interval.n" ID="8750" lemmaID="20420" cBy="ACW" cDate="06/09/2003 11:42:20 PDT Mon">
        <definition>COD: an intervening time</definition>
        <sentenceCount annotated="1" total="1"/>
        <lexeme order="1" headword="false" breakBefore="false" POS="N" name="interval"/>
    </lexUnit>
    <lexUnit status="Created" POS="N" name="period.n" ID="8751" lemmaID="28462" cBy="ACW" cDate="06/09/2003 11:43:43 PDT Mon">
        <definition>COD: a length or portion of time. </definition>
        <sentenceCount annotated="14" total="14"/>
        <lexeme order="1" headword="false" breakBefore="false" POS="N" name="period"/>
    </lexUnit>
    <lexUnit status="Created" incorporatedFE="Attribute" POS="A" name="sometime.a" ID="12550" lemmaID="36925" cBy="JKR" cDate="07/27/2005 10:22:52 PDT Wed">
        <definition>COD: occasional</definition>
        <sentenceCount annotated="0" total="0"/>
        <lexeme order="1" headword="false" breakBefore="false" POS="A" name="sometime"/>
    </lexUnit>
    <lexUnit status="Created" incorporatedFE="Attribute" POS="ADV" name="on and off.adv" ID="12551" lemmaID="50197" cBy="JKR" cDate="07/27/2005 10:25:20 PDT Wed">
        <definition>FN: intermittently</definition>
        <sentenceCount annotated="0" total="0"/>
        <lexeme order="1" headword="false" breakBefore="false" POS="ADV" name="on"/>
        <lexeme order="2" headword="true" breakBefore="false" POS="C" name="and"/>
        <lexeme order="3" headword="false" breakBefore="false" POS="ADV" name="off"/>
    </lexUnit>
    <lexUnit status="Created" incorporatedFE="Attribute" POS="ADV" name="off and on.adv" ID="12552" lemmaID="50197" cBy="JKR" cDate="07/27/2005 10:26:56 PDT Wed">
        <definition>COD: intermittently</definition>
        <sentenceCount annotated="0" total="0"/>
        <lexeme order="1" headword="false" breakBefore="false" POS="ADV" name="on"/>
        <lexeme order="2" headword="true" breakBefore="false" POS="C" name="and"/>
        <lexeme order="3" headword="false" breakBefore="false" POS="ADV" name="off"/>
        <semType name="Negative" ID="99"/>
    </lexUnit>
    <lexUnit status="Created" POS="N" name="frequency.n" ID="12645" lemmaID="15433" cBy="JKR" cDate="08/17/2005 05:45:49 PDT Wed">
        <definition>COD: the rate at which something occurs over a particular period or in a given sample.</definition>
        <sentenceCount annotated="1" total="1"/>
        <lexeme order="1" headword="false" breakBefore="false" POS="N" name="frequency"/>
    </lexUnit>
    <lexUnit status="Problem" POS="N" name="rate.n" ID="12646" lemmaID="31864" cBy="JKR" cDate="08/17/2005 08:30:22 PDT Wed">
        <definition>FN: the number of  entities or events observed in relation to the amount of time during which the observations are made</definition>
        <sentenceCount annotated="4" total="78"/>
        <lexeme order="1" headword="false" breakBefore="false" POS="N" name="rate"/>
    </lexUnit>
    <lexUnit status="Created" POS="ADV" name="always.adv" ID="13636" lemmaID="1165" cBy="MJE" cDate="10/25/2006 02:16:51 PDT Wed">
        <definition>COD: on all occasions.</definition>
        <sentenceCount annotated="21" total="22"/>
        <lexeme order="1" headword="false" breakBefore="false" POS="ADV" name="always"/>
    </lexUnit>
    <lexUnit status="Created" POS="ADV" name="time to time.adv" ID="13637" lemmaID="50462" cBy="MJE" cDate="10/25/2006 02:22:21 PDT Wed">
        <definition>FN: occasionally </definition>
        <sentenceCount annotated="0" total="0"/>
        <lexeme order="1" headword="true" breakBefore="false" POS="N" name="time"/>
        <lexeme order="2" headword="false" breakBefore="false" POS="PREP" name="to"/>
        <lexeme order="3" headword="false" breakBefore="false" POS="N" name="time"/>
    </lexUnit>
    <lexUnit status="Created" incorporatedFE="Attribute" POS="ADV" name="never.adv" ID="14104" lemmaID="25745" cBy="MJE" cDate="03/24/2007 12:14:19 PDT Sat">
        <definition>COD: not ever.</definition>
        <sentenceCount annotated="15" total="15"/>
        <lexeme order="1" headword="false" breakBefore="false" POS="ADV" name="never"/>
    </lexUnit>
    <lexUnit status="Created" incorporatedFE="Attribute" POS="ADV" name="often.adv" ID="14105" lemmaID="26609" cBy="MJE" cDate="03/24/2007 12:15:26 PDT Sat">
        <definition>COD: frequently.</definition>
        <sentenceCount annotated="15" total="15"/>
        <lexeme order="1" headword="false" breakBefore="false" POS="ADV" name="often"/>
    </lexUnit>
    <lexUnit status="Created" POS="ADV" name="frequently.adv" ID="14106" lemmaID="15436" cBy="MJE" cDate="03/24/2007 12:16:00 PDT Sat">
        <definition>FN: with relatively short intervals between iterations.</definition>
        <sentenceCount annotated="1" total="1"/>
        <lexeme order="1" headword="false" breakBefore="false" POS="ADV" name="frequently"/>
    </lexUnit>
    <lexUnit status="Created" POS="ADV" name="infrequently.adv" ID="14107" lemmaID="19906" cBy="MJE" cDate="03/24/2007 12:18:45 PDT Sat">
        <definition>FN: with relatively long intervals between iterations.</definition>
        <sentenceCount annotated="0" total="0"/>
        <lexeme order="1" headword="false" breakBefore="false" POS="ADV" name="infrequently"/>
        <semType name="Negative" ID="99"/>
    </lexUnit>
    <lexUnit status="Created" incorporatedFE="Attribute" POS="ADV" name="occasionally.adv" ID="14108" lemmaID="26485" cBy="MJE" cDate="03/24/2007 12:19:22 PDT Sat">
        <definition>FN: with low frequency.</definition>
        <sentenceCount annotated="0" total="0"/>
        <lexeme order="1" headword="false" breakBefore="false" POS="ADV" name="occasionally"/>
    </lexUnit>
    <lexUnit status="Created" POS="ADV" name="sometimes.adv" ID="14109" lemmaID="36926" cBy="MJE" cDate="03/24/2007 12:19:56 PDT Sat">
        <definition>COD: occasionally.</definition>
        <sentenceCount annotated="7" total="7"/>
        <lexeme order="1" headword="false" breakBefore="false" POS="ADV" name="sometimes"/>
    </lexUnit>
    <lexUnit status="Created" POS="PREP" name="every.prep" ID="14110" lemmaID="50576" cBy="MJE" cDate="03/24/2007 12:22:40 PDT Sat">
        <definition>COD: used to indicate something happening at specified intervals.</definition>
        <sentenceCount annotated="10" total="10"/>
        <lexeme order="1" headword="true" breakBefore="false" POS="PREP" name="every"/>
    </lexUnit>
    <lexUnit status="Created" incorporatedFE="Attribute" POS="ADV" name="all the time.adv" ID="14210" lemmaID="50605" cBy="KmG" cDate="03/28/2007 03:33:03 PDT Wed">
        <definition>FN: always</definition>
        <sentenceCount annotated="1" total="1"/>
        <lexeme order="1" headword="false" breakBefore="false" POS="A" name="all"/>
        <lexeme order="2" headword="false" breakBefore="false" POS="A" name="the"/>
        <lexeme order="3" headword="true" breakBefore="false" POS="N" name="time"/>
    </lexUnit>
    <lexUnit status="Created" POS="ADV" name="once in a while.adv" ID="14217" lemmaID="50607" cBy="MJE" cDate="03/28/2007 08:57:18 PDT Wed">
        <definition>COD: occasionally.</definition>
        <sentenceCount annotated="0" total="0"/>
        <lexeme order="1" headword="true" breakBefore="false" POS="ADV" name="once"/>
        <lexeme order="2" headword="false" breakBefore="false" POS="PREP" name="in"/>
        <lexeme order="3" headword="false" breakBefore="false" POS="ART" name="a"/>
        <lexeme order="4" headword="false" breakBefore="false" POS="N" name="while"/>
    </lexUnit>
    <lexUnit status="Created" POS="ADV" name="every once in a while.adv" ID="14218" lemmaID="50608" cBy="MJE" cDate="03/28/2007 08:59:02 PDT Wed">
        <definition>COD: occasionally.</definition>
        <sentenceCount annotated="0" total="0"/>
        <lexeme order="1" headword="true" breakBefore="false" POS="PREP" name="every"/>
        <lexeme order="2" headword="false" breakBefore="false" POS="ADV" name="once"/>
        <lexeme order="3" headword="false" breakBefore="false" POS="PREP" name="in"/>
        <lexeme order="4" headword="false" breakBefore="false" POS="ART" name="a"/>
        <lexeme order="5" headword="false" breakBefore="false" POS="N" name="while"/>
        <semType name="Negative" ID="99"/>
    </lexUnit>
    <lexUnit status="Created" POS="ADV" name="at times.adv" ID="14219" lemmaID="50609" cBy="MJE" cDate="03/28/2007 09:24:51 PDT Wed">
        <definition>FN: sometimes.</definition>
        <sentenceCount annotated="0" total="0"/>
        <lexeme order="1" headword="true" breakBefore="false" POS="PREP" name="at"/>
        <lexeme order="2" headword="false" breakBefore="false" POS="N" name="times"/>
    </lexUnit>
    <lexUnit status="Created" POS="ADV" name="constantly.adv" ID="14361" lemmaID="7955" cBy="KmG" cDate="04/06/2007 04:07:47 PDT Fri">
        <definition>FN: happening all the time without pause.</definition>
        <sentenceCount annotated="2" total="2"/>
        <lexeme order="1" headword="false" breakBefore="false" POS="ADV" name="constantly"/>
    </lexUnit>
    <lexUnit status="Created" incorporatedFE="Attribute" POS="A" name="rare.a" ID="14594" lemmaID="31837" cBy="KmG" cDate="10/26/2007 12:22:38 PDT Fri">
        <definition>FN: occuring not very often</definition>
        <sentenceCount annotated="3" total="3"/>
        <lexeme order="1" headword="false" breakBefore="false" POS="A" name="rare"/>
        <semType name="Negative" ID="99"/>
    </lexUnit>
    <lexUnit status="Created" POS="ADV" name="regularly.adv" ID="14615" lemmaID="32429" cBy="KmG" cDate="10/31/2007 02:28:18 PDT Wed">
        <definition>FN: with regular frequency</definition>
        <sentenceCount annotated="1" total="1"/>
        <lexeme order="1" headword="false" breakBefore="false" POS="ADV" name="regularly"/>
    </lexUnit>
    <lexUnit status="New" POS="ADV" name="daily.adv" ID="15356" lemmaID="9479" cBy="DYo" cDate="06/15/2009 02:01:23 PDT Mon">
        <definition>FN: the 24hr interval frequency in which an action is performed. </definition>
        <sentenceCount annotated="5" total="236"/>
        <lexeme order="1" headword="false" breakBefore="false" POS="ADV" name="daily"/>
    </lexUnit>
    <lexUnit status="Created" POS="ADV" name="seldom.adv" ID="15940" lemmaID="34885" cBy="MJE" cDate="07/27/2010 11:24:03 PDT Tue">
        <definition>FN: infrequently.</definition>
        <sentenceCount annotated="1" total="1"/>
        <lexeme order="1" headword="false" breakBefore="false" POS="ADV" name="seldom"/>
        <semType name="Negative" ID="99"/>
    </lexUnit>
    <lexUnit status="Created" POS="ADV" name="usually.adv" ID="16465" lemmaID="42575" cBy="MJE" cDate="08/05/2011 05:54:37 PDT Fri">
        <definition>FN: in most instances.</definition>
        <sentenceCount annotated="0" total="0"/>
        <lexeme order="1" headword="false" breakBefore="false" POS="ADV" name="usually"/>
    </lexUnit>
    <lexUnit status="Created" incorporatedFE="Attribute" POS="ADV" name="normally.adv" ID="16466" lemmaID="26094" cBy="MJE" cDate="08/05/2011 05:55:31 PDT Fri">
        <definition>FN: in most cases.</definition>
        <sentenceCount annotated="0" total="0"/>
        <lexeme order="1" headword="false" breakBefore="false" POS="ADV" name="normally"/>
    </lexUnit>
    <lexUnit status="Created" incorporatedFE="Attribute" POS="ADV" name="in general.adv" ID="16467" lemmaID="51341" cBy="MJE" cDate="08/05/2011 06:00:03 PDT Fri">
        <definition>FN: usually.</definition>
        <sentenceCount annotated="0" total="0"/>
        <lexeme order="1" headword="true" breakBefore="false" POS="PREP" name="in"/>
        <lexeme order="2" headword="false" breakBefore="false" POS="A" name="general"/>
    </lexUnit>
    <lexUnit status="Created" POS="ADV" name="generally.adv" ID="16468" lemmaID="16065" cBy="MJE" cDate="08/05/2011 06:01:04 PDT Fri">
        <definition>FN: in most cases.</definition>
        <sentenceCount annotated="1" total="1"/>
        <lexeme order="1" headword="false" breakBefore="false" POS="ADV" name="generally"/>
    </lexUnit>
    <lexUnit status="Created" POS="ADV" name="ordinarily.adv" ID="16469" lemmaID="26920" cBy="MJE" cDate="08/05/2011 06:02:54 PDT Fri">
        <definition>FN: usually.</definition>
        <sentenceCount annotated="0" total="0"/>
        <lexeme order="1" headword="false" breakBefore="false" POS="ADV" name="ordinarily"/>
    </lexUnit>
    <lexUnit status="Created" POS="ADV" name="every so often.adv" ID="16470" lemmaID="51342" cBy="MJE" cDate="08/05/2011 06:20:08 PDT Fri">
        <definition>FN: occasionally.</definition>
        <sentenceCount annotated="0" total="0"/>
        <lexeme order="1" headword="false" breakBefore="false" POS="ART" name="every"/>
        <lexeme order="2" headword="false" breakBefore="false" POS="ADV" name="so"/>
        <lexeme order="3" headword="true" breakBefore="false" POS="ADV" name="often"/>
        <semType name="Negative" ID="99"/>
    </lexUnit>
    <lexUnit status="Created" POS="ADV" name="now and then.adv" ID="16471" lemmaID="51343" cBy="MJE" cDate="08/05/2011 06:22:02 PDT Fri">
        <definition>FN: sometimes.</definition>
        <sentenceCount annotated="0" total="0"/>
        <lexeme order="1" headword="false" breakBefore="false" POS="ADV" name="now"/>
        <lexeme order="2" headword="false" breakBefore="false" POS="C" name="and"/>
        <lexeme order="3" headword="true" breakBefore="false" POS="ADV" name="then"/>
    </lexUnit>
    <lexUnit status="Created" POS="A" name="common.a" ID="16756" lemmaID="51454" cBy="PKe" cDate="10/27/2011 06:12:21 PDT Thu">
        <definition>Some event or Salient_entity occurs frequently.</definition>
        <sentenceCount annotated="49" total="49"/>
        <lexeme order="1" headword="true" breakBefore="false" POS="A" name="common"/>
    </lexUnit>
</frame>