<?xml version="1.0" encoding="UTF-8" standalone="yes"?>
<?xml-stylesheet type="text/xsl" href="frame.xsl"?>
<frame cBy="RLG" cDate="11/28/2011 02:50:40 PST Mon" name="Fugitive" ID="2684" xsi:schemaLocation="../schema/frame.xsd" xmlns="http://framenet.icsi.berkeley.edu" xmlns:xsi="http://www.w3.org/2001/XMLSchema-instance">
    <definition>&lt;def-root&gt;A &lt;fen&gt;Fugitive&lt;/fen&gt; avoids recapture by or on the authority of &lt;fen&gt;Authorities&lt;/fen&gt; in relation to a &lt;fen&gt;Crime&lt;/fen&gt; which the &lt;fen&gt;Fugitive&lt;/fen&gt; has committed or is suspected of having committed.

&lt;ex&gt;&lt;fex name="fug"&gt;He&lt;/fex&gt; &lt;m&gt;is&lt;/m&gt; in fact a &lt;t&gt;fugitive&lt;/t&gt; &lt;fex name="aut"&gt;of the law&lt;/fex&gt; and you must inform the police if you see him.&lt;/ex&gt;

&lt;ex&gt;&lt;fex name="Time"&gt;Only two years earlier&lt;/fex&gt; &lt;fex name="fug"&gt;she&lt;/fex&gt; had &lt;m&gt;been&lt;/m&gt; &lt;t&gt;on the lam&lt;/t&gt; &lt;fex name="Crime"&gt;from charges of embezzlement&lt;/fex&gt;.&lt;/ex&gt;&lt;/def-root&gt;</definition>
    <FE bgColor="1E90FF" fgColor="FFFFFF" coreType="Core" cBy="RLG" cDate="11/28/2011 02:50:40 PST Mon" abbrev="fug" name="Fugitive" ID="15308">
        <definition>&lt;def-root&gt;The &lt;fen&gt;Fugitive&lt;/fen&gt; has escaped and/or is evading capture by law enforcement &lt;fen&gt;Authorities&lt;/fen&gt;.

&lt;ex&gt;Only two years earlier &lt;fex name="fug"&gt;she&lt;/fex&gt; had &lt;m&gt;been&lt;/m&gt; &lt;t&gt;on the lam&lt;/t&gt; from charges of embezzlement.&lt;/ex&gt;&lt;/def-root&gt;</definition>
        <semType name="Human" ID="80"/>
    </FE>
    <FE bgColor="9400D3" fgColor="FFFFFF" coreType="Peripheral" cBy="RLG" cDate="11/28/2011 02:50:40 PST Mon" abbrev="prison" name="Prison" ID="15309">
        <definition>&lt;def-root&gt;The facility where the &lt;fen&gt;Fugitive&lt;/fen&gt; was being held.

&lt;ex&gt;Police are still searching for three &lt;t&gt;fugitives&lt;/t&gt; &lt;fex name="prison"&gt;from Colorado State Prison&lt;/fex&gt;.&lt;/ex&gt;&lt;/def-root&gt;</definition>
        <semType name="Goal" ID="153"/>
    </FE>
    <FE bgColor="FF0000" fgColor="FFFFFF" coreType="Peripheral" cBy="RLG" cDate="11/28/2011 02:50:40 PST Mon" abbrev="aut" name="Authorities" ID="15310">
        <definition>&lt;def-root&gt;The &lt;fen&gt;Authorities&lt;/fen&gt; want to take (or retake) the &lt;fen&gt;Fugitive&lt;/fen&gt; into custody on suspicion of having committed a &lt;fen&gt;Crime&lt;/fen&gt;.

&lt;ex&gt;&lt;t&gt;Fugitives&lt;/t&gt; &lt;fex name="aut"&gt;from the law&lt;/fex&gt; will have the opportunity to present their cases.&lt;/ex&gt;&lt;/def-root&gt;</definition>
        <semType name="Sentient" ID="5"/>
    </FE>
    <FE bgColor="00008B" fgColor="FFFFFF" coreType="Peripheral" cBy="RLG" cDate="11/28/2011 02:50:40 PST Mon" abbrev="cri" name="Crime" ID="15311">
        <definition>&lt;def-root&gt;The crime of which the &lt;fen&gt;Fugitive&lt;/fen&gt; is wanted. This FE also covers expressions that indicate suspicion of crimes, convictions, and sentences.

&lt;ex&gt;A local woman &lt;t&gt;on the lam&lt;/t&gt; &lt;fex name="cri"&gt;from a ten-year prison sentence.&lt;/fex&gt;&lt;/ex&gt;

&lt;ex&gt;US Officials recently arrested over a dozen &lt;fex name="cri"&gt;drug&lt;/fex&gt; &lt;t&gt;fugitives&lt;/t&gt; in a bust that has been planned for months.&lt;/ex&gt;&lt;/def-root&gt;</definition>
    </FE>
    <FE bgColor="008000" fgColor="FFFFFF" coreType="Peripheral" cBy="RLG" cDate="11/28/2011 02:50:40 PST Mon" abbrev="pla" name="Place" ID="15312">
        <definition>&lt;def-root&gt;This FE identifies the general &lt;fen&gt;Place&lt;/fen&gt; where the &lt;fen&gt;Fugitive&lt;/fen&gt; is located.

&lt;ex&gt;Sloan, &lt;t&gt;on the lam&lt;/t&gt; &lt;fex name="pla"&gt;in Michigan&lt;/fex&gt; for the last five months, is due to appear in court this Monday.&lt;/ex&gt;&lt;/def-root&gt;</definition>
        <semType name="Locative_relation" ID="182"/>
    </FE>
    <FE bgColor="FFA500" fgColor="FFFFFF" coreType="Peripheral" cBy="RLG" cDate="11/28/2011 02:50:40 PST Mon" abbrev="Time" name="Time" ID="15313">
        <definition>&lt;def-root&gt;The &lt;fen&gt;Time&lt;/fen&gt; when the &lt;fen&gt;Fugitive&lt;/fen&gt; is evading law enforcement.

&lt;ex&gt;He was a &lt;t&gt;fugitive&lt;/t&gt; &lt;fex name="Time"&gt;in the early 1990s&lt;/fex&gt;.&lt;/ex&gt;&lt;/def-root&gt;</definition>
        <semType name="Time" ID="141"/>
    </FE>
    <FE bgColor="FF00FF" fgColor="FFFFFF" coreType="Peripheral" cBy="RLG" cDate="11/28/2011 02:50:40 PST Mon" abbrev="Mnr" name="Manner" ID="15314">
        <definition>&lt;def-root&gt;Any description of the state of being imprisoned which is not covered by more specific FEs, including epistemic modification (probably, presumably, mysteriously), force (hard, softly), secondary effects (quietly, loudly), and general descriptions comparing events (the same way).&lt;/def-root&gt;</definition>
        <semType name="Manner" ID="173"/>
    </FE>
    <FE bgColor="9F79EE" fgColor="FFFFFF" coreType="Extra-Thematic" cBy="RLG" cDate="11/28/2011 02:50:40 PST Mon" abbrev="Exp" name="Explanation" ID="15315">
        <definition>&lt;def-root&gt;The reason for which the &lt;fen&gt;Fugitive&lt;/fen&gt; is avoiding capture.

&lt;ex&gt;I'm &lt;t&gt;on the lam&lt;/t&gt; &lt;fex name="Explanation"&gt;because that's the only way I'll be able to prove my innocense&lt;/fex&gt;.&lt;/ex&gt;&lt;/def-root&gt;</definition>
        <semType name="State_of_affairs" ID="177"/>
    </FE>
    <FE bgColor="A9A9A9" fgColor="FFFFFF" coreType="Peripheral" cBy="RLG" cDate="11/28/2011 02:50:40 PST Mon" abbrev="Dur" name="Duration" ID="15316">
        <definition>&lt;def-root&gt;This FE identifies the &lt;fen&gt;Duration&lt;/fen&gt; of time for which the &lt;fen&gt;Fugitive&lt;/fen&gt; is on the run.

&lt;ex&gt;The &lt;fex name="Dur"&gt;30-year&lt;/fex&gt; &lt;t&gt;fugitive&lt;/t&gt; was stunned when authorities knocked on his door last May.&lt;/ex&gt;&lt;/def-root&gt;</definition>
        <semType name="Duration" ID="142"/>
    </FE>
    <frameRelation type="Inherits from"/>
    <frameRelation type="Is Inherited by"/>
    <frameRelation type="Perspective on"/>
    <frameRelation type="Is Perspectivized in"/>
    <frameRelation type="Uses">
        <relatedFrame ID="2673">Being_incarcerated</relatedFrame>
    </frameRelation>
    <frameRelation type="Is Used by"/>
    <frameRelation type="Subframe of"/>
    <frameRelation type="Has Subframe(s)"/>
    <frameRelation type="Precedes"/>
    <frameRelation type="Is Preceded by"/>
    <frameRelation type="Is Inchoative of"/>
    <frameRelation type="Is Causative of"/>
    <frameRelation type="See also"/>
    <lexUnit status="Needs_SCs" POS="N" name="fugitive.n" ID="16805" lemmaID="15626" cBy="RLG" cDate="11/28/2011 03:23:45 PST Mon">
        <definition>FN: a person on the run from law enforcement.</definition>
        <sentenceCount annotated="4" total="4"/>
        <lexeme order="1" headword="false" breakBefore="false" POS="N" name="fugitive"/>
        <semType name="Agentive_noun" ID="102"/>
    </lexUnit>
    <lexUnit status="Created" POS="A" name="on the lam.a" ID="16806" lemmaID="51470" cBy="RLG" cDate="11/28/2011 03:24:53 PST Mon">
        <definition>FN: evading capture or arrest.</definition>
        <sentenceCount annotated="0" total="0"/>
        <lexeme order="1" headword="true" breakBefore="false" POS="PREP" name="on"/>
        <lexeme order="2" headword="false" breakBefore="false" POS="ART" name="the"/>
        <lexeme order="3" headword="false" breakBefore="false" POS="N" name="lam"/>
    </lexUnit>
    <lexUnit status="Needs_SCs" POS="A" name="on the run.a" ID="16807" lemmaID="51471" cBy="RLG" cDate="11/28/2011 03:25:38 PST Mon">
        <definition>FN: evading capture from law enforcement.</definition>
        <sentenceCount annotated="11" total="18"/>
        <lexeme order="1" headword="true" breakBefore="false" POS="PREP" name="on"/>
        <lexeme order="2" headword="false" breakBefore="false" POS="ART" name="the"/>
        <lexeme order="3" headword="false" breakBefore="false" POS="N" name="run"/>
    </lexUnit>
    <lexUnit status="Created" POS="N" name="lamster.n" ID="16808" lemmaID="51472" cBy="RLG" cDate="11/28/2011 03:31:09 PST Mon">
        <definition>FN: a fugitive.</definition>
        <sentenceCount annotated="0" total="0"/>
        <lexeme order="1" headword="true" breakBefore="false" POS="N" name="lamster"/>
    </lexUnit>
    <lexUnit status="Created" POS="A" name="on the loose.a" ID="16809" lemmaID="51473" cBy="RLG" cDate="11/28/2011 03:34:33 PST Mon">
        <definition>COD: having escaped from confinement. </definition>
        <sentenceCount annotated="0" total="0"/>
        <lexeme order="1" headword="true" breakBefore="false" POS="PREP" name="on"/>
        <lexeme order="2" headword="false" breakBefore="false" POS="ART" name="the"/>
        <lexeme order="3" headword="false" breakBefore="false" POS="N" name="loose"/>
    </lexUnit>
</frame>