<?xml version="1.0" encoding="UTF-8" standalone="yes"?>
<?xml-stylesheet type="text/xsl" href="frame.xsl"?>
<frame cBy="MJE" cDate="12/10/2001 04:41:18 PST Mon" name="Fullness" ID="244" xsi:schemaLocation="../schema/frame.xsd" xmlns="http://framenet.icsi.berkeley.edu" xmlns:xsi="http://www.w3.org/2001/XMLSchema-instance">
    <definition>&lt;def-root&gt;A &lt;fen&gt;Container&lt;/fen&gt;  is in a state of fullness/emptiness with respect to some &lt;fen&gt;Contents&lt;/fen&gt;.  Note the connection between words in this frame and those in the Containers, Emptying, and Filling frames.
&lt;ex&gt;John carried &lt;fex name="Container"&gt;a bucket&lt;/fex&gt; &lt;t&gt;full&lt;/t&gt; &lt;fex name="Contents"&gt;of water&lt;/fex&gt;.&lt;/ex&gt;&lt;/def-root&gt;</definition>
    <FE bgColor="FF0000" fgColor="FFFFFF" coreType="Core" cBy="MJE" cDate="12/10/2001 05:08:25 PST Mon" abbrev="Container" name="Container" ID="2144">
        <definition>&lt;def-root&gt;&lt;fen&gt;Container&lt;/fen&gt; is used for the entity whose fullness is being described.
&lt;ex&gt;John carried an &lt;t&gt;empty&lt;/t&gt; &lt;fex name="Container"&gt;bucket&lt;/fex&gt;.&lt;/ex&gt;&lt;/def-root&gt;</definition>
    </FE>
    <FE bgColor="9400D3" fgColor="FFFFFF" coreType="Core-Unexpressed" cBy="MJE" cDate="12/10/2001 05:09:43 PST Mon" abbrev="Cont" name="Contents" ID="2145">
        <definition>&lt;def-root&gt;&lt;fen&gt;Contents&lt;/fen&gt; is used for the stuff that is present/absent in the &lt;fen&gt;Container&lt;/fen&gt;.
&lt;ex&gt;The bucket is  &lt;t&gt;full&lt;/t&gt; &lt;fex name="Contents"&gt;of water&lt;/fex&gt;.&lt;/ex&gt;&lt;/def-root&gt;</definition>
    </FE>
    <FE bgColor="0000FF" fgColor="FFFFFF" coreType="Peripheral" cBy="MJE" cDate="02/02/2006 04:52:19 PST Thu" abbrev="deg" name="Degree" ID="9901">
        <definition>&lt;def-root&gt;The extent to which the amount of &lt;fen&gt;Contents&lt;/fen&gt; in the &lt;fen&gt;Container&lt;/fen&gt; diverges from the maximal expected amount for the &lt;fen&gt;Container&lt;/fen&gt;.

&lt;ex&gt;Be careful, because the glass is &lt;fex name="deg"&gt;very&lt;/fex&gt; &lt;t&gt;full&lt;/t&gt; .&lt;/ex&gt;

&lt;/def-root&gt;</definition>
        <semType name="Degree" ID="172"/>
    </FE>
    <FE bgColor="FFA500" fgColor="FFFFFF" coreType="Peripheral" cBy="KmG" cDate="11/07/2007 11:27:32 PST Wed" abbrev="" name="Time" ID="12046">
        <definition>&lt;def-root&gt;The &lt;fen&gt;Time&lt;/fen&gt; when the &lt;fen&gt;Container&lt;/fen&gt; is full. &lt;/def-root&gt;</definition>
    </FE>
    <FE bgColor="008000" fgColor="FFFFFF" coreType="Extra-Thematic" cBy="JKs" cDate="05/14/2008 11:30:54 PDT Wed" abbrev="" name="Frequency" ID="12637">
        <definition>&lt;def-root&gt;The amount of times the &lt;fen&gt;Container&lt;/fen&gt; is empty per unit of time.&lt;/def-root&gt;</definition>
    </FE>
    <FE bgColor="A9A9A9" fgColor="000000" coreType="Peripheral" cBy="JKs" cDate="05/14/2008 11:47:05 PDT Wed" abbrev="" name="Duration" ID="12638">
        <definition>&lt;def-root&gt;&lt;fen&gt;Duration&lt;/fen&gt; denotes the length of time from the beginning of the &lt;fen&gt;Container&lt;/fen&gt;'s fullness to the end. &lt;/def-root&gt;</definition>
    </FE>
    <frameRelation type="Inherits from">
        <relatedFrame ID="1015">Gradable_attributes</relatedFrame>
    </frameRelation>
    <frameRelation type="Is Inherited by"/>
    <frameRelation type="Perspective on"/>
    <frameRelation type="Is Perspectivized in"/>
    <frameRelation type="Uses">
        <relatedFrame ID="397">Containing</relatedFrame>
    </frameRelation>
    <frameRelation type="Is Used by"/>
    <frameRelation type="Subframe of"/>
    <frameRelation type="Has Subframe(s)"/>
    <frameRelation type="Precedes"/>
    <frameRelation type="Is Preceded by"/>
    <frameRelation type="Is Inchoative of"/>
    <frameRelation type="Is Causative of"/>
    <frameRelation type="See also"/>
    <lexUnit status="Finished_Initial" POS="A" name="full.a" ID="4497" lemmaID="15634" cBy="MJE" cDate="12/10/2001 05:13:01 PST Mon">
        <definition>COD: having no empty space. </definition>
        <sentenceCount annotated="30" total="199"/>
        <lexeme order="1" headword="false" breakBefore="false" POS="A" name="full"/>
    </lexUnit>
    <lexUnit status="Finished_Initial" POS="A" name="empty.a" ID="4498" lemmaID="12644" cBy="MJE" cDate="12/10/2001 05:13:56 PST Mon">
        <definition>COD: containing nothing; not filled or occupied. </definition>
        <sentenceCount annotated="21" total="211"/>
        <lexeme order="1" headword="false" breakBefore="false" POS="A" name="empty"/>
        <semType name="Negative" ID="99"/>
    </lexUnit>
    <lexUnit status="Created" POS="N" name="emptiness.n" ID="4499" lemmaID="12641" cBy="MJE" cDate="12/10/2001 05:14:13 PST Mon">
        <definition>FN: the state of containing nothing</definition>
        <sentenceCount annotated="0" total="0"/>
        <lexeme order="1" headword="false" breakBefore="false" POS="N" name="emptiness"/>
        <semType name="Negative" ID="99"/>
    </lexUnit>
    <lexUnit status="Created" POS="N" name="fullness.n" ID="4501" lemmaID="15651" cBy="MJE" cDate="12/10/2001 05:16:08 PST Mon">
        <definition>COD: the state of being full. </definition>
        <sentenceCount annotated="0" total="0"/>
        <lexeme order="1" headword="false" breakBefore="false" POS="N" name="fullness"/>
    </lexUnit>
</frame>