<?xml version="1.0" encoding="UTF-8" standalone="yes"?>
<?xml-stylesheet type="text/xsl" href="frame.xsl"?>
<frame cBy="ACW" cDate="07/16/2001 03:22:06 PDT Mon" name="Getting" ID="179" xsi:schemaLocation="../schema/frame.xsd" xmlns="http://framenet.icsi.berkeley.edu" xmlns:xsi="http://www.w3.org/2001/XMLSchema-instance">
    <definition>&lt;def-root&gt;A &lt;fen&gt;Recipient&lt;/fen&gt; starts off without the &lt;fen&gt;Theme&lt;/fen&gt; in their possession, and then comes to possess it.  Although the &lt;fen&gt;Source&lt;/fen&gt; from which the &lt;fen&gt;Theme&lt;/fen&gt; came is logically necessary, the &lt;fen&gt;Recipient&lt;/fen&gt; and its changing relationship to the &lt;fen&gt;Theme&lt;/fen&gt; is profiled.

&lt;ex&gt;&lt;fex name="Recipient"&gt;I&lt;/fex&gt; &lt;t&gt;got&lt;/t&gt; &lt;fex name="Theme"&gt;two whistles&lt;/fex&gt; &lt;fex name="Source"&gt;from John&lt;/fex&gt;.&lt;/ex&gt;&lt;/def-root&gt;</definition>
    <FE bgColor="00008B" fgColor="FFFFFF" coreType="Core" cBy="ACW" cDate="07/16/2001 03:23:17 PDT Mon" abbrev="Rec" name="Recipient" ID="1406">
        <definition>&lt;def-root&gt;The &lt;fen&gt;Recipient&lt;/fen&gt; indicates the entity that ends up in possession of the &lt;fen&gt;Theme&lt;/fen&gt;.&lt;/def-root&gt;</definition>
    </FE>
    <FE bgColor="9400D3" fgColor="FFFFFF" coreType="Core" cBy="ACW" cDate="07/16/2001 03:23:17 PDT Mon" abbrev="Thm" name="Theme" ID="1407">
        <definition>&lt;def-root&gt;The &lt;fen&gt;Theme&lt;/fen&gt; is the object that changes possession.&lt;/def-root&gt;</definition>
        <semType name="Physical_object" ID="68"/>
    </FE>
    <FE bgColor="0000FF" fgColor="FFFFFF" coreType="Peripheral" cBy="ACW" cDate="07/16/2001 03:23:17 PDT Mon" abbrev="Source" name="Source" ID="1408">
        <definition>&lt;def-root&gt;The &lt;fen&gt;Source&lt;/fen&gt; is the location that the &lt;fen&gt;Theme&lt;/fen&gt; formerly occupied.  Persons that begin in possession of the &lt;fen&gt;Theme&lt;/fen&gt; may metonymically stand in for the &lt;fen&gt;Source&lt;/fen&gt;.&lt;/def-root&gt;</definition>
        <semType name="Source" ID="151"/>
    </FE>
    <FE bgColor="006400" fgColor="FFFFFF" coreType="Peripheral" cBy="MJE" cDate="08/21/2001 08:27:39 PDT Tue" abbrev="Place" name="Place" ID="1720">
        <definition>&lt;def-root&gt;The &lt;fen&gt;Place&lt;/fen&gt; denotes where the Getting takes place.&lt;/def-root&gt;</definition>
        <semType name="Locative_relation" ID="182"/>
    </FE>
    <FE bgColor="9F79EE" fgColor="FFFFFF" coreType="Extra-Thematic" cBy="MJE" cDate="08/21/2001 08:27:39 PDT Tue" abbrev="Purp" name="Purpose" ID="1721">
        <definition>&lt;def-root&gt;The purpose for which an intentional act is performed.&lt;/def-root&gt;</definition>
        <semType name="State_of_affairs" ID="177"/>
    </FE>
    <FE bgColor="00BFFF" fgColor="FFFFFF" coreType="Extra-Thematic" cBy="MJE" cDate="08/21/2001 08:27:39 PDT Tue" abbrev="Exp" name="Explanation" ID="1722">
        <definition>&lt;def-root&gt;The &lt;fen&gt;Explanation&lt;/fen&gt; refers to the existing eventuality that the &lt;fen&gt;Recipient&lt;/fen&gt; is responding to.&lt;/def-root&gt;</definition>
        <semType name="State_of_affairs" ID="177"/>
    </FE>
    <FE bgColor="FFA500" fgColor="FFFFFF" coreType="Peripheral" cBy="MJE" cDate="08/21/2001 08:27:39 PDT Tue" abbrev="Time" name="Time" ID="1723">
        <definition>&lt;def-root&gt;When the event occurs.&lt;/def-root&gt;</definition>
        <semType name="Time" ID="141"/>
    </FE>
    <FE bgColor="FF00FF" fgColor="FFFFFF" coreType="Peripheral" cBy="MJE" cDate="08/21/2001 08:39:01 PDT Tue" abbrev="Mns" name="Means" ID="1733">
        <definition>&lt;def-root&gt;The &lt;fen&gt;Means&lt;/fen&gt; is the action of the &lt;fen&gt;Recipient&lt;/fen&gt; which results in their possession of the &lt;fen&gt;Theme&lt;/fen&gt;.&lt;/def-root&gt;</definition>
        <semType name="State_of_affairs" ID="177"/>
    </FE>
    <FE bgColor="FF69B4" fgColor="FFFFFF" coreType="Peripheral" cBy="MJE" cDate="10/18/2002 01:07:11 PDT Fri" abbrev="Mnr" name="Manner" ID="3832">
        <definition>&lt;def-root&gt;This FE identifies the Manner in which an Agent intentionally acts.
&lt;/def-root&gt;</definition>
        <semType name="Manner" ID="173"/>
    </FE>
    <FE bgColor="A9A9A9" fgColor="FFFFFF" coreType="Extra-Thematic" cBy="MJE" cDate="10/18/2002 01:07:58 PDT Fri" abbrev="Result" name="Result" ID="3833">
        <definition>&lt;def-root&gt;The state that either the &lt;fen&gt;Recipient&lt;/fen&gt; or the &lt;fen&gt;Theme&lt;/fen&gt; end up in after the acquisition.

&lt;ex&gt;You should &lt;t&gt;acquire&lt;/t&gt; it &lt;fex name="Result"&gt;without any publicity&lt;/fex&gt;.&lt;/ex&gt;&lt;/def-root&gt;</definition>
    </FE>
    <FE bgColor="FF0000" fgColor="FFFFFF" coreType="Extra-Thematic" cBy="KmG" cDate="03/01/2007 10:52:09 PST Thu" abbrev="con" name="Concessive" ID="11133">
        <definition>&lt;def-root&gt;This FE signifies that the state of affairs expressed by the main clause (containing the target) occurs or holds, and something other than that state of affairs would be expected given the state of affairs in the concessive clause.&lt;/def-root&gt;</definition>
    </FE>
    <FE bgColor="A52A2A" fgColor="FFFFFF" coreType="Extra-Thematic" cBy="AlK" cDate="01/29/2010 12:45:27 PST Fri" abbrev="" name="Beneficiary" ID="13491">
        <definition>&lt;def-root&gt;The &lt;fen&gt;Beneficiary&lt;/fen&gt; is an entity which the &lt;fen&gt;Recipient&lt;/fen&gt; passes the &lt;fen&gt;Theme&lt;/fen&gt; to, or shares the &lt;fen&gt;Theme&lt;/fen&gt; with.&lt;/def-root&gt;</definition>
    </FE>
    <frameRelation type="Inherits from">
        <relatedFrame ID="187">Event</relatedFrame>
    </frameRelation>
    <frameRelation type="Is Inherited by">
        <relatedFrame ID="210">Commerce_collect</relatedFrame>
        <relatedFrame ID="411">Receiving</relatedFrame>
        <relatedFrame ID="1482">Amassing</relatedFrame>
        <relatedFrame ID="410">Taking</relatedFrame>
        <relatedFrame ID="171">Commerce_buy</relatedFrame>
        <relatedFrame ID="122">Kidnapping</relatedFrame>
    </frameRelation>
    <frameRelation type="Perspective on"/>
    <frameRelation type="Is Perspectivized in"/>
    <frameRelation type="Uses"/>
    <frameRelation type="Is Used by"/>
    <frameRelation type="Subframe of">
        <relatedFrame ID="1191">Getting_scenario</relatedFrame>
    </frameRelation>
    <frameRelation type="Has Subframe(s)"/>
    <frameRelation type="Precedes">
        <relatedFrame ID="1185">Post_getting</relatedFrame>
    </frameRelation>
    <frameRelation type="Is Preceded by">
        <relatedFrame ID="1183">Pre_getting</relatedFrame>
    </frameRelation>
    <frameRelation type="Is Inchoative of">
        <relatedFrame ID="118">Possession</relatedFrame>
    </frameRelation>
    <frameRelation type="Is Causative of"/>
    <frameRelation type="See also"/>
    <lexUnit status="Finished_Initial" POS="V" name="get.v" ID="4343" lemmaID="16168" cBy="MJE" cDate="10/25/2001 07:43:42 PDT Thu">
        <definition>COD: come to have or hold; receive. </definition>
        <sentenceCount annotated="44" total="672"/>
        <lexeme order="1" headword="false" breakBefore="false" POS="V" name="get"/>
    </lexUnit>
    <lexUnit status="Finished_Initial" POS="V" name="obtain.v" ID="7499" lemmaID="26467" cBy="MJE" cDate="09/27/2002 01:06:51 PDT Fri">
        <definition>COD: acquire or secure. </definition>
        <sentenceCount annotated="73" total="731"/>
        <lexeme order="1" headword="false" breakBefore="false" POS="V" name="obtain"/>
    </lexUnit>
    <lexUnit status="Finished_Initial" POS="V" name="acquire.v" ID="7500" lemmaID="376" cBy="MJE" cDate="09/27/2002 01:07:06 PDT Fri">
        <definition>COD:  come to possess.</definition>
        <sentenceCount annotated="96" total="690"/>
        <lexeme order="1" headword="false" breakBefore="false" POS="V" name="acquire"/>
    </lexUnit>
    <lexUnit status="Finished_Initial" POS="N" name="acquisition [act].n" ID="7501" lemmaID="378" cBy="MJE" cDate="09/27/2002 01:07:24 PDT Fri">
        <definition>COD: the act of acquiring. </definition>
        <sentenceCount annotated="43" total="401"/>
        <lexeme order="1" headword="false" breakBefore="false" POS="N" name="acquisition"/>
    </lexUnit>
    <lexUnit status="Finished_Initial" POS="V" name="gain.v" ID="7502" lemmaID="15812" cBy="MJE" cDate="09/27/2002 01:10:16 PDT Fri">
        <definition>COD: obtain or secure (something favourable).</definition>
        <sentenceCount annotated="21" total="712"/>
        <lexeme order="1" headword="false" breakBefore="false" POS="V" name="gain"/>
    </lexUnit>
    <lexUnit status="Created" POS="N" name="acquisition [entity].n" ID="7503" lemmaID="378" cBy="MJE" cDate="09/27/2002 01:13:49 PDT Fri">
        <definition>COD:  a recently acquired asset or object.</definition>
        <sentenceCount annotated="0" total="0"/>
        <lexeme order="1" headword="false" breakBefore="false" POS="N" name="acquisition"/>
    </lexUnit>
    <lexUnit status="Created" POS="V" name="secure.v" ID="7504" lemmaID="34807" cBy="MJE" cDate="09/27/2002 01:16:41 PDT Fri">
        <definition>COD: succeed in obtaining.</definition>
        <sentenceCount annotated="10" total="10"/>
        <lexeme order="1" headword="false" breakBefore="false" POS="V" name="secure"/>
    </lexUnit>
    <lexUnit status="Needs_SCs" POS="V" name="procure.v" ID="12163" lemmaID="30565" cBy="JKR" cDate="06/02/2005 03:25:19 PDT Thu">
        <definition>COD: obtain</definition>
        <sentenceCount annotated="3" total="3"/>
        <lexeme order="1" headword="false" breakBefore="false" POS="V" name="procure"/>
    </lexUnit>
    <lexUnit status="Needs_SCs" POS="N" name="procurement [act].n" ID="12712" lemmaID="30566" cBy="RLG" cDate="08/24/2005 11:57:04 PDT Wed">
        <definition>FN: the act of obtaining.</definition>
        <sentenceCount annotated="4" total="6"/>
        <lexeme order="1" headword="false" breakBefore="false" POS="N" name="procurement"/>
    </lexUnit>
    <lexUnit status="Created" POS="V" name="score.v" ID="13200" lemmaID="34479" cBy="MJE" cDate="05/18/2006 03:30:38 PDT Thu">
        <definition>FN: manage to obtain (something highly desirable).</definition>
        <sentenceCount annotated="0" total="0"/>
        <lexeme order="1" headword="false" breakBefore="false" POS="V" name="score"/>
        <semType name="Positive_judgment" ID="13"/>
    </lexUnit>
    <lexUnit status="Needs_SCs" POS="V" name="win.v" ID="15586" lemmaID="44198" cBy="AlK" cDate="01/29/2010 11:56:01 PST Fri">
        <definition>FN: acquire through effort or fortune</definition>
        <sentenceCount annotated="4" total="4"/>
        <lexeme order="1" headword="false" breakBefore="false" POS="V" name="win"/>
    </lexUnit>
</frame>