<?xml version="1.0" encoding="UTF-8" standalone="yes"?>
<?xml-stylesheet type="text/xsl" href="frame.xsl"?>
<frame cBy="MJE" cDate="07/16/2004 02:58:05 PDT Fri" name="Getting_scenario" ID="1191" xsi:schemaLocation="../schema/frame.xsd" xmlns="http://framenet.icsi.berkeley.edu" xmlns:xsi="http://www.w3.org/2001/XMLSchema-instance">
    <definition>&lt;def-root&gt;In this scenario, the &lt;fen&gt;Recipient&lt;/fen&gt; begins without the &lt;fen&gt;Theme&lt;/fen&gt;, then acquires the &lt;fen&gt;Theme&lt;/fen&gt; from a &lt;fen&gt;Source&lt;/fen&gt;.
&lt;/def-root&gt;</definition>
    <semType name="Non-Lexical Frame" ID="16"/>
    <FE bgColor="00008B" fgColor="FFFFFF" coreType="Core" cBy="MJE" cDate="07/16/2004 02:58:05 PDT Fri" abbrev="Rec" name="Recipient" ID="6941">
        <definition>&lt;def-root&gt;The &lt;fen&gt;Recipient&lt;/fen&gt; indicates the entity that ends up in possession of the &lt;fen&gt;Theme&lt;/fen&gt;.&lt;/def-root&gt;</definition>
    </FE>
    <FE bgColor="9400D3" fgColor="FFFFFF" coreType="Core" cBy="MJE" cDate="07/16/2004 02:58:05 PDT Fri" abbrev="Thm" name="Theme" ID="6942">
        <definition>&lt;def-root&gt;The &lt;fen&gt;Theme&lt;/fen&gt; is the object that changes possession.&lt;/def-root&gt;</definition>
        <semType name="Physical_object" ID="68"/>
    </FE>
    <FE bgColor="0000FF" fgColor="FFFFFF" coreType="Peripheral" cBy="MJE" cDate="07/16/2004 02:58:05 PDT Fri" abbrev="Source" name="Source" ID="6943">
        <definition>&lt;def-root&gt;The &lt;fen&gt;Source&lt;/fen&gt; is the location that the &lt;fen&gt;Theme&lt;/fen&gt; formerly occupied.  Persons that begin in possession of the &lt;fen&gt;Theme&lt;/fen&gt; may metonymically stand in for the &lt;fen&gt;Source&lt;/fen&gt;.&lt;/def-root&gt;</definition>
        <semType name="Source" ID="151"/>
    </FE>
    <FE bgColor="9F79EE" fgColor="FFFFFF" coreType="Extra-Thematic" cBy="MJE" cDate="07/16/2004 02:58:05 PDT Fri" abbrev="Purp" name="Purpose" ID="6945">
        <definition>&lt;def-root&gt;The purpose for which an intentional act is performed.&lt;/def-root&gt;</definition>
        <semType name="State_of_affairs" ID="177"/>
    </FE>
    <FE bgColor="00BFFF" fgColor="FFFFFF" coreType="Extra-Thematic" cBy="MJE" cDate="07/16/2004 02:58:05 PDT Fri" abbrev="Exp" name="Explanation" ID="6946">
        <definition>&lt;def-root&gt;The &lt;fen&gt;Explanation&lt;/fen&gt; refers to the existing eventuality that the &lt;fen&gt;Recipient&lt;/fen&gt; is responding to.&lt;/def-root&gt;</definition>
        <semType name="State_of_affairs" ID="177"/>
    </FE>
    <frameRelation type="Inherits from"/>
    <frameRelation type="Is Inherited by">
        <relatedFrame ID="1180">Receiving_scenario</relatedFrame>
    </frameRelation>
    <frameRelation type="Perspective on"/>
    <frameRelation type="Is Perspectivized in"/>
    <frameRelation type="Uses"/>
    <frameRelation type="Is Used by"/>
    <frameRelation type="Subframe of"/>
    <frameRelation type="Has Subframe(s)">
        <relatedFrame ID="1183">Pre_getting</relatedFrame>
        <relatedFrame ID="179">Getting</relatedFrame>
        <relatedFrame ID="1185">Post_getting</relatedFrame>
    </frameRelation>
    <frameRelation type="Precedes"/>
    <frameRelation type="Is Preceded by"/>
    <frameRelation type="Is Inchoative of"/>
    <frameRelation type="Is Causative of"/>
    <frameRelation type="See also"/>
</frame>