<?xml version="1.0" encoding="UTF-8" standalone="yes"?>
<?xml-stylesheet type="text/xsl" href="frame.xsl"?>
<frame cBy="MJE" cDate="06/23/2001 08:15:16 PDT Sat" name="Giving" ID="139" xsi:schemaLocation="../schema/frame.xsd" xmlns="http://framenet.icsi.berkeley.edu" xmlns:xsi="http://www.w3.org/2001/XMLSchema-instance">
    <definition>&lt;def-root&gt;A &lt;fen&gt;Donor&lt;/fen&gt; transfers a &lt;fen&gt;Theme&lt;/fen&gt; from a &lt;fen&gt;Donor&lt;/fen&gt;to a &lt;fen&gt;Recipient&lt;/fen&gt;.  This frame includes only actions that are initiated by the &lt;fen&gt;Donor&lt;/fen&gt; (the one that starts out owning the &lt;fen&gt;Theme&lt;/fen&gt;).  Sentences (even metaphorical ones) must meet the following entailments: the  &lt;fen&gt;Donor&lt;/fen&gt; first has possession of the &lt;fen&gt;Theme&lt;/fen&gt;.  Following the transfer the &lt;fen&gt;Donor&lt;/fen&gt; no longer has the &lt;fen&gt;Theme&lt;/fen&gt; and the &lt;fen&gt;Recipient&lt;/fen&gt; does. &lt;ex&gt;&lt;fex name="Donor"&gt;Barney&lt;/fex&gt; &lt;t&gt;gave&lt;/t&gt; &lt;fex name="Theme"&gt;the beer&lt;/fex&gt; &lt;fex name="Recipient"&gt;to Moe&lt;/fex&gt;.&lt;/ex&gt; &lt;ex&gt;&lt;fex name="Theme"&gt;$300&lt;/fex&gt; was &lt;t&gt;endowed&lt;/t&gt; &lt;fex name="Recipient"&gt;to the university&lt;/fex&gt;&lt;fex name="Purpose"&gt;to build a new performing arts building&lt;/fex&gt;.&lt;/ex&gt;&lt;/def-root&gt;</definition>
    <FE bgColor="FF0000" fgColor="FFFFFF" coreType="Core" cBy="MJE" cDate="06/23/2001 08:17:21 PDT Sat" abbrev="Donor" name="Donor" ID="1052">
        <definition>&lt;def-root&gt;The person that begins in possession of the &lt;fen&gt;Theme&lt;/fen&gt; and causes it to be in the possession of the &lt;fen&gt;Recipient&lt;/fen&gt; .&lt;/def-root&gt;</definition>
    </FE>
    <FE bgColor="0000FF" fgColor="FFFFFF" coreType="Core" cBy="MJE" cDate="06/23/2001 08:18:41 PDT Sat" abbrev="Rec" name="Recipient" ID="1053">
        <definition>&lt;def-root&gt;The entity that ends up in possession of the &lt;fen&gt;Theme&lt;/fen&gt;.&lt;/def-root&gt;</definition>
    </FE>
    <FE bgColor="9400D3" fgColor="FFFFFF" coreType="Core" cBy="MJE" cDate="06/23/2001 08:19:30 PDT Sat" abbrev="Thm" name="Theme" ID="1054">
        <definition>&lt;def-root&gt;The object that changes ownership.&lt;/def-root&gt;</definition>
        <semType name="Physical_object" ID="68"/>
    </FE>
    <FE bgColor="008000" fgColor="FFFFFF" coreType="Peripheral" cBy="MJE" cDate="08/20/2001 05:28:46 PDT Mon" abbrev="Place" name="Place" ID="1680">
        <definition>&lt;def-root&gt;The &lt;fen&gt;Place&lt;/fen&gt; where the &lt;fen&gt;Donor&lt;/fen&gt; gives the &lt;fen&gt;Theme&lt;/fen&gt; to the &lt;fen&gt;Recipient&lt;/fen&gt;.&lt;/def-root&gt;</definition>
        <semType name="Locative_relation" ID="182"/>
    </FE>
    <FE bgColor="808080" fgColor="FFFFFF" coreType="Extra-Thematic" cBy="MJE" cDate="08/20/2001 05:28:46 PDT Mon" abbrev="Exp" name="Explanation" ID="1681">
        <definition>&lt;def-root&gt;The &lt;fen&gt;Explanation&lt;/fen&gt; for which the &lt;fen&gt;Donor&lt;/fen&gt; gives the &lt;fen&gt;Theme&lt;/fen&gt; to the &lt;fen&gt;Recipient&lt;/fen&gt;.&lt;/def-root&gt;</definition>
        <semType name="State_of_affairs" ID="177"/>
    </FE>
    <FE bgColor="FFA500" fgColor="FFFFFF" coreType="Peripheral" cBy="MJE" cDate="08/20/2001 05:28:46 PDT Mon" abbrev="Time" name="Time" ID="1682">
        <definition>&lt;def-root&gt;The &lt;fen&gt;Time&lt;/fen&gt; is when the &lt;fen&gt;Donor&lt;/fen&gt; gives the &lt;fen&gt;Theme&lt;/fen&gt; to the &lt;fen&gt;Recipient&lt;/fen&gt;.&lt;/def-root&gt;</definition>
        <semType name="Time" ID="141"/>
    </FE>
    <FE bgColor="800080" fgColor="FFFFFF" coreType="Peripheral" cBy="MJE" cDate="08/21/2001 08:26:13 PDT Tue" abbrev="Purp" name="Purpose" ID="1719">
        <definition>&lt;def-root&gt;The &lt;fen&gt;Purpose&lt;/fen&gt; for which the &lt;fen&gt;Donor&lt;/fen&gt; gives the &lt;fen&gt;Theme&lt;/fen&gt; to the &lt;fen&gt;Recipient&lt;/fen&gt;.&lt;/def-root&gt;</definition>
        <semType name="State_of_affairs" ID="177"/>
    </FE>
    <FE bgColor="FF00FF" fgColor="FFFFFF" coreType="Peripheral" cBy="MJE" cDate="08/21/2001 08:38:07 PDT Tue" abbrev="Mns" name="Means" ID="1732">
        <definition>&lt;def-root&gt;The &lt;fen&gt;Means&lt;/fen&gt; by which the &lt;fen&gt;Donor&lt;/fen&gt; gives the &lt;fen&gt;Theme&lt;/fen&gt; to the &lt;fen&gt;Recipient&lt;/fen&gt;.&lt;/def-root&gt;</definition>
        <semType name="State_of_affairs" ID="177"/>
    </FE>
    <FE bgColor="FF69B4" fgColor="FFFFFF" coreType="Peripheral" cBy="ACW" cDate="08/13/2002 01:26:20 PDT Tue" abbrev="Man" name="Manner" ID="3539">
        <definition>&lt;def-root&gt;The &lt;fen&gt;Manner&lt;/fen&gt; is the manner in which the &lt;fen&gt;Donor&lt;/fen&gt; gives the &lt;fen&gt;Theme&lt;/fen&gt; to the &lt;fen&gt;Recipient&lt;/fen&gt;.&lt;/def-root&gt;</definition>
        <semType name="Manner" ID="173"/>
    </FE>
    <FE bgColor="9F79EE" fgColor="FFFFFF" coreType="Extra-Thematic" cBy="ACW" cDate="08/16/2002 11:33:25 PDT Fri" abbrev="cir" name="Circumstances" ID="3564">
        <definition>&lt;def-root&gt;The &lt;fen&gt;Circumstances&lt;/fen&gt; are the conditions under which the &lt;fen&gt;Theme&lt;/fen&gt; is given. &lt;ex&gt;&lt;fex name="Donor"&gt;I&lt;/fex&gt; &lt;t&gt;give&lt;/t&gt; &lt;fex name="Theme"&gt;my services&lt;/fex&gt; &lt;fex name="Circumstances"&gt;free of charge&lt;/fex&gt;.&lt;/ex&gt;&lt;/def-root&gt;</definition>
    </FE>
    <FE bgColor="2E8B57" fgColor="FFFFFF" coreType="Extra-Thematic" cBy="RLG" cDate="07/23/2003 02:22:53 PDT Wed" abbrev="Imp" name="Imposed_purpose" ID="4819">
        <definition>&lt;def-root&gt;The &lt;fen&gt;Recipient&lt;/fen&gt;'s intended purpose for the &lt;fen&gt;Theme&lt;/fen&gt;.
&lt;ex&gt;Please &lt;t&gt;give&lt;/t&gt; this list to the secretary &lt;fex name="Imposed_purpose"&gt;for entry into the client database&lt;/fex&gt;.&lt;/ex&gt;&lt;/def-root&gt;</definition>
    </FE>
    <FE bgColor="A52A2A" fgColor="FFFFFF" coreType="Extra-Thematic" cBy="RLG" cDate="08/08/2007 03:59:34 PDT Wed" abbrev="dep" name="Depictive" ID="11956">
        <definition>&lt;def-root&gt;A description of the &lt;fen&gt;Donor&lt;/fen&gt;, &lt;fen&gt;Recipient&lt;/fen&gt;, or &lt;fen&gt;Theme&lt;/fen&gt; given independently of the giving event per se.&lt;/def-root&gt;</definition>
    </FE>
    <FE bgColor="7FFF00" fgColor="000000" coreType="Extra-Thematic" cBy="JKs" cDate="09/25/2008 04:41:54 PDT Thu" abbrev="" name="Period_of_iterations" ID="13069">
        <definition>&lt;def-root&gt;The length of time from when the event denoted by the target began to be repeated to when it stopped.&lt;/def-root&gt;</definition>
    </FE>
    <frameRelation type="Inherits from">
        <relatedFrame ID="206">Lose_possession</relatedFrame>
        <relatedFrame ID="198">Intentionally_act</relatedFrame>
    </frameRelation>
    <frameRelation type="Is Inherited by">
        <relatedFrame ID="172">Commerce_sell</relatedFrame>
        <relatedFrame ID="180">Commerce_pay</relatedFrame>
        <relatedFrame ID="1346">Supply</relatedFrame>
        <relatedFrame ID="1500">Surrendering_possession</relatedFrame>
        <relatedFrame ID="1521">Submitting_documents</relatedFrame>
        <relatedFrame ID="2781">Lending</relatedFrame>
    </frameRelation>
    <frameRelation type="Perspective on">
        <relatedFrame ID="178">Transfer</relatedFrame>
    </frameRelation>
    <frameRelation type="Is Perspectivized in"/>
    <frameRelation type="Uses"/>
    <frameRelation type="Is Used by">
        <relatedFrame ID="2239">Offering</relatedFrame>
        <relatedFrame ID="2721">Conferring_benefit</relatedFrame>
    </frameRelation>
    <frameRelation type="Subframe of">
        <relatedFrame ID="1190">Giving_scenario</relatedFrame>
    </frameRelation>
    <frameRelation type="Has Subframe(s)"/>
    <frameRelation type="Precedes">
        <relatedFrame ID="1187">Post_giving</relatedFrame>
    </frameRelation>
    <frameRelation type="Is Preceded by">
        <relatedFrame ID="1186">Pre_giving</relatedFrame>
    </frameRelation>
    <frameRelation type="Is Inchoative of"/>
    <frameRelation type="Is Causative of"/>
    <frameRelation type="See also"/>
    <lexUnit status="Finished_Initial" POS="V" name="give.v" ID="4344" lemmaID="16270" cBy="MJE" cDate="10/25/2001 07:44:04 PDT Thu">
        <definition>COD: freely transfer the possession of; cause to receive or have. </definition>
        <sentenceCount annotated="51" total="617"/>
        <lexeme order="1" headword="false" breakBefore="false" POS="V" name="give"/>
    </lexUnit>
    <lexUnit status="Finished_Initial" POS="V" name="donate.v" ID="5344" lemmaID="11482" cBy="MJE" cDate="03/29/2002 01:41:33 PST Fri">
        <definition>COD: give (money or goods) for a good cause</definition>
        <sentenceCount annotated="57" total="288"/>
        <lexeme order="1" headword="false" breakBefore="false" POS="V" name="donate"/>
    </lexUnit>
    <lexUnit status="Finished_Initial" POS="N" name="donation.n" ID="5345" lemmaID="11483" cBy="MJE" cDate="03/29/2002 01:41:47 PST Fri">
        <definition>COD: something that is given to a charity, especially a sum of money. </definition>
        <sentenceCount annotated="19" total="264"/>
        <lexeme order="1" headword="false" breakBefore="false" POS="N" name="donation"/>
    </lexUnit>
    <lexUnit status="Finished_Initial" POS="N" name="donor.n" ID="5346" lemmaID="11490" cBy="MJE" cDate="03/29/2002 01:42:02 PST Fri">
        <definition>COD: a person who donates something. </definition>
        <sentenceCount annotated="15" total="246"/>
        <lexeme order="1" headword="false" breakBefore="false" POS="N" name="donor"/>
    </lexUnit>
    <lexUnit status="Finished_Initial" POS="V" name="foist.v" ID="5347" lemmaID="45573" cBy="MJE" cDate="03/29/2002 01:42:32 PST Fri">
        <definition>COD: impose an unwelcome or unnecessary person or thing on. </definition>
        <sentenceCount annotated="8" total="41"/>
        <lexeme order="1" headword="false" breakBefore="false" POS="V" name="foist"/>
    </lexUnit>
    <lexUnit status="Finished_Initial" POS="V" name="endow.v" ID="5348" lemmaID="12729" cBy="MJE" cDate="03/29/2002 01:43:36 PST Fri">
        <definition>COD: give or bequeath an income or property to. </definition>
        <sentenceCount annotated="9" total="169"/>
        <lexeme order="1" headword="false" breakBefore="false" POS="V" name="endow"/>
    </lexUnit>
    <lexUnit status="Problem" POS="V" name="pass.v" ID="5352" lemmaID="27946" cBy="MJE" cDate="03/29/2002 02:11:15 PST Fri">
        <definition>COD:  transfer (something) to someone, especially by handing or bequeathing it to the next person in a series</definition>
        <sentenceCount annotated="15" total="269"/>
        <lexeme order="1" headword="false" breakBefore="false" POS="V" name="pass"/>
    </lexUnit>
    <lexUnit status="Insufficient_Attestations" POS="V" name="fob off.v" ID="5353" lemmaID="45574" cBy="MJE" cDate="03/29/2002 02:14:22 PST Fri">
        <definition>COD: give (something inferior) to. </definition>
        <sentenceCount annotated="0" total="56"/>
        <lexeme order="1" headword="true" breakBefore="false" POS="V" name="fob"/>
        <lexeme order="2" headword="false" breakBefore="true" POS="ADV" name="off"/>
        <semType name="Negative_judgment" ID="14"/>
    </lexUnit>
    <lexUnit status="Finished_Initial" POS="V" name="give out.v" ID="5361" lemmaID="45575" cBy="MJE" cDate="03/29/2002 05:22:18 PST Fri">
        <definition>FN: give freely (to a large number of recipients).</definition>
        <sentenceCount annotated="20" total="575"/>
        <lexeme order="1" headword="true" breakBefore="false" POS="V" name="give"/>
        <lexeme order="2" headword="false" breakBefore="true" POS="V" name="out"/>
    </lexUnit>
    <lexUnit status="Finished_Initial" POS="V" name="hand over.v" ID="5369" lemmaID="45580" cBy="MJE" cDate="03/29/2002 07:05:07 PST Fri">
        <definition>FN: hand to someone else</definition>
        <sentenceCount annotated="27" total="218"/>
        <lexeme order="1" headword="true" breakBefore="false" POS="V" name="hand"/>
        <lexeme order="2" headword="false" breakBefore="true" POS="ADV" name="over"/>
    </lexUnit>
    <lexUnit status="Finished_Initial" POS="V" name="hand out.v" ID="5370" lemmaID="45581" cBy="MJE" cDate="04/01/2002 04:10:11 PST Mon">
        <definition>COD: distribute something among a group of people</definition>
        <sentenceCount annotated="27" total="515"/>
        <lexeme order="1" headword="true" breakBefore="false" POS="V" name="hand"/>
        <lexeme order="2" headword="false" breakBefore="true" POS="ADV" name="out"/>
    </lexUnit>
    <lexUnit status="Finished_Initial" POS="V" name="gift.v" ID="5371" lemmaID="16217" cBy="MJE" cDate="04/01/2002 04:14:47 PST Mon">
        <definition>COD: give as a gift, especially formally. </definition>
        <sentenceCount annotated="6" total="59"/>
        <lexeme order="1" headword="false" breakBefore="false" POS="V" name="gift"/>
    </lexUnit>
    <lexUnit status="Finished_Initial" POS="N" name="gift.n" ID="5372" lemmaID="16216" cBy="MJE" cDate="04/01/2002 04:15:09 PST Mon">
        <definition>COD: a thing given willingly to someone without payment; a present. </definition>
        <sentenceCount annotated="31" total="383"/>
        <lexeme order="1" headword="false" breakBefore="false" POS="N" name="gift"/>
    </lexUnit>
    <lexUnit status="Finished_Initial" POS="V" name="pass out.v" ID="5374" lemmaID="45582" cBy="MJE" cDate="04/01/2002 05:01:26 PST Mon">
        <definition>FN: distribute something among a group</definition>
        <sentenceCount annotated="4" total="459"/>
        <lexeme order="1" headword="true" breakBefore="false" POS="V" name="pass"/>
        <lexeme order="2" headword="false" breakBefore="true" POS="ADV" name="out"/>
    </lexUnit>
    <lexUnit status="Finished_Initial" POS="V" name="bequeath.v" ID="7214" lemmaID="3399" cBy="ACW" cDate="08/13/2002 01:55:00 PDT Tue">
        <definition>COD: leave (property) to a person or other beneficiary by a will. </definition>
        <sentenceCount annotated="23" total="102"/>
        <lexeme order="1" headword="false" breakBefore="false" POS="V" name="bequeath"/>
    </lexUnit>
    <lexUnit status="Finished_Initial" POS="V" name="treat.v" ID="8033" lemmaID="41134" cBy="MRLP" cDate="01/16/2003 04:46:52 PST Thu">
        <definition>COD: provide someone with (food, drink, or entertainment) at one's expense</definition>
        <sentenceCount annotated="12" total="152"/>
        <lexeme order="1" headword="false" breakBefore="false" POS="V" name="treat"/>
    </lexUnit>
    <lexUnit status="Finished_Initial" POS="V" name="hand.v" ID="8905" lemmaID="17333" cBy="ACW" cDate="06/19/2003 11:21:52 PDT Thu">
        <definition>COD: pick (something) up and give it to (someone). </definition>
        <sentenceCount annotated="36" total="348"/>
        <lexeme order="1" headword="false" breakBefore="false" POS="V" name="hand"/>
    </lexUnit>
    <lexUnit status="Finished_Initial" POS="V" name="hand in.v" ID="9138" lemmaID="48232" cBy="RLG" cDate="07/23/2003 04:30:54 PDT Wed">
        <definition>FN: give to an authority in accordance with obligation</definition>
        <sentenceCount annotated="31" total="237"/>
        <lexeme order="1" headword="true" breakBefore="false" POS="V" name="hand"/>
        <lexeme order="2" headword="false" breakBefore="true" POS="PREP" name="in"/>
    </lexUnit>
    <lexUnit status="Finished_Initial" POS="V" name="contribute.v" ID="12046" lemmaID="8137" cBy="MJE" cDate="05/08/2005 12:11:14 PDT Sun">
        <definition>COD: give in order to help achieve or provide something.</definition>
        <sentenceCount annotated="26" total="222"/>
        <lexeme order="1" headword="false" breakBefore="false" POS="V" name="contribute"/>
    </lexUnit>
    <lexUnit status="Created" POS="N" name="contribution.n" ID="12047" lemmaID="8138" cBy="MJE" cDate="05/08/2005 12:13:00 PDT Sun">
        <definition>FN: something that is given towards an effort or cause</definition>
        <sentenceCount annotated="6" total="6"/>
        <lexeme order="1" headword="false" breakBefore="false" POS="N" name="contribution"/>
    </lexUnit>
    <lexUnit status="Created" POS="N" name="charity.n" ID="14695" lemmaID="6103" cBy="JKs" cDate="01/24/2008 02:30:31 PST Thu">
        <definition>FN: a gift to or the act of giving to another</definition>
        <sentenceCount annotated="0" total="0"/>
        <lexeme order="1" headword="false" breakBefore="false" POS="N" name="charity"/>
    </lexUnit>
    <lexUnit status="Created" POS="V" name="volunteer.v" ID="15057" lemmaID="43236" cBy="JKs" cDate="06/06/2008 10:27:37 PDT Fri">
        <definition>FN: give something to a recipient in need</definition>
        <sentenceCount annotated="0" total="0"/>
        <lexeme order="1" headword="false" breakBefore="false" POS="V" name="volunteer"/>
    </lexUnit>
    <lexUnit status="Created" POS="V" name="will.v" ID="15059" lemmaID="44177" cBy="JKs" cDate="06/06/2008 10:37:49 PDT Fri">
        <definition>FN: bequeath to someone according to one's written will</definition>
        <sentenceCount annotated="0" total="0"/>
        <lexeme order="1" headword="false" breakBefore="false" POS="V" name="will"/>
    </lexUnit>
    <lexUnit status="Finished_Initial" POS="V" name="leave.v" ID="15099" lemmaID="21967" cBy="JKs" cDate="06/11/2008 12:50:51 PDT Wed">
        <definition>FN: bequeath</definition>
        <sentenceCount annotated="11" total="220"/>
        <lexeme order="1" headword="false" breakBefore="false" POS="V" name="leave"/>
    </lexUnit>
    <lexUnit status="Created" POS="V" name="advance.v" ID="15102" lemmaID="587" cBy="JKs" cDate="06/11/2008 01:08:06 PDT Wed">
        <definition>FN: give earlier than scheduled</definition>
        <sentenceCount annotated="0" total="0"/>
        <lexeme order="1" headword="false" breakBefore="false" POS="V" name="advance"/>
    </lexUnit>
</frame>