<?xml version="1.0" encoding="UTF-8" standalone="yes"?>
<?xml-stylesheet type="text/xsl" href="frame.xsl"?>
<frame cBy="JKR" cDate="06/17/2005 04:15:20 PDT Fri" name="Giving_in" ID="1497" xsi:schemaLocation="../schema/frame.xsd" xmlns="http://framenet.icsi.berkeley.edu" xmlns:xsi="http://www.w3.org/2001/XMLSchema-instance">
    <definition>&lt;def-root&gt;A &lt;fen&gt;Capitulator&lt;/fen&gt; who has been opposing a &lt;fen&gt;Force&lt;/fen&gt;, which is typically exerted by a &lt;fen&gt;Compeller&lt;/fen&gt;, ceases opposing that &lt;fen&gt;Force&lt;/fen&gt;. As a result, the &lt;fen&gt;Force&lt;/fen&gt; runs its course and an &lt;fen&gt;Issue&lt;/fen&gt; is resolved against the interests of the &lt;fen&gt;Capitulator&lt;/fen&gt;.


&lt;ex&gt;Accordingly, there is no basis to conclude that &lt;fex name="Capitulator"&gt;Tazewell&lt;/fex&gt; &lt;t&gt;acquiesced&lt;/t&gt; &lt;fex name="Force"&gt;in the rule against claim-splitting&lt;/fex&gt;.&lt;/ex&gt;
&lt;ex&gt;Accordingly, there is no basis to conclude that Tazewell &lt;t&gt;acquiesced&lt;/t&gt; in the rule against &lt;fex name="Issue"&gt;claim-splitting&lt;/fex&gt;.&lt;/ex&gt;


&lt;ex&gt;My uncle continued trying to placate Nuayman until &lt;fex name="Capitulator"&gt;the latter&lt;/fex&gt; &lt;t&gt;relented&lt;/t&gt;. &lt;fex name="Issue"&gt;DNI&lt;/fex&gt; &lt;fex name="Force"&gt;DNI&lt;/fex&gt;&lt;/ex&gt;


&lt;ex&gt; &lt;fex name="Capitulator"&gt;Genesis&lt;/fex&gt; &lt;t&gt;acquiesced&lt;/t&gt; &lt;fex name="Resultant_action"&gt;to doing a short Q and A session&lt;/fex&gt;. &lt;fex name="Force"&gt;DNI&lt;/fex&gt;&lt;/ex&gt;

&lt;ex&gt;&lt;fex name="Capitulator"&gt;The government&lt;/fex&gt; would not &lt;t&gt;yield&lt;/t&gt; &lt;fex name="Force"&gt;to pressure&lt;/fex&gt; , the spokeswoman promised . &lt;fex name="Issue"&gt;DNI&lt;/fex&gt;&lt;/ex&gt;&lt;/def-root&gt;</definition>
    <FE bgColor="FF0000" fgColor="FFFFFF" coreType="Core" cBy="JKR" cDate="06/17/2005 04:15:20 PDT Fri" abbrev="cap" name="Capitulator" ID="8189">
        <definition>&lt;def-root&gt;The individual that yields to the &lt;fen&gt;Force&lt;/fen&gt; exerted by the &lt;fen&gt;Compeller&lt;/fen&gt;. 

&lt;ex&gt;I sensed that if &lt;fex name="cap"&gt;John&lt;/fex&gt; &lt;t&gt;caved in&lt;/t&gt; to her that it would hurt his game.&lt;/ex&gt;&lt;/def-root&gt;</definition>
        <semType name="Sentient" ID="5"/>
    </FE>
    <FE bgColor="008000" fgColor="FFFFFF" coreType="Core" cBy="JKR" cDate="06/17/2005 04:15:21 PDT Fri" abbrev="iss" name="Issue" ID="8190">
        <definition>&lt;def-root&gt;The matter, usually concerning a course of action, in which the &lt;fen&gt;Capitulator&lt;/fen&gt; has disagreed with the &lt;fen&gt;Compeller&lt;/fen&gt;.

&lt;ex&gt;Historically, the Senate has &lt;t&gt;yielded&lt;/t&gt; to the House &lt;fex name="iss"&gt;on the issue&lt;/fex&gt;.&lt;/ex&gt;&lt;/def-root&gt;</definition>
    </FE>
    <FE bgColor="0000FF" fgColor="FFFFFF" coreType="Core" cBy="JKR" cDate="06/17/2005 04:15:21 PDT Fri" abbrev="com" name="Compeller" ID="8191">
        <definition>&lt;def-root&gt;An individual that intentionally exerts &lt;fen&gt;Force&lt;/fen&gt; on the &lt;fen&gt;Capitulator&lt;/fen&gt;.

&lt;ex&gt;Relatively new to business, poor Kellie had eventually &lt;t&gt;caved in&lt;/t&gt; &lt;fex name="com"&gt;to him&lt;/fex&gt;.&lt;/ex&gt;&lt;/def-root&gt;</definition>
    </FE>
    <FE bgColor="800080" fgColor="FFFFFF" coreType="Peripheral" cBy="JKR" cDate="06/17/2005 04:15:21 PDT Fri" abbrev="tim" name="Time" ID="8193">
        <definition>&lt;def-root&gt;The time period during which the &lt;fen&gt;Capitulator&lt;/fen&gt; yields to the &lt;fen&gt;Compeller&lt;/fen&gt; on the &lt;fen&gt;Issue&lt;/fen&gt;.

&lt;ex&gt;Ms Marinkovic &lt;t&gt;relented&lt;/t&gt; &lt;fex name="tim"&gt;yesterday&lt;/fex&gt; under intense international pressure.&lt;/ex&gt;&lt;/def-root&gt;</definition>
        <semType name="Time" ID="141"/>
    </FE>
    <FE bgColor="FFA500" fgColor="FFFFFF" coreType="Extra-Thematic" cBy="JKR" cDate="06/17/2005 04:15:21 PDT Fri" abbrev="exp" name="Explanation" ID="8194">
        <definition>&lt;def-root&gt;The &lt;fen&gt;Explanation&lt;/fen&gt; is a proposition denoting a state of affairs from which the &lt;fen&gt;Capitulator&lt;/fen&gt;'s giving in on the &lt;fen&gt;Issue&lt;/fen&gt; logically follows.


&lt;ex&gt;I &lt;t&gt;yielded&lt;/t&gt; to him &lt;fex name="exp"&gt;because I wanted to be a team player&lt;/fex&gt;.&lt;/ex&gt;&lt;/def-root&gt;</definition>
        <semType name="State_of_affairs" ID="177"/>
    </FE>
    <FE bgColor="00008B" fgColor="FFFFFF" coreType="Core" cBy="JKR" cDate="06/17/2005 04:28:59 PDT Fri" abbrev="for" name="Force" ID="8195">
        <definition>&lt;def-root&gt;A state of affairs, typically brought about by a &lt;fen&gt;Compeller&lt;/fen&gt;, that impinges on the &lt;fen&gt;Capitulator&lt;/fen&gt; and eventually causes them to no longer pursue their own view on the &lt;fen&gt;Issue&lt;/fen&gt;.


&lt;ex&gt;In 1649, Descartes &lt;t&gt;yielded&lt;/t&gt; &lt;fex name="for"&gt;to the request of Queen Christina of Sweden that he
join her distinguished circle she was assembling in Stockholm&lt;/fex&gt;.&lt;/ex&gt;
&lt;/def-root&gt;</definition>
    </FE>
    <FE bgColor="1E90FF" fgColor="FFFFFF" coreType="Peripheral" cBy="JKR" cDate="06/20/2005 02:54:57 PDT Mon" abbrev="pla" name="Place" ID="8200">
        <definition>&lt;def-root&gt;The location at which the &lt;fen&gt;Capitulator&lt;/fen&gt; ceases to oppose the &lt;fen&gt;Force&lt;/fen&gt;.

&lt;ex&gt;John refused to heed the barons? early calls for reform, but in June 1215 he &lt;t&gt;capitulated&lt;/t&gt; &lt;fex name="pla"&gt;at Runnymede&lt;/fex&gt;.&lt;/ex&gt;&lt;/def-root&gt;</definition>
        <semType name="Locative_relation" ID="182"/>
    </FE>
    <FE bgColor="d0d0d0" fgColor="FFFFFF" coreType="Peripheral" cBy="JKR" cDate="06/20/2005 02:57:08 PDT Mon" abbrev="pur" name="Purpose" ID="8201">
        <definition>&lt;def-root&gt; An action that the &lt;fen&gt;Capitulator&lt;/fen&gt; intends to accomplish by ceasing their opposition.

&lt;ex&gt; Corfu in 229 BC, after several raids and suzerainties, was forced to ask the protection
of the Romans and finally &lt;t&gt;yielded&lt;/t&gt; to them &lt;fex name="pur"&gt;in order to protect itself&lt;/fex&gt; .&lt;/ex&gt;&lt;/def-root&gt;</definition>
        <semType name="State_of_affairs" ID="177"/>
    </FE>
    <FE bgColor="FF69B4" fgColor="FFFFFF" coreType="Peripheral" cBy="JKR" cDate="06/20/2005 02:59:54 PDT Mon" abbrev="man" name="Manner" ID="8202">
        <definition>&lt;def-root&gt;Any description of the Giving_in  which is not covered by more specific FEs, including epistemic modification secondary effects (&lt;ment&gt;quietly&lt;/ment&gt;, &lt;ment&gt;loudly&lt;/ment&gt;), and general descriptions comparing events (&lt;ment&gt;the same way&lt;/ment&gt;). It may also indicate salient characteristics of the Capitulator that affect the action (&lt;ment&gt;reluctantly&lt;/ment&gt;, &lt;ment&gt;meekly&lt;/ment&gt;).

&lt;ex&gt;Congress &lt;fex name="man"&gt;reluctantly&lt;/fex&gt; &lt;t&gt;capitulated&lt;/t&gt; to this final demand on Sept. 1.&lt;/ex&gt;&lt;/def-root&gt;</definition>
        <semType name="Manner" ID="173"/>
    </FE>
    <FE bgColor="FF00FF" fgColor="FFFFFF" coreType="Peripheral" cBy="JKR" cDate="06/20/2005 03:08:26 PDT Mon" abbrev="deg" name="Degree" ID="8203">
        <definition>&lt;def-root&gt;A modifier expressing the deviation of how the &lt;fen&gt;Issue&lt;/fen&gt; is resolved from the desires of the &lt;fen&gt;Compeller&lt;/fen&gt;. 

&lt;ex&gt;She &lt;fex name="deg"&gt;partially&lt;/fex&gt; &lt;t&gt;gave in&lt;/t&gt;, admitting her anti-urban bias was mostly in part to her parents brainwashing her from a young age.&lt;/ex&gt;&lt;/def-root&gt;</definition>
        <semType name="Degree" ID="172"/>
    </FE>
    <FE bgColor="FFFF00" fgColor="000000" coreType="Core" cBy="JKR" cDate="06/20/2005 05:34:46 PDT Mon" abbrev="res" name="Resultant_action" ID="8204">
        <definition>&lt;def-root&gt;The action that the &lt;fen&gt;Capitulator&lt;/fen&gt; engages in after giving in to the &lt;fen&gt;Force&lt;/fen&gt;.

&lt;ex&gt;After months of pressure by my staff, I have finally &lt;t&gt;yielded&lt;/t&gt; &lt;fex name="Resultant_action"&gt;to doing a commentary on advertising&lt;/fex&gt;.&lt;/ex&gt;&lt;/def-root&gt;</definition>
    </FE>
    <FEcoreSet>
        <memberFE name="Force" ID="8195"/>
        <memberFE name="Compeller" ID="8191"/>
        <memberFE name="Issue" ID="8190"/>
    </FEcoreSet>
    <frameRelation type="Inherits from"/>
    <frameRelation type="Is Inherited by"/>
    <frameRelation type="Perspective on"/>
    <frameRelation type="Is Perspectivized in"/>
    <frameRelation type="Uses">
        <relatedFrame ID="1306">Taking_sides</relatedFrame>
    </frameRelation>
    <frameRelation type="Is Used by"/>
    <frameRelation type="Subframe of"/>
    <frameRelation type="Has Subframe(s)"/>
    <frameRelation type="Precedes"/>
    <frameRelation type="Is Preceded by"/>
    <frameRelation type="Is Inchoative of"/>
    <frameRelation type="Is Causative of"/>
    <frameRelation type="See also"/>
    <lexUnit status="Created" POS="V" name="relent.v" ID="12217" lemmaID="32509" cBy="JKR" cDate="06/17/2005 04:34:34 PDT Fri">
        <definition>COD: abandon or mitigate a harsh intention or cruel treatment.</definition>
        <sentenceCount annotated="0" total="0"/>
        <lexeme order="1" headword="false" breakBefore="false" POS="V" name="relent"/>
    </lexUnit>
    <lexUnit status="Add_Annotation" POS="V" name="acquiesce.v" ID="12218" lemmaID="372" cBy="JKR" cDate="06/17/2005 04:35:02 PDT Fri">
        <definition>COD: accept or consent to something without protest</definition>
        <sentenceCount annotated="1" total="58"/>
        <lexeme order="1" headword="false" breakBefore="false" POS="V" name="acquiesce"/>
    </lexUnit>
    <lexUnit status="Created" POS="V" name="yield.v" ID="12219" lemmaID="44724" cBy="JKR" cDate="06/20/2005 11:03:04 PDT Mon">
        <definition>COD: give way to demands or pressure; submit.</definition>
        <sentenceCount annotated="0" total="0"/>
        <lexeme order="1" headword="false" breakBefore="false" POS="V" name="yield"/>
    </lexUnit>
    <lexUnit status="Created" POS="V" name="cave in.v" ID="12220" lemmaID="50070" cBy="JKR" cDate="06/20/2005 12:04:57 PDT Mon">
        <definition>FN: stop resisting</definition>
        <sentenceCount annotated="0" total="0"/>
        <lexeme order="1" headword="true" breakBefore="false" POS="V" name="cave"/>
        <lexeme order="2" headword="false" breakBefore="false" POS="PREP" name="in"/>
    </lexUnit>
    <lexUnit status="Created" POS="V" name="give in.v" ID="12230" lemmaID="50080" cBy="JKR" cDate="06/20/2005 12:09:55 PDT Mon">
        <definition>COD: cease fighting or arguing</definition>
        <sentenceCount annotated="0" total="0"/>
        <lexeme order="1" headword="true" breakBefore="false" POS="V" name="give"/>
        <lexeme order="2" headword="false" breakBefore="false" POS="PREP" name="in"/>
    </lexUnit>
    <lexUnit status="Created" POS="V" name="give way.v" ID="12232" lemmaID="50082" cBy="JKR" cDate="06/20/2005 12:13:10 PDT Mon">
        <definition>FN: yield</definition>
        <sentenceCount annotated="0" total="0"/>
        <lexeme order="1" headword="true" breakBefore="false" POS="V" name="give"/>
        <lexeme order="2" headword="false" breakBefore="false" POS="N" name="way"/>
    </lexUnit>
    <lexUnit status="Add_Annotation" POS="V" name="capitulate.v" ID="12240" lemmaID="5457" cBy="JKR" cDate="06/20/2005 02:51:45 PDT Mon">
        <definition>COD: cease to resist an opponent or an unwelcome demand; surrender.</definition>
        <sentenceCount annotated="4" total="61"/>
        <lexeme order="1" headword="false" breakBefore="false" POS="V" name="capitulate"/>
    </lexUnit>
    <lexUnit status="Created" POS="V" name="fold [to demands].v" ID="16553" lemmaID="14912" cBy="PKe" cDate="08/26/2011 04:45:34 PDT Fri">
        <definition>FN: A Capitulator agrees to the Compeller's Issue. Implies a strong desire not to do so, moreso than for "yield", for example.</definition>
        <sentenceCount annotated="3" total="3"/>
        <lexeme order="1" headword="false" breakBefore="false" POS="V" name="fold"/>
    </lexUnit>
</frame>