<?xml version="1.0" encoding="UTF-8" standalone="yes"?>
<?xml-stylesheet type="text/xsl" href="frame.xsl"?>
<frame cBy="Tess" cDate="05/18/2001 12:29:44 PDT Fri" name="Gizmo" ID="106" xsi:schemaLocation="../schema/frame.xsd" xmlns="http://framenet.icsi.berkeley.edu" xmlns:xsi="http://www.w3.org/2001/XMLSchema-instance">
    <definition>&lt;def-root&gt;This frame contains general words denoting equipment where the &lt;fen&gt;Use&lt;/fen&gt; or purpose is not specified by the lexeme but (typically) by a separate expression. The words are described with respect to the &lt;fen&gt;Use&lt;/fen&gt; for which the item is used or its typical &lt;fen&gt;User&lt;/fen&gt;.

&lt;ex&gt;&lt;fex name="Use"&gt;coffee&lt;/fex&gt; &lt;t&gt;machine&lt;/t&gt;&lt;/ex&gt;
&lt;ex&gt;&lt;fex name="User"&gt;dentist's&lt;/fex&gt; &lt;t&gt;equipment&lt;/t&gt;&lt;/ex&gt;&lt;/def-root&gt;</definition>
    <FE bgColor="800080" fgColor="FFFFFF" coreType="Peripheral" cBy="Tess" cDate="05/21/2001 05:52:10 PDT Mon" abbrev="Use" name="Use" ID="525">
        <definition>&lt;def-root&gt;This FE identifies the prototypical &lt;fen&gt;Use&lt;/fen&gt; of a tool or device.

&lt;ex&gt;&lt;fex name="Use"&gt;coffee&lt;/fex&gt; &lt;t&gt;machine&lt;/t&gt;&lt;/ex&gt;

&lt;ex&gt;&lt;t&gt;device&lt;/t&gt; &lt;fex name="Use"&gt;for making soap bubbles&lt;/fex&gt;&lt;/ex&gt;&lt;/def-root&gt;</definition>
    </FE>
    <FE bgColor="FF0000" fgColor="FFFFFF" coreType="Peripheral" cBy="Tess" cDate="05/21/2001 05:53:44 PDT Mon" abbrev="Usr" name="User" ID="526">
        <definition>&lt;def-root&gt;&lt;fen&gt;User&lt;/fen&gt; identifies the person who (typically) uses a particular tool.
&lt;ex&gt; This drawer is used for storage of &lt;fex name="User"&gt;dentist's&lt;/fex&gt; &lt;t&gt;equipment&lt;/t&gt;&lt;/ex&gt;

&lt;/def-root&gt;</definition>
    </FE>
    <FE bgColor="006400" fgColor="FFFFFF" coreType="Peripheral" cBy="JKR" cDate="09/05/2002 05:21:32 PDT Thu" abbrev="Power_source" name="Power_source" ID="3713">
        <definition>&lt;def-root&gt;The Frame Element &lt;fen&gt;Power_source&lt;/fen&gt; marks expressions that indicate how a device is powered.  &lt;ex&gt; We use &lt;fex name="Power_source"&gt;gas&lt;/fex&gt; &lt;t&gt;appliances&lt;/t&gt; in our kitchen&lt;/ex&gt;&lt;/def-root&gt;</definition>
    </FE>
    <FE bgColor="0000FF" fgColor="FFFFFF" coreType="Core" cBy="MiL" cDate="12/08/2005 02:32:17 PST Thu" abbrev="Giz" name="Gizmo" ID="9677">
        <definition>&lt;def-root&gt;The complex artifact with a particular use.&lt;/def-root&gt;</definition>
    </FE>
    <FE bgColor="FF69B4" fgColor="FFFFFF" coreType="Extra-Thematic" cBy="KmG" cDate="08/09/2007 01:12:15 PDT Thu" abbrev="" name="Descriptor" ID="11959">
        <definition>&lt;def-root&gt;A characteristic of the &lt;fen&gt;Gizmo&lt;/fen&gt;.&lt;/def-root&gt;</definition>
    </FE>
    <frameRelation type="Inherits from"/>
    <frameRelation type="Is Inherited by"/>
    <frameRelation type="Perspective on"/>
    <frameRelation type="Is Perspectivized in"/>
    <frameRelation type="Uses">
        <relatedFrame ID="421">Artifact</relatedFrame>
    </frameRelation>
    <frameRelation type="Is Used by">
        <relatedFrame ID="880">Being_in_operation</relatedFrame>
    </frameRelation>
    <frameRelation type="Subframe of"/>
    <frameRelation type="Has Subframe(s)"/>
    <frameRelation type="Precedes"/>
    <frameRelation type="Is Preceded by"/>
    <frameRelation type="Is Inchoative of"/>
    <frameRelation type="Is Causative of"/>
    <frameRelation type="See also"/>
    <lexUnit status="Finished_Initial" incorporatedFE="Gizmo" POS="N" name="tool.n" ID="2178" lemmaID="40694" cBy="Tess" cDate="05/18/2001 12:39:11 PDT Fri">
        <definition>COD: a device or implement, typically hand-held, used to carry out a particular function</definition>
        <sentenceCount annotated="29" total="310"/>
        <lexeme order="1" headword="false" breakBefore="false" POS="N" name="tool"/>
    </lexUnit>
    <lexUnit status="Finished_Initial" incorporatedFE="Gizmo" POS="N" name="implement.n" ID="2181" lemmaID="19187" cBy="Tess" cDate="05/20/2001 01:24:05 PDT Sun">
        <definition>COD: a tool, utensil, or other piece of equipment, used for a particular purpose. </definition>
        <sentenceCount annotated="27" total="104"/>
        <lexeme order="1" headword="false" breakBefore="false" POS="N" name="implement"/>
    </lexUnit>
    <lexUnit status="Finished_Initial" incorporatedFE="Gizmo" POS="N" name="apparatus.n" ID="2182" lemmaID="1699" cBy="Tess" cDate="05/20/2001 01:44:29 PDT Sun">
        <definition>COD: the equipment needed for a particular activity or purpose (mass noun)</definition>
        <sentenceCount annotated="28" total="269"/>
        <lexeme order="1" headword="false" breakBefore="false" POS="N" name="apparatus"/>
    </lexUnit>
    <lexUnit status="Finished_Initial" incorporatedFE="Gizmo" POS="N" name="device.n" ID="2183" lemmaID="10493" cBy="Tess" cDate="05/20/2001 02:21:08 PDT Sun">
        <definition>COD: a thing made or adapted for a particular purpose, especially a mechanical or electronic contrivance</definition>
        <sentenceCount annotated="51" total="339"/>
        <lexeme order="1" headword="false" breakBefore="false" POS="N" name="device"/>
    </lexUnit>
    <lexUnit status="Finished_Initial" incorporatedFE="Gizmo" POS="N" name="utensil.n" ID="2184" lemmaID="42584" cBy="Tess" cDate="05/20/2001 02:40:06 PDT Sun">
        <definition>COD: a tool or container, especially for household use. </definition>
        <sentenceCount annotated="27" total="76"/>
        <lexeme order="1" headword="false" breakBefore="false" POS="N" name="utensil"/>
    </lexUnit>
    <lexUnit status="Finished_Initial" incorporatedFE="Gizmo" POS="N" name="instrument.n" ID="2205" lemmaID="20198" cBy="Tess" cDate="05/21/2001 06:21:57 PDT Mon">
        <definition>COD: a tool or implement, especially for precision work</definition>
        <sentenceCount annotated="35" total="264"/>
        <lexeme order="1" headword="false" breakBefore="false" POS="N" name="instrument"/>
    </lexUnit>
    <lexUnit status="Finished_Initial" incorporatedFE="Gizmo" POS="N" name="equipment.n" ID="2206" lemmaID="13012" cBy="Tess" cDate="05/21/2001 06:36:17 PDT Mon">
        <definition>COD: the items needed for a particular purpose. </definition>
        <sentenceCount annotated="101" total="340"/>
        <lexeme order="1" headword="false" breakBefore="false" POS="N" name="equipment"/>
    </lexUnit>
    <lexUnit status="Finished_Initial" incorporatedFE="Gizmo" POS="N" name="gadget.n" ID="2207" lemmaID="15793" cBy="Tess" cDate="05/21/2001 06:45:32 PDT Mon">
        <definition>COD: a small mechanical device or tool</definition>
        <sentenceCount annotated="18" total="81"/>
        <lexeme order="1" headword="false" breakBefore="false" POS="N" name="gadget"/>
    </lexUnit>
    <lexUnit status="Finished_Initial" incorporatedFE="Gizmo" POS="N" name="appliance.n" ID="2208" lemmaID="1731" cBy="Tess" cDate="05/21/2001 06:50:22 PDT Mon">
        <definition>COD: a device designed to perform a  specific task</definition>
        <sentenceCount annotated="52" total="192"/>
        <lexeme order="1" headword="false" breakBefore="false" POS="N" name="appliance"/>
    </lexUnit>
    <lexUnit status="Finished_Initial" incorporatedFE="Gizmo" POS="N" name="contraption.n" ID="2209" lemmaID="8122" cBy="Tess" cDate="05/21/2001 06:57:36 PDT Mon">
        <definition>COD: a machine or device that appears strange or unnecessarily complicated.</definition>
        <sentenceCount annotated="6" total="52"/>
        <lexeme order="1" headword="false" breakBefore="false" POS="N" name="contraption"/>
    </lexUnit>
    <lexUnit status="Created" incorporatedFE="Gizmo" POS="N" name="machine.n" ID="10127" lemmaID="23071" cBy="TRn" cDate="02/26/2004 03:11:40 PST Thu">
        <definition>COD: an apparatus using or applying mechanical power and having several parts, each with a definite function and together performing a particular task.</definition>
        <sentenceCount annotated="5" total="6"/>
        <lexeme order="1" headword="false" breakBefore="false" POS="N" name="machine"/>
    </lexUnit>
    <lexUnit status="Created" incorporatedFE="Gizmo" POS="A" name="mechanical.a" ID="10310" lemmaID="23835" cBy="TRn" cDate="03/15/2004 02:48:15 PST Mon">
        <definition>FN: of or pertaining to machines or machinery.</definition>
        <sentenceCount annotated="2" total="2"/>
        <lexeme order="1" headword="false" breakBefore="false" POS="A" name="mechanical"/>
    </lexUnit>
    <lexUnit status="Created" incorporatedFE="Gizmo" POS="N" name="centrifuge.n" ID="10701" lemmaID="5922" cBy="JKR" cDate="06/30/2004 11:41:47 PDT Wed">
        <definition>COD: a machine with a rapidly rotating container that applies centrifugal force to its contents, used chiefly to separate liquids from solids.</definition>
        <sentenceCount annotated="8" total="22"/>
        <lexeme order="1" headword="false" breakBefore="false" POS="N" name="centrifuge"/>
    </lexUnit>
    <lexUnit status="Created" incorporatedFE="Gizmo" POS="N" name="technology.n" ID="11612" lemmaID="49861" cBy="JKR" cDate="02/28/2005 01:57:51 PST Mon">
        <definition>FN: machinery and equipment based on the application of scientific knowledge to practical ends</definition>
        <sentenceCount annotated="5" total="5"/>
        <lexeme order="1" headword="true" breakBefore="false" POS="N" name="technology"/>
    </lexUnit>
    <lexUnit status="Created" incorporatedFE="Gizmo" POS="N" name="system.n" ID="11690" lemmaID="39317" cBy="JKR" cDate="03/03/2005 11:36:19 PST Thu">
        <definition>FN: a complex machine whose parts are working together as a mechanism or interconnecting network</definition>
        <sentenceCount annotated="29" total="39"/>
        <lexeme order="1" headword="false" breakBefore="false" POS="N" name="system"/>
    </lexUnit>
    <lexUnit status="Created" incorporatedFE="Gizmo" POS="N" name="gear.n" ID="12213" lemmaID="50062" cBy="JKR" cDate="06/15/2005 05:34:23 PDT Wed">
        <definition>COD: apparatus or equipment</definition>
        <sentenceCount annotated="1" total="1"/>
        <lexeme order="1" headword="true" breakBefore="false" POS="N" name="gear"/>
    </lexUnit>
    <lexUnit status="Created" incorporatedFE="Gizmo" POS="N" name="core.n" ID="12686" lemmaID="8358" cBy="MiL" cDate="08/23/2005 01:54:08 PDT Tue">
        <definition>COD: the central part of a nuclear reactor, which contains the fissile material. </definition>
        <sentenceCount annotated="2" total="2"/>
        <lexeme order="1" headword="false" breakBefore="false" POS="N" name="core"/>
    </lexUnit>
    <lexUnit status="Add_Annotation" incorporatedFE="Gizmo" POS="N" name="player.n" ID="15961" lemmaID="29318" cBy="MLC" cDate="07/30/2010 05:20:49 PDT Fri">
        <definition>FN: a machine that reads and decodes digital information. </definition>
        <sentenceCount annotated="3" total="3"/>
        <lexeme order="1" headword="false" breakBefore="false" POS="N" name="player"/>
    </lexUnit>
    <lexUnit status="Finished_Initial" incorporatedFE="Gizmo" POS="N" name="range.n" ID="16286" lemmaID="31791" cBy="MLC" cDate="03/24/2011 02:08:56 PDT Thu">
        <definition>FN: kitchen stove; used for cooking food.</definition>
        <sentenceCount annotated="11" total="110"/>
        <lexeme order="1" headword="false" breakBefore="false" POS="N" name="range"/>
    </lexUnit>
    <lexUnit status="Created" POS="N" name="level.n" ID="16418" lemmaID="22152" cBy="MLC" cDate="07/27/2011 02:36:40 PDT Wed">
        <definition>FN: a deviced used to determine whether a surface is perfectly horizontol. </definition>
        <sentenceCount annotated="0" total="0"/>
        <lexeme order="1" headword="false" breakBefore="false" POS="N" name="level"/>
    </lexUnit>
</frame>