<?xml version="1.0" encoding="UTF-8" standalone="yes"?>
<?xml-stylesheet type="text/xsl" href="frame.xsl"?>
<frame cBy="RLG" cDate="06/23/2009 10:05:39 PDT Tue" name="Go_into_shape" ID="2137" xsi:schemaLocation="../schema/frame.xsd" xmlns="http://framenet.icsi.berkeley.edu" xmlns:xsi="http://www.w3.org/2001/XMLSchema-instance">
    <definition>&lt;def-root&gt;A &lt;fen&gt;Theme&lt;/fen&gt;, which may or may not have a default shape or configuration, goes into a particular shape without being made to do so by an agent. Depending on the type of shape, there may be a Locus about which the &lt;fen&gt;Theme&lt;/fen&gt; changes shape.

&lt;ex&gt;&lt;fex name="Theme"&gt;It&lt;/fex&gt; &lt;t&gt;curled&lt;/t&gt; up &lt;fex name="Resultant_configuration"&gt;into a cylinder&lt;/fex&gt; &lt;fex name="Circumstances"&gt;after laying in the sun&lt;/fex&gt;.&lt;/ex&gt;&lt;/def-root&gt;</definition>
    <FE bgColor="008000" fgColor="FFFFFF" coreType="Peripheral" cBy="RLG" cDate="06/23/2009 10:05:39 PDT Tue" abbrev="Place" name="Place" ID="13242">
        <definition>&lt;def-root&gt;Where the shape-changing event takes place.&lt;/def-root&gt;</definition>
        <semType name="Locative_relation" ID="182"/>
    </FE>
    <FE bgColor="FF00FF" fgColor="FFFFFF" coreType="Extra-Thematic" cBy="RLG" cDate="06/23/2009 10:05:39 PDT Tue" abbrev="Exp" name="Explanation" ID="13243">
        <definition>&lt;def-root&gt;The &lt;fex name="Explanation"&gt;Explanation&lt;/fex&gt; for which the change into the shape occurs.&lt;/def-root&gt;</definition>
        <semType name="State_of_affairs" ID="177"/>
    </FE>
    <FE bgColor="FFA500" fgColor="FFFFFF" coreType="Peripheral" cBy="RLG" cDate="06/23/2009 10:05:39 PDT Tue" abbrev="Time" name="Time" ID="13244">
        <definition>&lt;def-root&gt;When the changing into a particular shape occurs.&lt;/def-root&gt;</definition>
        <semType name="Time" ID="141"/>
    </FE>
    <FE bgColor="A52A2A" fgColor="FFFFFF" coreType="Extra-Thematic" cBy="RLG" cDate="06/23/2009 10:05:39 PDT Tue" abbrev="Dur" name="Duration" ID="13245">
        <definition>&lt;def-root&gt;How long the event takes place.&lt;/def-root&gt;</definition>
        <semType name="Duration" ID="142"/>
    </FE>
    <FE bgColor="d0d0d0" fgColor="000000" coreType="Peripheral" cBy="RLG" cDate="06/23/2009 10:05:39 PDT Tue" abbrev="Man" name="Manner" ID="13246">
        <definition>&lt;def-root&gt;Any description of the shape-changing event which is not covered by more specific FEs, including epistemic modification (&lt;ment&gt;probably, presumably, mysteriously&lt;/ment&gt;), force (&lt;ment&gt;hard, softly&lt;/ment&gt;), secondary effects (&lt;ment&gt;quietly, loudly&lt;/ment&gt;), and general descriptions comparing events (&lt;ment&gt;the same way&lt;/ment&gt;).

&lt;/def-root&gt;</definition>
        <semType name="Manner" ID="173"/>
    </FE>
    <FE bgColor="00008B" fgColor="FFFFFF" coreType="Extra-Thematic" cBy="RLG" cDate="06/23/2009 10:05:39 PDT Tue" abbrev="Freq" name="Frequency" ID="13247">
        <definition>&lt;def-root&gt;How often the shape changing occurs.&lt;/def-root&gt;</definition>
    </FE>
    <FE bgColor="0000FF" fgColor="FFFFFF" coreType="Core" cBy="RLG" cDate="06/23/2009 10:08:39 PDT Tue" abbrev="the" name="Theme" ID="13248">
        <definition>&lt;def-root&gt;The &lt;fen&gt;Theme&lt;/fen&gt; goes into a particular shape.&lt;/def-root&gt;</definition>
    </FE>
    <FE bgColor="9400D3" fgColor="FFFFFF" coreType="Core" cBy="PKe" cDate="08/23/2011 05:17:10 PDT Tue" abbrev="Result" name="Resultant_configuration" ID="14816">
        <definition>&lt;def-root&gt;The &lt;fen&gt;Result&lt;/fen&gt; is the shape the &lt;fen&gt;Theme&lt;/fen&gt; becomes.

&lt;ex&gt;&lt;fex name="Theme"&gt;It&lt;/fex&gt; &lt;t&gt;folded&lt;/t&gt; &lt;fex name="Resultant_configuration"&gt;into a ball&lt;/fex&gt;.&lt;/ex&gt;&lt;/def-root&gt;</definition>
    </FE>
    <FE bgColor="EEE8AA" fgColor="000000" coreType="Extra-Thematic" cBy="PKe" cDate="08/25/2011 03:32:08 PDT Thu" abbrev="" name="Containing_event" ID="14876">
        <definition>&lt;def-root&gt;This FE denotes an event that occurs or state of affairs that holds at a time that includes the time during which the event or state of affairs reported by the target occurs and of which it is taken to be a part.&lt;/def-root&gt;</definition>
    </FE>
    <FE bgColor="FFFF00" fgColor="000000" coreType="Extra-Thematic" cBy="PKe" cDate="08/25/2011 03:33:57 PDT Thu" abbrev="" name="Circumstances" ID="14877">
        <definition>&lt;def-root&gt;The conditions under which the &lt;fen&gt;Theme&lt;/fen&gt; is shaped.

&lt;ex&gt;The leaf &lt;t&gt;folded&lt;/t&gt; &lt;fex name="Circumstances"&gt;in the sun&lt;/fex&gt; &lt;fex name="Explanation"&gt;because the heat evaporated much of its water content&lt;/fex&gt;.&lt;/ex&gt;&lt;/def-root&gt;</definition>
    </FE>
    <FE bgColor="00BFFF" fgColor="000000" coreType="Extra-Thematic" cBy="PKe" cDate="08/29/2011 06:11:12 PDT Mon" abbrev="imp" name="Imposed_purpose" ID="14902">
        <definition>&lt;def-root&gt;The state of the &lt;fen&gt;Theme&lt;/fen&gt; with respect to the change brought about by making the adjustment.

&lt;ex&gt;The contraption &lt;t&gt;folds&lt;/t&gt; &lt;fex name="imp"&gt;to fit in the bag&lt;/fex&gt;.&lt;/ex&gt;&lt;/def-root&gt;</definition>
    </FE>
    <frameRelation type="Inherits from">
        <relatedFrame ID="187">Event</relatedFrame>
    </frameRelation>
    <frameRelation type="Is Inherited by"/>
    <frameRelation type="Perspective on"/>
    <frameRelation type="Is Perspectivized in"/>
    <frameRelation type="Uses"/>
    <frameRelation type="Is Used by"/>
    <frameRelation type="Subframe of"/>
    <frameRelation type="Has Subframe(s)"/>
    <frameRelation type="Precedes"/>
    <frameRelation type="Is Preceded by"/>
    <frameRelation type="Is Inchoative of">
        <relatedFrame ID="328">Shapes</relatedFrame>
    </frameRelation>
    <frameRelation type="Is Causative of"/>
    <frameRelation type="See also"/>
    <lexUnit status="Created" POS="V" name="coil.v" ID="15618" lemmaID="7117" cBy="RLG" cDate="02/09/2010 01:40:44 PST Tue">
        <definition>FN: go into a coiled configuration.</definition>
        <sentenceCount annotated="0" total="0"/>
        <lexeme order="1" headword="false" breakBefore="false" POS="V" name="coil"/>
    </lexUnit>
    <lexUnit status="Needs_SCs" POS="V" name="curl.v" ID="15619" lemmaID="9288" cBy="RLG" cDate="02/09/2010 01:41:02 PST Tue">
        <definition>FN: become curved.</definition>
        <sentenceCount annotated="3" total="133"/>
        <lexeme order="1" headword="false" breakBefore="false" POS="V" name="curl"/>
    </lexUnit>
    <lexUnit status="Created" POS="V" name="twist.v" ID="15620" lemmaID="41638" cBy="RLG" cDate="02/09/2010 01:41:50 PST Tue">
        <definition>FN: become twisted.</definition>
        <sentenceCount annotated="0" total="0"/>
        <lexeme order="1" headword="false" breakBefore="false" POS="V" name="twist"/>
    </lexUnit>
    <lexUnit status="Created" POS="V" name="fold.v" ID="16439" lemmaID="14912" cBy="CVa" cDate="08/01/2011 03:18:58 PDT Mon">
        <definition>FN: to bend or change shape</definition>
        <sentenceCount annotated="2" total="5"/>
        <lexeme order="1" headword="false" breakBefore="false" POS="V" name="fold"/>
    </lexUnit>
    <lexUnit status="Created" POS="V" name="fold (protein).v" ID="16552" lemmaID="14912" cBy="PKe" cDate="08/26/2011 04:38:09 PDT Fri">
        <definition>FN: Protein folding is the physical process by which a polypeptide folds into its characteristic and functional three-dimensional structure from random coil.</definition>
        <sentenceCount annotated="16" total="16"/>
        <lexeme order="1" headword="false" breakBefore="false" POS="V" name="fold"/>
    </lexUnit>
</frame>