<?xml version="1.0" encoding="UTF-8" standalone="yes"?>
<?xml-stylesheet type="text/xsl" href="frame.xsl"?>
<frame cBy="JKR" cDate="07/15/2005 04:38:31 PDT Fri" name="Going_back_on_a_commitment" ID="1566" xsi:schemaLocation="../schema/frame.xsd" xmlns="http://framenet.icsi.berkeley.edu" xmlns:xsi="http://www.w3.org/2001/XMLSchema-instance">
    <definition>&lt;def-root&gt;A &lt;fen&gt;Protagonist&lt;/fen&gt; has made a &lt;fen&gt;Commitment&lt;/fen&gt; but does not honor it, thereby doing harm to an &lt;fen&gt;Affected_party&lt;/fen&gt;.


&lt;ex&gt;&lt;fex name="Protagonist"&gt;My buddy Tom's girlfriend&lt;/fex&gt; &lt;t&gt;backed out&lt;/t&gt; &lt;fex name="Commitment"&gt;of going to the show with me&lt;/fex&gt;.&lt;/ex&gt;

&lt;ex&gt;However, &lt;fex name="pro"&gt;the employer&lt;/fex&gt; &lt;fex name="Time"&gt;then&lt;/fex&gt; &lt;t&gt;backed out&lt;/t&gt; &lt;fex name="Commitment"&gt;of that statement&lt;/fex&gt; and did not pay the STD!&lt;/ex&gt;

&lt;ex&gt; &lt;fex name="Protagonist"&gt;The government&lt;/fex&gt; had &lt;t&gt;reneged&lt;/t&gt; &lt;fex name="Commitment"&gt;on promises to give them land&lt;/fex&gt;.&lt;/ex&gt;

&lt;ex&gt;When &lt;fex name="pro"&gt;she and her family&lt;/fex&gt; &lt;t&gt;went back&lt;/t&gt; &lt;fex name="com"&gt;on their police statement&lt;/fex&gt; &lt;fex name="pla"&gt;in the Vadodara court&lt;/fex&gt; &lt;fex name="Time"&gt;in May 2003&lt;/fex&gt;, it stirred a huge controversy.&lt;/ex&gt;

&lt;/def-root&gt;</definition>
    <FE bgColor="FF0000" fgColor="FFFFFF" coreType="Core" cBy="JKR" cDate="07/15/2005 04:38:32 PDT Fri" abbrev="pro" name="Protagonist" ID="8532">
        <definition>&lt;def-root&gt;The &lt;fen&gt;Protagonist&lt;/fen&gt; is the person who has committed themselves to do something and later does not follow through on it. 

&lt;ex&gt;The human rights situation is infinitely better now than under the Taliban, but &lt;fex name="pro"&gt;the Bush administration&lt;/fex&gt; has &lt;t&gt;reneged&lt;/t&gt; on its pledge of a new Marshall Plan.&lt;/ex&gt;&lt;/def-root&gt;</definition>
        <semType name="Sentient" ID="5"/>
    </FE>
    <FE bgColor="006400" fgColor="FFFFFF" coreType="Core" cBy="JKR" cDate="07/15/2005 04:38:32 PDT Fri" abbrev="aff" name="Affected_party" ID="8533">
        <definition>&lt;def-root&gt;The individual or group to whom the &lt;fen&gt;Protagonist&lt;/fen&gt; had made the &lt;fen&gt;Commitment&lt;/fen&gt; and who is negatively affected by the &lt;fen&gt;Protagonist&lt;/fen&gt;'s not honoring the &lt;fen&gt;Commitment&lt;/fen&gt;.

&lt;ex&gt;Two people &lt;t&gt;backed out&lt;/t&gt; &lt;fex name="aff"&gt;on me&lt;/fex&gt; a few days earlier.&lt;/ex&gt;&lt;/def-root&gt;</definition>
        <semType name="Sentient" ID="5"/>
    </FE>
    <FE bgColor="0000FF" fgColor="FFFFFF" coreType="Core" cBy="JKR" cDate="07/15/2005 04:38:32 PDT Fri" abbrev="com" name="Commitment" ID="8534">
        <definition>&lt;def-root&gt;An expression of the commitment that the &lt;fen&gt;Protagonist&lt;/fen&gt; has taken on earlier and which they fail to follow through on. 

&lt;ex&gt;It appears that Schwarzenegger will &lt;t&gt;renege&lt;/t&gt; &lt;fex name="com"&gt;on an agreement he made with teachers&lt;/fex&gt;.&lt;/ex&gt;&lt;/def-root&gt;</definition>
    </FE>
    <FE bgColor="FF69B4" fgColor="FFFFFF" coreType="Peripheral" cBy="JKR" cDate="07/15/2005 04:38:32 PDT Fri" abbrev="man" name="Manner" ID="8537">
        <definition>&lt;def-root&gt;Any description of the event (or state) which is not covered by more specific FEs,  secondary effects (&lt;ment&gt;quietly&lt;/ment&gt;), and general descriptions comparing events (&lt;ment&gt;the same way&lt;/ment&gt;).It may also indicate salient characteristics of the Protagonist that also affect the action (&lt;ment&gt;coldly&lt;/ment&gt;). 

&lt;ex&gt;They &lt;fex name="man"&gt;deliberately&lt;/fex&gt; &lt;t&gt;backed out&lt;/t&gt; of Government last November because they knew that the 'hard men' were not ready for it.&lt;/ex&gt;&lt;/def-root&gt;</definition>
        <semType name="Manner" ID="173"/>
    </FE>
    <FE bgColor="FFA500" fgColor="FFFFFF" coreType="Peripheral" cBy="JKR" cDate="07/15/2005 04:38:32 PDT Fri" abbrev="tim" name="Time" ID="8538">
        <definition>&lt;def-root&gt;The time period during which the &lt;fen&gt;Protagonist&lt;/fen&gt; fails to honor their commitment.

&lt;ex&gt;When a host city &lt;t&gt;backed out&lt;/t&gt; &lt;fex name="Time"&gt;at the last minute&lt;/fex&gt; and Russellville, Ark., landed the opportunity to host the Babe Ruth 16-Year-Old World Series.&lt;/ex&gt;&lt;/def-root&gt;</definition>
        <semType name="Time" ID="141"/>
    </FE>
    <FE bgColor="00008B" fgColor="FFFFFF" coreType="Peripheral" cBy="JKR" cDate="07/15/2005 04:38:32 PDT Fri" abbrev="pla" name="Place" ID="8539">
        <definition>&lt;def-root&gt;The location in which the &lt;fen&gt;Protagonist&lt;/fen&gt;  fails to honor the commitment they made. 


&lt;ex&gt;But his efforts came to nought when 18 of the 19 accused were bailed out as most
witnesses &lt;t&gt;backed out&lt;/t&gt; &lt;fex name="pla"&gt;in court&lt;/fex&gt;.&lt;/ex&gt;&lt;/def-root&gt;</definition>
        <semType name="Locative_relation" ID="182"/>
    </FE>
    <FE bgColor="00BFFF" fgColor="FFFFFF" coreType="Extra-Thematic" cBy="JKR" cDate="07/15/2005 05:13:52 PDT Fri" abbrev="exp" name="Explanation" ID="8553">
        <definition>&lt;def-root&gt;The &lt;fen&gt;Explanation&lt;/fen&gt; denotes a proposition from which the &lt;fen&gt;Protagonist&lt;/fen&gt;'s failure to honor the &lt;fen&gt;Commitment&lt;/fen&gt; logically follows. 

&lt;ex&gt;The buyer &lt;t&gt;backed out&lt;/t&gt; &lt;fex name="exp"&gt;because the seller asked for more money&lt;/fex&gt;&lt;/ex&gt;&lt;/def-root&gt;</definition>
        <semType name="State_of_affairs" ID="177"/>
    </FE>
    <FE bgColor="9400D3" fgColor="FFFFFF" coreType="Extra-Thematic" cBy="JKR" cDate="07/15/2005 05:29:55 PDT Fri" abbrev="eve" name="Event_description" ID="8566">
        <definition>&lt;def-root&gt; In general, this FE is used for phrases that describe the &lt;fen&gt;Protagonist&lt;/fen&gt;'s act of going back on their &lt;fen&gt;Commitment&lt;/fen&gt; as a whole. 

&lt;ex&gt;When Roy Jones &lt;fex name="eve"&gt;cowardly&lt;/fex&gt; &lt;t&gt;backed out&lt;/t&gt; of a fight with Heavyweight Buster Douglas, Toney again offered himself as a replacement.&lt;/ex&gt;&lt;/def-root&gt;</definition>
    </FE>
    <FE bgColor="FF00FF" fgColor="FFFFFF" coreType="Peripheral" cBy="KmG" cDate="05/27/2008 05:07:49 PDT Tue" abbrev="Deg" name="Degree" ID="12676">
        <definition>&lt;def-root&gt;How much the &lt;fen&gt;Protagonist&lt;/fen&gt; goes back on their &lt;fen&gt;Commitment&lt;/fen&gt;.&lt;/def-root&gt;</definition>
    </FE>
    <FE bgColor="7CCD73" fgColor="FFFFFF" coreType="Peripheral" cBy="KmG" cDate="05/27/2008 05:10:16 PDT Tue" abbrev="Ree" name="Re-encoding" ID="12677">
        <definition>&lt;def-root&gt;This FE presents the current frame as an integral part of a larger conceptualization expressed by another frame. The frame expressed by the target typically corresponds to a Means action within the frame expressed by the Re_encoding, but not necessarily.&lt;/def-root&gt;</definition>
    </FE>
    <FE bgColor="FFFF00" fgColor="9400D3" coreType="Extra-Thematic" cBy="KmG" cDate="05/27/2008 05:13:00 PDT Tue" abbrev="Iter" name="Iterations" ID="12678">
        <definition>&lt;def-root&gt;The frame element &lt;fen&gt;Iterations&lt;/fen&gt; is used for expressions that indicate the number of times the &lt;fen&gt;Protagonist&lt;/fen&gt; backed out on a commitment.&lt;/def-root&gt;</definition>
    </FE>
    <FE bgColor="9F79EE" fgColor="00008B" coreType="Peripheral" cBy="KmG" cDate="05/27/2008 05:16:34 PDT Tue" abbrev="Res" name="Result" ID="12679">
        <definition>&lt;def-root&gt;The outcome of the Protagonist going back on a commitment.&lt;/def-root&gt;</definition>
    </FE>
    <FEcoreSet>
        <memberFE name="Affected_party" ID="8533"/>
        <memberFE name="Commitment" ID="8534"/>
    </FEcoreSet>
    <frameRelation type="Inherits from"/>
    <frameRelation type="Is Inherited by"/>
    <frameRelation type="Perspective on"/>
    <frameRelation type="Is Perspectivized in"/>
    <frameRelation type="Uses">
        <relatedFrame ID="33">Commitment</relatedFrame>
    </frameRelation>
    <frameRelation type="Is Used by"/>
    <frameRelation type="Subframe of"/>
    <frameRelation type="Has Subframe(s)"/>
    <frameRelation type="Precedes"/>
    <frameRelation type="Is Preceded by"/>
    <frameRelation type="Is Inchoative of"/>
    <frameRelation type="Is Causative of"/>
    <frameRelation type="See also"/>
    <lexUnit status="Finished_Initial" POS="V" name="back out.v" ID="12465" lemmaID="50174" cBy="JKR" cDate="07/15/2005 05:23:44 PDT Fri">
        <definition>COD: withdraw from a commitment</definition>
        <sentenceCount annotated="20" total="227"/>
        <lexeme order="1" headword="true" breakBefore="false" POS="V" name="back"/>
        <lexeme order="2" headword="false" breakBefore="false" POS="ADV" name="out"/>
    </lexUnit>
    <lexUnit status="Created" POS="V" name="go back.v" ID="12466" lemmaID="50175" cBy="JKR" cDate="07/15/2005 05:24:01 PDT Fri">
        <definition>COD: fail to keep (a promise).</definition>
        <sentenceCount annotated="0" total="0"/>
        <lexeme order="1" headword="true" breakBefore="false" POS="V" name="go"/>
        <lexeme order="2" headword="false" breakBefore="false" POS="ADV" name="back"/>
    </lexUnit>
    <lexUnit status="Finished_Initial" POS="V" name="renege.v" ID="12467" lemmaID="32624" cBy="JKR" cDate="07/15/2005 05:27:10 PDT Fri">
        <definition>COD: go back on a promise, undertaking, or contract.</definition>
        <sentenceCount annotated="17" total="93"/>
        <lexeme order="1" headword="false" breakBefore="false" POS="V" name="renege"/>
    </lexUnit>
</frame>