<?xml version="1.0" encoding="UTF-8" standalone="yes"?>
<?xml-stylesheet type="text/xsl" href="frame.xsl"?>
<frame cBy="JKR" cDate="03/04/2004 05:40:50 PST Thu" name="Gradable_attributes" ID="1015" xsi:schemaLocation="../schema/frame.xsd" xmlns="http://framenet.icsi.berkeley.edu" xmlns:xsi="http://www.w3.org/2001/XMLSchema-instance">
    <definition>&lt;def-root&gt;An &lt;fen&gt;Entity&lt;/fen&gt; has an implicit &lt;fen&gt;Value&lt;/fen&gt; for an &lt;fen&gt;Attribute&lt;/fen&gt;. &lt;fen&gt;Degree&lt;/fen&gt; expresses either explicit comparison or the deviation of the &lt;fen&gt;Value&lt;/fen&gt; when compared with other entities of similar kind. The &lt;fen&gt;Value&lt;/fen&gt; may hold only relative to a particular &lt;fen&gt;Time&lt;/fen&gt; or in particular &lt;fen&gt;Circumstances&lt;/fen&gt;.

&lt;/def-root&gt;</definition>
    <semType name="Non-Lexical Frame" ID="16"/>
    <FE bgColor="FF0000" fgColor="FFFFFF" coreType="Core" cBy="JKR" cDate="03/04/2004 05:40:50 PST Thu" abbrev="" name="Entity" ID="6023">
        <definition>&lt;def-root&gt;The &lt;fen&gt;Entity&lt;/fen&gt; for which a particular gradable &lt;fen&gt;Attribute&lt;/fen&gt; is appropriate and under consideration.

&lt;/def-root&gt;</definition>
    </FE>
    <FE bgColor="1E90FF" fgColor="FFFFFF" coreType="Core-Unexpressed" cBy="JKR" cDate="03/04/2004 05:40:50 PST Thu" abbrev="" name="Attribute" ID="6024">
        <definition>&lt;def-root&gt;The feature of an &lt;fen&gt;Entity&lt;/fen&gt; which is under discussion.&lt;/def-root&gt;</definition>
    </FE>
    <FE bgColor="FF00FF" fgColor="FFFFFF" coreType="Core" cBy="JKR" cDate="03/04/2004 05:40:50 PST Thu" abbrev="" name="Degree" ID="6026">
        <definition>&lt;def-root&gt;A modifier expressing  the deviation of the &lt;fen&gt;Value&lt;/fen&gt; from the norm or from the value for another &lt;fen&gt;Entity&lt;/fen&gt;.&lt;/def-root&gt;</definition>
        <semType name="Degree" ID="172"/>
        <excludesFE name="Value" ID="6029"/>
    </FE>
    <FE bgColor="FFA500" fgColor="FFFFFF" coreType="Extra-Thematic" cBy="JKR" cDate="03/04/2004 05:40:50 PST Thu" abbrev="" name="Time" ID="6027">
        <definition>&lt;def-root&gt;The &lt;fen&gt;Time&lt;/fen&gt; during which the &lt;fen&gt;Entity&lt;/fen&gt; is in the state of having  a particular &lt;fen&gt;Value&lt;/fen&gt; for the &lt;fen&gt;Attribute&lt;/fen&gt;.&lt;/def-root&gt;</definition>
        <semType name="Time" ID="141"/>
    </FE>
    <FE bgColor="A52A2A" fgColor="FFFFFF" coreType="Extra-Thematic" cBy="JKR" cDate="03/04/2004 05:40:50 PST Thu" abbrev="cir" name="Circumstances" ID="6028">
        <definition>&lt;def-root&gt;Some specification of the circumstances under which the &lt;fen&gt;Entity&lt;/fen&gt; has a particular &lt;fen&gt;Value&lt;/fen&gt; for the &lt;fen&gt;Attribute&lt;/fen&gt;.&lt;/def-root&gt;</definition>
    </FE>
    <FE bgColor="006400" fgColor="FFFFFF" coreType="Core-Unexpressed" cBy="JKR" cDate="03/04/2004 06:14:15 PST Thu" abbrev="" name="Value" ID="6029">
        <definition>&lt;def-root&gt;The generally implicit &lt;fen&gt;Value&lt;/fen&gt; of the &lt;fen&gt;Attribute&lt;/fen&gt;.&lt;/def-root&gt;</definition>
    </FE>
    <FE bgColor="008000" fgColor="FFFFFF" coreType="Extra-Thematic" cBy="RLG" cDate="03/12/2007 10:22:33 PDT Mon" abbrev="pla" name="Place" ID="11167">
        <definition>&lt;def-root&gt;The location where the &lt;fen&gt;Entity&lt;/fen&gt; is has the &lt;fen&gt;Attribute&lt;/fen&gt; to a given &lt;fen&gt;Degree&lt;/fen&gt;.&lt;/def-root&gt;</definition>
    </FE>
    <frameRelation type="Inherits from">
        <relatedFrame ID="964">Attributes</relatedFrame>
    </frameRelation>
    <frameRelation type="Is Inherited by">
        <relatedFrame ID="965">Measurable_attributes</relatedFrame>
        <relatedFrame ID="213">Addiction</relatedFrame>
        <relatedFrame ID="1271">Sharpness</relatedFrame>
        <relatedFrame ID="1360">Obviousness</relatedFrame>
        <relatedFrame ID="1460">Prominence</relatedFrame>
        <relatedFrame ID="1562">Margin_of_resolution</relatedFrame>
        <relatedFrame ID="1563">Exertive_force</relatedFrame>
        <relatedFrame ID="1602">Abundance</relatedFrame>
        <relatedFrame ID="369">Social_behavior_evaluation</relatedFrame>
        <relatedFrame ID="1597">Familiarity</relatedFrame>
        <relatedFrame ID="95">Position_on_a_scale</relatedFrame>
        <relatedFrame ID="1512">Correctness</relatedFrame>
        <relatedFrame ID="481">Similarity</relatedFrame>
        <relatedFrame ID="1560">Being_at_risk</relatedFrame>
        <relatedFrame ID="990">Capability</relatedFrame>
        <relatedFrame ID="375">Difficulty</relatedFrame>
        <relatedFrame ID="423">Color</relatedFrame>
        <relatedFrame ID="85">Wealthiness</relatedFrame>
        <relatedFrame ID="114">Likelihood</relatedFrame>
        <relatedFrame ID="354">Desirability</relatedFrame>
        <relatedFrame ID="235">Body_description_part</relatedFrame>
        <relatedFrame ID="157">Body_description_holistic</relatedFrame>
        <relatedFrame ID="214">Intoxication</relatedFrame>
        <relatedFrame ID="368">Suitability</relatedFrame>
        <relatedFrame ID="1540">Being_active</relatedFrame>
        <relatedFrame ID="1660">Artificiality</relatedFrame>
        <relatedFrame ID="141">Certainty</relatedFrame>
        <relatedFrame ID="239">Medical_conditions</relatedFrame>
        <relatedFrame ID="377">Inclination</relatedFrame>
        <relatedFrame ID="338">Being_dry</relatedFrame>
        <relatedFrame ID="394">Biological_urge</relatedFrame>
        <relatedFrame ID="360">Compatibility</relatedFrame>
        <relatedFrame ID="271">Chemical-sense_description</relatedFrame>
        <relatedFrame ID="726">Usefulness</relatedFrame>
        <relatedFrame ID="80">Frequency</relatedFrame>
        <relatedFrame ID="244">Fullness</relatedFrame>
        <relatedFrame ID="967">Taking_time</relatedFrame>
        <relatedFrame ID="1534">Completeness</relatedFrame>
        <relatedFrame ID="1762">Risky_situation</relatedFrame>
        <relatedFrame ID="332">Being_wet</relatedFrame>
        <relatedFrame ID="346">Being_rotted</relatedFrame>
        <relatedFrame ID="1881">Obscurity</relatedFrame>
        <relatedFrame ID="1904">Lively_place</relatedFrame>
        <relatedFrame ID="1811">Luck</relatedFrame>
        <relatedFrame ID="2270">Color_qualities</relatedFrame>
        <relatedFrame ID="2411">Personal_success</relatedFrame>
        <relatedFrame ID="2712">Level_of_light</relatedFrame>
        <relatedFrame ID="2720">Judgment_of_intensity</relatedFrame>
        <relatedFrame ID="2722">Gradable_artistic_quality</relatedFrame>
        <relatedFrame ID="2724">Chemical_potency</relatedFrame>
        <relatedFrame ID="2061">Being_strong</relatedFrame>
        <relatedFrame ID="2434">System_complexity</relatedFrame>
    </frameRelation>
    <frameRelation type="Perspective on"/>
    <frameRelation type="Is Perspectivized in"/>
    <frameRelation type="Uses"/>
    <frameRelation type="Is Used by">
        <relatedFrame ID="402">First_rank</relatedFrame>
        <relatedFrame ID="1573">Extreme_point</relatedFrame>
    </frameRelation>
    <frameRelation type="Subframe of"/>
    <frameRelation type="Has Subframe(s)"/>
    <frameRelation type="Precedes"/>
    <frameRelation type="Is Preceded by"/>
    <frameRelation type="Is Inchoative of"/>
    <frameRelation type="Is Causative of"/>
    <frameRelation type="See also"/>
</frame>