<?xml version="1.0" encoding="UTF-8" standalone="yes"?>
<?xml-stylesheet type="text/xsl" href="frame.xsl"?>
<frame cBy="ACW" cDate="06/13/2002 02:09:36 PDT Thu" name="Grinding" ID="351" xsi:schemaLocation="../schema/frame.xsd" xmlns="http://framenet.icsi.berkeley.edu" xmlns:xsi="http://www.w3.org/2001/XMLSchema-instance">
    <definition>&lt;def-root&gt;In this frame a &lt;fen&gt;Grinder&lt;/fen&gt; or &lt;fen&gt;Grinding_cause&lt;/fen&gt; causes a &lt;fen&gt;Patient&lt;/fen&gt; to be broken into smaller pieces.  A &lt;fen&gt;Result&lt;/fen&gt; or &lt;fen&gt;Goal&lt;/fen&gt; can be present.&lt;ex&gt;&lt;fex name="Grinder"&gt;Bill&lt;/fex&gt; &lt;t&gt;ground&lt;/t&gt; &lt;fex name="Patient"&gt;the coffee beans&lt;/fex&gt; &lt;fex name="Result"&gt;into a fine powder&lt;/fex&gt;.&lt;/ex&gt;&lt;/def-root&gt;</definition>
    <FE bgColor="2E8B57" fgColor="FFFFFF" coreType="Core" cBy="ACW" cDate="06/13/2002 02:41:48 PDT Thu" abbrev="G_cause" name="Grinding_cause" ID="3069">
        <definition>&lt;def-root&gt;An animate or inanimate entity, a force, or event that grinds. Volitionality is not a necessary characteristic. &lt;ex&gt; &lt;fex name="Grinding_cause"&gt;The wind&lt;/fex&gt; &lt;t&gt;ground&lt;/t&gt; &lt;fex name="Patient"&gt;the leaves&lt;/fex&gt; &lt;fex name="Result"&gt;into a fine powder&lt;/fex&gt;. &lt;/ex&gt;&lt;/def-root&gt;</definition>
    </FE>
    <FE bgColor="FF0000" fgColor="FFFFFF" coreType="Core" cBy="ACW" cDate="06/13/2002 02:41:48 PDT Thu" abbrev="Grind" name="Grinder" ID="3070">
        <definition>&lt;def-root&gt;The &lt;fen&gt;Grinder&lt;/fen&gt; breaks the &lt;fen&gt;Patient&lt;/fen&gt; into smaller pieces.&lt;/def-root&gt;</definition>
    </FE>
    <FE bgColor="808080" fgColor="FFFFFF" coreType="Peripheral" cBy="ACW" cDate="06/13/2002 02:41:48 PDT Thu" abbrev="Ins" name="Instrument" ID="3071">
        <definition>&lt;def-root&gt;This FE identifies the &lt;fen&gt;Instrument&lt;/fen&gt; with which the &lt;fen&gt;Grinder&lt;/fen&gt; grinds the &lt;fen&gt;Patient&lt;/fen&gt;.&lt;/def-root&gt;</definition>
        <semType name="Physical_entity" ID="70"/>
    </FE>
    <FE bgColor="006400" fgColor="FFFFFF" coreType="Peripheral" cBy="ACW" cDate="06/13/2002 02:41:48 PDT Thu" abbrev="Loc" name="Locus" ID="3072">
        <definition>&lt;def-root&gt;The &lt;fen&gt;Locus&lt;/fen&gt; is a description of the active zone of the &lt;fen&gt;Grinder&lt;/fen&gt;, where the grinding most saliently takes place.  &lt;ex&gt; &lt;fex name="Grinder"&gt;Russell&lt;/fex&gt; &lt;t&gt;ground&lt;/t&gt; &lt;fex name="Patient"&gt;the paper cups&lt;/fex&gt; &lt;fex name="Locus"&gt;under his foot&lt;/fex&gt;.&lt;/ex&gt;&lt;/def-root&gt;</definition>
    </FE>
    <FE bgColor="FF00FF" fgColor="FFFFFF" coreType="Peripheral" cBy="ACW" cDate="06/13/2002 02:41:48 PDT Thu" abbrev="Mnr" name="Manner" ID="3073">
        <definition>&lt;def-root&gt;This FE identifies the &lt;fen&gt;Manner&lt;/fen&gt; in which  the &lt;fen&gt;Grinder&lt;/fen&gt; grinds the &lt;fen&gt;Patient&lt;/fen&gt;.&lt;/def-root&gt;</definition>
        <semType name="Manner" ID="173"/>
    </FE>
    <FE bgColor="FF69B4" fgColor="FFFFFF" coreType="Peripheral" cBy="ACW" cDate="06/13/2002 02:41:48 PDT Thu" abbrev="Mns" name="Means" ID="3074">
        <definition>&lt;def-root&gt;This FE identifies the &lt;fen&gt;Means&lt;/fen&gt; by which  the &lt;fen&gt;Grinder&lt;/fen&gt; grinds the &lt;fen&gt;Patient&lt;/fen&gt;.&lt;/def-root&gt;</definition>
        <semType name="State_of_affairs" ID="177"/>
    </FE>
    <FE bgColor="008000" fgColor="FFFFFF" coreType="Peripheral" cBy="ACW" cDate="06/13/2002 02:41:48 PDT Thu" abbrev="Place" name="Place" ID="3075">
        <definition>&lt;def-root&gt;This FE identifies the &lt;fen&gt;Place&lt;/fen&gt; where  the &lt;fen&gt;Grinder&lt;/fen&gt; grinds the &lt;fen&gt;Patient&lt;/fen&gt;. &lt;/def-root&gt;</definition>
        <semType name="Locative_relation" ID="182"/>
    </FE>
    <FE bgColor="800080" fgColor="FFFFFF" coreType="Extra-Thematic" cBy="ACW" cDate="06/13/2002 02:41:48 PDT Thu" abbrev="Purp" name="Purpose" ID="3076">
        <definition>&lt;def-root&gt;This FE identifies the &lt;fen&gt;Purpose&lt;/fen&gt; for which  the &lt;fen&gt;Grinder&lt;/fen&gt; grinds the &lt;fen&gt;Patient&lt;/fen&gt;.&lt;/def-root&gt;</definition>
        <semType name="State_of_affairs" ID="177"/>
    </FE>
    <FE bgColor="9400D3" fgColor="FFFFFF" coreType="Extra-Thematic" cBy="ACW" cDate="06/13/2002 02:41:48 PDT Thu" abbrev="Result" name="Result" ID="3078">
        <definition>&lt;def-root&gt;The &lt;fen&gt;Result&lt;/fen&gt; is the shape the &lt;fen&gt;Patient&lt;/fen&gt; becomes.&lt;/def-root&gt;</definition>
    </FE>
    <FE bgColor="FFA500" fgColor="FFFFFF" coreType="Peripheral" cBy="ACW" cDate="06/13/2002 02:41:48 PDT Thu" abbrev="Time" name="Time" ID="3079">
        <definition>&lt;def-root&gt;This FE identifies the &lt;fen&gt;Time&lt;/fen&gt; when  the &lt;fen&gt;Grinder&lt;/fen&gt; grinds the &lt;fen&gt;Patient&lt;/fen&gt;.&lt;/def-root&gt;</definition>
        <semType name="Time" ID="141"/>
    </FE>
    <FE bgColor="0000FF" fgColor="FFFFFF" coreType="Core" cBy="ACW" cDate="06/13/2002 02:41:48 PDT Thu" abbrev="Pat" name="Patient" ID="3080">
        <definition>&lt;def-root&gt;The &lt;fen&gt;Patient&lt;/fen&gt; is the entity which undergoes the change brought about by the &lt;fen&gt;Grinder&lt;/fen&gt; or &lt;fen&gt;Grinding_cause&lt;/fen&gt;.  &lt;/def-root&gt;</definition>
    </FE>
    <FE bgColor="00008B" fgColor="FFFFFF" coreType="Peripheral" cBy="ACW" cDate="06/18/2002 04:25:36 PDT Tue" abbrev="Dur" name="Duration" ID="3109">
        <definition>&lt;def-root&gt;The length of time for which the &lt;fen&gt;Grinder&lt;/fen&gt; grinds the &lt;fen&gt;Patient&lt;/fen&gt;.&lt;/def-root&gt;</definition>
        <semType name="Duration" ID="142"/>
    </FE>
    <FE bgColor="00BFFF" fgColor="FFFFFF" coreType="Extra-Thematic" cBy="MJE" cDate="06/18/2002 05:58:30 PDT Tue" abbrev="Goal" name="Goal" ID="3112">
        <definition>&lt;def-root&gt;This is where the &lt;fen&gt;Patient&lt;/fen&gt; might end up, after undergoing the grinding process.&lt;/def-root&gt;</definition>
        <semType name="Goal" ID="153"/>
    </FE>
    <FEcoreSet>
        <memberFE name="Grinding_cause" ID="3069"/>
        <memberFE name="Grinder" ID="3070"/>
    </FEcoreSet>
    <frameRelation type="Inherits from">
        <relatedFrame ID="10">Transitive_action</relatedFrame>
    </frameRelation>
    <frameRelation type="Is Inherited by"/>
    <frameRelation type="Perspective on"/>
    <frameRelation type="Is Perspectivized in"/>
    <frameRelation type="Uses"/>
    <frameRelation type="Is Used by"/>
    <frameRelation type="Subframe of"/>
    <frameRelation type="Has Subframe(s)"/>
    <frameRelation type="Precedes"/>
    <frameRelation type="Is Preceded by"/>
    <frameRelation type="Is Inchoative of"/>
    <frameRelation type="Is Causative of">
        <relatedFrame ID="357">Ground_up</relatedFrame>
    </frameRelation>
    <frameRelation type="See also"/>
    <lexUnit status="Finished_Initial" POS="V" name="flake.v" ID="6109" lemmaID="14588" cBy="ACW" cDate="06/13/2002 03:01:32 PDT Thu">
        <definition>COD: split or cause to split into flakes. </definition>
        <sentenceCount annotated="4" total="100"/>
        <lexeme order="1" headword="false" breakBefore="false" POS="V" name="flake"/>
    </lexUnit>
    <lexUnit status="Finished_Initial" POS="V" name="pulverize.v" ID="6110" lemmaID="31133" cBy="ACW" cDate="06/13/2002 03:03:14 PDT Thu">
        <definition>COD: reduce to fine particles. </definition>
        <sentenceCount annotated="4" total="33"/>
        <lexeme order="1" headword="false" breakBefore="false" POS="V" name="pulverize"/>
    </lexUnit>
    <lexUnit status="Finished_Initial" POS="V" name="grind.v" ID="6111" lemmaID="16852" cBy="ACW" cDate="06/13/2002 03:15:08 PDT Thu">
        <definition>COD: reduce to small particles or powder by crushing</definition>
        <sentenceCount annotated="27" total="288"/>
        <lexeme order="1" headword="false" breakBefore="false" POS="V" name="grind"/>
    </lexUnit>
    <lexUnit status="Finished_Initial" POS="V" name="crumble.v" ID="6112" lemmaID="9122" cBy="ACW" cDate="06/13/2002 04:13:40 PDT Thu">
        <definition>COD: cause (something, especially food) to crumble. </definition>
        <sentenceCount annotated="19" total="185"/>
        <lexeme order="1" headword="false" breakBefore="false" POS="V" name="crumble"/>
    </lexUnit>
    <lexUnit status="Finished_Initial" POS="V" name="crush.v" ID="6113" lemmaID="9137" cBy="ACW" cDate="06/13/2002 04:31:19 PDT Thu">
        <definition>COD: pulverize by compressing forcefully. </definition>
        <sentenceCount annotated="22" total="275"/>
        <lexeme order="1" headword="false" breakBefore="false" POS="V" name="crush"/>
    </lexUnit>
    <lexUnit status="Finished_Initial" POS="V" name="mill.v" ID="6182" lemmaID="24306" cBy="ACW" cDate="06/18/2002 10:52:49 PDT Tue">
        <definition>COD: grind in a building with machinery for grinding grain into flour </definition>
        <sentenceCount annotated="8" total="49"/>
        <lexeme order="1" headword="false" breakBefore="false" POS="V" name="mill"/>
    </lexUnit>
    <lexUnit status="Finished_Initial" POS="V" name="grate.v" ID="6184" lemmaID="16719" cBy="ACW" cDate="06/18/2002 11:34:09 PDT Tue">
        <definition>COD: reduce (food) to small shreds by rubbing it on a grater. </definition>
        <sentenceCount annotated="6" total="83"/>
        <lexeme order="1" headword="false" breakBefore="false" POS="V" name="grate"/>
    </lexUnit>
    <lexUnit status="Finished_Initial" POS="V" name="shred.v" ID="6185" lemmaID="35708" cBy="ACW" cDate="06/18/2002 11:35:05 PDT Tue">
        <definition>COD: tear or cut into shreds.</definition>
        <sentenceCount annotated="14" total="82"/>
        <lexeme order="1" headword="false" breakBefore="false" POS="V" name="shred"/>
    </lexUnit>
    <lexUnit status="Finished_Initial" POS="V" name="crunch.v" ID="6186" lemmaID="9129" cBy="ACW" cDate="06/18/2002 11:50:29 PDT Tue">
        <definition>COD: crush (a hard or brittle foodstuff) with the teeth, making a marked grinding sound. </definition>
        <sentenceCount annotated="10" total="117"/>
        <lexeme order="1" headword="false" breakBefore="false" POS="V" name="crunch"/>
    </lexUnit>
    <lexUnit status="Needs_SCs" POS="V" name="masticate.v" ID="6187" lemmaID="23648" cBy="ACW" cDate="06/18/2002 12:01:25 PDT Tue">
        <definition>COD: chew (food)</definition>
        <sentenceCount annotated="2" total="8"/>
        <lexeme order="1" headword="false" breakBefore="false" POS="V" name="masticate"/>
    </lexUnit>
    <lexUnit status="Finished_Initial" POS="V" name="chew.v" ID="6188" lemmaID="6255" cBy="ACW" cDate="06/18/2002 12:02:12 PDT Tue">
        <definition>COD: bite and work (food) in the mouth to make it easier to swallow.</definition>
        <sentenceCount annotated="20" total="160"/>
        <lexeme order="1" headword="false" breakBefore="false" POS="V" name="chew"/>
    </lexUnit>
    <lexUnit status="Created" POS="N" name="mastication.n" ID="8022" lemmaID="23649" cBy="ACW" cDate="01/16/2003 02:46:21 PST Thu">
        <definition>FN: the process of chewing</definition>
        <sentenceCount annotated="0" total="0"/>
        <lexeme order="1" headword="false" breakBefore="false" POS="N" name="mastication"/>
    </lexUnit>
</frame>