<?xml version="1.0" encoding="UTF-8" standalone="yes"?>
<?xml-stylesheet type="text/xsl" href="frame.xsl"?>
<frame cBy="KmG" cDate="02/14/2008 02:30:15 PST Thu" name="Growing_food" ID="2014" xsi:schemaLocation="../schema/frame.xsd" xmlns="http://framenet.icsi.berkeley.edu" xmlns:xsi="http://www.w3.org/2001/XMLSchema-instance">
    <definition>&lt;def-root&gt;A &lt;fen&gt;Grower&lt;/fen&gt; endeavors to tend to and influence the environment of &lt;fen&gt;Food&lt;/fen&gt; so as to foster its growth.

&lt;ex&gt;&lt;fex name="Grower"&gt;I&lt;/fex&gt; &lt;t&gt;grow&lt;/t&gt; &lt;fex name="Food"&gt;my own vegetables&lt;/fex&gt;.&lt;/ex&gt;

&lt;/def-root&gt;</definition>
    <FE bgColor="FF0000" fgColor="FFFFFF" coreType="Core" cBy="KmG" cDate="02/14/2008 02:30:15 PST Thu" abbrev="See" name="Grower" ID="12206">
        <definition>&lt;def-root&gt;The &lt;fen&gt;Grower&lt;/fen&gt; is the agent growing &lt;fen&gt;Food&lt;/fen&gt;.&lt;/def-root&gt;</definition>
        <semType name="Sentient" ID="5"/>
    </FE>
    <FE bgColor="0000FF" fgColor="FFFFFF" coreType="Core" cBy="KmG" cDate="02/14/2008 02:30:15 PST Thu" abbrev="Foo" name="Food" ID="12207">
        <definition>&lt;def-root&gt;&lt;fex name="Food"&gt;Food&lt;/fex&gt; is the item grown by the &lt;fen&gt;Grower&lt;/fen&gt;, which can include things not traditionally eaten, like flowers, etc., or items for other consumption-related uses, like medicines, smokables, etc. 

&lt;ex&gt;&lt;fex name="Grower"&gt;He&lt;/fex&gt; &lt;t&gt;grew&lt;/t&gt; &lt;fex name="Food"&gt;flowers and potatoes&lt;/fex&gt;.&lt;/ex&gt;

&lt;/def-root&gt;</definition>
        <semType name="Physical_entity" ID="70"/>
    </FE>
    <FE bgColor="808080" fgColor="FFFFFF" coreType="Peripheral" cBy="KmG" cDate="02/14/2008 02:30:15 PST Thu" abbrev="Ins" name="Instrument" ID="12208">
        <definition>&lt;def-root&gt;The &lt;fen&gt;Instrument&lt;/fen&gt; is used by the &lt;fen&gt;Grower&lt;/fen&gt; as a tool grow &lt;fen&gt;Food&lt;/fen&gt;. (This tool is not limited to typical artifacts and can be hands, arms, and other atypical hunting and fishing instruments.)

&lt;ex&gt;Heavy-yielding crops are &lt;t&gt;grown&lt;/t&gt; &lt;fex name="Instrument"&gt;with chemical fertilizers&lt;/fex&gt;&lt;/ex&gt;&lt;/def-root&gt;</definition>
    </FE>
    <FE bgColor="00BFFF" fgColor="FFFFFF" coreType="Peripheral" cBy="KmG" cDate="02/14/2008 02:30:15 PST Thu" abbrev="Dur" name="Duration" ID="12209">
        <definition>&lt;def-root&gt;For what length of time the &lt;fen&gt;Grower&lt;/fen&gt; is growing &lt;fen&gt;Food&lt;/fen&gt;. 

&lt;/def-root&gt;</definition>
    </FE>
    <FE bgColor="FF00FF" fgColor="FFFFFF" coreType="Peripheral" cBy="KmG" cDate="02/14/2008 02:30:15 PST Thu" abbrev="Man" name="Manner" ID="12210">
        <definition>&lt;def-root&gt;The &lt;fen&gt;Manner&lt;/fen&gt; in which the &lt;fen&gt;Grower&lt;/fen&gt; grows &lt;fen&gt;Food&lt;/fen&gt;.&lt;/def-root&gt;</definition>
    </FE>
    <FE bgColor="A52A2A" fgColor="FFFFFF" coreType="Peripheral" cBy="KmG" cDate="02/14/2008 02:30:15 PST Thu" abbrev="Mea" name="Means" ID="12211">
        <definition>&lt;def-root&gt;This FE identifies the &lt;fen&gt;Means&lt;/fen&gt; by which the &lt;fen&gt;Grower&lt;/fen&gt; grows &lt;fen&gt;Food&lt;/fen&gt;.

&lt;/def-root&gt;</definition>
    </FE>
    <FE bgColor="008000" fgColor="FFFFFF" coreType="Peripheral" cBy="KmG" cDate="02/14/2008 02:30:15 PST Thu" abbrev="Pla" name="Place" ID="12213">
        <definition>&lt;def-root&gt;The greater geographic location where the &lt;fen&gt;Grower&lt;/fen&gt; grows &lt;fen&gt;Food&lt;/fen&gt;.

&lt;/def-root&gt;</definition>
    </FE>
    <FE bgColor="FFA500" fgColor="FFFFFF" coreType="Peripheral" cBy="KmG" cDate="02/14/2008 02:30:15 PST Thu" abbrev="Tim" name="Time" ID="12214">
        <definition>&lt;def-root&gt;When the growing event occurs.&lt;/def-root&gt;</definition>
    </FE>
    <FE bgColor="800080" fgColor="FFFFFF" coreType="Peripheral" cBy="KmG" cDate="02/14/2008 02:30:15 PST Thu" abbrev="Pur" name="Purpose" ID="12215">
        <definition>&lt;def-root&gt;An action that the &lt;fen&gt;Grower&lt;/fen&gt; intends to accomplish by growing &lt;fen&gt;Food&lt;/fen&gt;.

&lt;ex&gt;&lt;fex name="Grower"&gt;He&lt;/fex&gt; can &lt;t&gt;grow&lt;/t&gt; &lt;fex name="Food"&gt;flowers&lt;/fex&gt; &lt;fex name="Purpose"&gt;to beautify the garden&lt;/fex&gt;&lt;/ex&gt;&lt;/def-root&gt;</definition>
    </FE>
    <FE bgColor="7CCD73" fgColor="FFFFFF" coreType="Peripheral" cBy="KmG" cDate="02/14/2008 02:30:15 PST Thu" abbrev="Fre" name="Frequency" ID="12216">
        <definition>&lt;def-root&gt;How often the &lt;fen&gt;Grower&lt;/fen&gt; grows &lt;fen&gt;Food&lt;/fen&gt;.
&lt;/def-root&gt;</definition>
    </FE>
    <FE bgColor="FFFF00" fgColor="0000FF" coreType="Extra-Thematic" cBy="KmG" cDate="02/14/2008 02:30:15 PST Thu" abbrev="Par" name="Particular_iteration" ID="12219">
        <definition>&lt;def-root&gt;Expressions marked with this extra-thematic FE modify a non-iterative use of the target, and indicate that it is conceived as embedded within an iterated series of similar events or states.&lt;/def-root&gt;</definition>
    </FE>
    <FE bgColor="FF69B4" fgColor="00008B" coreType="Peripheral" cBy="KmG" cDate="02/25/2008 05:34:36 PST Mon" abbrev="" name="Ground" ID="12253">
        <definition>&lt;def-root&gt;This is the the physical background or context for the &lt;fen&gt;Food&lt;/fen&gt; to which the &lt;fen&gt;Grower&lt;/fen&gt; pays attention in his growing efforts.&lt;/def-root&gt;</definition>
    </FE>
    <FE bgColor="EEE8AA" fgColor="00008B" coreType="Extra-Thematic" cBy="KmG" cDate="02/25/2008 05:39:33 PST Mon" abbrev="" name="Circumstances" ID="12254">
        <definition>&lt;def-root&gt;Circumstances describe the state of the world (at a particular time and place) which is specifically independent of the event itself and any of its participants. &lt;/def-root&gt;</definition>
    </FE>
    <FE bgColor="2E8B57" fgColor="FFFFFF" coreType="Peripheral" cBy="RLG" cDate="09/24/2009 10:41:29 PDT Thu" abbrev="sou" name="Source" ID="13454">
        <definition>&lt;def-root&gt;The starting state of the &lt;fen&gt;Food&lt;/fen&gt;, e.g., a seed.&lt;/def-root&gt;</definition>
    </FE>
    <frameRelation type="Inherits from"/>
    <frameRelation type="Is Inherited by"/>
    <frameRelation type="Perspective on">
        <relatedFrame ID="2012">Agriculture</relatedFrame>
    </frameRelation>
    <frameRelation type="Is Perspectivized in"/>
    <frameRelation type="Uses"/>
    <frameRelation type="Is Used by"/>
    <frameRelation type="Subframe of"/>
    <frameRelation type="Has Subframe(s)"/>
    <frameRelation type="Precedes"/>
    <frameRelation type="Is Preceded by"/>
    <frameRelation type="Is Inchoative of"/>
    <frameRelation type="Is Causative of"/>
    <frameRelation type="See also"/>
    <lexUnit status="Finished_Initial" POS="V" name="grow.v" ID="14787" lemmaID="16938" cBy="KmG" cDate="02/14/2008 02:35:15 PST Thu">
        <definition>FN: to raise or develop crops or livestock</definition>
        <sentenceCount annotated="30" total="282"/>
        <lexeme order="1" headword="false" breakBefore="false" POS="V" name="grow"/>
    </lexUnit>
    <lexUnit status="Finished_Initial" POS="V" name="raise.v" ID="14799" lemmaID="31734" cBy="KmG" cDate="02/25/2008 04:03:24 PST Mon">
        <definition>FN: </definition>
        <sentenceCount annotated="26" total="83"/>
        <lexeme order="1" headword="false" breakBefore="false" POS="V" name="raise"/>
    </lexUnit>
</frame>