<?xml version="1.0" encoding="UTF-8" standalone="yes"?>
<?xml-stylesheet type="text/xsl" href="frame.xsl"?>
<frame cBy="JKR" cDate="03/08/2004 03:33:43 PST Mon" name="Halt" ID="1024" xsi:schemaLocation="../schema/frame.xsd" xmlns="http://framenet.icsi.berkeley.edu" xmlns:xsi="http://www.w3.org/2001/XMLSchema-instance">
    <definition>&lt;def-root&gt;This frame consists of LUs which denote a &lt;fen&gt;Theme&lt;/fen&gt; ceasing motion.


&lt;ex&gt;&lt;fex name="Theme"&gt;Peter&lt;/fex&gt; &lt;t&gt;stopped&lt;/t&gt; &lt;fex name="Time"&gt;immediately&lt;/fex&gt; and span to see Aeryn frozen where she stood.&lt;/ex&gt;

&lt;ex&gt;&lt;fex name="Theme"&gt;He&lt;/fex&gt; &lt;t&gt;stopped&lt;/t&gt; &lt;fex name="Place"&gt;at the door&lt;/fex&gt;, not wanting to see what he knew must be on the other side&lt;/ex&gt;

&lt;ex&gt;As Lynn walked through the bedroom on her way to the shower &lt;fex name="Theme"&gt;she&lt;/fex&gt; &lt;t&gt;stopped&lt;/t&gt; &lt;fex name="Purpose"&gt;to look at her sleeping husband&lt;/fex&gt;&lt;/ex&gt;

&lt;/def-root&gt;</definition>
    <FE bgColor="800080" fgColor="FFFFFF" coreType="Extra-Thematic" cBy="JKR" cDate="03/08/2004 03:33:43 PST Mon" abbrev="Purpose" name="Purpose" ID="6096">
        <definition>&lt;def-root&gt;This FE identifies the &lt;fen&gt;Purpose&lt;/fen&gt; for which a &lt;fen&gt;Theme&lt;/fen&gt; stops the motion.


&lt;ex&gt;When the kitty was standing beside the slayer's pillow, she &lt;t&gt;stopped&lt;/t&gt; &lt;fex name="Purpose"&gt;to make sure everything was quiet&lt;/fex&gt;&lt;/ex&gt;&lt;/def-root&gt;</definition>
        <semType name="State_of_affairs" ID="177"/>
    </FE>
    <FE bgColor="2E8B57" fgColor="FFFFFF" coreType="Peripheral" cBy="JKR" cDate="03/08/2004 03:33:43 PST Mon" abbrev="Place" name="Place" ID="6097">
        <definition>&lt;def-root&gt;This FE identifies the &lt;fen&gt;Place&lt;/fen&gt; where the &lt;fen&gt;Theme&lt;/fen&gt;'s motion stops. 

&lt;ex&gt; She &lt;t&gt;stopped&lt;/t&gt; &lt;fex name="Place"&gt;on the threshold&lt;/fex&gt; with a sinking heart&lt;/ex&gt;&lt;/def-root&gt;</definition>
        <semType name="Locative_relation" ID="182"/>
    </FE>
    <FE bgColor="FFA500" fgColor="FFFFFF" coreType="Peripheral" cBy="JKR" cDate="03/08/2004 03:33:43 PST Mon" abbrev="Time" name="Time" ID="6098">
        <definition>&lt;def-root&gt;This FE identifies the &lt;fen&gt;Time&lt;/fen&gt; when the &lt;fen&gt;Theme&lt;/fen&gt; stops.

&lt;ex&gt;John &lt;t&gt;stopped&lt;/t&gt; &lt;fex name="Time"&gt;suddenly&lt;/fex&gt;, whirled around and spread out his arms&lt;/ex&gt;&lt;/def-root&gt;</definition>
        <semType name="Time" ID="141"/>
    </FE>
    <FE bgColor="9400D3" fgColor="FFFFFF" coreType="Extra-Thematic" cBy="JKR" cDate="03/08/2004 03:33:43 PST Mon" abbrev="Dep" name="Depictive" ID="6099">
        <definition>&lt;def-root&gt;This FE is used for a &lt;fen&gt;Depictive&lt;/fen&gt; phrase describing the &lt;fen&gt;Theme&lt;/fen&gt;.


&lt;ex&gt;Once she reached the end she &lt;t&gt;stopped&lt;/t&gt; &lt;fex name="Dep"&gt;with her nostrils flaring&lt;/fex&gt;&lt;/ex&gt;&lt;/def-root&gt;</definition>
    </FE>
    <FE bgColor="FF00FF" fgColor="FFFFFF" coreType="Peripheral" cBy="JKR" cDate="03/08/2004 03:33:43 PST Mon" abbrev="Manr" name="Manner" ID="6100">
        <definition>&lt;def-root&gt;This FE identifies the &lt;fen&gt;Manner&lt;/fen&gt; in which the &lt;fen&gt;Theme&lt;/fen&gt; stops motion.

&lt;ex&gt;Martha &lt;t&gt;stopped&lt;/t&gt; &lt;fex name="Manner"&gt;abruptly&lt;/fex&gt; and stared at her only son&lt;/ex&gt;&lt;/def-root&gt;</definition>
        <semType name="Manner" ID="173"/>
    </FE>
    <FE bgColor="FF0000" fgColor="FFFFFF" coreType="Core" cBy="JKR" cDate="03/08/2004 03:33:43 PST Mon" abbrev="thm" name="Theme" ID="6102">
        <definition>&lt;def-root&gt;This FE identifies &lt;fen&gt;Theme&lt;/fen&gt; whose motion ceases.


&lt;ex&gt;When the kitty was standing beside the slayer's pillow, &lt;fex name="Theme"&gt;she&lt;/fex&gt; &lt;t&gt;stopped&lt;/t&gt; to make sure everything was quiet&lt;/ex&gt;&lt;/def-root&gt;</definition>
        <semType name="Physical_object" ID="68"/>
    </FE>
    <FE bgColor="006400" fgColor="FFFFFF" coreType="Peripheral" cBy="JKR" cDate="03/08/2004 03:33:43 PST Mon" abbrev="Dur" name="Duration" ID="6104">
        <definition>&lt;def-root&gt;This FE identifies the length of &lt;fen&gt;Time&lt;/fen&gt; during which the motion  is stopped.

&lt;ex&gt;She &lt;t&gt;stopped&lt;/t&gt; &lt;fex name="Duration"&gt;for a minute&lt;/fex&gt; and listened, but the wind came back empty handed as she stared down the desolate road&lt;/ex&gt;&lt;/def-root&gt;</definition>
        <semType name="Duration" ID="142"/>
    </FE>
    <FE bgColor="A52A2A" fgColor="FFFFFF" coreType="Extra-Thematic" cBy="JKR" cDate="03/08/2004 03:33:43 PST Mon" abbrev="Mns" name="Means" ID="6105">
        <definition>&lt;def-root&gt;This FE identifies the &lt;fen&gt;Means&lt;/fen&gt; by which the &lt;fen&gt;Theme&lt;/fen&gt; stops motion.

&lt;ex&gt;She weaved back and forth on her feet, then piroetted. She &lt;t&gt;stopped&lt;/t&gt; &lt;fex name="Means"&gt;by putting her hand to the ground and crouching&lt;/fex&gt;&lt;/ex&gt;&lt;/def-root&gt;</definition>
        <semType name="State_of_affairs" ID="177"/>
    </FE>
    <FE bgColor="00008B" fgColor="FFFFFF" coreType="Extra-Thematic" cBy="JKR" cDate="03/08/2004 03:33:43 PST Mon" abbrev="Co-t" name="Co-timed_event" ID="6106">
        <definition>&lt;def-root&gt;This FE identifies the last &lt;fen&gt;Co-timed_event&lt;/fen&gt; of the stopped motion.

&lt;ex&gt;The bus &lt;t&gt;stopped&lt;/t&gt; &lt;fex name="Co-timed_event"&gt;with a shudder&lt;/fex&gt;&lt;/ex&gt;&lt;/def-root&gt;</definition>
    </FE>
    <FE bgColor="00BFFF" fgColor="FFFFFF" coreType="Extra-Thematic" cBy="JKs" cDate="08/22/2008 10:16:04 PDT Fri" abbrev="" name="Explanation" ID="13066">
        <definition>&lt;def-root&gt;The Explanation denotes a proposition from which the main clause (headed by the target) logically follows.&lt;/def-root&gt;</definition>
    </FE>
    <FE bgColor="7FFF00" fgColor="000000" coreType="Extra-Thematic" cBy="JKs" cDate="08/22/2008 10:36:19 PDT Fri" abbrev="" name="Period_of_iterations" ID="13067">
        <definition>&lt;def-root&gt;The length of time from when the halting event began to be repeated to when it stopped.&lt;/def-root&gt;</definition>
    </FE>
    <FE bgColor="1E90FF" fgColor="FFFFFF" coreType="Peripheral" cBy="AlK" cDate="10/15/2008 04:50:44 PDT Wed" abbrev="" name="Containing_event" ID="13087">
        <definition>&lt;def-root&gt;Containing event is an event that is occuring at a time during which the Theme ceases motion.&lt;/def-root&gt;</definition>
    </FE>
    <frameRelation type="Inherits from">
        <relatedFrame ID="166">Activity_stop</relatedFrame>
    </frameRelation>
    <frameRelation type="Is Inherited by"/>
    <frameRelation type="Perspective on"/>
    <frameRelation type="Is Perspectivized in"/>
    <frameRelation type="Uses"/>
    <frameRelation type="Is Used by"/>
    <frameRelation type="Subframe of">
        <relatedFrame ID="7">Motion</relatedFrame>
    </frameRelation>
    <frameRelation type="Has Subframe(s)"/>
    <frameRelation type="Precedes"/>
    <frameRelation type="Is Preceded by"/>
    <frameRelation type="Is Inchoative of"/>
    <frameRelation type="Is Causative of"/>
    <frameRelation type="See also"/>
    <lexUnit status="Finished_Initial" POS="V" name="stop.v" ID="10264" lemmaID="38186" cBy="JKR" cDate="03/08/2004 04:26:11 PST Mon">
        <definition>FN: cease moving</definition>
        <sentenceCount annotated="34" total="314"/>
        <lexeme order="1" headword="false" breakBefore="false" POS="V" name="stop"/>
    </lexUnit>
    <lexUnit status="Finished_Initial" POS="V" name="halt.v" ID="10265" lemmaID="17309" cBy="JKR" cDate="03/08/2004 04:28:17 PST Mon">
        <definition>FN: cease moving</definition>
        <sentenceCount annotated="20" total="335"/>
        <lexeme order="1" headword="false" breakBefore="false" POS="V" name="halt"/>
    </lexUnit>
    <lexUnit status="Created" POS="PREP" name="to a halt.prep" ID="10266" lemmaID="48876" cBy="JKR" cDate="03/08/2004 04:30:44 PST Mon">
        <definition>FN: ending up in a resting state</definition>
        <sentenceCount annotated="0" total="0"/>
        <lexeme order="1" headword="true" breakBefore="false" POS="PREP" name="to"/>
        <lexeme order="2" headword="false" breakBefore="false" POS="ART" name="a"/>
        <lexeme order="3" headword="false" breakBefore="true" POS="N" name="halt"/>
    </lexUnit>
    <lexUnit status="Created" POS="PREP" name="to a stop.prep" ID="10267" lemmaID="48877" cBy="JKR" cDate="03/08/2004 04:34:11 PST Mon">
        <definition>FN: ending up stationary</definition>
        <sentenceCount annotated="0" total="0"/>
        <lexeme order="1" headword="true" breakBefore="false" POS="PREP" name="to"/>
        <lexeme order="2" headword="false" breakBefore="false" POS="ART" name="a"/>
        <lexeme order="3" headword="false" breakBefore="false" POS="N" name="stop"/>
    </lexUnit>
</frame>