<?xml version="1.0" encoding="UTF-8" standalone="yes"?>
<?xml-stylesheet type="text/xsl" href="frame.xsl"?>
<frame cBy="MJE" cDate="04/11/2007 06:29:06 PDT Wed" name="Have_associated" ID="1933" xsi:schemaLocation="../schema/frame.xsd" xmlns="http://framenet.icsi.berkeley.edu" xmlns:xsi="http://www.w3.org/2001/XMLSchema-instance">
    <definition>&lt;def-root&gt;A &lt;fen&gt;Topical_entity&lt;/fen&gt; has properties which are affected by the existence and association of an &lt;fen&gt;Entity&lt;/fen&gt;.

&lt;ex&gt;&lt;fex name="Time"&gt;By the 1920s&lt;/fex&gt; &lt;fex name="Topical_entity"&gt;a characteristic book&lt;/fex&gt; &lt;t&gt;had&lt;/t&gt; &lt;fex name="Entity"&gt;black and white photographic illustrations only&lt;/fex&gt; .&lt;/ex&gt;

&lt;ex&gt;&lt;fex name="Topical_entity"&gt;Their schools&lt;/fex&gt; &lt;t&gt;had&lt;/t&gt; &lt;fex name="Ent"&gt;an improved and more balanced curriculum&lt;/fex&gt; .&lt;/ex&gt;

&lt;ex&gt;&lt;fex name="Circumstances"&gt;With dual citizenship&lt;/fex&gt; , &lt;fex name="Topical_entity"&gt;Stephen&lt;/fex&gt; &lt;fex name="Time"&gt;now&lt;/fex&gt; &lt;t&gt;had&lt;/t&gt; &lt;fex name="Entity"&gt;two presidents he hated&lt;/fex&gt; .&lt;/ex&gt;&lt;/def-root&gt;</definition>
    <FE bgColor="0000FF" fgColor="FFFFFF" coreType="Core" cBy="MJE" cDate="04/11/2007 06:29:06 PDT Wed" abbrev="Ent" name="Entity" ID="11660">
        <definition>&lt;def-root&gt;Some entity, abstract or concrete, which is stated to exist and be associated with the &lt;fen&gt;Topical_entity&lt;/fen&gt;.&lt;/def-root&gt;</definition>
    </FE>
    <FE bgColor="FFA500" fgColor="FFFFFF" coreType="Peripheral" cBy="MJE" cDate="04/11/2007 06:29:07 PDT Wed" abbrev="Time" name="Time" ID="11661">
        <definition>&lt;def-root&gt;The time at which the &lt;fen&gt;Entity&lt;/fen&gt; exists and is associated with the &lt;fen&gt;Topical_entity&lt;/fen&gt;&lt;/def-root&gt;</definition>
        <semType name="Time" ID="141"/>
    </FE>
    <FE bgColor="008000" fgColor="FFFFFF" coreType="Extra-Thematic" cBy="MJE" cDate="04/11/2007 06:29:07 PDT Wed" abbrev="Dur" name="Duration" ID="11662">
        <definition>&lt;def-root&gt;The period during which the &lt;fen&gt;Entity&lt;/fen&gt; exists in association with the &lt;fen&gt;Topical_entity&lt;/fen&gt;.&lt;/def-root&gt;</definition>
        <semType name="Duration" ID="142"/>
    </FE>
    <FE bgColor="A9A9A9" fgColor="FFFFFF" coreType="Extra-Thematic" cBy="MJE" cDate="04/11/2007 06:29:08 PDT Wed" abbrev="Exp" name="Explanation" ID="11665">
        <definition>&lt;def-root&gt;A situation, force, or entity which brings about the existence of the &lt;fen&gt;Entity&lt;/fen&gt; or its association with the &lt;fen&gt;Topical_entity&lt;/fen&gt;.&lt;/def-root&gt;</definition>
    </FE>
    <FE bgColor="2E8B57" fgColor="FFFFFF" coreType="Peripheral" cBy="MJE" cDate="04/11/2007 06:29:08 PDT Wed" abbrev="Place" name="Place" ID="11666">
        <definition>&lt;def-root&gt;The place where the &lt;fen&gt;Entity&lt;/fen&gt; is associated with the &lt;fen&gt;Topical_entity&lt;/fen&gt;.&lt;/def-root&gt;</definition>
        <semType name="Locative_relation" ID="182"/>
    </FE>
    <FE bgColor="00008B" fgColor="FFFFFF" coreType="Extra-Thematic" cBy="MJE" cDate="04/11/2007 06:29:10 PDT Wed" abbrev="Circumstances" name="Circumstances" ID="11667">
        <definition>&lt;def-root&gt;&lt;fen&gt;Circumstances&lt;/fen&gt; marks expressions that indicate a set of conditions under which the &lt;fen&gt;Entity&lt;/fen&gt; is declared to exist in association with the &lt;fen&gt;Topical_entity&lt;/fen&gt;.&lt;/def-root&gt;</definition>
    </FE>
    <FE bgColor="9F79EE" fgColor="FFFFFF" coreType="Extra-Thematic" cBy="MJE" cDate="04/11/2007 06:29:11 PDT Wed" abbrev="Vie" name="Viewpoint" ID="11668">
        <definition>&lt;def-root&gt;The perspective of an individual who judges whether they consider the &lt;fen&gt;Entity&lt;/fen&gt; to be associated with the &lt;fen&gt;Topical_entity&lt;/fen&gt;.

&lt;ex&gt;&lt;fex name="Viewpoint"&gt;In the United States' eyes&lt;/fex&gt;, the country doesn't &lt;t&gt;have&lt;/t&gt; any real infrastructure.&lt;/ex&gt;&lt;/def-root&gt;</definition>
    </FE>
    <FE bgColor="1E90FF" fgColor="FFFFFF" coreType="Extra-Thematic" cBy="MJE" cDate="04/11/2007 06:29:11 PDT Wed" abbrev="" name="Concessive" ID="11669">
        <definition>&lt;def-root&gt;This FE signifies that the state of affairs expressed by the main clause (containing the target) occurs or holds, and something other than that state of affairs would be expected given the state of affairs in the concessive clause. &lt;/def-root&gt;</definition>
    </FE>
    <FE bgColor="EEE8AA" fgColor="000000" coreType="Extra-Thematic" cBy="MJE" cDate="04/11/2007 06:29:12 PDT Wed" abbrev="" name="Depictive" ID="11670">
        <definition>&lt;def-root&gt;This FE describes a participant of the state of affairs introduced by the target as being in some state during the action. &lt;/def-root&gt;</definition>
    </FE>
    <FE bgColor="FF0000" fgColor="FFFFFF" coreType="Core" cBy="MJE" cDate="04/11/2007 06:30:30 PDT Wed" abbrev="" name="Topical_entity" ID="11671">
        <definition>&lt;def-root&gt;The entity under discussion, whose states and properties are impacted by its association with the &lt;fen&gt;Entity&lt;/fen&gt;.&lt;/def-root&gt;</definition>
    </FE>
    <FE bgColor="9400D3" fgColor="FFFFFF" coreType="Extra-Thematic" cBy="KmG" cDate="04/13/2007 06:49:20 PDT Fri" abbrev="per" name="Period_of_iterations" ID="11691">
        <definition>&lt;def-root&gt;The length of time from when the event denoted by the target began to be repeated to when it stopped.&lt;/def-root&gt;</definition>
    </FE>
    <frameRelation type="Inherits from"/>
    <frameRelation type="Is Inherited by"/>
    <frameRelation type="Perspective on"/>
    <frameRelation type="Is Perspectivized in"/>
    <frameRelation type="Uses">
        <relatedFrame ID="660">Existence</relatedFrame>
    </frameRelation>
    <frameRelation type="Is Used by"/>
    <frameRelation type="Subframe of"/>
    <frameRelation type="Has Subframe(s)"/>
    <frameRelation type="Precedes"/>
    <frameRelation type="Is Preceded by"/>
    <frameRelation type="Is Inchoative of"/>
    <frameRelation type="Is Causative of"/>
    <frameRelation type="See also"/>
    <lexUnit status="Finished_Initial" POS="V" name="have.v" ID="14422" lemmaID="17576" cBy="MJE" cDate="04/11/2007 06:49:54 PDT Wed">
        <definition>FN: used to indicate a relationship</definition>
        <sentenceCount annotated="45" total="248"/>
        <lexeme order="1" headword="false" breakBefore="false" POS="V" name="have"/>
    </lexUnit>
    <lexUnit status="Created" POS="V" name="have got.v" ID="14423" lemmaID="49651" cBy="MJE" cDate="04/11/2007 06:50:32 PDT Wed">
        <definition>FN: used to indicate a relationship; variant of 'have'</definition>
        <sentenceCount annotated="2" total="2"/>
        <lexeme order="1" headword="false" breakBefore="false" POS="V" name="have"/>
        <lexeme order="2" headword="true" breakBefore="false" POS="V" name="got"/>
    </lexUnit>
    <lexUnit status="Created" POS="PREP" name="with.prep" ID="17660" lemmaID="44319" cBy="MJE" cDate="07/28/2014 07:22:22 PDT Mon">
        <definition>FN: associated with (a property, situation, or another entity).</definition>
        <sentenceCount annotated="0" total="0"/>
        <lexeme order="1" headword="false" breakBefore="false" POS="PREP" name="with"/>
    </lexUnit>
</frame>