<?xml version="1.0" encoding="UTF-8" standalone="yes"?>
<?xml-stylesheet type="text/xsl" href="frame.xsl"?>
<frame cBy="MJE" cDate="02/09/2007 05:14:57 PST Fri" name="Having_or_lacking_access" ID="1870" xsi:schemaLocation="../schema/frame.xsd" xmlns="http://framenet.icsi.berkeley.edu" xmlns:xsi="http://www.w3.org/2001/XMLSchema-instance">
    <definition>&lt;def-root&gt;A &lt;fen&gt;Theme&lt;/fen&gt; has access to a &lt;fen&gt;Useful_location&lt;/fen&gt; or is blocked from it by a &lt;fen&gt;Barrier&lt;/fen&gt;.
&lt;ex&gt;&lt;/ex&gt;
&lt;ex&gt;Making &lt;fex name="loc"&gt;services&lt;/fex&gt; &lt;t&gt;accessible&lt;/t&gt; &lt;fex name="Ent"&gt;to those with special needs&lt;/fex&gt; is expensive.&lt;/ex&gt;
&lt;ex&gt;&lt;fex name="Theme"&gt;I&lt;/fex&gt; don't have &lt;t&gt;access&lt;/t&gt; &lt;fex name="loc"&gt;to the safe&lt;/fex&gt;.&lt;/ex&gt;
&lt;ex&gt;&lt;fex name="Barrier"&gt;The regime&lt;/fex&gt; has now restricted &lt;t&gt;access&lt;/t&gt; &lt;fex name="loc"&gt;to the internet&lt;/fex&gt;. &lt;/ex&gt;&lt;/def-root&gt;</definition>
    <FE bgColor="FF0000" fgColor="FFFFFF" coreType="Core" cBy="MJE" cDate="02/09/2007 05:14:57 PST Fri" abbrev="Ent" name="Theme" ID="11012">
        <definition>&lt;def-root&gt;The &lt;fen&gt;Theme&lt;/fen&gt; whose motion is blocked or free.

&lt;/def-root&gt;</definition>
    </FE>
    <FE bgColor="FF00FF" fgColor="FFFFFF" coreType="Peripheral" cBy="MJE" cDate="02/09/2007 05:14:57 PST Fri" abbrev="Deg" name="Degree" ID="11014">
        <definition>&lt;def-root&gt;The extent to which the &lt;fen&gt;Theme&lt;/fen&gt; exceeds or falls short of the ability to move to the &lt;fen&gt;Useful_location&lt;/fen&gt;

&lt;ex&gt;He has &lt;fex name="Degree"&gt;full&lt;/fex&gt; &lt;t&gt;access&lt;/t&gt; to the facilities.&lt;/ex&gt;&lt;/def-root&gt;</definition>
        <semType name="Degree" ID="172"/>
    </FE>
    <FE bgColor="0000FF" fgColor="FFFFFF" coreType="Extra-Thematic" cBy="MJE" cDate="02/09/2007 05:14:57 PST Fri" abbrev="Cond" name="Circumstances" ID="11015">
        <definition>&lt;def-root&gt;The &lt;fen&gt;Circumstances&lt;/fen&gt; under which the &lt;fen&gt;Theme&lt;/fen&gt; meets or fails to meet the pre-conditions for getting to the &lt;fen&gt;Useful_location&lt;/fen&gt;.

&lt;/def-root&gt;</definition>
    </FE>
    <FE bgColor="800080" fgColor="FFFFFF" coreType="Extra-Thematic" cBy="MJE" cDate="02/09/2007 05:14:57 PST Fri" abbrev="Exp" name="Explanation" ID="11016">
        <definition>&lt;def-root&gt;An entity, event, or state that causes the &lt;fen&gt;Theme&lt;/fen&gt; to be meet or fail to meet the pre-conditions for entering the &lt;fen&gt;Useful_location&lt;/fen&gt;.

&lt;/def-root&gt;</definition>
    </FE>
    <FE bgColor="008000" fgColor="FFFFFF" coreType="Core" cBy="MJE" cDate="02/09/2007 05:34:06 PST Fri" abbrev="loc" name="Useful_location" ID="11020">
        <definition>&lt;def-root&gt;The place or thing that the &lt;fen&gt;Theme&lt;/fen&gt; is headed towards, despite a potential or actual &lt;fen&gt;Barrier&lt;/fen&gt;.&lt;/def-root&gt;</definition>
    </FE>
    <FE bgColor="1E90FF" fgColor="FFFFFF" coreType="Core" cBy="MJE" cDate="02/09/2007 05:39:53 PST Fri" abbrev="" name="Barrier" ID="11021">
        <definition>&lt;def-root&gt;An entity that (at least potentially) prevents the &lt;fen&gt;Theme&lt;/fen&gt; from getting to the &lt;fen&gt;Useful_location&lt;/fen&gt;.
&lt;/def-root&gt;</definition>
    </FE>
    <frameRelation type="Inherits from">
        <relatedFrame ID="990">Capability</relatedFrame>
    </frameRelation>
    <frameRelation type="Is Inherited by"/>
    <frameRelation type="Perspective on">
        <relatedFrame ID="1871">Access_scenario</relatedFrame>
    </frameRelation>
    <frameRelation type="Is Perspectivized in"/>
    <frameRelation type="Uses">
        <relatedFrame ID="54">Arriving</relatedFrame>
    </frameRelation>
    <frameRelation type="Is Used by"/>
    <frameRelation type="Subframe of"/>
    <frameRelation type="Has Subframe(s)"/>
    <frameRelation type="Precedes"/>
    <frameRelation type="Is Preceded by"/>
    <frameRelation type="Is Inchoative of"/>
    <frameRelation type="Is Causative of"/>
    <frameRelation type="See also"/>
    <lexUnit status="Needs_SCs" POS="N" name="access.n" ID="13720" lemmaID="263" cBy="MJE" cDate="02/09/2007 05:42:05 PST Fri">
        <definition>COD: the right or opportunity to use something or see someone.</definition>
        <sentenceCount annotated="26" total="94"/>
        <lexeme order="1" headword="false" breakBefore="false" POS="N" name="access"/>
    </lexUnit>
    <lexUnit status="Created" POS="A" name="blocked.a" ID="13721" lemmaID="50500" cBy="MJE" cDate="02/09/2007 05:53:55 PST Fri">
        <definition>FN: unable to enter or access.</definition>
        <sentenceCount annotated="0" total="0"/>
        <lexeme order="1" headword="true" breakBefore="false" POS="A" name="blocked"/>
    </lexUnit>
    <lexUnit status="Finished_Initial" POS="A" name="accessible.a" ID="13760" lemmaID="265" cBy="KmG" cDate="02/22/2007 02:53:02 PST Thu">
        <definition>COD: able to be accessed.</definition>
        <sentenceCount annotated="22" total="190"/>
        <lexeme order="1" headword="false" breakBefore="false" POS="A" name="accessible"/>
    </lexUnit>
    <lexUnit status="Created" POS="A" name="inaccessible.a" ID="17376" lemmaID="19302" cBy="CVa" cDate="04/18/2013 04:14:26 PDT Thu">
        <definition>FN: unable to be approached or entered</definition>
        <sentenceCount annotated="0" total="0"/>
        <lexeme order="1" headword="false" breakBefore="false" POS="A" name="inaccessible"/>
    </lexUnit>
    <lexUnit status="Created" POS="V" name="access.v" ID="17377" lemmaID="51644" cBy="CVa" cDate="04/18/2013 04:17:02 PDT Thu">
        <definition>FN: to enter or approach a desired location</definition>
        <sentenceCount annotated="0" total="0"/>
        <lexeme order="1" headword="true" breakBefore="false" POS="V" name="access"/>
    </lexUnit>
</frame>