<?xml version="1.0" encoding="UTF-8" standalone="yes"?>
<?xml-stylesheet type="text/xsl" href="frame.xsl"?>
<frame cBy="ChW" cDate="02/07/2001 04:12:01 PST Wed" name="Hearsay" ID="37" xsi:schemaLocation="../schema/frame.xsd" xmlns="http://framenet.icsi.berkeley.edu" xmlns:xsi="http://www.w3.org/2001/XMLSchema-instance">
    <definition>&lt;def-root&gt;The &lt;fen&gt;Hearer&lt;/fen&gt; receives a &lt;fen&gt;Message&lt;/fen&gt; or communication on a particular &lt;fen&gt;Topic&lt;/fen&gt;. Words in this frame denote events of verbal communication, but express the &lt;fen&gt;Hearer&lt;/fen&gt; rather than the &lt;fen&gt;Speaker&lt;/fen&gt; as an External Argument. 

&lt;ex&gt;&lt;fex name="Hearer"&gt;Teenage fans&lt;/fex&gt; first &lt;t&gt;heard&lt;/t&gt; &lt;fex name="Topic"&gt;about the tragedy&lt;/fex&gt; &lt;fex name="Medium"&gt;on a popular radio show&lt;/fex&gt;.&lt;/ex&gt;  
&lt;ex&gt;&lt;fex name="Hearer"&gt;Teenage fans&lt;/fex&gt; first &lt;t&gt;heard&lt;/t&gt; &lt;fex name="Message"&gt;the tragic news&lt;/fex&gt; &lt;fex name="Medium"&gt;on a popular radio show&lt;/fex&gt;&lt;/ex&gt;&lt;/def-root&gt;</definition>
    <FE bgColor="FF0000" fgColor="FFFFFF" coreType="Peripheral" cBy="ChW" cDate="02/07/2001 04:12:01 PST Wed" abbrev="Spkr" name="Speaker" ID="152">
        <definition>&lt;def-root&gt;This is the person who produces a Message. Typically, it is expressed in this frame as a PP-complement headed by &lt;ment&gt;from&lt;/ment&gt;: 

&lt;ex&gt;The students &lt;t&gt;heard&lt;/t&gt; &lt;fex name="Speaker"&gt;from Pat&lt;/fex&gt; that class was canceled.&lt;/ex&gt;&lt;/def-root&gt;</definition>
        <semType name="Sentient" ID="5"/>
    </FE>
    <FE bgColor="006400" fgColor="FFFFFF" coreType="Core" cBy="ChW" cDate="02/07/2001 04:12:01 PST Wed" abbrev="Add" name="Hearer" ID="153">
        <definition>&lt;def-root&gt;This FE is the person who receives a Message. It is expressed as an Exteranal Argument in this frame: &lt;ex&gt;&lt;fex name="Hearer"&gt;The students&lt;/fex&gt; &lt;t&gt;heard&lt;/t&gt; from Pat that class was canceled.&lt;/ex&gt;&lt;/def-root&gt;</definition>
        <semType name="Sentient" ID="5"/>
    </FE>
    <FE bgColor="0000FF" fgColor="FFFFFF" coreType="Core" cBy="ChW" cDate="02/07/2001 04:12:01 PST Wed" abbrev="Msg" name="Message" ID="154">
        <definition>&lt;def-root&gt;The Message is the content that is communicated from one person to another. It is normally expressed as an NP Object or a finite clause Complement: &lt;ex&gt;The students &lt;t&gt;heard&lt;/t&gt; &lt;fex name="Message"&gt;the news&lt;/fex&gt;.&lt;/ex&gt;&lt;ex&gt;The students &lt;t&gt;heard&lt;/t&gt; from Pat &lt;fex name="Message"&gt;that class was canceled&lt;/fex&gt;.&lt;/ex&gt; &lt;/def-root&gt;</definition>
        <semType name="Message" ID="56"/>
    </FE>
    <FE bgColor="FFA500" fgColor="000000" coreType="Core" cBy="ChW" cDate="02/07/2001 04:12:01 PST Wed" abbrev="Top" name="Topic" ID="155">
        <definition>&lt;def-root&gt;Topic is the subject matter about which the Message is communicated. It is normally expressed as a PP-complement headed by &lt;ment&gt;about&lt;/ment&gt;, with or without a quantificational noun: &lt;ex&gt;The students &lt;t&gt;heard&lt;/t&gt; &lt;fex name="Topic"&gt;about class&lt;/fex&gt;.&lt;/ex&gt;&lt;ex&gt;The students &lt;t&gt;heard&lt;/t&gt; something &lt;fex name="Topic"&gt;about today's class&lt;/fex&gt;.&lt;/ex&gt; The quantificational noun, if present, is treated as the Message. &lt;/def-root&gt;</definition>
    </FE>
    <FE bgColor="FFFF00" fgColor="006400" coreType="Peripheral" cBy="ChW" cDate="02/07/2001 04:12:02 PST Wed" abbrev="Medium" name="Medium" ID="156">
        <definition>&lt;def-root&gt;Medium is the physical entity or channel used to transmit the Message.  It is normally expressed as a PP-complement headed by &lt;ment&gt;on&lt;/ment&gt; or &lt;ment&gt;in&lt;/ment&gt;: &lt;ex&gt;The students &lt;t&gt;heard&lt;/t&gt; the news &lt;fex name="Medium"&gt;on the radio&lt;/fex&gt;.&lt;/ex&gt;&lt;ex&gt;The students &lt;t&gt;read&lt;/t&gt; the news &lt;fex name="Medium"&gt;in the paper&lt;/fex&gt;.&lt;/ex&gt;&lt;/def-root&gt;</definition>
    </FE>
    <FE bgColor="800080" fgColor="FFFFFF" coreType="Extra-Thematic" cBy="KmG" cDate="08/07/2007 01:04:41 PDT Tue" abbrev="" name="Period_of_iterations" ID="11954">
        <definition>&lt;def-root&gt;The length of time from when the event denoted by the target began to be repeated to when it stopped.&lt;/def-root&gt;</definition>
    </FE>
    <FE bgColor="A52A2A" fgColor="FFFFFF" coreType="Peripheral" cBy="AnW" cDate="04/27/2010 05:23:07 PDT Tue" abbrev="ti" name="Time" ID="13836">
        <definition>&lt;def-root&gt;The &lt;fen&gt;Time&lt;/fen&gt; the &lt;fen&gt;Hearer&lt;/fen&gt; receives the &lt;fen&gt;Message&lt;/fen&gt;.
&lt;ex&gt;I &lt;t&gt;heard&lt;/t&gt; &lt;fex name="ti"&gt;in June&lt;/fex&gt; that Pablo left, how sad!&lt;/ex&gt;&lt;/def-root&gt;</definition>
        <semType name="Time" ID="141"/>
    </FE>
    <FEcoreSet>
        <memberFE name="Message" ID="154"/>
        <memberFE name="Topic" ID="155"/>
    </FEcoreSet>
    <frameRelation type="Inherits from"/>
    <frameRelation type="Is Inherited by"/>
    <frameRelation type="Perspective on"/>
    <frameRelation type="Is Perspectivized in"/>
    <frameRelation type="Uses">
        <relatedFrame ID="6">Communication</relatedFrame>
    </frameRelation>
    <frameRelation type="Is Used by"/>
    <frameRelation type="Subframe of"/>
    <frameRelation type="Has Subframe(s)"/>
    <frameRelation type="Precedes"/>
    <frameRelation type="Is Preceded by"/>
    <frameRelation type="Is Inchoative of"/>
    <frameRelation type="Is Causative of"/>
    <frameRelation type="See also"/>
    <lexUnit status="FN1_Sent" POS="V" name="hear.v" ID="541" lemmaID="17677" cBy="ChW" cDate="02/08/2001 01:28:19 PST Thu">
        <definition>COD: be informed of; listen</definition>
        <sentenceCount annotated="64" total="584"/>
        <lexeme order="1" headword="false" breakBefore="false" POS="V" name="hear"/>
    </lexUnit>
    <lexUnit status="FN1_Sent" POS="V" name="read.v" ID="543" lemmaID="31968" cBy="ChW" cDate="02/08/2001 01:28:19 PST Thu">
        <definition>FN: be aware of something (through witten communication)</definition>
        <sentenceCount annotated="8" total="392"/>
        <lexeme order="1" headword="false" breakBefore="false" POS="V" name="read"/>
    </lexUnit>
</frame>