<?xml version="1.0" encoding="UTF-8" standalone="yes"?>
<?xml-stylesheet type="text/xsl" href="frame.xsl"?>
<frame cBy="KmG" cDate="07/16/2008 02:12:43 PDT Wed" name="History" ID="2113" xsi:schemaLocation="../schema/frame.xsd" xmlns="http://framenet.icsi.berkeley.edu" xmlns:xsi="http://www.w3.org/2001/XMLSchema-instance">
    <definition>&lt;def-root&gt;A recordable sequence of events is associated with a given &lt;fen&gt;Topic&lt;/fen&gt;. 

&lt;ex&gt;And that is where the &lt;t&gt;history&lt;/t&gt; &lt;fex name="Topic"&gt;of art&lt;/fex&gt; begins.&lt;/ex&gt;
&lt;/def-root&gt;</definition>
    <FE bgColor="00BFFF" fgColor="FFFFFF" coreType="Core" cBy="KmG" cDate="07/16/2008 02:12:43 PDT Wed" abbrev="Top" name="Topic" ID="13025">
        <definition>&lt;def-root&gt;The &lt;fen&gt;Topic&lt;/fen&gt; is the subject about which the history is given.

&lt;ex&gt;The role of the Byzantine Empire in &lt;fex name="Topic"&gt;European&lt;/fex&gt; &lt;t&gt;history&lt;/t&gt; is not understood by all.&lt;/ex&gt;

&lt;/def-root&gt;</definition>
    </FE>
    <FE bgColor="d0d0d0" fgColor="000000" coreType="Peripheral" cBy="KmG" cDate="07/16/2008 02:12:43 PDT Wed" abbrev="dom" name="Domain" ID="13026">
        <definition>&lt;def-root&gt;The &lt;fen&gt;Domain&lt;/fen&gt; is (a characterization of) the type of event that is to be included in consideration of the &lt;fen&gt;Topic&lt;/fen&gt;'s history.

&lt;ex&gt;Elizabethan Stage remain classics of &lt;fex name="Domain"&gt;literary&lt;/fex&gt; &lt;t&gt;history&lt;/t&gt;.&lt;/ex&gt;

&lt;/def-root&gt;</definition>
    </FE>
    <FE bgColor="800080" fgColor="FFFFFF" coreType="Peripheral" cBy="KmG" cDate="07/16/2008 02:12:43 PDT Wed" abbrev="end" name="End_time" ID="13027">
        <definition>&lt;def-root&gt;The end of the span of time during which the &lt;fen&gt;Topic&lt;/fen&gt; occurs.
&lt;/def-root&gt;</definition>
    </FE>
    <FE bgColor="A52A2A" fgColor="FFFFFF" coreType="Peripheral" cBy="KmG" cDate="07/16/2008 02:12:43 PDT Wed" abbrev="sta" name="Start_time" ID="13028">
        <definition>&lt;def-root&gt;The beginning of the time span over which the &lt;fen&gt;Topic&lt;/fen&gt; occurs.

&lt;/def-root&gt;</definition>
    </FE>
    <FE bgColor="008000" fgColor="FFFFFF" coreType="Peripheral" cBy="KmG" cDate="07/16/2008 02:12:43 PDT Wed" abbrev="tsp" name="Time_span" ID="13029">
        <definition>&lt;def-root&gt;The span of time over which the events related to the &lt;fen&gt;Topic&lt;/fen&gt; take place.

&lt;/def-root&gt;</definition>
    </FE>
    <FE bgColor="FFA500" fgColor="FFFFFF" coreType="Peripheral" cBy="KmG" cDate="07/16/2008 02:12:43 PDT Wed" abbrev="dur" name="Duration" ID="13030">
        <definition>&lt;def-root&gt;The &lt;fen&gt;Duration&lt;/fen&gt;, often expressed in calendric units, of the history of the &lt;fen&gt;Topic&lt;/fen&gt;.

&lt;/def-root&gt;</definition>
    </FE>
    <FE bgColor="00008B" fgColor="FFFFFF" coreType="Peripheral" cBy="KmG" cDate="07/16/2008 02:12:43 PDT Wed" abbrev="Tim" name="Time" ID="13032">
        <definition>&lt;def-root&gt;When the events concerning the &lt;fen&gt;Topic&lt;/fen&gt; occured.&lt;/def-root&gt;</definition>
    </FE>
    <frameRelation type="Inherits from">
        <relatedFrame ID="1906">Individual_history</relatedFrame>
    </frameRelation>
    <frameRelation type="Is Inherited by"/>
    <frameRelation type="Perspective on">
        <relatedFrame ID="2102">Socially_significant_history_scenario</relatedFrame>
    </frameRelation>
    <frameRelation type="Is Perspectivized in"/>
    <frameRelation type="Uses"/>
    <frameRelation type="Is Used by"/>
    <frameRelation type="Subframe of"/>
    <frameRelation type="Has Subframe(s)"/>
    <frameRelation type="Precedes"/>
    <frameRelation type="Is Preceded by"/>
    <frameRelation type="Is Inchoative of"/>
    <frameRelation type="Is Causative of"/>
    <frameRelation type="See also"/>
    <lexUnit status="Rules_Defined" POS="N" name="history.n" ID="15202" lemmaID="18149" cBy="KmG" cDate="07/17/2008 05:27:09 PDT Thu">
        <definition>FN: the sum of events associated with a given topic</definition>
        <sentenceCount annotated="54" total="55"/>
        <lexeme order="1" headword="false" breakBefore="false" POS="N" name="history"/>
    </lexUnit>
</frame>