<?xml version="1.0" encoding="UTF-8" standalone="yes"?>
<?xml-stylesheet type="text/xsl" href="frame.xsl"?>
<frame cBy="JKR" cDate="02/27/2004 07:03:39 PST Fri" name="Idiosyncrasy" ID="982" xsi:schemaLocation="../schema/frame.xsd" xmlns="http://framenet.icsi.berkeley.edu" xmlns:xsi="http://www.w3.org/2001/XMLSchema-instance">
    <definition>&lt;def-root&gt;A certain &lt;fen&gt;Idiosyncrasy&lt;/fen&gt; belongs to an &lt;fen&gt;Entity&lt;/fen&gt; distinguishing it from other entities.


&lt;ex&gt;If you have 32 &lt;fex name="Deg"&gt;totally&lt;/fex&gt; &lt;t&gt;idiosyncratic&lt;/t&gt; &lt;fex name="Id"&gt;meanings for a term&lt;/fex&gt; in a class, everyone will be very confused when they talk! &lt;fex name="Entity"&gt;DNI&lt;/fex&gt;&lt;/ex&gt;

&lt;ex&gt;&lt;fex name="Idiosyncrasy"&gt;The art of change-ringing&lt;/fex&gt; &lt;m&gt;is&lt;/m&gt; &lt;t&gt;peculiar&lt;/t&gt; &lt;fex name="Entity"&gt;to the English&lt;/fex&gt;&lt;/ex&gt;&lt;/def-root&gt;</definition>
    <FE bgColor="0000FF" fgColor="FFFFFF" coreType="Core" cBy="JKR" cDate="02/27/2004 07:03:39 PST Fri" abbrev="Id" name="Idiosyncrasy" ID="5977">
        <definition>&lt;def-root&gt;An entity or characteristic  belonging to the &lt;fen&gt;Entity&lt;/fen&gt;.

&lt;ex&gt;Paul has an &lt;t&gt;idiosyncratic&lt;/t&gt; &lt;fex name="Id"&gt;tendency to go barefoot at all times&lt;/fex&gt;.&lt;/ex&gt;&lt;/def-root&gt;</definition>
    </FE>
    <FE bgColor="800080" fgColor="FFFFFF" coreType="Core" cBy="JKR" cDate="02/27/2004 07:03:39 PST Fri" abbrev="Ent2" name="Entity" ID="5978">
        <definition>&lt;def-root&gt;The &lt;fen&gt;Entity&lt;/fen&gt; that has a certain distinguishing &lt;fen&gt;Idiosyncrasy&lt;/fen&gt;.

&lt;ex&gt;This bird is &lt;t&gt;unique&lt;/t&gt; &lt;fex name="Entity"&gt;to England&lt;/fex&gt;&lt;/ex&gt;&lt;/def-root&gt;</definition>
    </FE>
    <FE bgColor="FF00FF" fgColor="FFFFFF" coreType="Peripheral" cBy="JKR" cDate="02/27/2004 07:13:23 PST Fri" abbrev="Deg" name="Degree" ID="5979">
        <definition>&lt;def-root&gt;The extent to which the &lt;fen&gt;Idiosyncrasy&lt;/fen&gt; differs from the norm.

&lt;ex&gt;Was this behavior &lt;fex name="Degree"&gt;completely&lt;/fex&gt; &lt;t&gt;idiosyncratic&lt;/t&gt;?&lt;/ex&gt;&lt;/def-root&gt;</definition>
        <semType name="Degree" ID="172"/>
    </FE>
    <frameRelation type="Inherits from">
        <relatedFrame ID="248">Relation</relatedFrame>
    </frameRelation>
    <frameRelation type="Is Inherited by"/>
    <frameRelation type="Perspective on"/>
    <frameRelation type="Is Perspectivized in"/>
    <frameRelation type="Uses"/>
    <frameRelation type="Is Used by"/>
    <frameRelation type="Subframe of"/>
    <frameRelation type="Has Subframe(s)"/>
    <frameRelation type="Precedes"/>
    <frameRelation type="Is Preceded by"/>
    <frameRelation type="Is Inchoative of"/>
    <frameRelation type="Is Causative of"/>
    <frameRelation type="See also">
        <relatedFrame ID="1134">Typicality</relatedFrame>
    </frameRelation>
    <lexUnit status="Add_Annotation" POS="A" name="idiosyncratic.a" ID="10130" lemmaID="18898" cBy="JKR" cDate="02/27/2004 07:26:34 PST Fri">
        <definition>FN: peculiar to a particular entity</definition>
        <sentenceCount annotated="1" total="167"/>
        <lexeme order="1" headword="false" breakBefore="false" POS="A" name="idiosyncratic"/>
    </lexUnit>
    <lexUnit status="Created" POS="A" name="peculiar.a" ID="10131" lemmaID="28202" cBy="JKR" cDate="02/27/2004 07:31:03 PST Fri">
        <definition>COD: belonging exclusively to</definition>
        <sentenceCount annotated="2" total="2"/>
        <lexeme order="1" headword="false" breakBefore="false" POS="A" name="peculiar"/>
    </lexUnit>
    <lexUnit status="Created" incorporatedFE="Idiosyncrasy" POS="N" name="peculiarity.n" ID="10132" lemmaID="28203" cBy="JKR" cDate="02/27/2004 07:31:49 PST Fri">
        <definition>COD: an unusual or distinctive feature or habit</definition>
        <sentenceCount annotated="1" total="1"/>
        <lexeme order="1" headword="false" breakBefore="false" POS="N" name="peculiarity"/>
    </lexUnit>
    <lexUnit status="Created" POS="A" name="unique.a" ID="10133" lemmaID="42207" cBy="JKR" cDate="02/27/2004 07:34:08 PST Fri">
        <definition>COD: belonging or connected to (one particular person, group, or place)</definition>
        <sentenceCount annotated="3" total="3"/>
        <lexeme order="1" headword="false" breakBefore="false" POS="A" name="unique"/>
    </lexUnit>
    <lexUnit status="Created" POS="N" name="idiosyncrasy.n" ID="10134" lemmaID="18897" cBy="JKR" cDate="02/27/2004 07:34:56 PST Fri">
        <definition>FN: a behavior peculiar to an entity</definition>
        <sentenceCount annotated="0" total="0"/>
        <lexeme order="1" headword="false" breakBefore="false" POS="N" name="idiosyncrasy"/>
    </lexUnit>
    <lexUnit status="Created" POS="A" name="particular.a" ID="10135" lemmaID="27912" cBy="JKR" cDate="02/27/2004 07:44:54 PST Fri">
        <definition>FN: restricted to a particular entity</definition>
        <sentenceCount annotated="5" total="5"/>
        <lexeme order="1" headword="false" breakBefore="false" POS="A" name="particular"/>
    </lexUnit>
    <lexUnit status="Created" POS="A" name="certain.a" ID="12683" lemmaID="5948" cBy="MiL" cDate="08/23/2005 12:40:11 PDT Tue">
        <definition>COD: some but not all.</definition>
        <sentenceCount annotated="9" total="9"/>
        <lexeme order="1" headword="false" breakBefore="false" POS="A" name="certain"/>
    </lexUnit>
    <lexUnit status="Created" POS="N" name="oddity.n" ID="13311" lemmaID="26526" cBy="MiL" cDate="06/21/2006 05:42:58 PDT Wed">
        <definition>COD: the quality of being strange.</definition>
        <sentenceCount annotated="0" total="0"/>
        <lexeme order="1" headword="false" breakBefore="false" POS="N" name="oddity"/>
    </lexUnit>
    <lexUnit status="Created" POS="A" name="weird.a" ID="13312" lemmaID="43722" cBy="MiL" cDate="06/21/2006 06:04:38 PDT Wed">
        <definition>COD: very strange; bizarre.</definition>
        <sentenceCount annotated="1" total="1"/>
        <lexeme order="1" headword="false" breakBefore="false" POS="A" name="weird"/>
    </lexUnit>
    <lexUnit status="Created" POS="A" name="uncanny.a" ID="13313" lemmaID="41843" cBy="MiL" cDate="06/21/2006 06:06:00 PDT Wed">
        <definition>COD: strange or mysterious.</definition>
        <sentenceCount annotated="0" total="0"/>
        <lexeme order="1" headword="false" breakBefore="false" POS="A" name="uncanny"/>
    </lexUnit>
</frame>