<?xml version="1.0" encoding="UTF-8" standalone="yes"?>
<?xml-stylesheet type="text/xsl" href="frame.xsl"?>
<frame cBy="MJE" cDate="11/07/2002 06:56:24 PST Thu" name="Import_export_scenario" ID="422" xsi:schemaLocation="../schema/frame.xsd" xmlns="http://framenet.icsi.berkeley.edu" xmlns:xsi="http://www.w3.org/2001/XMLSchema-instance">
    <definition>&lt;def-root&gt;An &lt;fen&gt;Agent&lt;/fen&gt; moves &lt;fen&gt;Goods&lt;/fen&gt; (or some other useful item) from an &lt;fen&gt;Exporting_area&lt;/fen&gt;, across a boundary or border to a different area, the &lt;fen&gt;Importing_area&lt;/fen&gt;.  The &lt;fen&gt;Path&lt;/fen&gt; along which the &lt;fen&gt;Goods&lt;/fen&gt; pass may also be indicated. Depending on the lexical unit, the &lt;fen&gt;Agent&lt;/fen&gt; 's point of view may be centered on the &lt;fen&gt;Exporting_area&lt;/fen&gt; at the beginning of the process (e.g. &lt;ment&gt;export&lt;/ment&gt;) or on the &lt;fen&gt;Importing_area&lt;/fen&gt; and the end of the process (e.g. &lt;ment&gt;import&lt;/ment&gt;) or on the &lt;fen&gt;Path&lt;/fen&gt; (e.g. &lt;ment&gt;transship&lt;/ment&gt;). In some sentences, a constituent which encodes the &lt;fen&gt;Agent&lt;/fen&gt; FE also encodes information about the &lt;fen&gt;Exporting_area&lt;/fen&gt;, &lt;fen&gt;Path&lt;/fen&gt;, or &lt;fen&gt;Importing_area&lt;/fen&gt;.

&lt;ex&gt;Cooperating was an old term used by the Customs service to describe the illegal traffic of contraband&lt;fex name="Goods"&gt;&lt;/fex&gt;sold and &lt;t&gt;transhipped&lt;/t&gt; &lt;fex name="Exporting_area"&gt;from larger vessels&lt;/fex&gt; &lt;fex name="Importing_area"&gt;into small local boats&lt;/fex&gt;.&lt;/ex&gt;
&lt;/def-root&gt;</definition>
    <semType name="Non-perspectivalized_frame" ID="52"/>
    <FE bgColor="FF0000" fgColor="FFFFFF" coreType="Core" cBy="MJE" cDate="11/08/2002 02:56:28 PST Fri" abbrev="Agt" name="Agent" ID="3880">
        <definition>&lt;def-root&gt;The conscious entity, generally a person, that moves the &lt;fen&gt;Goods&lt;/fen&gt;.  
&lt;/def-root&gt;</definition>
        <semType name="Sentient" ID="5"/>
    </FE>
    <FE bgColor="808080" fgColor="FFFFFF" coreType="Peripheral" cBy="MJE" cDate="11/08/2002 02:56:28 PST Fri" abbrev="Veh" name="Vehicle" ID="3881">
        <definition>&lt;def-root&gt;An mobile entity directed by the &lt;fen&gt;Agent&lt;/fen&gt; that holds the &lt;fen&gt;Goods&lt;/fen&gt; and moves them along from the &lt;fen&gt;Exporting_area&lt;/fen&gt; to the &lt;fen&gt;Importing_area&lt;/fen&gt;. &lt;/def-root&gt;</definition>
    </FE>
    <FE bgColor="FF69B4" fgColor="FFFFFF" coreType="Peripheral" cBy="MJE" cDate="11/08/2002 02:56:28 PST Fri" abbrev="Mnr" name="Manner" ID="3882">
        <definition>&lt;def-root&gt;Any description of the event which is not covered by more specific FEs, including epistemic modification (probably, presumably, mysteriously), force (hard, softly), secondary effects (quietly, loudly), and general descriptions comparing events (the same way). It may also indicate salient characteristics of an &lt;fen&gt;Agent&lt;/fen&gt; that also affect the action (presumptuously, coldly, deliberately, eagerly, carefully). &lt;/def-root&gt;</definition>
        <semType name="Manner" ID="173"/>
    </FE>
    <FE bgColor="A52A2A" fgColor="FFFFFF" coreType="Peripheral" cBy="MJE" cDate="11/08/2002 02:56:28 PST Fri" abbrev="Mns" name="Means" ID="3883">
        <definition>&lt;def-root&gt;An intentional action performed by the &lt;fen&gt;Agent&lt;/fen&gt; that accomplishes the action indicated by the target. &lt;/def-root&gt;</definition>
        <semType name="State_of_affairs" ID="177"/>
    </FE>
    <FE bgColor="0000FF" fgColor="FFFFFF" coreType="Core" cBy="MJE" cDate="11/08/2002 02:56:28 PST Fri" abbrev="Goods" name="Goods" ID="3884">
        <definition>&lt;def-root&gt;The items of value whose location is changing.&lt;/def-root&gt;</definition>
    </FE>
    <FE bgColor="800080" fgColor="FFFFFF" coreType="Extra-Thematic" cBy="MJE" cDate="11/08/2002 02:56:28 PST Fri" abbrev="Purp" name="Purpose" ID="3886">
        <definition>&lt;def-root&gt;This FE identifies the purpose for which the &lt;fen&gt;Agent&lt;/fen&gt; moves the &lt;fen&gt;Goods&lt;/fen&gt;.&lt;/def-root&gt;</definition>
        <semType name="State_of_affairs" ID="177"/>
    </FE>
    <FE bgColor="9F79EE" fgColor="FFFFFF" coreType="Extra-Thematic" cBy="MJE" cDate="11/08/2002 02:56:28 PST Fri" abbrev="Exp" name="Explanation" ID="3887">
        <definition>&lt;def-root&gt;A state of affairs that the &lt;fen&gt;Agent&lt;/fen&gt; is responding to in performing the action.
&lt;/def-root&gt;</definition>
        <semType name="State_of_affairs" ID="177"/>
    </FE>
    <FE bgColor="FFA500" fgColor="FFFFFF" coreType="Peripheral" cBy="MJE" cDate="11/08/2002 02:56:28 PST Fri" abbrev="Time" name="Time" ID="3888">
        <definition>&lt;def-root&gt;This FE identifies the time when the &lt;fen&gt;Agent&lt;/fen&gt; moves the &lt;fen&gt;Goods&lt;/fen&gt;.&lt;/def-root&gt;</definition>
        <semType name="Time" ID="141"/>
    </FE>
    <FE bgColor="9400D3" fgColor="FFFFFF" coreType="Extra-Thematic" cBy="MJE" cDate="11/08/2002 02:57:25 PST Fri" abbrev="Dep" name="Depictive" ID="3889">
        <definition>&lt;def-root&gt;This FE identifies the state of a participant during the action
&lt;/def-root&gt;</definition>
    </FE>
    <FE bgColor="00BFFF" fgColor="FFFFFF" coreType="Core" cBy="MJE" cDate="11/08/2002 02:57:34 PST Fri" abbrev="Goal" name="Importing_area" ID="3890">
        <definition>&lt;def-root&gt;The FE &lt;fen&gt;Importing_area&lt;/fen&gt; is the place that the &lt;fen&gt;Goods&lt;/fen&gt; end up as a result of motion.

&lt;/def-root&gt;</definition>
    </FE>
    <FE bgColor="2E8B57" fgColor="FFFFFF" coreType="Peripheral" cBy="MJE" cDate="11/08/2002 02:57:36 PST Fri" abbrev="Path" name="Path" ID="3891">
        <definition>&lt;def-root&gt;&lt;fen&gt;Path&lt;/fen&gt; identifies the location of the &lt;fen&gt;Goods&lt;/fen&gt; during transit, i.e. after leaving the &lt;fen&gt;Exporting_area&lt;/fen&gt; and before reaching the &lt;fen&gt;Importing_area&lt;/fen&gt;.&lt;/def-root&gt;</definition>
    </FE>
    <FE bgColor="006400" fgColor="FFFFFF" coreType="Core" cBy="MJE" cDate="11/08/2002 02:57:37 PST Fri" abbrev="Src" name="Exporting_area" ID="3892">
        <definition>&lt;def-root&gt;The place where the &lt;fen&gt;Goods&lt;/fen&gt; are initially, before the action.

&lt;/def-root&gt;</definition>
    </FE>
    <FE bgColor="FFFF00" fgColor="000000" coreType="Extra-Thematic" cBy="KmG" cDate="02/20/2007 12:05:26 PST Tue" abbrev="" name="Descriptor" ID="11060">
        <definition>&lt;def-root&gt;This Frame Element is used for a characteristic or description of the &lt;fen&gt;Goods&lt;/fen&gt;. Note that &lt;fen&gt;Descriptor&lt;/fen&gt; is not an FE of the same character as other FEs.  Specifically, rather than filling a slot, it identifies a modifier of its head noun. &lt;/def-root&gt;</definition>
    </FE>
    <frameRelation type="Inherits from"/>
    <frameRelation type="Is Inherited by"/>
    <frameRelation type="Perspective on"/>
    <frameRelation type="Is Perspectivized in">
        <relatedFrame ID="1568">Exporting</relatedFrame>
        <relatedFrame ID="1567">Importing</relatedFrame>
    </frameRelation>
    <frameRelation type="Uses">
        <relatedFrame ID="230">Intentionally_affect</relatedFrame>
    </frameRelation>
    <frameRelation type="Is Used by"/>
    <frameRelation type="Subframe of"/>
    <frameRelation type="Has Subframe(s)"/>
    <frameRelation type="Precedes"/>
    <frameRelation type="Is Preceded by"/>
    <frameRelation type="Is Inchoative of"/>
    <frameRelation type="Is Causative of"/>
    <frameRelation type="See also"/>
    <lexUnit status="Needs_SCs" POS="V" name="transship.v" ID="7698" lemmaID="46192" cBy="MJE" cDate="11/08/2002 04:53:20 PST Fri">
        <definition>COD: transfer (cargo) from one ship or other form of transport to another.</definition>
        <sentenceCount annotated="3" total="6"/>
        <lexeme order="1" headword="false" breakBefore="false" POS="V" name="transship"/>
    </lexUnit>
    <lexUnit status="Created" POS="N" name="exporter.n" ID="7703" lemmaID="13589" cBy="MJE" cDate="11/08/2002 05:12:21 PST Fri">
        <definition>FN: a person or (metonymically) a place that moves goods to another region.</definition>
        <sentenceCount annotated="0" total="0"/>
        <lexeme order="1" headword="false" breakBefore="false" POS="N" name="exporter"/>
    </lexUnit>
    <lexUnit status="Created" POS="N" name="importer.n" ID="7704" lemmaID="19211" cBy="MJE" cDate="11/08/2002 05:14:06 PST Fri">
        <definition>FN: a person or (metonymically) a place that moves goods into a region.</definition>
        <sentenceCount annotated="0" total="0"/>
        <lexeme order="1" headword="false" breakBefore="false" POS="N" name="importer"/>
    </lexUnit>
    <lexUnit status="Insufficient_Attestations" POS="N" name="trans-shipping.n" ID="7712" lemmaID="46194" cBy="MJE" cDate="11/08/2002 05:23:56 PST Fri">
        <definition>FN: the act of transferring cargo to move it towards its ultimate destination.</definition>
        <sentenceCount annotated="0" total="2"/>
        <lexeme order="1" headword="false" breakBefore="false" POS="N" name="trans-shipping"/>
    </lexUnit>
</frame>