<?xml version="1.0" encoding="UTF-8" standalone="yes"?>
<?xml-stylesheet type="text/xsl" href="frame.xsl"?>
<frame cBy="JKR" cDate="06/13/2005 05:32:59 PDT Mon" name="Imposing_obligation" ID="1494" xsi:schemaLocation="../schema/frame.xsd" xmlns="http://framenet.icsi.berkeley.edu" xmlns:xsi="http://www.w3.org/2001/XMLSchema-instance">
    <definition>&lt;def-root&gt;A &lt;fen&gt;Duty&lt;/fen&gt; is imposed on a &lt;fen&gt;Responsible_party&lt;/fen&gt; according to a &lt;fen&gt;Principle&lt;/fen&gt; which regulates how the &lt;fen&gt;Responsible_party&lt;/fen&gt; should respond to a &lt;fen&gt;Situation&lt;/fen&gt;.  The &lt;fen&gt;Situation&lt;/fen&gt; may be expressed metonymically by reference to an &lt;fen&gt;Obligator&lt;/fen&gt;, whose action invokes the &lt;fen&gt;Principle&lt;/fen&gt;.  It is only rarely the case that the &lt;fen&gt;Principle&lt;/fen&gt; and the &lt;fen&gt;Situation&lt;/fen&gt;/&lt;fen&gt;Obligator&lt;/fen&gt; are both expressed overtly.

&lt;ex&gt;They escaped total Soviet invasion and occupation only by entering into &lt;fex name="Principle"&gt;a separate agreement&lt;/fex&gt; &lt;fex name="Principle"&gt;that&lt;/fex&gt; &lt;t&gt;obligated&lt;/t&gt; &lt;fex name="Responsible_party"&gt;them&lt;/fex&gt; &lt;fex name="Duty"&gt;to military action against the retreating German armies&lt;/fex&gt;.&lt;/ex&gt;

&lt;ex&gt;&lt;fex name="pri"&gt;The lease agreements&lt;/fex&gt; &lt;t&gt;bound&lt;/t&gt; &lt;fex name="Responsible_party"&gt;them&lt;/fex&gt; &lt;fex name="Duty"&gt;to make rent payments to Homeowners Rescue&lt;/fex&gt;.&lt;/ex&gt;

&lt;ex&gt;It was also discovered that with out her knowledge, &lt;fex name="Obligator"&gt;he&lt;/fex&gt; had &lt;t&gt;committed&lt;/t&gt; &lt;fex name="Responsible_party"&gt;her&lt;/fex&gt; &lt;fex name="Duty"&gt;to a new TV series&lt;/fex&gt; and he had already taken an advance on the money.&lt;/ex&gt;


&lt;ex&gt;&lt;fex name="sit"&gt;The Generality's invitation to give a conference on the theme&lt;/fex&gt; &lt;t&gt;obligated&lt;/t&gt; &lt;fex name="Responsible_party"&gt;me&lt;/fex&gt; &lt;fex name="Duty"&gt;to study Gaudí's work even more&lt;/fex&gt;.&lt;/ex&gt;&lt;/def-root&gt;</definition>
    <FE bgColor="1E90FF" fgColor="FFFFFF" coreType="Core" cBy="JKR" cDate="06/13/2005 05:32:59 PDT Mon" abbrev="Resp" name="Responsible_party" ID="8148">
        <definition>&lt;def-root&gt;The person who must perform the &lt;fen&gt;Duty&lt;/fen&gt;.


&lt;ex&gt;The winning bid &lt;t&gt;committed&lt;/t&gt; &lt;fex name="Responsible_party"&gt;her&lt;/fex&gt; to paint an oil portrait for the high bidder.&lt;/ex&gt;&lt;/def-root&gt;</definition>
    </FE>
    <FE bgColor="00008B" fgColor="FFFFFF" coreType="Core" cBy="JKR" cDate="06/13/2005 05:33:00 PDT Mon" abbrev="dut" name="Duty" ID="8149">
        <definition>&lt;def-root&gt;The action that the &lt;fen&gt;Responsible_party&lt;/fen&gt; is obligated to perform.

&lt;ex&gt;Had she really said the word which &lt;t&gt;pledged&lt;/t&gt; her &lt;fex name="Duty"&gt;to marry Horace Holmcroft in a
fortnight&lt;/fex&gt;?&lt;/ex&gt;&lt;/def-root&gt;</definition>
    </FE>
    <FE bgColor="9400D3" fgColor="FFFFFF" coreType="Extra-Thematic" cBy="JKR" cDate="06/13/2005 05:33:00 PDT Mon" abbrev="con" name="Condition" ID="8150">
        <definition>&lt;def-root&gt;This FE indicates the &lt;fen&gt;Condition&lt;/fen&gt;s under which the &lt;fen&gt;Responsible_party&lt;/fen&gt; is obligated to perform the &lt;fen&gt;Duty&lt;/fen&gt; .&lt;/def-root&gt;</definition>
    </FE>
    <FE bgColor="FFA500" fgColor="FFFFFF" coreType="Peripheral" cBy="JKR" cDate="06/13/2005 05:33:00 PDT Mon" abbrev="tim" name="Time" ID="8152">
        <definition>&lt;def-root&gt;The time interval during which  the &lt;fen&gt;Duty&lt;/fen&gt; is imposed on the &lt;fen&gt;Responsible_party&lt;/fen&gt;  by the &lt;fen&gt;Obligator&lt;/fen&gt; or the &lt;fen&gt;Situation&lt;/fen&gt;.

&lt;ex&gt;The City Council &lt;fex name="Time"&gt;then&lt;/fex&gt; &lt;t&gt;obligated&lt;/t&gt; themselves to have the sewers made ready and the
streets leveled off without any additional cost to the Sisters.&lt;/ex&gt;&lt;/def-root&gt;</definition>
        <semType name="Time" ID="141"/>
    </FE>
    <FE bgColor="0000FF" fgColor="FFFFFF" coreType="Peripheral" cBy="JKR" cDate="06/13/2005 05:33:00 PDT Mon" abbrev="pla" name="Place" ID="8153">
        <definition>&lt;def-root&gt;A location in which the &lt;fen&gt;Responsible_party&lt;/fen&gt; has a specified &lt;fen&gt;Duty&lt;/fen&gt; .

&lt;ex&gt;&lt;fex name="Place"&gt;At Dayton&lt;/fex&gt;, the parties &lt;t&gt;obligated&lt;/t&gt; themselves to respect and promote fulfillment of the annexes.&lt;/ex&gt;&lt;/def-root&gt;</definition>
        <semType name="Locative_relation" ID="182"/>
    </FE>
    <FE bgColor="FF0000" fgColor="FFFFFF" coreType="Core" cBy="JKR" cDate="06/13/2005 05:37:00 PDT Mon" abbrev="obl" name="Obligator" ID="8154">
        <definition>&lt;def-root&gt;The &lt;fen&gt;Obligator&lt;/fen&gt; is the person who imposes the &lt;fen&gt;Duty&lt;/fen&gt; on the &lt;fen&gt;Responsible_party&lt;/fen&gt;. 

&lt;ex&gt;&lt;fex name="Obligator"&gt;She&lt;/fex&gt; &lt;t&gt;pledged&lt;/t&gt; him to pay her the money back.&lt;/ex&gt;&lt;/def-root&gt;</definition>
        <excludesFE name="Situation" ID="8155"/>
    </FE>
    <FE bgColor="2E8B57" fgColor="FFFFFF" coreType="Core" cBy="JKR" cDate="06/13/2005 05:40:58 PDT Mon" abbrev="sit" name="Situation" ID="8155">
        <definition>&lt;def-root&gt;A state of affairs that results in the &lt;fen&gt;Responsible_party&lt;/fen&gt; being obligated to carry out the &lt;fen&gt;Duty&lt;/fen&gt; in accordance with the &lt;fen&gt;Principle&lt;/fen&gt;.


&lt;ex&gt; &lt;fex name="sit"&gt;Admitting a genocide was occurring&lt;/fex&gt;  would have &lt;t&gt;obligated&lt;/t&gt; them, based on their signing the December 1948 Convention on the repression of genocide, to do something about it. &lt;/ex&gt;&lt;/def-root&gt;</definition>
    </FE>
    <FE bgColor="FF00FF" fgColor="FFFFFF" coreType="Core" cBy="JKR" cDate="06/13/2005 06:34:50 PDT Mon" abbrev="pri" name="Principle" ID="8156">
        <definition>&lt;def-root&gt;A regulating idea  (which may be instantiated as a document)  that the &lt;fen&gt;Responsible_party&lt;/fen&gt; is subject to.

&lt;ex&gt;And &lt;fex name="Principle"&gt;no law&lt;/fex&gt; &lt;t&gt;obligated&lt;/t&gt; him to talk to the police, let alone the media&lt;/ex&gt;&lt;/def-root&gt;</definition>
    </FE>
    <FE bgColor="800080" fgColor="FFFFFF" coreType="Extra-Thematic" cBy="MJE" cDate="08/14/2006 01:49:39 PDT Mon" abbrev="pur" name="Purpose" ID="10467">
        <definition>&lt;def-root&gt;The state-of-affairs that the &lt;fen&gt;Obligator&lt;/fen&gt; hopes to bring about by imposing the obligation.

&lt;ex&gt;She &lt;t&gt;pledged&lt;/t&gt; him to work on the project &lt;fex name="pur"&gt;just to get him out of her hair&lt;/fex&gt; .&lt;/ex&gt;&lt;/def-root&gt;</definition>
    </FE>
    <FE bgColor="008000" fgColor="FFFFFF" coreType="Peripheral" cBy="MJE" cDate="08/14/2006 01:52:33 PDT Mon" abbrev="man" name="Manner" ID="10468">
        <definition>&lt;def-root&gt;Any holistic description of the details of the action, either comparing to another event or describing the action in terms of characteristics of the &lt;fen&gt;Obligator&lt;/fen&gt; that affect the action holistically.

&lt;ex&gt;You &lt;t&gt;committed&lt;/t&gt; me to this &lt;fex name="Manner"&gt;maliciously&lt;/fex&gt; !&lt;/ex&gt;&lt;/def-root&gt;</definition>
    </FE>
    <FE bgColor="FF69B4" fgColor="FFFFFF" coreType="Peripheral" cBy="MJE" cDate="08/14/2006 01:56:40 PDT Mon" abbrev="mea" name="Means" ID="10469">
        <definition>&lt;def-root&gt;An event which brings about the obligation.

&lt;ex&gt;She did n't understand that she &lt;t&gt;obligated&lt;/t&gt; me to stay &lt;fex name="mea"&gt;by always getting in trouble&lt;/fex&gt; .&lt;/ex&gt;&lt;/def-root&gt;</definition>
    </FE>
    <FEcoreSet>
        <memberFE name="Situation" ID="8155"/>
        <memberFE name="Obligator" ID="8154"/>
        <memberFE name="Principle" ID="8156"/>
    </FEcoreSet>
    <frameRelation type="Inherits from">
        <relatedFrame ID="10">Transitive_action</relatedFrame>
    </frameRelation>
    <frameRelation type="Is Inherited by"/>
    <frameRelation type="Perspective on"/>
    <frameRelation type="Is Perspectivized in"/>
    <frameRelation type="Uses"/>
    <frameRelation type="Is Used by"/>
    <frameRelation type="Subframe of"/>
    <frameRelation type="Has Subframe(s)"/>
    <frameRelation type="Precedes"/>
    <frameRelation type="Is Preceded by"/>
    <frameRelation type="Is Inchoative of"/>
    <frameRelation type="Is Causative of">
        <relatedFrame ID="392">Being_obligated</relatedFrame>
    </frameRelation>
    <frameRelation type="See also"/>
    <lexUnit status="Created" POS="V" name="bind.v" ID="12207" lemmaID="3611" cBy="JKR" cDate="06/13/2005 06:09:42 PDT Mon">
        <definition>COD: impose a legal or contractual obligation on.</definition>
        <sentenceCount annotated="1" total="1"/>
        <lexeme order="1" headword="false" breakBefore="false" POS="V" name="bind"/>
    </lexUnit>
    <lexUnit status="Insufficient_Attestations" POS="V" name="obligate.v" ID="12208" lemmaID="26388" cBy="JKR" cDate="06/13/2005 06:10:45 PDT Mon">
        <definition>COD: compel legally or morally.</definition>
        <sentenceCount annotated="5" total="12"/>
        <lexeme order="1" headword="false" breakBefore="false" POS="V" name="obligate"/>
    </lexUnit>
    <lexUnit status="Created" POS="V" name="commit.v" ID="12209" lemmaID="7363" cBy="JKR" cDate="06/13/2005 06:11:17 PDT Mon">
        <definition>COD: pledge or bind to a course, policy, or use.</definition>
        <sentenceCount annotated="0" total="0"/>
        <lexeme order="1" headword="false" breakBefore="false" POS="V" name="commit"/>
    </lexUnit>
    <lexUnit status="Created" POS="V" name="pledge.v" ID="12210" lemmaID="29370" cBy="JKR" cDate="06/13/2005 06:14:14 PDT Mon">
        <definition>FN: obligate (someone) by swearing</definition>
        <sentenceCount annotated="0" total="0"/>
        <lexeme order="1" headword="false" breakBefore="false" POS="V" name="pledge"/>
    </lexUnit>
    <lexUnit status="Needs_SCs" POS="V" name="require.v" ID="12643" lemmaID="32795" cBy="RLG" cDate="08/17/2005 12:47:18 PDT Wed">
        <definition>COD: specify as compulsory</definition>
        <sentenceCount annotated="27" total="91"/>
        <lexeme order="1" headword="false" breakBefore="false" POS="V" name="require"/>
    </lexUnit>
    <lexUnit status="Created" POS="V" name="charge.v" ID="13587" lemmaID="6091" cBy="RLG" cDate="09/29/2006 06:05:12 PDT Fri">
        <definition>COD: entrust with a task.</definition>
        <sentenceCount annotated="0" total="0"/>
        <lexeme order="1" headword="false" breakBefore="false" POS="V" name="charge"/>
    </lexUnit>
    <lexUnit status="Created" POS="N" name="charge.n" ID="13588" lemmaID="6090" cBy="RLG" cDate="09/29/2006 06:05:53 PDT Fri">
        <definition>FN: an obligation placed upon another.</definition>
        <sentenceCount annotated="1" total="1"/>
        <lexeme order="1" headword="false" breakBefore="false" POS="N" name="charge"/>
    </lexUnit>
</frame>