<?xml version="1.0" encoding="UTF-8" standalone="yes"?>
<?xml-stylesheet type="text/xsl" href="frame.xsl"?>
<frame cBy="MJE" cDate="07/15/2005 04:42:46 PDT Fri" name="Importing" ID="1567" xsi:schemaLocation="../schema/frame.xsd" xmlns="http://framenet.icsi.berkeley.edu" xmlns:xsi="http://www.w3.org/2001/XMLSchema-instance">
    <definition>&lt;def-root&gt;An &lt;fen&gt;Importer&lt;/fen&gt; receives &lt;fen&gt;Goods&lt;/fen&gt; from an &lt;fen&gt;Exporting_area&lt;/fen&gt;, across a boundary or border to a different area, the &lt;fen&gt;Importing_area&lt;/fen&gt;.  The &lt;fen&gt;Path&lt;/fen&gt; along which the &lt;fen&gt;Goods&lt;/fen&gt; pass may also be indicated. 

&lt;ex&gt;&lt;fex name="Importer"&gt;The U.S.&lt;/fex&gt; &lt;t&gt;imported&lt;/t&gt; &lt;fex name="Goods"&gt;some wheat&lt;/fex&gt; &lt;fex name="Time"&gt;in the period&lt;/fex&gt;, although it exported about ten times as much.&lt;/ex&gt;
&lt;ex&gt;&lt;fex name="Importer"&gt;We&lt;/fex&gt; &lt;t&gt;import&lt;/t&gt; &lt;fex name="Goods"&gt;most of the Tahitian seashells&lt;/fex&gt; &lt;fex name="Path"&gt;through Japan&lt;/fex&gt;.&lt;/ex&gt;
&lt;ex&gt;&lt;t&gt;Importation&lt;/t&gt; &lt;fex name="Goods"&gt;of wildlife&lt;/fex&gt; has gotten more difficult. &lt;fex name="Importer"&gt;INI&lt;/fex&gt; &lt;fex name="Importing_area"&gt;INI&lt;/fex&gt; &lt;fex name="Exporting_area"&gt;INI&lt;/fex&gt;&lt;/ex&gt;&lt;/def-root&gt;</definition>
    <FE bgColor="FF0000" fgColor="FFFFFF" coreType="Core" cBy="MJE" cDate="07/15/2005 04:42:46 PDT Fri" abbrev="Agt" name="Importer" ID="8540">
        <definition>&lt;def-root&gt;The conscious entity, generally a person, that brings the &lt;fen&gt;Goods&lt;/fen&gt; into the &lt;fen&gt;Importing_area&lt;/fen&gt;.  
&lt;/def-root&gt;</definition>
        <semType name="Sentient" ID="5"/>
    </FE>
    <FE bgColor="808080" fgColor="FFFFFF" coreType="Peripheral" cBy="MJE" cDate="07/15/2005 04:42:46 PDT Fri" abbrev="Veh" name="Vehicle" ID="8541">
        <definition>&lt;def-root&gt;A mobile entity directed by the &lt;fen&gt;Importer&lt;/fen&gt; that holds the &lt;fen&gt;Goods&lt;/fen&gt; and moves them along from the &lt;fen&gt;Exporting_area&lt;/fen&gt; to the &lt;fen&gt;Importing_area&lt;/fen&gt;. &lt;/def-root&gt;</definition>
    </FE>
    <FE bgColor="FF69B4" fgColor="FFFFFF" coreType="Peripheral" cBy="MJE" cDate="07/15/2005 04:42:46 PDT Fri" abbrev="Mnr" name="Manner" ID="8542">
        <definition>&lt;def-root&gt;Any description of the event which is not covered by more specific FEs, including secondary effects (quietly, loudly), and general descriptions comparing events (the same way). It may also indicate salient characteristics of an &lt;fen&gt;Importer&lt;/fen&gt; that also affect the action (presumptuously, coldly, deliberately, eagerly, carefully). &lt;/def-root&gt;</definition>
        <semType name="Manner" ID="173"/>
    </FE>
    <FE bgColor="A52A2A" fgColor="FFFFFF" coreType="Peripheral" cBy="MJE" cDate="07/15/2005 04:42:46 PDT Fri" abbrev="Mns" name="Means" ID="8543">
        <definition>&lt;def-root&gt;An intentional action performed by the &lt;fen&gt;Importer&lt;/fen&gt; that accomplishes the action indicated by the target. &lt;/def-root&gt;</definition>
        <semType name="State_of_affairs" ID="177"/>
    </FE>
    <FE bgColor="0000FF" fgColor="FFFFFF" coreType="Core" cBy="MJE" cDate="07/15/2005 04:42:46 PDT Fri" abbrev="Goods" name="Goods" ID="8544">
        <definition>&lt;def-root&gt;The items of value whose location is changing.&lt;/def-root&gt;</definition>
    </FE>
    <FE bgColor="800080" fgColor="FFFFFF" coreType="Extra-Thematic" cBy="MJE" cDate="07/15/2005 04:42:46 PDT Fri" abbrev="Purp" name="Purpose" ID="8545">
        <definition>&lt;def-root&gt;This FE identifies the purpose for which the &lt;fen&gt;Importer&lt;/fen&gt; moves the &lt;fen&gt;Goods&lt;/fen&gt;.

&lt;ex&gt;Some department stores &lt;t&gt;import&lt;/t&gt; expensive items &lt;fex name="Purpose"&gt;to please their higher-paying customers&lt;/fex&gt;.&lt;/ex&gt;&lt;/def-root&gt;</definition>
        <semType name="State_of_affairs" ID="177"/>
    </FE>
    <FE bgColor="9F79EE" fgColor="FFFFFF" coreType="Extra-Thematic" cBy="MJE" cDate="07/15/2005 04:42:46 PDT Fri" abbrev="Exp" name="Explanation" ID="8546">
        <definition>&lt;def-root&gt;A state of affairs that explains the &lt;fen&gt;Importer&lt;/fen&gt;'s importation of the &lt;fen&gt;Goods&lt;/fen&gt;.
&lt;/def-root&gt;</definition>
        <semType name="State_of_affairs" ID="177"/>
    </FE>
    <FE bgColor="FFA500" fgColor="FFFFFF" coreType="Peripheral" cBy="MJE" cDate="07/15/2005 04:42:46 PDT Fri" abbrev="Time" name="Time" ID="8547">
        <definition>&lt;def-root&gt;This FE identifies the time when the &lt;fen&gt;Importer&lt;/fen&gt; moves the &lt;fen&gt;Goods&lt;/fen&gt;.&lt;/def-root&gt;</definition>
        <semType name="Time" ID="141"/>
    </FE>
    <FE bgColor="9400D3" fgColor="FFFFFF" coreType="Extra-Thematic" cBy="MJE" cDate="07/15/2005 04:42:46 PDT Fri" abbrev="Dep" name="Depictive" ID="8548">
        <definition>&lt;def-root&gt;This FE identifies the state of a participant during the action
&lt;ex&gt;Kazakhstan &lt;t&gt;imported&lt;/t&gt; the petroleum, &lt;fex name="Depictive"&gt;unaware of its own reserves&lt;/fex&gt;.&lt;/ex&gt;&lt;/def-root&gt;</definition>
    </FE>
    <FE bgColor="00BFFF" fgColor="FFFFFF" coreType="Core" cBy="MJE" cDate="07/15/2005 04:42:46 PDT Fri" abbrev="Goal" name="Importing_area" ID="8549">
        <definition>&lt;def-root&gt;The FE &lt;fen&gt;Importing_area&lt;/fen&gt; is the place that the &lt;fen&gt;Goods&lt;/fen&gt; end up as a result of motion.

&lt;/def-root&gt;</definition>
    </FE>
    <FE bgColor="2E8B57" fgColor="FFFFFF" coreType="Peripheral" cBy="MJE" cDate="07/15/2005 04:42:46 PDT Fri" abbrev="Path" name="Path" ID="8550">
        <definition>&lt;def-root&gt;&lt;fen&gt;Path&lt;/fen&gt; identifies the location of the &lt;fen&gt;Goods&lt;/fen&gt; during transit, i.e. after leaving the &lt;fen&gt;Exporting_area&lt;/fen&gt; and before reaching the &lt;fen&gt;Importing_area&lt;/fen&gt;.
&lt;/def-root&gt;</definition>
    </FE>
    <FE bgColor="006400" fgColor="FFFFFF" coreType="Core" cBy="MJE" cDate="07/15/2005 04:42:46 PDT Fri" abbrev="Src" name="Exporting_area" ID="8551">
        <definition>&lt;def-root&gt;The place where the &lt;fen&gt;Goods&lt;/fen&gt; are initially, before the being moved.

&lt;/def-root&gt;</definition>
    </FE>
    <FE bgColor="7FFF00" fgColor="000000" coreType="Extra-Thematic" cBy="AnW" cDate="05/24/2010 04:16:55 PDT Mon" abbrev="part" name="Particular_iteration" ID="13922">
        <definition>&lt;def-root&gt;Expressions marked with this extra-thematic FE modify a non-iterative instance of the importing event , and indicate that it is conceived as embedded within an iterated series of similar importing events.&lt;/def-root&gt;</definition>
    </FE>
    <FE bgColor="FF00FF" fgColor="FFFFFF" coreType="Extra-Thematic" cBy="mgl" cDate="06/14/2010 02:03:15 PDT Mon" abbrev="" name="Frequency" ID="13960">
        <definition>&lt;def-root&gt;This frame element is defined as the number of times an event occurs per some unit of time.&lt;/def-root&gt;</definition>
    </FE>
    <FE bgColor="FFFF00" fgColor="000000" coreType="Extra-Thematic" cBy="mgl" cDate="06/14/2010 03:25:58 PDT Mon" abbrev="" name="Result" ID="13961">
        <definition>&lt;def-root&gt;The &lt;fen&gt;Result&lt;/fen&gt; is the final state of the &lt;fen&gt;Goods&lt;/fen&gt; when brought into the &lt;fen&gt;Importing_area&lt;/fen&gt;.&lt;/def-root&gt;</definition>
    </FE>
    <FE bgColor="EEE8AA" fgColor="000000" coreType="Extra-Thematic" cBy="mgl" cDate="06/15/2010 05:49:11 PDT Tue" abbrev="" name="Beneficiary" ID="13965">
        <definition>&lt;def-root&gt;This FE applies to participants who derive a benefit from the occurrence of the act of importation.

&lt;ex&gt;The United States &lt;t&gt;imported&lt;/t&gt; protein bars &lt;fex name="Beneficiary"&gt;for backpackers and hikers&lt;/fex&gt;. &lt;/ex&gt;&lt;/def-root&gt;</definition>
    </FE>
    <frameRelation type="Inherits from"/>
    <frameRelation type="Is Inherited by"/>
    <frameRelation type="Perspective on">
        <relatedFrame ID="422">Import_export_scenario</relatedFrame>
    </frameRelation>
    <frameRelation type="Is Perspectivized in"/>
    <frameRelation type="Uses">
        <relatedFrame ID="171">Commerce_buy</relatedFrame>
    </frameRelation>
    <frameRelation type="Is Used by"/>
    <frameRelation type="Subframe of"/>
    <frameRelation type="Has Subframe(s)"/>
    <frameRelation type="Precedes"/>
    <frameRelation type="Is Preceded by"/>
    <frameRelation type="Is Inchoative of"/>
    <frameRelation type="Is Causative of"/>
    <frameRelation type="See also"/>
    <lexUnit status="Finished_Initial" POS="N" name="importation.n" ID="12464" lemmaID="19210" cBy="MJE" cDate="07/15/2005 05:16:38 PDT Fri">
        <definition>FN: the action of moving goods into an area.</definition>
        <sentenceCount annotated="16" total="104"/>
        <lexeme order="1" headword="false" breakBefore="false" POS="N" name="importation"/>
    </lexUnit>
    <lexUnit status="Finished_Initial" POS="V" name="import.v" ID="12471" lemmaID="19206" cBy="MJE" cDate="07/15/2005 05:32:27 PDT Fri">
        <definition>COD: bring (goods or services) into a country from abroad.</definition>
        <sentenceCount annotated="36" total="195"/>
        <lexeme order="1" headword="false" breakBefore="false" POS="V" name="import"/>
    </lexUnit>
    <lexUnit status="Created" POS="N" name="import [act].n" ID="12472" lemmaID="19205" cBy="MJE" cDate="07/15/2005 05:33:07 PDT Fri">
        <definition>COD: the action or process of importing.</definition>
        <sentenceCount annotated="3" total="3"/>
        <lexeme order="1" headword="false" breakBefore="false" POS="N" name="import"/>
    </lexUnit>
    <lexUnit status="Created" POS="N" name="import [entity].n" ID="12515" lemmaID="19205" cBy="RLG" cDate="07/20/2005 10:03:45 PDT Wed">
        <definition>COD: an imported commodity, article, or service.</definition>
        <sentenceCount annotated="3" total="3"/>
        <lexeme order="1" headword="false" breakBefore="false" POS="N" name="import"/>
    </lexUnit>
</frame>