<?xml version="1.0" encoding="UTF-8" standalone="yes"?>
<?xml-stylesheet type="text/xsl" href="frame.xsl"?>
<frame cBy="JKR" cDate="05/13/2004 02:41:45 PDT Thu" name="Imprisonment" ID="1111" xsi:schemaLocation="../schema/frame.xsd" xmlns="http://framenet.icsi.berkeley.edu" xmlns:xsi="http://www.w3.org/2001/XMLSchema-instance">
    <definition>&lt;def-root&gt;The &lt;fen&gt;Authorities&lt;/fen&gt; put a &lt;fen&gt;Prisoner&lt;/fen&gt; in &lt;fen&gt;Prison&lt;/fen&gt; as punishment for an &lt;fen&gt;Offense&lt;/fen&gt;. 

&lt;ex&gt;&lt;fex name="pri"&gt;US Drug Researcher&lt;/fex&gt; &lt;t&gt;Imprisoned&lt;/t&gt; &lt;fex name="off"&gt;for FDA Fraud&lt;/fex&gt;.&lt;/ex&gt;
&lt;ex&gt;Men will be more likely to be &lt;t&gt;put&lt;/t&gt; &lt;t&gt;away&lt;/t&gt; &lt;fex name="con"&gt;for murder rather than manslaughter&lt;/fex&gt; &lt;fex name="off"&gt;for killing their wives&lt;/fex&gt;.&lt;/ex&gt;
&lt;ex&gt;However, any treatments may be years in the future and in the meantime, &lt;fex name="pri"&gt;criminals&lt;/fex&gt; will continue to be &lt;t&gt;imprisoned&lt;/t&gt; &lt;fex name="pur"&gt;for public safety&lt;/fex&gt;.&lt;/ex&gt;

&lt;ex&gt;&lt;fex name="aut"&gt;The government&lt;/fex&gt; wrongfully &lt;t&gt;imprisoned&lt;/t&gt; &lt;fex name="pri"&gt;them&lt;/fex&gt; &lt;fex name="jai"&gt;in ?detention centers?&lt;/fex&gt; (a nice term
for concentration camps), tortured them mentally and physically&lt;/ex&gt;
&lt;/def-root&gt;</definition>
    <FE bgColor="1E90FF" fgColor="FFFFFF" coreType="Core" cBy="JKR" cDate="05/13/2004 02:41:45 PDT Thu" abbrev="pri" name="Prisoner" ID="6432">
        <definition>&lt;def-root&gt;The person who is confined in a penal institution.

&lt;ex&gt;&lt;fex name="pri"&gt;Man&lt;/fex&gt; Falsely &lt;t&gt;Imprisoned&lt;/t&gt; for 24 Years Seeks Damages&lt;/ex&gt;&lt;/def-root&gt;</definition>
    </FE>
    <FE bgColor="9400D3" fgColor="FFFFFF" coreType="Core" cBy="JKR" cDate="05/13/2004 02:41:45 PDT Thu" abbrev="jai" name="Prison" ID="6433">
        <definition>&lt;def-root&gt;The &lt;fen&gt;Prison&lt;/fen&gt;  within which the &lt;fen&gt;Prisoner&lt;/fen&gt; comes to be confined.
&lt;/def-root&gt;</definition>
        <semType name="Goal" ID="153"/>
    </FE>
    <FE bgColor="FF0000" fgColor="FFFFFF" coreType="Core" cBy="JKR" cDate="05/13/2004 02:41:45 PDT Thu" abbrev="aut" name="Authorities" ID="6434">
        <definition>&lt;def-root&gt;The &lt;fen&gt;Authorities&lt;/fen&gt; are the institution or actors carrying out the imprisonment.

&lt;ex&gt; When she returned, &lt;fex name="aut"&gt;the Chaoyang Town government authorities&lt;/fex&gt; &lt;t&gt;imprisoned&lt;/t&gt; her for 5 days.&lt;/ex&gt;&lt;/def-root&gt;</definition>
        <semType name="Sentient" ID="5"/>
    </FE>
    <FE bgColor="00008B" fgColor="FFFFFF" coreType="Peripheral" cBy="JKR" cDate="05/13/2004 02:41:45 PDT Thu" abbrev="off" name="Offense" ID="6436">
        <definition>&lt;def-root&gt;The action that the &lt;fen&gt;Prisoner&lt;/fen&gt; is being punished for.

&lt;ex&gt;After all, Dowdy was not &lt;t&gt;imprisoned&lt;/t&gt; &lt;fex  name="off"&gt;for taking a bribe or even thinking about taking a bribe, but rather for committing perjury against two government witnesses who themselves eventually were imprisoned for defrauding the government&lt;/fex&gt;.&lt;/ex&gt;


&lt;/def-root&gt;</definition>
    </FE>
    <FE bgColor="008000" fgColor="FFFFFF" coreType="Peripheral" cBy="JKR" cDate="05/13/2004 02:41:45 PDT Thu" abbrev="pla" name="Place" ID="6437">
        <definition>&lt;def-root&gt;This FE identifies the &lt;fen&gt;Place&lt;/fen&gt; where the &lt;fen&gt;Prisoner&lt;/fen&gt; is kept.
&lt;/def-root&gt;</definition>
        <semType name="Locative_relation" ID="182"/>
    </FE>
    <FE bgColor="FFA500" fgColor="FFFFFF" coreType="Peripheral" cBy="JKR" cDate="05/13/2004 02:41:46 PDT Thu" abbrev="Time" name="Time" ID="6438">
        <definition>&lt;def-root&gt;The time when the imprisonment happens.&lt;/def-root&gt;</definition>
        <semType name="Time" ID="141"/>
    </FE>
    <FE bgColor="800080" fgColor="FFFFFF" coreType="Peripheral" cBy="JKR" cDate="05/13/2004 02:41:46 PDT Thu" abbrev="pur" name="Purpose" ID="6439">
        <definition>&lt;def-root&gt;The purpose of the imprisonment.


&lt;ex&gt;City officials later release the blacks and say they &lt;t&gt;imprisoned&lt;/t&gt; them &lt;fex name="pur"&gt;in order to protect them from rioters&lt;/fex&gt;.&lt;/ex&gt;&lt;/def-root&gt;</definition>
        <semType name="State_of_affairs" ID="177"/>
    </FE>
    <FE bgColor="0000FF" fgColor="FFFFFF" coreType="Peripheral" cBy="JKR" cDate="05/13/2004 02:41:46 PDT Thu" abbrev="Mns" name="Means" ID="6440">
        <definition>&lt;def-root&gt;An intentional action performed by the &lt;fen&gt;Authorities&lt;/fen&gt; that brings about the imprisonment.&lt;/def-root&gt;</definition>
        <semType name="State_of_affairs" ID="177"/>
    </FE>
    <FE bgColor="FF00FF" fgColor="FFFFFF" coreType="Peripheral" cBy="JKR" cDate="05/13/2004 02:41:46 PDT Thu" abbrev="man" name="Manner" ID="6441">
        <definition>&lt;def-root&gt;Any description of the imprisoning event which is not covered by more specific FEs, including epistemic modification (probably, presumably, mysteriously) and general descriptions comparing events (the same way). It may also indicate salient characteristics of the &lt;fen&gt;Authorities&lt;/fen&gt; that affect the action (&lt;ment&gt;ruthlessly&lt;/ment&gt;). &lt;/def-root&gt;</definition>
        <semType name="Manner" ID="173"/>
    </FE>
    <FE bgColor="9F79EE" fgColor="FFFFFF" coreType="Extra-Thematic" cBy="JKR" cDate="05/13/2004 02:41:46 PDT Thu" abbrev="Exp" name="Explanation" ID="6442">
        <definition>&lt;def-root&gt;The act or state of affairs that the &lt;fen&gt;Authorities&lt;/fen&gt; respond to by imprisoning the &lt;fen&gt;Prisoner&lt;/fen&gt;.


&lt;ex&gt;Though both of my grandparents were born in Canada and grew up speaking English and never had been to Japan, during the Second World War, the Canadian government &lt;t&gt;imprisoned&lt;/t&gt; them &lt;fex name="Explanation"&gt;because of their Japanese genes&lt;/fex&gt;.&lt;/ex&gt;&lt;/def-root&gt;</definition>
        <semType name="State_of_affairs" ID="177"/>
    </FE>
    <FE bgColor="006400" fgColor="FFFFFF" coreType="Peripheral" cBy="JKR" cDate="05/13/2004 02:41:46 PDT Thu" abbrev="dur" name="Duration" ID="6443">
        <definition>&lt;def-root&gt;This FE identifies the &lt;fen&gt;Duration&lt;/fen&gt; of time for which the &lt;fen&gt;Authorities&lt;/fen&gt; maintains the confinement of the &lt;fen&gt;Prisoner&lt;/fen&gt;.


&lt;ex&gt;Enforcement officers caught up with Irma and &lt;t&gt;imprisoned&lt;/t&gt; her &lt;fex name="dur"&gt;for two weeks&lt;/fex&gt;.&lt;/ex&gt;&lt;/def-root&gt;</definition>
        <semType name="Duration" ID="142"/>
    </FE>
    <FE bgColor="FF00FF" fgColor="FFFFFF" coreType="Extra-Thematic" cBy="JKR" cDate="05/13/2004 03:25:14 PDT Thu" abbrev="con" name="Conviction" ID="6450">
        <definition>&lt;def-root&gt;The legal classification which characterizes the &lt;fen&gt;Offense&lt;/fen&gt;.

&lt;ex&gt;Alf leader is &lt;t&gt;Imprisoned&lt;/t&gt; &lt;fex name="con"&gt;for Arson and Burglary&lt;/fex&gt;.&lt;/ex&gt;&lt;/def-root&gt;</definition>
    </FE>
    <FE bgColor="7FFF00" fgColor="000000" coreType="Extra-Thematic" cBy="JKs" cDate="05/15/2008 12:17:05 PDT Thu" abbrev="Ite" name="Iterations" ID="12647">
        <definition>&lt;def-root&gt;&lt;fen&gt;Iterations&lt;/fen&gt; marks expressions that indicate the number of times the &lt;fen&gt;Prisoner&lt;/fen&gt; was imprisoned.&lt;/def-root&gt;</definition>
    </FE>
    <frameRelation type="Inherits from">
        <relatedFrame ID="245">Inhibit_movement</relatedFrame>
    </frameRelation>
    <frameRelation type="Is Inherited by"/>
    <frameRelation type="Perspective on"/>
    <frameRelation type="Is Perspectivized in"/>
    <frameRelation type="Uses"/>
    <frameRelation type="Is Used by"/>
    <frameRelation type="Subframe of"/>
    <frameRelation type="Has Subframe(s)"/>
    <frameRelation type="Precedes"/>
    <frameRelation type="Is Preceded by"/>
    <frameRelation type="Is Inchoative of"/>
    <frameRelation type="Is Causative of"/>
    <frameRelation type="See also"/>
    <lexUnit status="Finished_Initial" POS="V" name="imprison.v" ID="10520" lemmaID="19262" cBy="JKR" cDate="05/13/2004 03:05:25 PDT Thu">
        <definition>COD: put or keep in prison</definition>
        <sentenceCount annotated="20" total="150"/>
        <lexeme order="1" headword="false" breakBefore="false" POS="V" name="imprison"/>
    </lexUnit>
    <lexUnit status="Created" POS="N" name="imprisonment.n" ID="10521" lemmaID="19263" cBy="JKR" cDate="05/13/2004 03:06:32 PDT Thu">
        <definition>FN: the act of confining, or the state of being confined or confining</definition>
        <sentenceCount annotated="0" total="0"/>
        <lexeme order="1" headword="false" breakBefore="false" POS="N" name="imprisonment"/>
    </lexUnit>
    <lexUnit status="Created" POS="V" name="put away.v" ID="10522" lemmaID="49112" cBy="JKR" cDate="05/13/2004 03:09:30 PDT Thu">
        <definition>COD: confine someone in a prison</definition>
        <sentenceCount annotated="0" total="0"/>
        <lexeme order="1" headword="true" breakBefore="false" POS="V" name="put"/>
        <lexeme order="2" headword="false" breakBefore="true" POS="ADV" name="away"/>
    </lexUnit>
    <lexUnit status="Finished_Initial" POS="V" name="jail.v" ID="10523" lemmaID="49113" cBy="JKR" cDate="05/13/2004 03:18:22 PDT Thu">
        <definition>COD: put (someone) in jail.</definition>
        <sentenceCount annotated="20" total="180"/>
        <lexeme order="1" headword="true" breakBefore="false" POS="V" name="jail"/>
    </lexUnit>
    <lexUnit status="Finished_Initial" POS="V" name="incarcerate.v" ID="13936" lemmaID="19378" cBy="MJE" cDate="03/09/2007 06:20:34 PST Fri">
        <definition>COD: imprison or confine.</definition>
        <sentenceCount annotated="15" total="68"/>
        <lexeme order="1" headword="false" breakBefore="false" POS="V" name="incarcerate"/>
    </lexUnit>
    <lexUnit status="Created" POS="N" name="incarceration.n" ID="13937" lemmaID="19379" cBy="MJE" cDate="03/09/2007 06:21:33 PST Fri">
        <definition>FN: the act of putting (a criminal) in prison.</definition>
        <sentenceCount annotated="0" total="0"/>
        <lexeme order="1" headword="false" breakBefore="false" POS="N" name="incarceration"/>
    </lexUnit>
    <lexUnit status="Created" POS="N" name="time.n" ID="16274" lemmaID="51305" cBy="MLC" cDate="03/18/2011 03:18:53 PDT Fri">
        <definition>FN: the period in which one must remain incarcarated for an offense. </definition>
        <sentenceCount annotated="0" total="0"/>
        <lexeme order="1" headword="true" breakBefore="false" POS="N" name="time"/>
    </lexUnit>
    <lexUnit status="Created" POS="N" name="life.n" ID="16291" lemmaID="51311" cBy="MLC" cDate="04/18/2011 03:55:45 PDT Mon">
        <definition>FN: a prisoner is sentenced to spend the remainder of their natural life incarcarated; occurs with a limited set of collocational verbs (e.g. do, serve, etc.)  </definition>
        <sentenceCount annotated="1" total="1"/>
        <lexeme order="1" headword="true" breakBefore="false" POS="N" name="life"/>
    </lexUnit>
</frame>