<?xml version="1.0" encoding="UTF-8" standalone="yes"?>
<?xml-stylesheet type="text/xsl" href="frame.xsl"?>
<frame cBy="KmG" cDate="06/25/2008 02:45:24 PDT Wed" name="Indicating" ID="2090" xsi:schemaLocation="../schema/frame.xsd" xmlns="http://framenet.icsi.berkeley.edu" xmlns:xsi="http://www.w3.org/2001/XMLSchema-instance">
    <definition>&lt;def-root&gt;A &lt;fen&gt;Communicator&lt;/fen&gt; or &lt;fen&gt;Medium&lt;/fen&gt; assigns linguistic meaning to an &lt;fen&gt;Unresolved_referent&lt;/fen&gt; thereby identifying the specific actor or entity which fulfills the answer to this question. 

&lt;ex&gt;Can &lt;fex name="Communicator"&gt;you&lt;/fex&gt; &lt;t&gt;name&lt;/t&gt; &lt;fex name="Unresolved_referent"&gt;all the U.S. Presidents&lt;/fex&gt;?&lt;/ex&gt;

&lt;ex&gt;&lt;fex name="Communicator"&gt;No doctor&lt;/fex&gt; can &lt;t&gt;name&lt;/t&gt; &lt;fex name="Unresolved_referent"&gt;the disease that's killing him&lt;/fex&gt;.&lt;/ex&gt;

&lt;ex&gt;&lt;fex name="Frequency"&gt;Every year&lt;/fex&gt;, &lt;fex name="Medium"&gt;InfoWorld&lt;/fex&gt; &lt;t&gt;names&lt;/t&gt; &lt;fex name="Unresolved_referent"&gt;100 companies that have made the best use of technology&lt;/fex&gt;.&lt;/ex&gt;

&lt;/def-root&gt;</definition>
    <FE bgColor="FF0000" fgColor="FFFFFF" coreType="Core" cBy="KmG" cDate="06/25/2008 02:45:24 PDT Wed" abbrev="Com" name="Communicator" ID="12917">
        <definition>&lt;def-root&gt;The person who uses language in the written or spoken modality to convey the &lt;fen&gt;Unresolved_referent&lt;/fen&gt; to another person. 
&lt;/def-root&gt;</definition>
        <semType name="Sentient" ID="5"/>
    </FE>
    <FE bgColor="800080" fgColor="FFFFFF" coreType="Core" cBy="KmG" cDate="06/25/2008 02:45:24 PDT Wed" abbrev="Unr" name="Unresolved_referent" ID="12919">
        <definition>&lt;def-root&gt;The thing to which the &lt;fen&gt;Communicator&lt;/fen&gt; or &lt;fen&gt;Medium&lt;/fen&gt; refers for identification purposes. 
&lt;/def-root&gt;</definition>
        <semType name="Message" ID="56"/>
    </FE>
    <FE bgColor="9F79EE" fgColor="FFFFFF" coreType="Core" cBy="KmG" cDate="06/25/2008 02:45:24 PDT Wed" abbrev="Medium" name="Medium" ID="12920">
        <definition>&lt;def-root&gt;The physical or abstract setting in which the &lt;fen&gt;Unresolved_referent&lt;/fen&gt; is conveyed. 
&lt;/def-root&gt;</definition>
    </FE>
    <FE bgColor="FF69B4" fgColor="FFFFFF" coreType="Extra-Thematic" cBy="KmG" cDate="06/25/2008 02:45:24 PDT Wed" abbrev="Amo" name="Amount_of_information" ID="12921">
        <definition>&lt;def-root&gt;The amount of information exchanged when communication occurs.
&lt;/def-root&gt;</definition>
    </FE>
    <FE bgColor="9400D3" fgColor="FFFFFF" coreType="Extra-Thematic" cBy="KmG" cDate="06/25/2008 02:45:24 PDT Wed" abbrev="Dep" name="Depictive" ID="12922">
        <definition>&lt;def-root&gt;The &lt;fen&gt;Depictive&lt;/fen&gt; describes the state of the &lt;fen&gt;Communicator&lt;/fen&gt;.&lt;/def-root&gt;</definition>
    </FE>
    <FE bgColor="FF00FF" fgColor="FFFFFF" coreType="Peripheral" cBy="KmG" cDate="06/25/2008 02:45:24 PDT Wed" abbrev="Manr" name="Manner" ID="12923">
        <definition>&lt;def-root&gt;The &lt;fen&gt;Manner&lt;/fen&gt; in which the &lt;fen&gt;Communicator&lt;/fen&gt; makes the indication.&lt;/def-root&gt;</definition>
        <semType name="Manner" ID="173"/>
    </FE>
    <FE bgColor="A52A2A" fgColor="FFFFFF" coreType="Peripheral" cBy="KmG" cDate="06/25/2008 02:45:24 PDT Wed" abbrev="Mns" name="Means" ID="12924">
        <definition>&lt;def-root&gt;The &lt;fen&gt;Means&lt;/fen&gt; by which the &lt;fen&gt;Communicator&lt;/fen&gt; makes the indication.&lt;/def-root&gt;</definition>
        <semType name="State_of_affairs" ID="177"/>
    </FE>
    <FE bgColor="FFA500" fgColor="FFFFFF" coreType="Peripheral" cBy="KmG" cDate="06/25/2008 02:45:24 PDT Wed" abbrev="Tim" name="Time" ID="12925">
        <definition>&lt;def-root&gt;When the the &lt;fen&gt;Communicator&lt;/fen&gt; is makes the indication.

&lt;ex&gt;&lt;fex name="Time"&gt;When this is resolved&lt;/fex&gt;, I will &lt;t&gt;name&lt;/t&gt; the winner.&lt;/ex&gt;&lt;/def-root&gt;</definition>
        <semType name="Time" ID="141"/>
    </FE>
    <FE bgColor="808080" fgColor="FFFFFF" coreType="Extra-Thematic" cBy="KmG" cDate="06/25/2008 02:45:24 PDT Wed" abbrev="Dur" name="Duration" ID="12926">
        <definition>&lt;def-root&gt;&lt;fen&gt;Duration&lt;/fen&gt; is the length of time during which the indicating takes place.&lt;/def-root&gt;</definition>
        <semType name="Duration" ID="142"/>
    </FE>
    <FE bgColor="7CCD73" fgColor="FFFFFF" coreType="Extra-Thematic" cBy="KmG" cDate="06/26/2008 05:20:17 PDT Thu" abbrev="Fre" name="Frequency" ID="12934">
        <definition>&lt;def-root&gt;How often the &lt;fen&gt;Communicator&lt;/fen&gt; or &lt;fen&gt;Medium&lt;/fen&gt; indicates the &lt;fen&gt;Unresolved_referent&lt;/fen&gt;.

&lt;ex&gt;&lt;fex name="Frequency"&gt;Every month&lt;/fex&gt;, new people &lt;t&gt;name&lt;/t&gt; him in connection with these crimes.&lt;/ex&gt;&lt;/def-root&gt;</definition>
    </FE>
    <FE bgColor="00008B" fgColor="FFFFFF" coreType="Extra-Thematic" cBy="KmG" cDate="07/03/2008 03:15:28 PDT Thu" abbrev="Exp" name="Explanation" ID="12950">
        <definition>&lt;def-root&gt;The reason why the &lt;fen&gt;Communicator&lt;/fen&gt; is indicating the &lt;fen&gt;Unresolved_referent&lt;/fen&gt;.&lt;/def-root&gt;</definition>
    </FE>
    <FE bgColor="008000" fgColor="FFFFFF" coreType="Peripheral" cBy="KmG" cDate="07/03/2008 03:25:30 PDT Thu" abbrev="Pla" name="Place" ID="12951">
        <definition>&lt;def-root&gt;The location where the &lt;fen&gt;Communicator&lt;/fen&gt; or &lt;fen&gt;Medium&lt;/fen&gt; indicates the &lt;fen&gt;Unresolved_referent&lt;/fen&gt;.&lt;/def-root&gt;</definition>
    </FE>
    <FE bgColor="FFFF00" fgColor="00008B" coreType="Peripheral" cBy="KmG" cDate="07/03/2008 03:28:54 PDT Thu" abbrev="Pur" name="Purpose" ID="12952">
        <definition>&lt;def-root&gt;To what end the &lt;fen&gt;Communicator&lt;/fen&gt; or &lt;fen&gt;Medium&lt;/fen&gt; makes the indication.&lt;/def-root&gt;</definition>
    </FE>
    <frameRelation type="Inherits from">
        <relatedFrame ID="2080">Mention</relatedFrame>
    </frameRelation>
    <frameRelation type="Is Inherited by"/>
    <frameRelation type="Perspective on"/>
    <frameRelation type="Is Perspectivized in"/>
    <frameRelation type="Uses"/>
    <frameRelation type="Is Used by"/>
    <frameRelation type="Subframe of"/>
    <frameRelation type="Has Subframe(s)"/>
    <frameRelation type="Precedes"/>
    <frameRelation type="Is Preceded by"/>
    <frameRelation type="Is Inchoative of"/>
    <frameRelation type="Is Causative of"/>
    <frameRelation type="See also"/>
    <lexUnit status="Finished_Initial" POS="V" name="name.v" ID="15160" lemmaID="25402" cBy="KmG" cDate="06/26/2008 02:33:27 PDT Thu">
        <definition>FN: to give an indentity to</definition>
        <sentenceCount annotated="29" total="197"/>
        <lexeme order="1" headword="false" breakBefore="false" POS="V" name="name"/>
    </lexUnit>
</frame>