<?xml version="1.0" encoding="UTF-8" standalone="yes"?>
<?xml-stylesheet type="text/xsl" href="frame.xsl"?>
<frame cBy="JKR" cDate="07/12/2005 06:37:28 PDT Tue" name="Indigenous_origin" ID="1552" xsi:schemaLocation="../schema/frame.xsd" xmlns="http://framenet.icsi.berkeley.edu" xmlns:xsi="http://www.w3.org/2001/XMLSchema-instance">
    <definition>&lt;def-root&gt;An &lt;fen&gt;Entity&lt;/fen&gt; began its existence in the context of a location of &lt;fen&gt;Origin&lt;/fen&gt;, which is a discourse-salient place, or culture.

&lt;ex&gt;Obviously there are &lt;fex name="Entity"&gt;species&lt;/fex&gt; &lt;fex name="Entity"&gt;that&lt;/fex&gt; are &lt;t&gt;native&lt;/t&gt; &lt;fex name="Origin"&gt;to China&lt;/fex&gt; or used in Chinese Medicine that aren't used in Western or Cherokee Medicine and vice versa. &lt;/ex&gt;

&lt;ex&gt;The &lt;t&gt;indigenous&lt;/t&gt; &lt;fex name="Entity"&gt;people&lt;/fex&gt;, women and the elderly are the most affected. &lt;fex name="Origin"&gt;DNI&lt;/fex&gt;&lt;/ex&gt;

&lt;ex&gt;The Athenians believed that &lt;fex name="Entity"&gt;they&lt;/fex&gt; &lt;m&gt;were&lt;/m&gt; '&lt;t&gt;autochthonous&lt;/t&gt;' &lt;fex name="Origin"&gt;in Attica&lt;/fex&gt;. &lt;/ex&gt;&lt;/def-root&gt;</definition>
    <FE bgColor="FF0000" fgColor="FFFFFF" coreType="Core" cBy="JKR" cDate="07/12/2005 06:37:28 PDT Tue" abbrev="ent" name="Entity" ID="8473">
        <definition>&lt;def-root&gt;The item whose &lt;fen&gt;Origin&lt;/fen&gt; is under discussion.&lt;/def-root&gt;</definition>
    </FE>
    <FE bgColor="0000FF" fgColor="FFFFFF" coreType="Core" cBy="JKR" cDate="07/12/2005 06:37:28 PDT Tue" abbrev="ori" name="Origin" ID="8474">
        <definition>&lt;def-root&gt;The discourse-salient place or culture where the &lt;fen&gt;Entity&lt;/fen&gt; was produced.&lt;/def-root&gt;</definition>
    </FE>
    <frameRelation type="Inherits from">
        <relatedFrame ID="1103">Origin</relatedFrame>
    </frameRelation>
    <frameRelation type="Is Inherited by"/>
    <frameRelation type="Perspective on"/>
    <frameRelation type="Is Perspectivized in"/>
    <frameRelation type="Uses">
        <relatedFrame ID="1483">Foreign_or_domestic_country</relatedFrame>
    </frameRelation>
    <frameRelation type="Is Used by"/>
    <frameRelation type="Subframe of"/>
    <frameRelation type="Has Subframe(s)"/>
    <frameRelation type="Precedes"/>
    <frameRelation type="Is Preceded by"/>
    <frameRelation type="Is Inchoative of"/>
    <frameRelation type="Is Causative of"/>
    <frameRelation type="See also"/>
    <lexUnit status="Created" POS="A" name="indigenous.a" ID="12429" lemmaID="19638" cBy="JKR" cDate="07/12/2005 06:44:49 PDT Tue">
        <definition>COD: originating or occurring naturally in a particular place; native.</definition>
        <sentenceCount annotated="23" total="23"/>
        <lexeme order="1" headword="false" breakBefore="false" POS="A" name="indigenous"/>
    </lexUnit>
    <lexUnit status="Finished_Initial" POS="A" name="native.a" ID="12430" lemmaID="25481" cBy="JKR" cDate="07/12/2005 06:45:27 PDT Tue">
        <definition>FN: having grown or originated in a given location</definition>
        <sentenceCount annotated="22" total="240"/>
        <lexeme order="1" headword="false" breakBefore="false" POS="A" name="native"/>
    </lexUnit>
    <lexUnit status="Created" POS="A" name="autochthonous.a" ID="12431" lemmaID="50161" cBy="JKR" cDate="07/12/2005 06:47:55 PDT Tue">
        <definition>FN: having originated where encountered</definition>
        <sentenceCount annotated="0" total="0"/>
        <lexeme order="1" headword="true" breakBefore="false" POS="A" name="autochthonous"/>
    </lexUnit>
    <lexUnit status="Created" POS="N" name="stranger.n" ID="14357" lemmaID="38267" cBy="KmG" cDate="04/06/2007 03:58:39 PDT Fri">
        <definition>COD: a person who does not know, or is not known in, a particular place.</definition>
        <sentenceCount annotated="2" total="2"/>
        <lexeme order="1" headword="false" breakBefore="false" POS="N" name="stranger"/>
    </lexUnit>
    <lexUnit status="Created" POS="A" name="non-native.a" ID="14494" lemmaID="50712" cBy="KmG" cDate="07/30/2007 01:52:19 PDT Mon">
        <definition>FN: not of indigenous origin to an area</definition>
        <sentenceCount annotated="1" total="1"/>
        <lexeme order="1" headword="true" breakBefore="false" POS="A" name="non-native"/>
    </lexUnit>
    <lexUnit status="Created" POS="N" name="local.n" ID="14500" lemmaID="22609" cBy="KmG" cDate="07/31/2007 11:44:11 PDT Tue">
        <definition>FN: One who is native to a particular place. </definition>
        <sentenceCount annotated="2" total="2"/>
        <lexeme order="1" headword="false" breakBefore="false" POS="N" name="local"/>
    </lexUnit>
</frame>