<?xml version="1.0" encoding="UTF-8" standalone="yes"?>
<?xml-stylesheet type="text/xsl" href="frame.xsl"?>
<frame cBy="MJE" cDate="04/06/2007 06:27:27 PDT Fri" name="Ineffability" ID="1930" xsi:schemaLocation="../schema/frame.xsd" xmlns="http://framenet.icsi.berkeley.edu" xmlns:xsi="http://www.w3.org/2001/XMLSchema-instance">
    <definition>&lt;def-root&gt;A &lt;fen&gt;Stimulus&lt;/fen&gt; inspires a feeling of awe and interest in a (generally implicit or generic) &lt;fen&gt;Experiencer&lt;/fen&gt; due to desirable qualities which are difficult to explain.  Alternatively, the &lt;fen&gt;Attribute&lt;/fen&gt; of the &lt;fen&gt;Stimulus&lt;/fen&gt; may be described instead.

&lt;ex&gt;&lt;m&gt;There is&lt;/m&gt; a certain &lt;t&gt;je-ne-sais-quoi&lt;/t&gt; &lt;fex name="Stimulus"&gt;about that city&lt;/fex&gt; .&lt;/ex&gt;&lt;/def-root&gt;</definition>
    <FE bgColor="FF0000" fgColor="FFFFFF" coreType="Core" cBy="MJE" cDate="04/06/2007 06:27:27 PDT Fri" abbrev="Stim" name="Stimulus" ID="11634">
        <definition>&lt;def-root&gt;The entity which inspires a feeling of amazement at its exceptionality.&lt;/def-root&gt;</definition>
    </FE>
    <FE bgColor="008000" fgColor="FFFFFF" coreType="Peripheral" cBy="MJE" cDate="04/06/2007 06:27:28 PDT Fri" abbrev="Exp" name="Experiencer" ID="11635">
        <definition>&lt;def-root&gt;The &lt;fen&gt;Experiencer&lt;/fen&gt; experiences the emotion brought about by the &lt;fen&gt;Stimulus&lt;/fen&gt;&lt;/def-root&gt;</definition>
        <semType name="Sentient" ID="5"/>
    </FE>
    <FE bgColor="FF69B4" fgColor="FFFFFF" coreType="Peripheral" cBy="MJE" cDate="04/06/2007 06:27:28 PDT Fri" abbrev="Degr" name="Degree" ID="11636">
        <definition>&lt;def-root&gt;An expression of how unusual the ineffability of the &lt;fen&gt;Stimulus&lt;/fen&gt; is.&lt;/def-root&gt;</definition>
        <semType name="Degree" ID="172"/>
    </FE>
    <FE bgColor="808080" fgColor="FFFFFF" coreType="Extra-Thematic" cBy="MJE" cDate="04/06/2007 06:27:28 PDT Fri" abbrev="cir" name="Circumstances" ID="11637">
        <definition>&lt;def-root&gt;This FE marks expressions that indicate a set of conditions under which the &lt;fen&gt;Stimulus&lt;/fen&gt; is able to bring about the emotion.
&lt;/def-root&gt;</definition>
    </FE>
    <FE bgColor="A52A2A" fgColor="FFFFFF" coreType="Peripheral" cBy="MJE" cDate="04/06/2007 06:27:28 PDT Fri" abbrev="Par" name="Parameter" ID="11638">
        <definition>&lt;def-root&gt;The &lt;fen&gt;Parameter&lt;/fen&gt; is the area in which the &lt;fen&gt;Stimulus&lt;/fen&gt; brings about an effect on the &lt;fen&gt;Experiencer&lt;/fen&gt;.&lt;/def-root&gt;</definition>
    </FE>
    <FE bgColor="0000FF" fgColor="FFFFFF" coreType="Extra-Thematic" cBy="MJE" cDate="04/06/2007 06:27:28 PDT Fri" abbrev="C_set" name="Comparison_set" ID="11639">
        <definition>&lt;def-root&gt;The &lt;fen&gt;Comparison_set&lt;/fen&gt; is the set of individuals the &lt;fen&gt;Stimulus&lt;/fen&gt; is compared to when determining the &lt;fen&gt;Degree&lt;/fen&gt; of the emotional reaction. &lt;/def-root&gt;</definition>
    </FE>
    <FE bgColor="800080" fgColor="FFFFFF" coreType="Extra-Thematic" cBy="MJE" cDate="04/06/2007 06:27:28 PDT Fri" abbrev="Property" name="Property" ID="11640">
        <definition>&lt;def-root&gt;A feature of the &lt;fen&gt;Stimulus&lt;/fen&gt; which causes a particular experience.

&lt;ex&gt;That night was &lt;t&gt;magic&lt;/t&gt; &lt;fex name="Property"&gt;in every way&lt;/fex&gt; .&lt;/ex&gt;&lt;/def-root&gt;</definition>
    </FE>
    <FE bgColor="00BFFF" fgColor="FFFFFF" coreType="Core-Unexpressed" cBy="MJE" cDate="04/06/2007 06:38:56 PDT Fri" abbrev="" name="Attribute" ID="11641">
        <definition>&lt;def-root&gt;An expression of the attribute of ineffability.

&lt;ex&gt;She had a &lt;t&gt;magical&lt;/t&gt; &lt;fex name="Attribute"&gt;quality&lt;/fex&gt; .&lt;/ex&gt;&lt;/def-root&gt;</definition>
    </FE>
    <frameRelation type="Inherits from">
        <relatedFrame ID="364">Stimulus_focus</relatedFrame>
    </frameRelation>
    <frameRelation type="Is Inherited by"/>
    <frameRelation type="Perspective on"/>
    <frameRelation type="Is Perspectivized in"/>
    <frameRelation type="Uses"/>
    <frameRelation type="Is Used by"/>
    <frameRelation type="Subframe of"/>
    <frameRelation type="Has Subframe(s)"/>
    <frameRelation type="Precedes"/>
    <frameRelation type="Is Preceded by"/>
    <frameRelation type="Is Inchoative of"/>
    <frameRelation type="Is Causative of"/>
    <frameRelation type="See also"/>
    <lexUnit status="Finished_Initial" POS="N" name="magic.n" ID="14378" lemmaID="23120" cBy="MJE" cDate="04/06/2007 06:35:28 PDT Fri">
        <definition>COD: a mysterious and enchanting quality.</definition>
        <sentenceCount annotated="20" total="106"/>
        <lexeme order="1" headword="false" breakBefore="false" POS="N" name="magic"/>
    </lexUnit>
    <lexUnit status="Created" POS="A" name="magic.a" ID="14379" lemmaID="23121" cBy="MJE" cDate="04/06/2007 06:35:40 PDT Fri">
        <definition>COD: mysterious and enchanting</definition>
        <sentenceCount annotated="0" total="0"/>
        <lexeme order="1" headword="false" breakBefore="false" POS="A" name="magic"/>
    </lexUnit>
    <lexUnit status="Created" POS="A" name="magical.a" ID="14380" lemmaID="23122" cBy="MJE" cDate="04/06/2007 06:35:54 PDT Fri">
        <definition>FN: characterized by a a mysterious and enchanting quality.</definition>
        <sentenceCount annotated="0" total="0"/>
        <lexeme order="1" headword="false" breakBefore="false" POS="A" name="magical"/>
    </lexUnit>
    <lexUnit status="Finished_Initial" POS="A" name="ineffable.a" ID="14381" lemmaID="19740" cBy="MJE" cDate="04/06/2007 06:36:06 PDT Fri">
        <definition>COD: too great or extreme to be expressed in words</definition>
        <sentenceCount annotated="13" total="33"/>
        <lexeme order="1" headword="false" breakBefore="false" POS="A" name="ineffable"/>
    </lexUnit>
    <lexUnit status="Created" POS="N" name="ineffability.n" ID="14382" lemmaID="19739" cBy="MJE" cDate="04/06/2007 06:36:18 PDT Fri">
        <definition>FN: being too great or extreme to be expressed in words</definition>
        <sentenceCount annotated="0" total="0"/>
        <lexeme order="1" headword="false" breakBefore="false" POS="N" name="ineffability"/>
    </lexUnit>
    <lexUnit status="Created" POS="N" name="je ne sais quoi.n" ID="14383" lemmaID="50660" cBy="MJE" cDate="04/06/2007 06:37:33 PDT Fri">
        <definition>FN: indescribableness</definition>
        <sentenceCount annotated="0" total="0"/>
        <lexeme order="1" headword="false" breakBefore="false" POS="N" name="je"/>
        <lexeme order="2" headword="false" breakBefore="false" POS="ADV" name="ne"/>
        <lexeme order="3" headword="false" breakBefore="false" POS="V" name="sais"/>
        <lexeme order="4" headword="true" breakBefore="false" POS="N" name="quoi"/>
    </lexUnit>
    <lexUnit status="Created" POS="N" name="magicalness.n" ID="14384" lemmaID="50661" cBy="MJE" cDate="04/06/2007 06:37:57 PDT Fri">
        <definition>FN: the condition or quality of having a mysterious and enchanting quality.</definition>
        <sentenceCount annotated="0" total="0"/>
        <lexeme order="1" headword="true" breakBefore="false" POS="N" name="magicalness"/>
    </lexUnit>
</frame>