<?xml version="1.0" encoding="UTF-8" standalone="yes"?>
<?xml-stylesheet type="text/xsl" href="frame.xsl"?>
<frame cBy="PKe" cDate="09/19/2011 05:29:58 PDT Mon" name="Information_display" ID="2653" xsi:schemaLocation="../schema/frame.xsd" xmlns="http://framenet.icsi.berkeley.edu" xmlns:xsi="http://www.w3.org/2001/XMLSchema-instance">
    <definition>&lt;def-root&gt;A man-made artifact, digital or physical, which is used to display information presented via the object.

&lt;ex&gt;&lt;fex name="Name"&gt;4chan&lt;/fex&gt; is an &lt;fex name="Type"&gt;&lt;t&gt;image&lt;/t&gt;&lt;/fex&gt; &lt;t&gt;board&lt;/t&gt; &lt;fex name="Use"&gt;for discussing gaming and internet culture&lt;/fex&gt;.&lt;/ex&gt;&lt;/def-root&gt;</definition>
    <FE bgColor="FF69B4" fgColor="FFFFFF" coreType="Core" cBy="PKe" cDate="09/19/2011 05:29:58 PDT Mon" abbrev="Display" name="Display" ID="14991">
        <definition>&lt;def-root&gt;This FE identifies the entity or substance that is designed to have a particular &lt;fen&gt;Use&lt;/fen&gt;.&lt;/def-root&gt;</definition>
    </FE>
    <FE bgColor="9400D3" fgColor="FFFFFF" coreType="Peripheral" cBy="PKe" cDate="09/19/2011 05:29:58 PDT Mon" abbrev="Use" name="Use" ID="14992">
        <definition>&lt;def-root&gt;The use for which a display is intended.&lt;/def-root&gt;</definition>
    </FE>
    <FE bgColor="FF0000" fgColor="FFFFFF" coreType="Extra-Thematic" cBy="PKe" cDate="09/19/2011 05:29:58 PDT Mon" abbrev="" name="Creator" ID="14993">
        <definition>&lt;def-root&gt;An individual or individuals that bring the &lt;fen&gt;Display&lt;/fen&gt; into existence.&lt;/def-root&gt;</definition>
    </FE>
    <FE bgColor="FFA500" fgColor="FFFFFF" coreType="Extra-Thematic" cBy="PKe" cDate="09/19/2011 05:29:58 PDT Mon" abbrev="" name="Time_of_creation" ID="14994">
        <definition>&lt;def-root&gt;The time at which an &lt;fen&gt;Display&lt;/fen&gt; comes into existence.&lt;/def-root&gt;</definition>
    </FE>
    <FE bgColor="008000" fgColor="FFFFFF" coreType="Extra-Thematic" cBy="PKe" cDate="09/19/2011 05:29:58 PDT Mon" abbrev="" name="Name" ID="14995">
        <definition>&lt;def-root&gt;The term used to refer to an &lt;fen&gt;Display&lt;/fen&gt;.&lt;/def-root&gt;</definition>
    </FE>
    <FE bgColor="00008B" fgColor="FFFFFF" coreType="Extra-Thematic" cBy="PKe" cDate="09/19/2011 05:29:58 PDT Mon" abbrev="" name="Type" ID="14996">
        <definition>&lt;def-root&gt;An indication of the subtype of &lt;fen&gt;Display&lt;/fen&gt;.&lt;/def-root&gt;</definition>
    </FE>
    <FE bgColor="A9A9A9" fgColor="FFFFFF" coreType="Extra-Thematic" cBy="PKe" cDate="09/19/2011 05:29:58 PDT Mon" abbrev="" name="Material" ID="14997">
        <definition>&lt;def-root&gt;Any indication of what makes up the &lt;fen&gt;Display&lt;/fen&gt;, including components, code, etc.&lt;/def-root&gt;</definition>
    </FE>
    <frameRelation type="Inherits from">
        <relatedFrame ID="421">Artifact</relatedFrame>
    </frameRelation>
    <frameRelation type="Is Inherited by"/>
    <frameRelation type="Perspective on"/>
    <frameRelation type="Is Perspectivized in"/>
    <frameRelation type="Uses">
        <relatedFrame ID="2161">Cause_to_perceive</relatedFrame>
    </frameRelation>
    <frameRelation type="Is Used by"/>
    <frameRelation type="Subframe of"/>
    <frameRelation type="Has Subframe(s)"/>
    <frameRelation type="Precedes"/>
    <frameRelation type="Is Preceded by"/>
    <frameRelation type="Is Inchoative of"/>
    <frameRelation type="Is Causative of"/>
    <frameRelation type="See also"/>
    <lexUnit status="Created" POS="N" name="board (forum).n" ID="16616" lemmaID="3998" cBy="PKe" cDate="09/19/2011 05:43:18 PDT Mon">
        <definition>An entity in which multiple users display information, responding to posts and creating new ones.</definition>
        <sentenceCount annotated="4" total="4"/>
        <lexeme order="1" headword="false" breakBefore="false" POS="N" name="board"/>
    </lexUnit>
    <lexUnit status="Created" POS="N" name="board (written).n" ID="16617" lemmaID="3998" cBy="PKe" cDate="09/19/2011 05:45:19 PDT Mon">
        <definition>FN: A flat, smooth surface which is written on, often with a specific implement, in order to display information. (ex. whiteboard, chalkboard)</definition>
        <sentenceCount annotated="7" total="7"/>
        <lexeme order="1" headword="false" breakBefore="false" POS="N" name="board"/>
    </lexUnit>
    <lexUnit status="Created" POS="N" name="monitor.n" ID="17200" lemmaID="24794" cBy="PKe" cDate="12/20/2012 03:24:17 PST Thu">
        <definition>FN: A digital display connected to a computer.</definition>
        <sentenceCount annotated="0" total="0"/>
        <lexeme order="1" headword="false" breakBefore="false" POS="N" name="monitor"/>
    </lexUnit>
</frame>