<?xml version="1.0" encoding="UTF-8" standalone="yes"?>
<?xml-stylesheet type="text/xsl" href="frame.xsl"?>
<frame cBy="RLG" cDate="07/25/2005 04:13:49 PDT Mon" name="Information" ID="1591" xsi:schemaLocation="../schema/frame.xsd" xmlns="http://framenet.icsi.berkeley.edu" xmlns:xsi="http://www.w3.org/2001/XMLSchema-instance">
    <definition>&lt;def-root&gt;A &lt;fen&gt;Cognizer&lt;/fen&gt; knows or comes to know some piece of &lt;fen&gt;Information&lt;/fen&gt; about a &lt;fen&gt;Topic&lt;/fen&gt;.  In this frame, many LUs encode a specific &lt;fen&gt;Means_of_Gathering&lt;/fen&gt; and/or &lt;fen&gt;Source&lt;/fen&gt;, but these may also be expressed separately.

&lt;ex&gt;Also, the big problem is that &lt;fex name="cog"&gt;our&lt;/fex&gt; &lt;fex name="inf"&gt;&lt;t&gt;intel&lt;/t&gt;&lt;/fex&gt; &lt;fex name="top"&gt;about WMD's&lt;/fex&gt; has many times been wrong.&lt;/ex&gt;


&lt;ex&gt; &lt;fex name="Cognizer"&gt;Anyone&lt;/fex&gt; &lt;m&gt;got&lt;/m&gt; the &lt;fex name="inf"&gt;&lt;t&gt;straight dope&lt;/t&gt;&lt;/fex&gt; &lt;fex name="Topic"&gt;on this&lt;/fex&gt;? &lt;/ex&gt;

&lt;ex&gt;&lt;m&gt;Get&lt;/m&gt; the &lt;fex name="Source"&gt;inside&lt;/fex&gt; &lt;fex name="inf"&gt;&lt;t&gt;scoop&lt;/t&gt;&lt;/fex&gt; &lt;fex name="Topic"&gt;on sprint football player Austin Wilson&lt;/fex&gt;. &lt;fex name="Cognizer"&gt;CNI&lt;/fex&gt;&lt;/ex&gt;

&lt;ex&gt;I know him pretty well and &lt;fex name="Cognizer"&gt;I&lt;/fex&gt; &lt;m&gt;have&lt;/m&gt; a lot of &lt;fex name="inf"&gt;&lt;t&gt;dirt&lt;/t&gt;&lt;/fex&gt; &lt;fex name="Topic"&gt;on him&lt;/fex&gt; so I can always hold him over a barrel.&lt;/ex&gt;

&lt;ex&gt;&lt;fex name="inf"&gt;What&lt;/fex&gt;&lt;m&gt;'s&lt;/m&gt; the &lt;t&gt;info&lt;/t&gt; &lt;fex name="Topic"&gt;about the new scanner chip&lt;/fex&gt;? &lt;fex name="Cognizer"&gt;INI&lt;/fex&gt;&lt;/ex&gt;&lt;/def-root&gt;</definition>
    <FE bgColor="0000FF" fgColor="FFFFFF" coreType="Core" cBy="RLG" cDate="07/25/2005 04:29:11 PDT Mon" abbrev="inf" name="Information" ID="8690">
        <definition>&lt;def-root&gt;The Information that the Cognizer possesses or comes to posess.

&lt;ex&gt;Not long before Bill Marlin died, he shared with me his &lt;t&gt;information&lt;/t&gt; &lt;fex name="inf"&gt;that Mrs
Wright was with her husband on the day Wright was born&lt;/fex&gt;.&lt;/ex&gt;&lt;/def-root&gt;</definition>
    </FE>
    <FE bgColor="FF0000" fgColor="FFFFFF" coreType="Core" cBy="RLG" cDate="07/25/2005 04:29:53 PDT Mon" abbrev="cog" name="Cognizer" ID="8691">
        <definition>&lt;def-root&gt;The &lt;fen&gt;Cognizer&lt;/fen&gt; is aware of the &lt;fen&gt;Information&lt;/fen&gt;.

&lt;ex&gt;&lt;fex name="cog"&gt;Our&lt;/fex&gt; &lt;t&gt;information&lt;/t&gt; shows that soon after the turn of the 1900's, John Dazey was
making can openers in the Dallas Texas area at the time.&lt;/ex&gt;&lt;/def-root&gt;</definition>
        <semType name="Human" ID="80"/>
    </FE>
    <FE bgColor="A52A2A" fgColor="FFFFFF" coreType="Core" cBy="RLG" cDate="07/25/2005 04:30:20 PDT Mon" abbrev="top" name="Topic" ID="8692">
        <definition>&lt;def-root&gt;The &lt;fen&gt;Topic&lt;/fen&gt; is what the Information is about in general.

&lt;ex&gt;What happens to &lt;fex name="Topic"&gt;my&lt;/fex&gt; &lt;t&gt;information&lt;/t&gt; if I quit my membership?&lt;/ex&gt;&lt;/def-root&gt;</definition>
    </FE>
    <FE bgColor="008000" fgColor="FFFFFF" coreType="Peripheral" cBy="RLG" cDate="07/25/2005 04:31:00 PDT Mon" abbrev="sou" name="Source" ID="8693">
        <definition>&lt;def-root&gt;The &lt;fen&gt;Cognizer&lt;/fen&gt; obtains the Information from the &lt;fen&gt;Source&lt;/fen&gt;.

&lt;ex&gt;How credible is the &lt;t&gt;information&lt;/t&gt; &lt;fex name="Source"&gt;from the Internet&lt;/fex&gt;?&lt;/ex&gt;&lt;/def-root&gt;</definition>
    </FE>
    <FE bgColor="FF69B4" fgColor="FFFFFF" coreType="Peripheral" cBy="RLG" cDate="07/25/2005 04:31:42 PDT Mon" abbrev="Mea" name="Means_of_gathering" ID="8694">
        <definition>&lt;def-root&gt;An action or method used by the &lt;fen&gt;Cognizer&lt;/fen&gt; that results in the acquisition of the &lt;fen&gt;Information&lt;/fen&gt;.

&lt;ex&gt;Who can see and use &lt;fex name="Mea"&gt;survey&lt;/fex&gt; &lt;t&gt;information&lt;/t&gt;?&lt;/ex&gt;&lt;/def-root&gt;</definition>
    </FE>
    <frameRelation type="Inherits from"/>
    <frameRelation type="Is Inherited by"/>
    <frameRelation type="Perspective on"/>
    <frameRelation type="Is Perspectivized in"/>
    <frameRelation type="Uses"/>
    <frameRelation type="Is Used by">
        <relatedFrame ID="19">Awareness</relatedFrame>
        <relatedFrame ID="6">Communication</relatedFrame>
        <relatedFrame ID="1512">Correctness</relatedFrame>
    </frameRelation>
    <frameRelation type="Subframe of"/>
    <frameRelation type="Has Subframe(s)"/>
    <frameRelation type="Precedes"/>
    <frameRelation type="Is Preceded by"/>
    <frameRelation type="Is Inchoative of"/>
    <frameRelation type="Is Causative of"/>
    <frameRelation type="See also"/>
    <lexUnit status="Created" POS="N" name="information.n" ID="12537" lemmaID="19894" cBy="RLG" cDate="07/25/2005 04:17:21 PDT Mon">
        <definition>COD: facts or knowledge provided or learned as a result of research or study.</definition>
        <sentenceCount annotated="41" total="41"/>
        <lexeme order="1" headword="false" breakBefore="false" POS="N" name="information"/>
    </lexUnit>
    <lexUnit status="Needs_SCs" POS="N" name="intelligence.n" ID="12538" lemmaID="20256" cBy="RLG" cDate="07/25/2005 04:21:17 PDT Mon">
        <definition>FN: politically or militarily valuable information, often gathered by covert means.</definition>
        <sentenceCount annotated="15" total="131"/>
        <lexeme order="1" headword="false" breakBefore="false" POS="N" name="intelligence"/>
    </lexUnit>
    <lexUnit status="Created" POS="N" name="intel.n" ID="12539" lemmaID="50192" cBy="RLG" cDate="07/25/2005 04:22:24 PDT Mon">
        <definition>FN: information gathered by covert means; intelligence.</definition>
        <sentenceCount annotated="0" total="0"/>
        <lexeme order="1" headword="true" breakBefore="false" POS="N" name="intel"/>
    </lexUnit>
    <lexUnit status="Created" POS="N" name="dirt.n" ID="12540" lemmaID="10769" cBy="RLG" cDate="07/25/2005 04:23:29 PDT Mon">
        <definition>COD: scandalous or sordid information or material.</definition>
        <sentenceCount annotated="0" total="0"/>
        <lexeme order="1" headword="false" breakBefore="false" POS="N" name="dirt"/>
    </lexUnit>
    <lexUnit status="Created" POS="N" name="scoop.n" ID="12541" lemmaID="50193" cBy="RLG" cDate="07/25/2005 04:25:43 PDT Mon">
        <definition>COD: the latest news.</definition>
        <sentenceCount annotated="0" total="0"/>
        <lexeme order="1" headword="true" breakBefore="false" POS="N" name="scoop"/>
    </lexUnit>
    <lexUnit status="Created" POS="N" name="dope.n" ID="12542" lemmaID="50194" cBy="RLG" cDate="07/25/2005 04:26:31 PDT Mon">
        <definition>COD: information.</definition>
        <sentenceCount annotated="0" total="0"/>
        <lexeme order="1" headword="true" breakBefore="false" POS="N" name="dope"/>
    </lexUnit>
    <lexUnit status="Created" POS="N" name="straight dope.n" ID="12543" lemmaID="50195" cBy="RLG" cDate="07/25/2005 04:28:55 PDT Mon">
        <definition>FN: reliable, inside information.</definition>
        <sentenceCount annotated="0" total="0"/>
        <lexeme order="1" headword="false" breakBefore="false" POS="A" name="straight"/>
        <lexeme order="2" headword="true" breakBefore="false" POS="N" name="dope"/>
    </lexUnit>
    <lexUnit status="Created" POS="N" name="data.n" ID="12687" lemmaID="9602" cBy="MiL" cDate="08/23/2005 02:15:11 PDT Tue">
        <definition>COD: facts and statistics used for reference or analysis.</definition>
        <sentenceCount annotated="6" total="6"/>
        <lexeme order="1" headword="false" breakBefore="false" POS="N" name="data"/>
    </lexUnit>
    <lexUnit status="Created" POS="N" name="info.n" ID="12853" lemmaID="19888" cBy="Amy" cDate="10/26/2005 04:52:24 PDT Wed">
        <definition>COD: short for information.</definition>
        <sentenceCount annotated="0" total="0"/>
        <lexeme order="1" headword="false" breakBefore="false" POS="N" name="info"/>
    </lexUnit>
    <lexUnit status="Created" POS="N" name="skinny.n" ID="13491" lemmaID="50427" cBy="RLG" cDate="08/17/2006 04:41:59 PDT Thu">
        <definition>COD: confidential information or gossip.</definition>
        <sentenceCount annotated="0" total="0"/>
        <lexeme order="1" headword="true" breakBefore="false" POS="N" name="skinny"/>
    </lexUnit>
    <lexUnit status="Created" POS="N" name="details.n" ID="14601" lemmaID="50755" cBy="KmG" cDate="10/26/2007 12:52:36 PDT Fri">
        <definition>FN: specific information</definition>
        <sentenceCount annotated="1" total="2"/>
        <lexeme order="1" headword="true" breakBefore="false" POS="N" name="details"/>
    </lexUnit>
</frame>