<?xml version="1.0" encoding="UTF-8" standalone="yes"?>
<?xml-stylesheet type="text/xsl" href="frame.xsl"?>
<frame cBy="JKR" cDate="03/02/2005 08:21:19 PST Wed" name="Ingredients" ID="1348" xsi:schemaLocation="../schema/frame.xsd" xmlns="http://framenet.icsi.berkeley.edu" xmlns:xsi="http://www.w3.org/2001/XMLSchema-instance">
    <definition>&lt;def-root&gt;A &lt;fen&gt;Material&lt;/fen&gt; is used to make a &lt;fen&gt;Product&lt;/fen&gt;. 

&lt;ex&gt;These &lt;fex name="use"&gt;cooking&lt;/fex&gt; &lt;t&gt;&lt;fex name="mat"&gt;ingredients&lt;/fex&gt;&lt;/t&gt; are readily available.&lt;/ex&gt;

&lt;ex&gt;An &lt;fex name="des"&gt;aberrant&lt;/fex&gt; &lt;fex name="pro"&gt;hemoglobin&lt;/fex&gt; &lt;t&gt;&lt;fex name="mat"&gt;precursor&lt;/fex&gt;&lt;/t&gt; has been discovered to be implicated.&lt;/ex&gt;&lt;/def-root&gt;</definition>
    <FE bgColor="0000FF" fgColor="FFFFFF" coreType="Core" cBy="JKR" cDate="03/02/2005 08:21:19 PST Wed" abbrev="mat" name="Material" ID="7625">
        <definition>&lt;def-root&gt;The entity which is used to make a &lt;fen&gt;Product&lt;/fen&gt;.

&lt;ex&gt;Add all the &lt;t&gt;&lt;fex name="mat"&gt;ingredients&lt;/fex&gt;&lt;/t&gt;, toss and chill.&lt;/ex&gt;&lt;/def-root&gt;</definition>
    </FE>
    <FE bgColor="FF69B4" fgColor="FFFFFF" coreType="Peripheral" cBy="JKR" cDate="03/02/2005 08:21:19 PST Wed" abbrev="typ" name="Type" ID="7626">
        <definition>&lt;def-root&gt;This FE indicates what subtype of the general category the &lt;fen&gt;Material&lt;/fen&gt; belongs to.
&lt;/def-root&gt;</definition>
    </FE>
    <FE bgColor="008000" fgColor="FFFFFF" coreType="Extra-Thematic" cBy="JKR" cDate="03/02/2005 08:21:19 PST Wed" abbrev="sou" name="Origin" ID="7627">
        <definition>&lt;def-root&gt;The location that the &lt;fen&gt;Material&lt;/fen&gt; comes from, including both extraction sites and emission/production sources.


&lt;/def-root&gt;</definition>
        <semType name="Source" ID="151"/>
    </FE>
    <FE bgColor="FFA500" fgColor="FFFFFF" coreType="Extra-Thematic" cBy="JKR" cDate="03/02/2005 08:21:19 PST Wed" abbrev="des" name="Descriptor" ID="7628">
        <definition>&lt;def-root&gt;A characterization of the &lt;fen&gt;Material&lt;/fen&gt;.

&lt;/def-root&gt;</definition>
    </FE>
    <FE bgColor="FF0000" fgColor="FFFFFF" coreType="Core" cBy="JKR" cDate="03/02/2005 08:21:19 PST Wed" abbrev="use" name="Use" ID="7629">
        <definition>&lt;def-root&gt;The purpose for which the &lt;fen&gt;Material&lt;/fen&gt; is intended.

&lt;ex&gt;Supply and placing of &lt;fex name="use"&gt;building&lt;/fex&gt; &lt;t&gt;materials&lt;/t&gt; shall be incidental to installation of the paving stones.&lt;/ex&gt;&lt;/def-root&gt;</definition>
    </FE>
    <FE bgColor="A52A2A" fgColor="FFFFFF" coreType="Core" cBy="JKR" cDate="03/02/2005 08:27:48 PST Wed" abbrev="pro" name="Product" ID="7630">
        <definition>&lt;def-root&gt;The entity or substance that is created out of the &lt;fen&gt;Material&lt;/fen&gt;.&lt;/def-root&gt;</definition>
    </FE>
    <FE bgColor="A9A9A9" fgColor="FFFFFF" coreType="Extra-Thematic" cBy="AlK" cDate="03/18/2011 04:25:46 PDT Fri" abbrev="Nam" name="Name" ID="14372">
        <definition>&lt;def-root&gt;An sequenced based naming system for individual members of a group.&lt;/def-root&gt;</definition>
    </FE>
    <frameRelation type="Inherits from"/>
    <frameRelation type="Is Inherited by"/>
    <frameRelation type="Perspective on"/>
    <frameRelation type="Is Perspectivized in"/>
    <frameRelation type="Uses">
        <relatedFrame ID="319">Creating</relatedFrame>
    </frameRelation>
    <frameRelation type="Is Used by"/>
    <frameRelation type="Subframe of"/>
    <frameRelation type="Has Subframe(s)"/>
    <frameRelation type="Precedes"/>
    <frameRelation type="Is Preceded by"/>
    <frameRelation type="Is Inchoative of"/>
    <frameRelation type="Is Causative of"/>
    <frameRelation type="See also"/>
    <lexUnit status="Finished_Initial" POS="N" name="ingredient.n" ID="11682" lemmaID="19933" cBy="JKR" cDate="03/02/2005 08:33:26 PST Wed">
        <definition>FN: something that enters into a compound or becomes part of a combination or mixture.</definition>
        <sentenceCount annotated="22" total="204"/>
        <lexeme order="1" headword="false" breakBefore="false" POS="N" name="ingredient"/>
    </lexUnit>
    <lexUnit status="Finished_Initial" POS="N" name="precursor.n" ID="11683" lemmaID="30113" cBy="JKR" cDate="03/02/2005 08:34:54 PST Wed">
        <definition>COD: a substance from which another is formed, especially by metabolic reaction</definition>
        <sentenceCount annotated="38" total="170"/>
        <lexeme order="1" headword="false" breakBefore="false" POS="N" name="precursor"/>
    </lexUnit>
    <lexUnit status="Created" POS="N" name="material.n" ID="11684" lemmaID="23677" cBy="JKR" cDate="03/02/2005 08:35:21 PST Wed">
        <definition>COD: the matter from which a thing is or can be made</definition>
        <sentenceCount annotated="34" total="35"/>
        <lexeme order="1" headword="false" breakBefore="false" POS="N" name="material"/>
    </lexUnit>
    <lexUnit status="Created" POS="N" name="component.n" ID="11733" lemmaID="7518" cBy="MJE" cDate="03/07/2005 02:44:20 PST Mon">
        <definition>COD: a part or element of a larger whole, especially a part of a machine or vehicle. </definition>
        <sentenceCount annotated="18" total="18"/>
        <lexeme order="1" headword="false" breakBefore="false" POS="N" name="component"/>
    </lexUnit>
    <lexUnit status="Created" POS="N" name="element.n" ID="14622" lemmaID="12444" cBy="KmG" cDate="11/01/2007 11:56:07 PDT Thu">
        <definition>FN: the most basic factor or part that makes up something</definition>
        <sentenceCount annotated="3" total="3"/>
        <lexeme order="1" headword="false" breakBefore="false" POS="N" name="element"/>
    </lexUnit>
    <lexUnit status="Created" POS="N" name="trace.n" ID="16272" lemmaID="40889" cBy="AlK" cDate="03/16/2011 03:58:56 PDT Wed">
        <definition>FN: a short sequence of DNA that is used to generate larger sequences</definition>
        <sentenceCount annotated="28" total="28"/>
        <lexeme order="1" headword="false" breakBefore="false" POS="N" name="trace"/>
    </lexUnit>
</frame>