<?xml version="1.0" encoding="UTF-8" standalone="yes"?>
<?xml-stylesheet type="text/xsl" href="frame.xsl"?>
<frame cBy="MJE" cDate="08/08/2005 06:57:31 PDT Mon" name="Institutions" ID="1604" xsi:schemaLocation="../schema/frame.xsd" xmlns="http://framenet.icsi.berkeley.edu" xmlns:xsi="http://www.w3.org/2001/XMLSchema-instance">
    <definition>&lt;def-root&gt;This frame concerns permanent organizations (the &lt;fen&gt;Institution&lt;/fen&gt;s) with a public character, meaning that they are intended to affect the lives of the public at large in a particular &lt;fen&gt;Domain&lt;/fen&gt;.  In some cases, most or all members of the public have a direct relationship with the &lt;fen&gt;Institution&lt;/fen&gt;, but in many cases, the effect on the populace is indirect.

&lt;ex&gt;&lt;fex name="Institution"&gt;This&lt;/fex&gt; is an &lt;fex name="dom"&gt;academic&lt;/fex&gt; &lt;t&gt;institution&lt;/t&gt; &lt;fex name="Members"&gt;comprised largely of entrepreneurs&lt;/fex&gt;.&lt;/ex&gt;&lt;/def-root&gt;</definition>
    <FE bgColor="FF0000" fgColor="FFFFFF" coreType="Core" cBy="MJE" cDate="08/08/2005 07:34:48 PDT Mon" abbrev="ins" name="Institution" ID="8826">
        <definition>&lt;def-root&gt;A permanent organization with a socially important purpose.&lt;/def-root&gt;</definition>
        <semType name="Group" ID="76"/>
    </FE>
    <FE bgColor="00008B" fgColor="FFFFFF" coreType="Core" cBy="MJE" cDate="08/08/2005 07:35:51 PDT Mon" abbrev="dom" name="Domain" ID="8827">
        <definition>&lt;def-root&gt;The concern of the &lt;fen&gt;Institution&lt;/fen&gt;-- broadly speaking, the aspect of society that they affect.&lt;/def-root&gt;</definition>
    </FE>
    <FE bgColor="800080" fgColor="FFFFFF" coreType="Peripheral" cBy="MJE" cDate="12/07/2005 11:31:46 PST Wed" abbrev="pur" name="Purpose" ID="9585">
        <definition>&lt;def-root&gt;The goal of the &lt;fen&gt;Institution&lt;/fen&gt;.

&lt;ex&gt;We're trying to figure out the quality indicators of an &lt;t&gt;institution&lt;/t&gt; &lt;fex name="pur"&gt;for addiction care&lt;/fex&gt;.&lt;/ex&gt;

&lt;/def-root&gt;</definition>
        <semType name="State_of_affairs" ID="177"/>
    </FE>
    <FE bgColor="008000" fgColor="FFFFFF" coreType="Peripheral" cBy="MJE" cDate="12/07/2005 11:35:43 PST Wed" abbrev="mem" name="Members" ID="9586">
        <definition>&lt;def-root&gt;The individuals that make up an &lt;fen&gt;Institution&lt;/fen&gt;.

&lt;ex&gt;We are an &lt;t&gt;institution&lt;/t&gt; &lt;fex name="mem"&gt;of primarily academic personnel&lt;/fex&gt;.&lt;/ex&gt;&lt;/def-root&gt;</definition>
    </FE>
    <FE bgColor="FFFF00" fgColor="000000" coreType="Peripheral" cBy="AnW" cDate="02/10/2010 02:58:42 PST Wed" abbrev="" name="Place" ID="13567">
        <definition>&lt;def-root&gt;The &lt;fen&gt;Place&lt;/fen&gt; where the &lt;fen&gt;Institution&lt;/fen&gt; is located.&lt;/def-root&gt;</definition>
        <semType name="Locative_relation" ID="182"/>
    </FE>
    <frameRelation type="Inherits from">
        <relatedFrame ID="1371">Organization</relatedFrame>
    </frameRelation>
    <frameRelation type="Is Inherited by">
        <relatedFrame ID="1607">Judicial_body</relatedFrame>
        <relatedFrame ID="2655">Government_institution</relatedFrame>
    </frameRelation>
    <frameRelation type="Perspective on"/>
    <frameRelation type="Is Perspectivized in"/>
    <frameRelation type="Uses">
        <relatedFrame ID="1481">Infrastructure</relatedFrame>
    </frameRelation>
    <frameRelation type="Is Used by">
        <relatedFrame ID="1605">Public_services</relatedFrame>
    </frameRelation>
    <frameRelation type="Subframe of"/>
    <frameRelation type="Has Subframe(s)"/>
    <frameRelation type="Precedes"/>
    <frameRelation type="Is Preceded by"/>
    <frameRelation type="Is Inchoative of"/>
    <frameRelation type="Is Causative of"/>
    <frameRelation type="See also"/>
    <lexUnit status="Finished_Initial" POS="N" name="institution.n" ID="12614" lemmaID="20188" cBy="MJE" cDate="08/08/2005 07:33:10 PDT Mon">
        <definition>COD: an organization founded for a religious, educational, or social purpose.</definition>
        <sentenceCount annotated="27" total="199"/>
        <lexeme order="1" headword="false" breakBefore="false" POS="N" name="institution"/>
    </lexUnit>
    <lexUnit status="Created" POS="A" name="institutional.a" ID="12615" lemmaID="20189" cBy="MJE" cDate="08/09/2005 11:24:02 PDT Tue">
        <definition>COD: of, in, or like an institution.</definition>
        <sentenceCount annotated="1" total="1"/>
        <lexeme order="1" headword="false" breakBefore="false" POS="A" name="institutional"/>
    </lexUnit>
</frame>