<?xml version="1.0" encoding="UTF-8" standalone="yes"?>
<?xml-stylesheet type="text/xsl" href="frame.xsl"?>
<frame cBy="JKR" cDate="06/15/2001 12:48:36 PDT Fri" name="Instance" ID="132" xsi:schemaLocation="../schema/frame.xsd" xmlns="http://framenet.icsi.berkeley.edu" xmlns:xsi="http://www.w3.org/2001/XMLSchema-instance">
    <definition>&lt;def-root&gt;This frame concerns transparent nouns that denote &lt;fen&gt;Instance&lt;/fen&gt;s of &lt;fen&gt;Type&lt;/fen&gt;s of entities or events.

&lt;ex&gt;The survey confirmed that management interference in team operations had increased , and &lt;t&gt;&lt;fex name="Instance"&gt;instances&lt;/fex&gt;&lt;/t&gt; &lt;fex name="Type"&gt;of management decisions being taken without team consultation&lt;/fex&gt; had also increased .&lt;/ex&gt;&lt;/def-root&gt;</definition>
    <semType name="Transparent Noun" ID="9"/>
    <FE bgColor="0000FF" fgColor="FFFFFF" coreType="Core" cBy="JKR" cDate="06/15/2001 01:19:58 PDT Fri" abbrev="" name="Instance" ID="854">
        <definition>&lt;def-root&gt;A thing or episode of a certain &lt;fen&gt;Type&lt;/fen&gt;.&lt;/def-root&gt;</definition>
    </FE>
    <FE bgColor="FF0000" fgColor="FFFFFF" coreType="Core" cBy="JKR" cDate="06/15/2001 01:23:27 PDT Fri" abbrev="" name="Type" ID="855">
        <definition>&lt;def-root&gt;The category of thing or event of which an &lt;fen&gt;Instance&lt;/fen&gt; is picked out.&lt;ex&gt;I collected two &lt;fex name="Instance"&gt;&lt;t&gt;specimens&lt;/t&gt;&lt;/fex&gt; &lt;fex name="Type"&gt;of this rare species&lt;/fex&gt;.&lt;/ex&gt;&lt;/def-root&gt;</definition>
    </FE>
    <FE bgColor="00BFFF" fgColor="FFFFFF" coreType="Peripheral" cBy="JKR" cDate="06/26/2001 12:06:18 PDT Tue" abbrev="" name="Instance_prop" ID="1087">
        <definition>&lt;def-root&gt;A property of the &lt;fen&gt;Instance&lt;/fen&gt;:&lt;ex&gt;This is a &lt;fex name="Instance_prop"&gt;clear&lt;/fex&gt; &lt;fex name="Instance"&gt;&lt;t&gt;example&lt;/t&gt;&lt;/fex&gt; &lt;fex name="Type"&gt;of the problem&lt;/fex&gt;.&lt;/ex&gt;&lt;/def-root&gt;</definition>
    </FE>
    <frameRelation type="Inherits from"/>
    <frameRelation type="Is Inherited by">
        <relatedFrame ID="2140">Event_instance</relatedFrame>
        <relatedFrame ID="2252">Exemplar</relatedFrame>
    </frameRelation>
    <frameRelation type="Perspective on"/>
    <frameRelation type="Is Perspectivized in">
        <relatedFrame ID="1134">Typicality</relatedFrame>
    </frameRelation>
    <frameRelation type="Uses"/>
    <frameRelation type="Is Used by">
        <relatedFrame ID="21">Categorization</relatedFrame>
        <relatedFrame ID="1029">Identicality</relatedFrame>
        <relatedFrame ID="355">Sole_instance</relatedFrame>
    </frameRelation>
    <frameRelation type="Subframe of"/>
    <frameRelation type="Has Subframe(s)"/>
    <frameRelation type="Precedes"/>
    <frameRelation type="Is Preceded by"/>
    <frameRelation type="Is Inchoative of"/>
    <frameRelation type="Is Causative of"/>
    <frameRelation type="See also"/>
    <lexUnit status="Finished_Initial" POS="N" name="specimen.n" ID="2651" lemmaID="37232" cBy="JKR" cDate="06/15/2001 01:23:56 PDT Fri">
        <definition>COD: an example of something regarded as typical of its class or group, esp. of plants and animals</definition>
        <sentenceCount annotated="24" total="279"/>
        <lexeme order="1" headword="false" breakBefore="false" POS="N" name="specimen"/>
        <semType name="Transparent Noun" ID="9"/>
    </lexUnit>
    <lexUnit status="Created" POS="N" name="example.n" ID="2653" lemmaID="13333" cBy="JKR" cDate="06/15/2001 01:30:43 PDT Fri">
        <definition>COD: a thing characteristic of its kind or illustrating a general rule</definition>
        <sentenceCount annotated="14" total="16"/>
        <lexeme order="1" headword="false" breakBefore="false" POS="N" name="example"/>
        <semType name="Transparent Noun" ID="9"/>
    </lexUnit>
    <lexUnit status="Created" POS="N" name="case.n" ID="2654" lemmaID="5649" cBy="JKR" cDate="06/15/2001 01:32:13 PDT Fri">
        <definition>COD: an instance of a particular situation; an example of something occurring</definition>
        <sentenceCount annotated="12" total="12"/>
        <lexeme order="1" headword="false" breakBefore="false" POS="N" name="case"/>
        <semType name="Transparent Noun" ID="9"/>
    </lexUnit>
    <lexUnit status="Finished_Initial" POS="N" name="instance.n" ID="6915" lemmaID="20166" cBy="JKR" cDate="07/30/2002 05:02:52 PDT Tue">
        <definition>COD: a particular case</definition>
        <sentenceCount annotated="10" total="151"/>
        <lexeme order="1" headword="false" breakBefore="false" POS="N" name="instance"/>
        <semType name="Transparent Noun" ID="9"/>
    </lexUnit>
</frame>