<?xml version="1.0" encoding="UTF-8" standalone="yes"?>
<?xml-stylesheet type="text/xsl" href="frame.xsl"?>
<frame cBy="JKR" cDate="06/21/2005 10:07:59 PDT Tue" name="Intercepting" ID="1522" xsi:schemaLocation="../schema/frame.xsd" xmlns="http://framenet.icsi.berkeley.edu" xmlns:xsi="http://www.w3.org/2001/XMLSchema-instance">
    <definition>&lt;def-root&gt;A volitionally acting &lt;fen&gt;Interceptor&lt;/fen&gt; takes control, without being authorized to do so by the sender, of a &lt;fen&gt;Theme&lt;/fen&gt; that is underway from a sender to a recipient. The &lt;fen&gt;Interceptor&lt;/fen&gt; (or somebody on whose behalf they act) believes that the &lt;fen&gt;Theme&lt;/fen&gt; reaching its goal would be against their interest.

The &lt;fen&gt;Theme&lt;/fen&gt; may be a physical thing that is being conveyed, a self-moving entity, or information that is broadcast. 

&lt;ex&gt;&lt;fex name="Interceptor"&gt;Police&lt;/fex&gt; &lt;t&gt;intercepted&lt;/t&gt; &lt;fex name="Theme"&gt;the call&lt;/fex&gt; and raided the address.&lt;/ex&gt;

&lt;ex&gt;&lt;fex name="Theme"&gt;The vessel&lt;/fex&gt; got &lt;t&gt;intercepted&lt;/t&gt; &lt;fex name="Place"&gt;in the Mediterranean&lt;/fex&gt; &lt;fex name="Interceptor"&gt;by the German navy&lt;/fex&gt; .&lt;/ex&gt;


&lt;ex&gt;&lt;fex name="Interceptor"&gt;A Royal Navy frigate&lt;/fex&gt; &lt;t&gt;intercepted&lt;/t&gt; &lt;fex name="Theme"&gt;his yacht&lt;/fex&gt; &lt;fex name="pla"&gt;off Gibraltar&lt;/fex&gt;.&lt;/ex&gt;&lt;/def-root&gt;</definition>
    <FE bgColor="FF0000" fgColor="FFFFFF" coreType="Core" cBy="JKR" cDate="06/21/2005 10:08:13 PDT Tue" abbrev="int" name="Interceptor" ID="8306">
        <definition>&lt;def-root&gt;The volitional agent who without authorization of sender or recipient takes control of a &lt;fen&gt;Theme&lt;/fen&gt; that is en route to a destination.

&lt;ex&gt; Two days later, &lt;fex name="int"&gt;an aerial patrol&lt;/fex&gt; &lt;t&gt;intercepted&lt;/t&gt; an enemy trying the same thing.&lt;/ex&gt;&lt;/def-root&gt;</definition>
        <semType name="Sentient" ID="5"/>
    </FE>
    <FE bgColor="800080" fgColor="FFFFFF" coreType="Core" cBy="JKR" cDate="06/21/2005 10:08:35 PDT Tue" abbrev="the" name="Theme" ID="8307">
        <definition>&lt;def-root&gt;The entity, physical or abstract, construed as traveling from a sender to a goal location, which is taken hold of by the &lt;fen&gt;Interceptor&lt;/fen&gt; without permission.

&lt;ex&gt;They could either sail west down the Channel or north-east to &lt;t&gt;intercept&lt;/t&gt; &lt;fex name="the"&gt;an enemy making for the Thames estuary&lt;/fex&gt;.&lt;/ex&gt;&lt;/def-root&gt;</definition>
        <semType name="Physical_object" ID="68"/>
    </FE>
    <FE bgColor="008000" fgColor="FFFFFF" coreType="Peripheral" cBy="JKR" cDate="06/21/2005 10:08:52 PDT Tue" abbrev="pla" name="Place" ID="8308">
        <definition>&lt;def-root&gt;The location at which the &lt;fen&gt;Interceptor&lt;/fen&gt; takes control of the &lt;fen&gt;Theme&lt;/fen&gt;.

&lt;ex&gt;She had been &lt;t&gt;intercepted&lt;/t&gt; &lt;fex name="pla"&gt;outside Guy 's room&lt;/fex&gt; and would be severely punished.&lt;/ex&gt;&lt;/def-root&gt;</definition>
        <semType name="Locative_relation" ID="182"/>
    </FE>
    <FE bgColor="00008B" fgColor="FFFFFF" coreType="Peripheral" cBy="JKR" cDate="06/21/2005 10:09:14 PDT Tue" abbrev="tim" name="Time" ID="8309">
        <definition>&lt;def-root&gt;The time period during which the &lt;fen&gt;Interceptor&lt;/fen&gt; takes control of the &lt;fen&gt;Theme&lt;/fen&gt;.

&lt;ex&gt;The five had been &lt;t&gt;intercepted&lt;/t&gt; &lt;fex name="tim"&gt;after a DFLP attack on March 5&lt;/fex&gt;.&lt;/ex&gt;&lt;/def-root&gt;</definition>
        <semType name="Time" ID="141"/>
    </FE>
    <FE bgColor="A52A2A" fgColor="FFFFFF" coreType="Extra-Thematic" cBy="JKR" cDate="06/23/2005 10:36:47 PDT Thu" abbrev="dep" name="Depictive" ID="8318">
        <definition>&lt;def-root&gt;This FE describes a participant of the intercepting event as being in some state during the action.&lt;/def-root&gt;</definition>
    </FE>
    <FE bgColor="FF00FF" fgColor="FFFFFF" coreType="Peripheral" cBy="JKR" cDate="06/23/2005 10:51:47 PDT Thu" abbrev="man" name="Manner" ID="8319">
        <definition>&lt;def-root&gt;Any description of the Intercepting event which is not covered by more specific FEs, including epistemic modification (&lt;ment&gt;probably&lt;/ment&gt;, &lt;ment&gt;presumably&lt;/ment&gt;, &lt;ment&gt;mysteriously&lt;/ment&gt;),  and general descriptions comparing events (&lt;ment&gt;the same way&lt;/ment&gt;). It may indicate also salient characteristics of the &lt;fen&gt;Interceptor&lt;/fen&gt; that also affect the action (&lt;ment&gt;carefully&lt;/ment&gt;).

&lt;ex&gt;With the help of John Poindexter, I've &lt;fex name="Manner"&gt;carefully&lt;/fex&gt; &lt;t&gt;intercepted&lt;/t&gt; communications from
cycling's best and brightest.&lt;/ex&gt;&lt;/def-root&gt;</definition>
        <semType name="Manner" ID="173"/>
    </FE>
    <FE bgColor="00BFFF" fgColor="FFFFFF" coreType="Extra-Thematic" cBy="RLG" cDate="11/10/2005 05:39:44 PST Thu" abbrev="cir" name="Circumstances" ID="9201">
        <definition>&lt;def-root&gt;The circumstances under which the interception takes place.&lt;/def-root&gt;</definition>
    </FE>
    <FE bgColor="0000FF" fgColor="FFFFFF" coreType="Peripheral" cBy="MJE" cDate="12/06/2005 07:33:24 PST Tue" abbrev="pur" name="Purpose" ID="9576">
        <definition>&lt;def-root&gt;The state of affairs that the &lt;fen&gt;Interceptor&lt;/fen&gt; hopes to bring about by intercepting.&lt;/def-root&gt;</definition>
        <semType name="State_of_affairs" ID="177"/>
    </FE>
    <FE bgColor="A9A9A9" fgColor="FFFFFF" coreType="Peripheral" cBy="MJE" cDate="12/06/2005 07:35:26 PST Tue" abbrev="mea" name="Means" ID="9577">
        <definition>&lt;def-root&gt;The action performed by the &lt;fen&gt;Interceptor&lt;/fen&gt; that results in success.&lt;/def-root&gt;</definition>
        <semType name="State_of_affairs" ID="177"/>
    </FE>
    <frameRelation type="Inherits from">
        <relatedFrame ID="198">Intentionally_act</relatedFrame>
    </frameRelation>
    <frameRelation type="Is Inherited by"/>
    <frameRelation type="Perspective on"/>
    <frameRelation type="Is Perspectivized in"/>
    <frameRelation type="Uses"/>
    <frameRelation type="Is Used by"/>
    <frameRelation type="Subframe of"/>
    <frameRelation type="Has Subframe(s)"/>
    <frameRelation type="Precedes"/>
    <frameRelation type="Is Preceded by"/>
    <frameRelation type="Is Inchoative of"/>
    <frameRelation type="Is Causative of"/>
    <frameRelation type="See also"/>
    <lexUnit status="Finished_Initial" POS="V" name="intercept.v" ID="12310" lemmaID="20291" cBy="JKR" cDate="06/21/2005 10:14:37 PDT Tue">
        <definition>COD: obstruct and prevent from continuing to a destination</definition>
        <sentenceCount annotated="39" total="199"/>
        <lexeme order="1" headword="false" breakBefore="false" POS="V" name="intercept"/>
    </lexUnit>
    <lexUnit status="Finished_Initial" POS="N" name="interception.n" ID="12326" lemmaID="20292" cBy="JKR" cDate="06/23/2005 10:26:06 PDT Thu">
        <definition>FN: the act of intercepting</definition>
        <sentenceCount annotated="15" total="98"/>
        <lexeme order="1" headword="false" breakBefore="false" POS="N" name="interception"/>
    </lexUnit>
</frame>