<?xml version="1.0" encoding="UTF-8" standalone="yes"?>
<?xml-stylesheet type="text/xsl" href="frame.xsl"?>
<frame cBy="KlB" cDate="07/14/2004 11:24:31 PDT Wed" name="Interior_profile_relation" ID="1178" xsi:schemaLocation="../schema/frame.xsd" xmlns="http://framenet.icsi.berkeley.edu" xmlns:xsi="http://www.w3.org/2001/XMLSchema-instance">
    <definition>&lt;def-root&gt;A &lt;fen&gt;Figure&lt;/fen&gt; is located in the interior (the Profiled_region--see Locative_relation frame) of the &lt;fen&gt;Ground&lt;/fen&gt;. Some members of this frame indicate the plexity of the &lt;fen&gt;Ground&lt;/fen&gt;, as either single-entity gestalt (inside), two-entity or bi-partite gestalt (between), and multiple-entity or multipart gestalt (among, amid), while others are maximally general (in).  
&lt;ex&gt;&lt;/ex&gt;
This frame makes use of the Bounded_region image schema, a way of partitioning a scene into an Interior, an Exterior, and a Boundary.  In some cases, the Boundary may be a physical entity that inhibits motion ("in a box"), while in other cases it may be based on a category boundary where properties change ("in the garden").  The LUs that specifically pick out two-entity or multi-entity &lt;fen&gt;Ground&lt;/fen&gt;s imply the lack or irrelevancy of a physical barrier.
&lt;ex&gt;&lt;/ex&gt;
This frame is used in several productive metaphor cases. It is used to describe the timing of events relative to other events or periods, with per target differentiation or homogeneity of the &lt;fen&gt;Ground&lt;/fen&gt; events that serve as a reference, based on the literal use of a target ("amid the confusion", "inside the competition period", "between lunch and dinner").  It is also used in a productive metaphor that locates emotional and cognitive states within an individual ("I felt an unease inside me.").  

&lt;ex&gt;&lt;fex name="Figure"&gt;She&lt;/fex&gt; &lt;ment&gt;stood&lt;/ment&gt; &lt;t&gt;in&lt;/t&gt; &lt;fex name="Ground"&gt;a puddle&lt;/fex&gt; and splashed desultorily .&lt;/ex&gt;
&lt;ex&gt;I &lt;ment&gt;felt&lt;/ment&gt; around &lt;t&gt;inside&lt;/t&gt; &lt;fex name="Ground"&gt;the oven hood&lt;/fex&gt; . &lt;fex name="Figure"&gt;CNI&lt;/fex&gt;&lt;/ex&gt;
&lt;ex&gt;They found the backpack and &lt;ment&gt;found&lt;/ment&gt; &lt;fex name="Figure"&gt;a computer&lt;/fex&gt; &lt;t&gt;inside&lt;/t&gt; . &lt;fex name="Ground"&gt;DNI&lt;/fex&gt;&lt;/ex&gt;

This frame is intended to cover cases in which the &lt;fen&gt;Ground&lt;/fen&gt; is a critical locus for the event.  (When annotating the main verb in such a case, the locative phrase may be annotated on a second layer as Means, Instrument, or Cause.)
&lt;ex&gt;&lt;fex name="Figure"&gt;The pole snapped off&lt;/fex&gt; &lt;t&gt;in&lt;/t&gt; &lt;fex name="Ground"&gt;her hand&lt;/fex&gt; .&lt;/ex&gt;
&lt;ex&gt;&lt;fex name="Figure"&gt;She combed her hair&lt;/fex&gt; &lt;t&gt;between&lt;/t&gt; &lt;fex name="Ground"&gt;her fingers&lt;/fex&gt; .&lt;/ex&gt;

In some very specific situations, a prepositional phrase can be used with a copula to describe the whole &lt;fen&gt;Profiled_region&lt;/fen&gt; where a &lt;fen&gt;Figure&lt;/fen&gt; is or could be, as in the following:

&lt;ex&gt;&lt;t&gt;&lt;fex name="Profiled_region"&gt;Inside&lt;/fex&gt;&lt;/t&gt; &lt;fex name="Ground"&gt;my wallet&lt;/fex&gt; is where i put it .&lt;/ex&gt;
&lt;ex&gt;&lt;t&gt;&lt;fex name="Profiled_region"&gt;Outside&lt;/fex&gt;&lt;/t&gt; &lt;fex name="Ground"&gt;your blind date's door&lt;/fex&gt; seems like the worst place in the world .&lt;/ex&gt;

&lt;ex&gt;&lt;/ex&gt;
As in other locative frames, the LUs interact productively with other lexical and non-lexical frames. One of the more confusing cases is with verbs involving gaze, in the which the &lt;fen&gt;Figure&lt;/fen&gt; is specified by the governing verb to be the gaze of the viewer, and thus from the viewpoint of the locative LU is CNI. See the following:
&lt;ex&gt;They &lt;m&gt;looked&lt;/m&gt; &lt;t&gt;among&lt;/t&gt; &lt;fex name="Ground"&gt;the trees&lt;/fex&gt; for an hour . &lt;fex name="Figure"&gt;CNI&lt;/fex&gt;&lt;/ex&gt;

&lt;ex&gt;&lt;/ex&gt;
This frame should not be used for cases in which the &lt;fen&gt;Ground&lt;/fen&gt; element is a literal or metaphorical distance; see Within_distance. &lt;/def-root&gt;</definition>
    <FE bgColor="FF0000" fgColor="FFFFFF" coreType="Core" cBy="KlB" cDate="07/14/2004 11:25:01 PDT Wed" abbrev="fig" name="Figure" ID="6826">
        <definition>&lt;def-root&gt;The &lt;fen&gt;Figure&lt;/fen&gt; is the entity located with respect to the &lt;fen&gt;Ground&lt;/fen&gt;.

&lt;ex&gt;&lt;fex name="Figure"&gt;Ben&lt;/fex&gt; is &lt;t&gt;in&lt;/t&gt; the hallway.&lt;/ex&gt;&lt;/def-root&gt;</definition>
    </FE>
    <FE bgColor="008000" fgColor="FFFFFF" coreType="Core" cBy="KlB" cDate="07/14/2004 11:26:09 PDT Wed" abbrev="gro" name="Ground" ID="6828">
        <definition>&lt;def-root&gt;The &lt;fen&gt;Ground&lt;/fen&gt; is the area that the &lt;fen&gt;Figure&lt;/fen&gt; is located in.&lt;/def-root&gt;</definition>
    </FE>
    <FE bgColor="FFA500" fgColor="FFFFFF" coreType="Peripheral" cBy="PKe" cDate="01/08/2013 06:22:45 PST Tue" abbrev="" name="Time" ID="15851">
        <definition>&lt;def-root&gt;The time during which the &lt;fen&gt;Figure&lt;/fen&gt; was located in the &lt;fen&gt;Ground&lt;/fen&gt;.&lt;/def-root&gt;</definition>
    </FE>
    <FE bgColor="1E90FF" fgColor="FFFFFF" coreType="Extra-Thematic" cBy="PKe" cDate="01/08/2013 06:25:01 PST Tue" abbrev="dir" name="Direction" ID="15852">
        <definition>&lt;def-root&gt;This FE identifies the &lt;fen&gt;Direction&lt;/fen&gt; from a reference location (generally, the deictic center) of a path to the &lt;fen&gt;Figure&lt;/fen&gt;.

&lt;ex&gt;The book is  way &lt;fex name="Direction"&gt;back&lt;/fex&gt; &lt;t&gt;in&lt;/t&gt; the Paleontology area.&lt;/ex&gt;&lt;/def-root&gt;</definition>
    </FE>
    <FE bgColor="FF69B4" fgColor="FFFFFF" coreType="Extra-Thematic" cBy="PKe" cDate="01/08/2013 06:28:28 PST Tue" abbrev="Acc" name="Accessibility" ID="15854">
        <definition>&lt;def-root&gt;This  FE identifies the &lt;fen&gt;Accessibility&lt;/fen&gt; between the &lt;fen&gt;Figure&lt;/fen&gt; and some reference location (generally, the deictic center or the &lt;fen&gt;Ground&lt;/fen&gt;).
&lt;ex&gt;The cat is &lt;fex name="Acc"&gt;just&lt;/fex&gt; &lt;t&gt;in&lt;/t&gt; there.&lt;/ex&gt;&lt;/def-root&gt;</definition>
    </FE>
    <FE bgColor="7CCD7C" fgColor="FFFFFF" coreType="Core" cBy="MJE" cDate="02/02/2015 12:30:11 PST Mon" abbrev="" name="Profiled_region" ID="16270">
        <definition>&lt;def-root&gt;The area or zone interior to the &lt;fen&gt;Ground&lt;/fen&gt;.  This FE excludes &lt;fen&gt;Figure&lt;/fen&gt; and is only used in particular constructions such as the following:

&lt;ex&gt;&lt;t&gt;Inside&lt;/t&gt; the cupboard &lt;m&gt;was&lt;/m&gt; &lt;fex name="Profiled_region"&gt;a good place to hide&lt;/fex&gt; .&lt;/ex&gt;
&lt;ex&gt;We looked &lt;fex name="Profiled_region"&gt;&lt;t&gt;between&lt;/t&gt;&lt;/fex&gt; the trees .&lt;/ex&gt;
&lt;ex&gt;I found the ring &lt;fex name="Profiled_region"&gt;in there&lt;/fex&gt; , &lt;t&gt;in among&lt;/t&gt; the old moldy rugs .&lt;/ex&gt;

&lt;/def-root&gt;</definition>
    </FE>
    <FE bgColor="A9A9A9" fgColor="FFFFFF" coreType="Extra-Thematic" cBy="WMcQ" cDate="04/16/2015 05:14:28 PDT Thu" abbrev="" name="Directness" ID="16381">
        <definition>&lt;def-root&gt;An indication of how closely the position of &lt;fen&gt;Figure&lt;/fen&gt; matches the prototype expected from the image schema associated with the target.  This FE is normally filled by closed-class, dedicated adverbs like right, straight, directly, and due (and some combinations of these), but also occurs with rarer items like 'smack dab'.

&lt;ex&gt;I was standing &lt;fex name="Directness"&gt;right&lt;/fex&gt; &lt;t&gt;inside&lt;/t&gt; the entrance of the church.&lt;/ex&gt;&lt;/def-root&gt;</definition>
    </FE>
    <FE bgColor="7FFF00" fgColor="000000" coreType="Extra-Thematic" cBy="WMcQ" cDate="04/16/2015 05:17:55 PDT Thu" abbrev="" name="Temporal_profile" ID="16382">
        <definition>&lt;def-root&gt;A description of how the access path to the &lt;fen&gt;Ground&lt;/fen&gt; interacts with time.  This FE is filled only by the closed class of adverbials back.adv (which indicates that the position was occupied by the &lt;fen&gt;Figure&lt;/fen&gt; before) and on.adv (which indicates a continued path).  While this FE in its most basic use refers to cases of actual motion, it can be used with descriptions of static position, in which case it either refers to fictive, imagined motion (as in the first example below), or it backgrounds motion entirely (as in the second example).

&lt;ex&gt;You 'll find it straight &lt;fex name="Temporal_profile"&gt;on&lt;/fex&gt; over &lt;t&gt;inside&lt;/t&gt; the closet.&lt;/ex&gt;
&lt;ex&gt;He's already &lt;fex name="Temporal_profile"&gt;back&lt;/fex&gt; &lt;t&gt;in&lt;/t&gt; the house.&lt;/ex&gt;&lt;/def-root&gt;</definition>
    </FE>
    <FE bgColor="800080" fgColor="FFFFFF" coreType="Extra-Thematic" cBy="WMcQ" cDate="04/21/2015 01:51:59 PDT Tue" abbrev="" name="Deixis" ID="16393">
        <definition>&lt;def-root&gt;An indication of how the locative phrase relates to the grounding of the speech situation, either locating it near (here) or far (there, yonder), or specifically separated from the speech context by distance or a barrier (over).  Fillers of this FE are restricted to this closed class of items.

&lt;ex&gt;It is lying &lt;fex name="Deixis"&gt;here&lt;/fex&gt; &lt;t&gt;among&lt;/t&gt; the flowers.&lt;/ex&gt;
&lt;/def-root&gt;</definition>
    </FE>
    <FE bgColor="FFFF00" fgColor="000000" coreType="Extra-Thematic" cBy="HPh" cDate="05/11/2015 06:25:50 PDT Mon" abbrev="" name="Region_quantification" ID="16449">
        <definition>&lt;def-root&gt;A description of how much of a potential profiled region actually has (or is expected to have) a &lt;fen&gt;Figure&lt;/fen&gt; in it.  It is normally filled by closed-class items like 'all', 'somewhere', 'nowhere', etc.

&lt;ex&gt;I think he's &lt;fex name="Region_quantification"&gt;somewhere&lt;/fex&gt; &lt;t&gt;within&lt;/t&gt; the building.&lt;/ex&gt;&lt;/def-root&gt;</definition>
    </FE>
    <frameRelation type="Inherits from">
        <relatedFrame ID="199">Locative_relation</relatedFrame>
    </frameRelation>
    <frameRelation type="Is Inherited by"/>
    <frameRelation type="Perspective on"/>
    <frameRelation type="Is Perspectivized in"/>
    <frameRelation type="Uses">
        <relatedFrame ID="2019">Bounded_region</relatedFrame>
    </frameRelation>
    <frameRelation type="Is Used by">
        <relatedFrame ID="2911">Surrounding</relatedFrame>
    </frameRelation>
    <frameRelation type="Subframe of"/>
    <frameRelation type="Has Subframe(s)"/>
    <frameRelation type="Precedes"/>
    <frameRelation type="Is Preceded by"/>
    <frameRelation type="Is Inchoative of"/>
    <frameRelation type="Is Causative of"/>
    <frameRelation type="See also">
        <relatedFrame ID="1461">Within_distance</relatedFrame>
    </frameRelation>
    <lexUnit status="In_Use" POS="PREP" name="in.prep" ID="10801" lemmaID="19298" cBy="KlB" cDate="07/14/2004 03:48:15 PDT Wed">
        <definition>FN: located such that motion in most directions would intersect with the boundary of.</definition>
        <sentenceCount annotated="366" total="947"/>
        <lexeme order="1" headword="false" breakBefore="false" POS="PREP" name="in"/>
    </lexUnit>
    <lexUnit status="In_Use" POS="PREP" name="inside.prep" ID="17222" lemmaID="20113" cBy="PKe" cDate="01/08/2013 02:30:06 PST Tue">
        <definition>FN: within (the boundaries a profiled region)</definition>
        <sentenceCount annotated="47" total="337"/>
        <lexeme order="1" headword="false" breakBefore="false" POS="PREP" name="inside"/>
    </lexUnit>
    <lexUnit status="In_Use" POS="PREP" name="among.prep" ID="17223" lemmaID="1263" cBy="PKe" cDate="01/08/2013 02:31:38 PST Tue">
        <definition>FN: surrounded by (a group of entities).</definition>
        <sentenceCount annotated="22" total="221"/>
        <lexeme order="1" headword="false" breakBefore="false" POS="PREP" name="among"/>
        <semType name="Not_up_or_down" ID="132"/>
    </lexUnit>
    <lexUnit status="In_Use" POS="PREP" name="within.prep" ID="17225" lemmaID="44331" cBy="PKe" cDate="01/08/2013 02:32:59 PST Tue">
        <definition>FN: in (a well-defined space or boundaries), implying strictness of boundary and/or relevance of the entire interior space.</definition>
        <sentenceCount annotated="54" total="352"/>
        <lexeme order="1" headword="false" breakBefore="false" POS="PREP" name="within"/>
    </lexUnit>
    <lexUnit status="In_Use" POS="PREP" name="between.prep" ID="17226" lemmaID="3470" cBy="PKe" cDate="01/08/2013 02:33:57 PST Tue">
        <definition>FN: located on a line from one entity to another, with both entities considered collectively as a pair.</definition>
        <sentenceCount annotated="33" total="329"/>
        <lexeme order="1" headword="false" breakBefore="false" POS="PREP" name="between"/>
        <semType name="Not_up_or_down" ID="132"/>
    </lexUnit>
    <lexUnit status="In_Use" POS="PREP" name="amid.prep" ID="17720" lemmaID="51760" cBy="MJE" cDate="10/30/2014 02:56:15 PDT Thu">
        <definition>FN: surrounded by (a large or notable entity or entities).</definition>
        <sentenceCount annotated="24" total="147"/>
        <lexeme order="1" headword="true" breakBefore="false" POS="PREP" name="amid"/>
        <semType name="Not_up_or_down" ID="132"/>
    </lexUnit>
    <lexUnit status="In_Use" POS="PREP" name="in between.prep" ID="17741" lemmaID="51780" cBy="MJE" cDate="11/13/2014 12:10:30 PST Thu">
        <definition>FN: physically located on a line from one group or entity to a separate group or entity.</definition>
        <sentenceCount annotated="30" total="181"/>
        <lexeme order="1" headword="false" breakBefore="false" POS="PREP" name="in"/>
        <lexeme order="2" headword="true" breakBefore="false" POS="PREP" name="between"/>
        <semType name="Not_up_or_down" ID="132"/>
    </lexUnit>
    <lexUnit status="In_Use" POS="PREP" name="in among.prep" ID="17742" lemmaID="51781" cBy="MJE" cDate="11/14/2014 11:36:49 PST Fri">
        <definition>FN: located with (a collection of objects) surrounding in an irregular, jumbled, and possibly entangled fashion</definition>
        <sentenceCount annotated="17" total="80"/>
        <lexeme order="1" headword="true" breakBefore="false" POS="PREP" name="in"/>
        <lexeme order="2" headword="false" breakBefore="false" POS="PREP" name="among"/>
        <semType name="Not_up_or_down" ID="132"/>
    </lexUnit>
    <lexUnit status="Created" POS="PREP" name="outside.prep" ID="17930" lemmaID="27152" cBy="MJE" cDate="04/14/2015 03:46:03 PDT Tue">
        <definition>FN: not inside (of).</definition>
        <sentenceCount annotated="0" total="0"/>
        <lexeme order="1" headword="false" breakBefore="false" POS="PREP" name="outside"/>
        <semType name="Negative" ID="99"/>
    </lexUnit>
</frame>