<?xml version="1.0" encoding="UTF-8" standalone="yes"?>
<?xml-stylesheet type="text/xsl" href="frame.xsl"?>
<frame cBy="JKR" cDate="08/23/2001 06:24:10 PDT Thu" name="Intoxication" ID="214" xsi:schemaLocation="../schema/frame.xsd" xmlns="http://framenet.icsi.berkeley.edu" xmlns:xsi="http://www.w3.org/2001/XMLSchema-instance">
    <definition>&lt;def-root&gt;This frame concerns people being in an altered mental state that is induced by an &lt;fen&gt;Intoxicant&lt;/fen&gt;.
&lt;ex&gt;&lt;fex name="Cognizer"&gt;Cory&lt;/fex&gt; &lt;m&gt;was&lt;/m&gt; &lt;t&gt;drunk&lt;/t&gt;.&lt;/ex&gt;
&lt;ex&gt;&lt;fex name="Cognizer"&gt;Nutty&lt;/fex&gt; stormed in &lt;t&gt;drunk&lt;/t&gt; &lt;fex name="Degree"&gt;as a fiddler&lt;/fex&gt;.&lt;/ex&gt;&lt;/def-root&gt;</definition>
    <FE bgColor="FF0000" fgColor="FFFFFF" coreType="Core" cBy="JKR" cDate="08/23/2001 06:53:04 PDT Thu" abbrev="Cognizer" name="Cognizer" ID="1750">
        <definition>&lt;def-root&gt;The mental state of the &lt;fen&gt;Cognizer&lt;/fen&gt; is changed by an &lt;fen&gt;Intoxicant&lt;/fen&gt; .&lt;/def-root&gt;</definition>
        <semType name="Sentient" ID="5"/>
    </FE>
    <FE bgColor="0000FF" fgColor="FFFFFF" coreType="Core" cBy="JKR" cDate="08/23/2001 06:54:00 PDT Thu" abbrev="Int" name="Intoxicant" ID="1751">
        <definition>&lt;def-root&gt;The &lt;fen&gt;Intoxicant&lt;/fen&gt; alters the &lt;fen&gt;Cognizer&lt;/fen&gt;'s mental experience.&lt;/def-root&gt;</definition>
    </FE>
    <FE bgColor="FF69B4" fgColor="FFFFFF" coreType="Peripheral" cBy="JKR" cDate="08/23/2001 06:57:15 PDT Thu" abbrev="Degr" name="Degree" ID="1752">
        <definition>&lt;def-root&gt;This Fe identifies the &lt;fen&gt;Degree&lt;/fen&gt; to which the &lt;fen&gt;Cognizer&lt;/fen&gt; is altered by the &lt;fen&gt;Intoxicant&lt;/fen&gt;.&lt;/def-root&gt;</definition>
        <semType name="Degree" ID="172"/>
    </FE>
    <FE bgColor="006400" fgColor="FFFFFF" coreType="Extra-Thematic" cBy="ACW" cDate="08/05/2002 03:53:50 PDT Mon" abbrev="Eval" name="Evaluation" ID="3498">
        <definition>&lt;def-root&gt;&lt;fen&gt;Evaluation&lt;/fen&gt; indicates the &lt;fen&gt;Cognizer&lt;/fen&gt;'s reaction to the intoxicatoin.
&lt;ex&gt; &lt;fex name="Cognizer"&gt;Jim&lt;/fex&gt; had a &lt;fex name="Evaluation"&gt;bad&lt;/fex&gt; &lt;t&gt;trip&lt;/t&gt;. &lt;/ex&gt;&lt;/def-root&gt;</definition>
    </FE>
    <FE bgColor="800080" fgColor="FFFFFF" coreType="Peripheral" cBy="ACW" cDate="08/07/2002 09:36:46 PDT Wed" abbrev="Dur" name="Duration" ID="3512">
        <definition>&lt;def-root&gt;This FE identifies the &lt;fen&gt;Duration&lt;/fen&gt; of time for which the intoxication holds.
&lt;ex&gt; &lt;fex name="Cognizer"&gt;Bill&lt;/fex&gt; has been &lt;t&gt;sober&lt;/t&gt; &lt;fex name="Duration"&gt;for 7 months&lt;/fex&gt;.&lt;/ex&gt;&lt;/def-root&gt;</definition>
        <semType name="Duration" ID="142"/>
    </FE>
    <FE bgColor="FF00FF" fgColor="FFFFFF" coreType="Peripheral" cBy="ACW" cDate="08/09/2002 10:29:44 PDT Fri" abbrev="Manner" name="Manner" ID="3524">
        <definition>&lt;def-root&gt;This FE identifies the &lt;fen&gt;Manner&lt;/fen&gt; in which the &lt;fen&gt;Cognizer&lt;/fen&gt; is intoxicated. 
&lt;ex&gt; &lt;fex name="Cognizer"&gt;Michael&lt;/fex&gt; was &lt;fex name = "Manner"&gt;aggressively&lt;/fex&gt; &lt;t&gt;drunk&lt;/t&gt;.&lt;/ex&gt;&lt;/def-root&gt;</definition>
        <semType name="Manner" ID="173"/>
    </FE>
    <FE bgColor="A52A2A" fgColor="FFFFFF" coreType="Peripheral" cBy="AnW" cDate="04/19/2010 03:42:58 PDT Mon" abbrev="ti" name="Time" ID="13824">
        <definition>&lt;def-root&gt;The &lt;fen&gt;Time&lt;/fen&gt; when the &lt;fen&gt;Cognizer&lt;/fen&gt; becomes intoxicated.&lt;/def-root&gt;</definition>
        <semType name="Time" ID="141"/>
    </FE>
    <frameRelation type="Inherits from">
        <relatedFrame ID="1015">Gradable_attributes</relatedFrame>
    </frameRelation>
    <frameRelation type="Is Inherited by"/>
    <frameRelation type="Perspective on"/>
    <frameRelation type="Is Perspectivized in"/>
    <frameRelation type="Uses">
        <relatedFrame ID="390">Intoxicants</relatedFrame>
    </frameRelation>
    <frameRelation type="Is Used by"/>
    <frameRelation type="Subframe of"/>
    <frameRelation type="Has Subframe(s)"/>
    <frameRelation type="Precedes"/>
    <frameRelation type="Is Preceded by"/>
    <frameRelation type="Is Inchoative of"/>
    <frameRelation type="Is Causative of"/>
    <frameRelation type="See also"/>
    <lexUnit status="Finished_Initial" POS="A" name="stoned.a" ID="3820" lemmaID="38164" cBy="JKR" cDate="08/23/2001 06:25:46 PDT Thu">
        <definition>COD: under the influence of drugs, especially cannabis, or alcohol</definition>
        <sentenceCount annotated="5" total="117"/>
        <lexeme order="1" headword="false" breakBefore="false" POS="A" name="stoned"/>
    </lexUnit>
    <lexUnit status="Finished_Initial" POS="A" name="high.a" ID="3821" lemmaID="18025" cBy="JKR" cDate="08/23/2001 06:26:48 PDT Thu">
        <definition>COD: euphoric, especially from the effects of drugs or alcohol</definition>
        <sentenceCount annotated="13" total="664"/>
        <lexeme order="1" headword="false" breakBefore="false" POS="A" name="high"/>
    </lexUnit>
    <lexUnit status="Finished_Initial" POS="A" name="drunk.a" ID="3822" lemmaID="11863" cBy="JKR" cDate="08/23/2001 06:27:27 PDT Thu">
        <definition>COD: affected by alcohol to the extent of losing control of one's faculties or behaviour</definition>
        <sentenceCount annotated="46" total="274"/>
        <lexeme order="1" headword="false" breakBefore="false" POS="A" name="drunk"/>
    </lexUnit>
    <lexUnit status="Finished_Initial" POS="A" name="intoxicated.a" ID="3824" lemmaID="45131" cBy="JKR" cDate="08/23/2001 06:30:00 PDT Thu">
        <definition>FN: caused to lose control of their faculties, usu by alcohol or drugs</definition>
        <sentenceCount annotated="10" total="72"/>
        <lexeme order="1" headword="false" breakBefore="false" POS="A" name="intoxicated"/>
    </lexUnit>
    <lexUnit status="Finished_Initial" POS="A" name="sober.a" ID="3825" lemmaID="36758" cBy="JKR" cDate="08/23/2001 06:33:04 PDT Thu">
        <definition>COD: not affected by alcohol; not drunk</definition>
        <sentenceCount annotated="19" total="106"/>
        <lexeme order="1" headword="false" breakBefore="false" POS="A" name="sober"/>
        <semType name="Negative" ID="99"/>
    </lexUnit>
    <lexUnit status="Finished_Initial" POS="A" name="pissed.a" ID="3827" lemmaID="29131" cBy="JKR" cDate="08/23/2001 06:36:08 PDT Thu">
        <definition>COD: Brit. drunk</definition>
        <sentenceCount annotated="11" total="150"/>
        <lexeme order="1" headword="false" breakBefore="false" POS="A" name="pissed"/>
    </lexUnit>
    <lexUnit status="Finished_Initial" POS="A" name="tipsy.a" ID="3828" lemmaID="40523" cBy="JKR" cDate="08/23/2001 06:37:58 PDT Thu">
        <definition>COD: slightly drunk</definition>
        <sentenceCount annotated="7" total="51"/>
        <lexeme order="1" headword="false" breakBefore="false" POS="A" name="tipsy"/>
    </lexUnit>
    <lexUnit status="Finished_Initial" POS="A" name="inebriated.a" ID="3829" lemmaID="45136" cBy="JKR" cDate="08/23/2001 06:44:00 PDT Thu">
        <definition>COD: drunk; intoxicated</definition>
        <sentenceCount annotated="6" total="22"/>
        <lexeme order="1" headword="false" breakBefore="false" POS="A" name="inebriated"/>
    </lexUnit>
    <lexUnit status="Needs_SCs" POS="A" name="sloshed.a" ID="3922" lemmaID="36406" cBy="JKR" cDate="09/11/2001 03:00:19 PDT Tue">
        <definition>COD: informal drunk</definition>
        <sentenceCount annotated="1" total="3"/>
        <lexeme order="1" headword="false" breakBefore="false" POS="A" name="sloshed"/>
    </lexUnit>
    <lexUnit status="Finished_Initial" POS="N" name="trip.n" ID="7038" lemmaID="41258" cBy="ACW" cDate="08/05/2002 03:54:13 PDT Mon">
        <definition>COD: a hallucinatory experience caused by taking a psychedelic drug.</definition>
        <sentenceCount annotated="12" total="142"/>
        <lexeme order="1" headword="false" breakBefore="false" POS="N" name="trip"/>
    </lexUnit>
    <lexUnit status="Created" POS="PREP" name="under the influence.prep" ID="9861" lemmaID="48521" cBy="JKR" cDate="10/20/2003 06:23:41 PDT Mon">
        <definition>COD: affected by alcoholic drink</definition>
        <sentenceCount annotated="0" total="0"/>
        <lexeme order="1" headword="true" breakBefore="false" POS="PREP" name="under"/>
        <lexeme order="2" headword="false" breakBefore="false" POS="ART" name="the"/>
        <lexeme order="3" headword="false" breakBefore="false" POS="N" name="influence"/>
    </lexUnit>
    <lexUnit status="Created" POS="A" name="blasted.a" ID="12945" lemmaID="3781" cBy="JKR" cDate="11/17/2005 11:25:11 PST Thu">
        <definition>COD: drunk</definition>
        <sentenceCount annotated="0" total="0"/>
        <lexeme order="1" headword="false" breakBefore="false" POS="A" name="blasted"/>
    </lexUnit>
    <lexUnit status="Created" POS="A" name="blotto.a" ID="12946" lemmaID="3922" cBy="JKR" cDate="11/17/2005 11:25:42 PST Thu">
        <definition>COD: extremely drunk</definition>
        <sentenceCount annotated="0" total="0"/>
        <lexeme order="1" headword="false" breakBefore="false" POS="A" name="blotto"/>
    </lexUnit>
    <lexUnit status="Created" POS="A" name="wasted.a" ID="12947" lemmaID="50295" cBy="JKR" cDate="11/17/2005 11:26:21 PST Thu">
        <definition>FN: intoxicated</definition>
        <sentenceCount annotated="0" total="0"/>
        <lexeme order="1" headword="true" breakBefore="false" POS="A" name="wasted"/>
    </lexUnit>
</frame>