<?xml version="1.0" encoding="UTF-8" standalone="yes"?>
<?xml-stylesheet type="text/xsl" href="frame.xsl"?>
<frame cBy="KmG" cDate="02/27/2008 04:09:28 PST Wed" name="Invading" ID="2022" xsi:schemaLocation="../schema/frame.xsd" xmlns="http://framenet.icsi.berkeley.edu" xmlns:xsi="http://www.w3.org/2001/XMLSchema-instance">
    <definition>&lt;def-root&gt;The &lt;fen&gt;Invader&lt;/fen&gt; enters a &lt;fex name="Land"&gt;Land&lt;/fex&gt; in an aggressive attempt to cripple or dominate its people and its government.

&lt;ex&gt;&lt;fex name="Time"&gt;In August 1990&lt;/fex&gt; ,&lt;fex name="Invader"&gt;Iraq&lt;/fex&gt; was &lt;t&gt;invading&lt;/t&gt; &lt;fex name="Land"&gt;Kuwait&lt;/fex&gt; , which led to the Gulf war .&lt;/ex&gt;

&lt;ex&gt;Some towns in Russia were ravaged by &lt;fex name="Invader"&gt;barbarian&lt;/fex&gt; &lt;t&gt;invasions&lt;/t&gt; &lt;fex name="Time"&gt;in the thirteenth century&lt;/fex&gt;.&lt;/ex&gt;

&lt;/def-root&gt;</definition>
    <FE bgColor="0000FF" fgColor="FFFFFF" coreType="Core" cBy="KmG" cDate="02/27/2008 04:09:29 PST Wed" abbrev="Lan" name="Land" ID="12275">
        <definition>&lt;def-root&gt;The political area that is being crippled by the &lt;fen&gt;Invader&lt;/fen&gt;'s entry.

&lt;ex&gt;Henry II had made no attempt to &lt;t&gt;invade&lt;/t&gt; &lt;fex name="Land"&gt;France.&lt;/fex&gt;&lt;/ex&gt;
&lt;/def-root&gt;</definition>
    </FE>
    <FE bgColor="A52A2A" fgColor="FFFFFF" coreType="Peripheral" cBy="KmG" cDate="02/27/2008 04:09:29 PST Wed" abbrev="Wep" name="Weapon" ID="12276">
        <definition>&lt;def-root&gt;An entity used by the &lt;fen&gt;Invader&lt;/fen&gt; to assist in the invasion of the &lt;fen&gt;Land&lt;/fen&gt;.
&lt;/def-root&gt;</definition>
        <semType name="Physical_entity" ID="70"/>
    </FE>
    <FE bgColor="FF0000" fgColor="FFFFFF" coreType="Core" cBy="KmG" cDate="02/27/2008 04:09:29 PST Wed" abbrev="Inv" name="Invader" ID="12277">
        <definition>&lt;def-root&gt;The army or other self-directed entity that is entering the &lt;fen&gt;Land&lt;/fen&gt; in a hostile manner.

&lt;ex&gt;Indeed , three months later &lt;fex name="Invader"&gt;Hitler&lt;/fex&gt; &lt;t&gt;invaded&lt;/t&gt; Austria.&lt;/ex&gt;

&lt;/def-root&gt;</definition>
        <semType name="Sentient" ID="5"/>
    </FE>
    <FE bgColor="FF69B4" fgColor="FFFFFF" coreType="Peripheral" cBy="KmG" cDate="02/27/2008 04:09:29 PST Wed" abbrev="Mnr" name="Manner" ID="12278">
        <definition>&lt;def-root&gt;Any description of the event which is not covered by more specific FEs, including epistemic modification (probably, presumably, mysteriously), force (hard, softly), secondary effects (quietly, loudly), and general descriptions comparing events (the same way). It may also indicate salient characteristics of an &lt;fen&gt;Invader&lt;/fen&gt; that also affect the action (presumptuously, coldly, deliberately, eagerly, carefully). &lt;/def-root&gt;</definition>
        <semType name="Manner" ID="173"/>
    </FE>
    <FE bgColor="FF00FF" fgColor="FFFFFF" coreType="Peripheral" cBy="KmG" cDate="02/27/2008 04:09:29 PST Wed" abbrev="Mns" name="Means" ID="12279">
        <definition>&lt;def-root&gt;An intentional action performed by the &lt;fen&gt;Invader&lt;/fen&gt; that accomplishes the assault. 

&lt;/def-root&gt;</definition>
        <semType name="State_of_affairs" ID="177"/>
    </FE>
    <FE bgColor="008000" fgColor="FFFFFF" coreType="Peripheral" cBy="KmG" cDate="02/27/2008 04:09:29 PST Wed" abbrev="Place" name="Place" ID="12280">
        <definition>&lt;def-root&gt;This FE identifies the location where the &lt;fen&gt;Invader&lt;/fen&gt; invades the &lt;fen&gt;Land&lt;/fen&gt;.
&lt;/def-root&gt;</definition>
        <semType name="Locative_relation" ID="182"/>
    </FE>
    <FE bgColor="800080" fgColor="FFFFFF" coreType="Peripheral" cBy="KmG" cDate="02/27/2008 04:09:29 PST Wed" abbrev="Purp" name="Purpose" ID="12281">
        <definition>&lt;def-root&gt;This FE identifies the purpose for which an &lt;fen&gt;Invader&lt;/fen&gt; attacks the &lt;fen&gt;Land&lt;/fen&gt;.
&lt;/def-root&gt;</definition>
        <semType name="State_of_affairs" ID="177"/>
    </FE>
    <FE bgColor="9F79EE" fgColor="FFFFFF" coreType="Extra-Thematic" cBy="KmG" cDate="02/27/2008 04:09:29 PST Wed" abbrev="Expl" name="Explanation" ID="12282">
        <definition>&lt;def-root&gt;A state of affairs that the &lt;fen&gt;Invader&lt;/fen&gt; is responding to that leads them to make an assault on the &lt;fen&gt;Land&lt;/fen&gt;.


&lt;/def-root&gt;</definition>
        <semType name="State_of_affairs" ID="177"/>
    </FE>
    <FE bgColor="FFA500" fgColor="FFFFFF" coreType="Peripheral" cBy="KmG" cDate="02/27/2008 04:09:29 PST Wed" abbrev="Time" name="Time" ID="12283">
        <definition>&lt;def-root&gt;This FE identifies the time when the &lt;fen&gt;Invader&lt;/fen&gt; invades &lt;fen&gt;Land&lt;/fen&gt;.
&lt;/def-root&gt;</definition>
        <semType name="Time" ID="141"/>
    </FE>
    <FE bgColor="7CCD73" fgColor="FFFFFF" coreType="Peripheral" cBy="KmG" cDate="02/27/2008 04:09:29 PST Wed" abbrev="Src" name="Source" ID="12284">
        <definition>&lt;def-root&gt;The starting-point of the motion of the &lt;fen&gt;Invader&lt;/fen&gt; or projectiles of the &lt;fen&gt;Invader&lt;/fen&gt; as they move toward the the &lt;fen&gt;Place&lt;/fen&gt; that the &lt;fen&gt;Land&lt;/fen&gt; is occupying in the attack.  In prepositional phrases, the prepositional object expresses the starting point of motion. With particles, the starting point of motion is understood from context.
&lt;/def-root&gt;</definition>
        <semType name="Source" ID="151"/>
    </FE>
    <FE bgColor="800080" fgColor="FFFFFF" coreType="Extra-Thematic" cBy="KmG" cDate="02/27/2008 04:09:29 PST Wed" abbrev="Dep" name="Depictive" ID="12285">
        <definition>&lt;def-root&gt;This FE is used for any &lt;fen&gt;Depictive&lt;/fen&gt; phrase describing the state of the &lt;fen&gt;Invader&lt;/fen&gt; or &lt;fen&gt;Land&lt;/fen&gt; while the Invasion occurs.

&lt;/def-root&gt;</definition>
    </FE>
    <FE bgColor="EEE8AA" fgColor="000000" coreType="Extra-Thematic" cBy="KmG" cDate="02/27/2008 04:09:29 PST Wed" abbrev="re-e" name="Re-encoding" ID="12286">
        <definition>&lt;def-root&gt;This FE presents the current frame as an integral part of a larger conceptualization expressed by another frame. The frame expressed by the target typically corresponds to a Means action within the frame expressed by the &lt;fex name="Re-encoding"&gt;Re-encoding&lt;/fex&gt;, but not necessarily. &lt;/def-root&gt;</definition>
    </FE>
    <FE bgColor="A9A9A9" fgColor="000000" coreType="Extra-Thematic" cBy="KmG" cDate="02/27/2008 04:09:29 PST Wed" abbrev="Res" name="Result" ID="12287">
        <definition>&lt;def-root&gt;The &lt;fen&gt;Result&lt;/fen&gt; of the invasion on the &lt;fen&gt;Land&lt;/fen&gt; by the &lt;fen&gt;Invader&lt;/fen&gt;. &lt;/def-root&gt;</definition>
    </FE>
    <FE bgColor="1E90FF" fgColor="FFFFFF" coreType="Extra-Thematic" cBy="KmG" cDate="02/27/2008 04:09:29 PST Wed" abbrev="Con" name="Containing_event" ID="12288">
        <definition>&lt;def-root&gt;This FE denotes an event that occurs or state of affairs that holds at a time that includes the time during which the event or state of affairs reported by the target occurs and of which it is taken to be a part.&lt;/def-root&gt;</definition>
    </FE>
    <FE bgColor="FFFF00" fgColor="000000" coreType="Extra-Thematic" cBy="KmG" cDate="02/27/2008 04:09:29 PST Wed" abbrev="Exp" name="Explanation" ID="12289">
        <definition>&lt;def-root&gt;The Explanation denotes a proposition from which the main clause (headed by the target) logically follows. This often means that the Explanation causes the target's proposition, but not in all cases. &lt;/def-root&gt;</definition>
    </FE>
    <FE bgColor="FFD700" fgColor="00008B" coreType="Extra-Thematic" cBy="KmG" cDate="02/27/2008 04:09:29 PST Wed" abbrev="Par" name="Particular_iteration" ID="12290">
        <definition>&lt;def-root&gt;Expressions marked with this extra-thematic FE modify a non-iterative use of the target, and indicate that it is conceived as embedded within an iterated series of similar events or states. In addition, most expressions of Particular_iteration indicate which instance of the series is being referred to.&lt;/def-root&gt;</definition>
    </FE>
    <FE bgColor="2E8B57" fgColor="000000" coreType="Extra-Thematic" cBy="KmG" cDate="02/27/2008 04:09:29 PST Wed" abbrev="Cir" name="Circumstances" ID="12291">
        <definition>&lt;def-root&gt;Circumstances describe the state of the world (at a particular time and place) which is specifically independent of the event itself and any of its participants. &lt;/def-root&gt;</definition>
    </FE>
    <FE bgColor="90876C" fgColor="FFFFFF" coreType="Extra-Thematic" cBy="KmG" cDate="02/27/2008 04:09:29 PST Wed" abbrev="Iter" name="Iterations" ID="12292">
        <definition>&lt;def-root&gt;The frame element &lt;fex name="Iterations"&gt;Iterations&lt;/fex&gt; is used for expressions that indicate the number of times an event or state (of the kind denoted by the target in its clause) has taken place or held.
Form: once, twice, Cardinal expression + /it times, /it lots/a lot &lt;/def-root&gt;</definition>
    </FE>
    <FE bgColor="00008B" fgColor="FFFFFF" coreType="Extra-Thematic" cBy="KmG" cDate="02/27/2008 04:09:29 PST Wed" abbrev="Eve" name="Event_description" ID="12293">
        <definition>&lt;def-root&gt;In general, this FE is used for phrases that describe the clause of the target as a whole and describes and describes the event more generally.&lt;/def-root&gt;</definition>
    </FE>
    <FE bgColor="A9A9A9" fgColor="FFFFFF" coreType="Peripheral" cBy="KmG" cDate="02/27/2008 04:09:29 PST Wed" abbrev="Pat" name="Path" ID="12294">
        <definition>&lt;def-root&gt;The &lt;fen&gt;Path&lt;/fen&gt; refers to (a part of) the ground over which the &lt;fen&gt;Invader&lt;/fen&gt; travels. &lt;/def-root&gt;</definition>
    </FE>
    <FE bgColor="7FFF00" fgColor="000000" coreType="Extra-Thematic" cBy="KmG" cDate="03/19/2008 05:02:08 PDT Wed" abbrev="Fre" name="Frequency" ID="12372">
        <definition>&lt;def-root&gt;How often the &lt;fen&gt;Invader&lt;/fen&gt; invades the &lt;fen&gt;Land&lt;/fen&gt;.&lt;/def-root&gt;</definition>
    </FE>
    <FE bgColor="A9A9A9" fgColor="FFFFFF" coreType="Extra-Thematic" cBy="KmG" cDate="03/20/2008 03:14:04 PDT Thu" abbrev="Typ" name="Type" ID="12373">
        <definition>&lt;def-root&gt;This FE indicates the subtype of invasion into the &lt;fen&gt;Land&lt;/fen&gt;.&lt;/def-root&gt;</definition>
    </FE>
    <FE bgColor="7CCD73" fgColor="00008B" coreType="Peripheral" cBy="KmG" cDate="03/20/2008 03:16:34 PDT Thu" abbrev="Deg" name="Degree" ID="12374">
        <definition>&lt;def-root&gt;This FE describes how intense the invation of the &lt;fen&gt;Land&lt;/fen&gt; is.&lt;/def-root&gt;</definition>
    </FE>
    <FE bgColor="EEE8AA" fgColor="FF0000" coreType="Extra-Thematic" cBy="KmG" cDate="03/20/2008 03:24:51 PDT Thu" abbrev="Per" name="Period_of_iterations" ID="12375">
        <definition>&lt;def-root&gt;The length of time from when the event denoted by the target began to be repeated to when it stopped.&lt;/def-root&gt;</definition>
    </FE>
    <FE bgColor="d0d0d0" fgColor="FF0000" coreType="Peripheral" cBy="KmG" cDate="06/05/2008 05:07:30 PDT Thu" abbrev="Dur" name="Duration" ID="12731">
        <definition>&lt;def-root&gt;For how long the &lt;fen&gt;Land&lt;/fen&gt; is invaded by the &lt;fen&gt;Invader&lt;/fen&gt;.&lt;/def-root&gt;</definition>
    </FE>
    <frameRelation type="Inherits from">
        <relatedFrame ID="424">Attack</relatedFrame>
    </frameRelation>
    <frameRelation type="Is Inherited by"/>
    <frameRelation type="Perspective on"/>
    <frameRelation type="Is Perspectivized in"/>
    <frameRelation type="Uses"/>
    <frameRelation type="Is Used by"/>
    <frameRelation type="Subframe of">
        <relatedFrame ID="2025">Invasion_scenario</relatedFrame>
    </frameRelation>
    <frameRelation type="Has Subframe(s)"/>
    <frameRelation type="Precedes">
        <relatedFrame ID="2021">Conquering</relatedFrame>
        <relatedFrame ID="2026">Repel</relatedFrame>
    </frameRelation>
    <frameRelation type="Is Preceded by"/>
    <frameRelation type="Is Inchoative of"/>
    <frameRelation type="Is Causative of"/>
    <frameRelation type="See also"/>
    <lexUnit status="Finished_Initial" POS="V" name="invade.v" ID="14806" lemmaID="20501" cBy="KmG" cDate="02/27/2008 04:25:28 PST Wed">
        <definition>FN: aggressively enter into a region.</definition>
        <sentenceCount annotated="43" total="309"/>
        <lexeme order="1" headword="false" breakBefore="false" POS="V" name="invade"/>
    </lexUnit>
    <lexUnit status="Finished_Initial" POS="N" name="invasion.n" ID="14807" lemmaID="20515" cBy="KmG" cDate="02/27/2008 04:27:21 PST Wed">
        <definition>FN: the act of invading</definition>
        <sentenceCount annotated="50" total="261"/>
        <lexeme order="1" headword="false" breakBefore="false" POS="N" name="invasion"/>
    </lexUnit>
    <lexUnit status="Finished_Initial" POS="V" name="overrun.v" ID="15042" lemmaID="27349" cBy="KmG" cDate="06/05/2008 04:09:56 PDT Thu">
        <definition>FN: invade an area in great numbers</definition>
        <sentenceCount annotated="35" total="160"/>
        <lexeme order="1" headword="false" breakBefore="false" POS="V" name="overrun"/>
    </lexUnit>
    <lexUnit status="Created" POS="N" name="invader.n" ID="15920" lemmaID="20502" cBy="AlK" cDate="07/22/2010 01:51:25 PDT Thu">
        <definition>FN: a person who aggressively intrudes into a region</definition>
        <sentenceCount annotated="0" total="0"/>
        <lexeme order="1" headword="false" breakBefore="false" POS="N" name="invader"/>
    </lexUnit>
</frame>