<?xml version="1.0" encoding="UTF-8" standalone="yes"?>
<?xml-stylesheet type="text/xsl" href="frame.xsl"?>
<frame cBy="PKe" cDate="04/16/2012 02:36:59 PDT Mon" name="Judgment_of_intensity" ID="2720" xsi:schemaLocation="../schema/frame.xsd" xmlns="http://framenet.icsi.berkeley.edu" xmlns:xsi="http://www.w3.org/2001/XMLSchema-instance">
    <definition>&lt;def-root&gt;A speaker characterizes the intensity of an &lt;fen&gt;Attribute&lt;/fen&gt; of an &lt;fen&gt;Entity&lt;/fen&gt; by a &lt;fen&gt;Degree&lt;/fen&gt;.

&lt;ex&gt;&lt;fex name="Entity"&gt;He&lt;/fex&gt; has a &lt;t&gt;severe&lt;/t&gt; &lt;fex name="Attribute"&gt;behavioral disorder&lt;/fex&gt;.&lt;/ex&gt;&lt;/def-root&gt;</definition>
    <FE bgColor="FF0000" fgColor="FFFFFF" coreType="Core" cBy="PKe" cDate="04/16/2012 02:36:59 PDT Mon" abbrev="Ent" name="Entity" ID="15593">
        <definition>&lt;def-root&gt;The &lt;fen&gt;Entity&lt;/fen&gt; for which a particular gradable &lt;fen&gt;Attribute&lt;/fen&gt; is appropriate and under consideration.&lt;/def-root&gt;</definition>
    </FE>
    <FE bgColor="1E90FF" fgColor="FFFFFF" coreType="Core-Unexpressed" cBy="PKe" cDate="04/16/2012 02:36:59 PDT Mon" abbrev="Att" name="Attribute" ID="15594">
        <definition>&lt;def-root&gt;The feature of an &lt;fen&gt;Entity&lt;/fen&gt; which is under discussion.&lt;/def-root&gt;</definition>
    </FE>
    <FE bgColor="FF00FF" fgColor="FFFFFF" coreType="Core" cBy="PKe" cDate="04/16/2012 02:36:59 PDT Mon" abbrev="deg" name="Degree" ID="15595">
        <definition>&lt;def-root&gt;A modifier expressing  the deviation of the intensity of the &lt;fen&gt;Attribute&lt;/fen&gt; from the norm or from the value for another &lt;fen&gt;Entity&lt;/fen&gt;. This FE is incorporated for each LU in this frame.&lt;/def-root&gt;</definition>
        <semType name="Degree" ID="172"/>
    </FE>
    <FE bgColor="FFA500" fgColor="FFFFFF" coreType="Extra-Thematic" cBy="PKe" cDate="04/16/2012 02:36:59 PDT Mon" abbrev="" name="Time" ID="15596">
        <definition>&lt;def-root&gt;The &lt;fen&gt;Time&lt;/fen&gt; during which the &lt;fen&gt;Entity&lt;/fen&gt; is in the state of having  a particular &lt;fen&gt;Value&lt;/fen&gt; for the &lt;fen&gt;Attribute&lt;/fen&gt;.&lt;/def-root&gt;</definition>
        <semType name="Time" ID="141"/>
    </FE>
    <FE bgColor="A52A2A" fgColor="FFFFFF" coreType="Extra-Thematic" cBy="PKe" cDate="04/16/2012 02:36:59 PDT Mon" abbrev="cir" name="Circumstances" ID="15597">
        <definition>&lt;def-root&gt;Some specification of the circumstances under which the &lt;fen&gt;Entity&lt;/fen&gt; has a particular &lt;fen&gt;Value&lt;/fen&gt; for the &lt;fen&gt;Attribute&lt;/fen&gt;.&lt;/def-root&gt;</definition>
    </FE>
    <FE bgColor="008000" fgColor="FFFFFF" coreType="Extra-Thematic" cBy="PKe" cDate="04/16/2012 02:36:59 PDT Mon" abbrev="pla" name="Place" ID="15599">
        <definition>&lt;def-root&gt;The location where the &lt;fen&gt;Entity&lt;/fen&gt; is has the &lt;fen&gt;Attribute&lt;/fen&gt; to a given &lt;fen&gt;Degree&lt;/fen&gt;.&lt;/def-root&gt;</definition>
    </FE>
    <frameRelation type="Inherits from">
        <relatedFrame ID="1015">Gradable_attributes</relatedFrame>
    </frameRelation>
    <frameRelation type="Is Inherited by"/>
    <frameRelation type="Perspective on"/>
    <frameRelation type="Is Perspectivized in"/>
    <frameRelation type="Uses"/>
    <frameRelation type="Is Used by"/>
    <frameRelation type="Subframe of"/>
    <frameRelation type="Has Subframe(s)"/>
    <frameRelation type="Precedes"/>
    <frameRelation type="Is Preceded by"/>
    <frameRelation type="Is Inchoative of"/>
    <frameRelation type="Is Causative of"/>
    <frameRelation type="See also"/>
    <lexUnit status="Created" incorporatedFE="Degree" POS="A" name="severe.a" ID="17024" lemmaID="35260" cBy="PKe" cDate="04/16/2012 02:43:10 PDT Mon">
        <definition>FN: Of high intensity</definition>
        <sentenceCount annotated="100" total="100"/>
        <lexeme order="1" headword="false" breakBefore="false" POS="A" name="severe"/>
    </lexUnit>
    <lexUnit status="Created" incorporatedFE="Degree" POS="A" name="strong.a" ID="17039" lemmaID="38383" cBy="PKe" cDate="04/19/2012 03:43:10 PDT Thu">
        <definition>FN: Of high intensity.</definition>
        <sentenceCount annotated="49" total="49"/>
        <lexeme order="1" headword="false" breakBefore="false" POS="A" name="strong"/>
    </lexUnit>
    <lexUnit status="Created" incorporatedFE="Degree" POS="A" name="weak.a" ID="17201" lemmaID="43615" cBy="PKe" cDate="12/20/2012 04:02:53 PST Thu">
        <definition>FN: Of little intensity.</definition>
        <sentenceCount annotated="0" total="0"/>
        <lexeme order="1" headword="false" breakBefore="false" POS="A" name="weak"/>
        <semType name="Negative_judgment" ID="14"/>
    </lexUnit>
</frame>