<?xml version="1.0" encoding="UTF-8" standalone="yes"?>
<?xml-stylesheet type="text/xsl" href="frame.xsl"?>
<frame cBy="MJE" cDate="12/15/2005 12:23:22 PST Thu" name="Knot_creation_scenario" ID="1700" xsi:schemaLocation="../schema/frame.xsd" xmlns="http://framenet.icsi.berkeley.edu" xmlns:xsi="http://www.w3.org/2001/XMLSchema-instance">
    <definition>&lt;def-root&gt;An &lt;fen&gt;Agent&lt;/fen&gt; manipulates a long thin object (the &lt;fen&gt;Rope&lt;/fen&gt; and creates a &lt;fen&gt;Knot&lt;/fen&gt;.&lt;/def-root&gt;</definition>
    <semType name="Non-Lexical Frame" ID="16"/>
    <FE bgColor="FF0000" fgColor="FFFFFF" coreType="Core" cBy="MJE" cDate="12/15/2005 12:23:22 PST Thu" abbrev="Agt" name="Agent" ID="9772">
        <definition>&lt;def-root&gt;The &lt;fen&gt;Agent&lt;/fen&gt; is the sentient being who manipulates the &lt;fen&gt;Rope&lt;/fen&gt;.

&lt;ex&gt;&lt;fex name="Agent"&gt;Melissa&lt;/fex&gt; &lt;t&gt;braided&lt;/t&gt; Jessica's hair.&lt;/ex&gt;&lt;/def-root&gt;</definition>
        <semType name="Sentient" ID="5"/>
    </FE>
    <FE bgColor="A9A9A9" fgColor="FFFFFF" coreType="Peripheral" cBy="MJE" cDate="12/15/2005 12:23:23 PST Thu" abbrev="Ins" name="Instrument" ID="9773">
        <definition>&lt;def-root&gt;The &lt;fen&gt;Instrument&lt;/fen&gt; with which the &lt;fen&gt;Rope&lt;/fen&gt; is manipulated.&lt;/def-root&gt;</definition>
        <semType name="Physical_entity" ID="70"/>
    </FE>
    <FE bgColor="008000" fgColor="FFFFFF" coreType="Peripheral" cBy="MJE" cDate="12/15/2005 12:23:23 PST Thu" abbrev="Place" name="Place" ID="9774">
        <definition>&lt;def-root&gt;Where the manipulation of the &lt;fen&gt;Rope&lt;/fen&gt; takes place.&lt;/def-root&gt;</definition>
        <semType name="Locative_relation" ID="182"/>
    </FE>
    <FE bgColor="800080" fgColor="FFFFFF" coreType="Extra-Thematic" cBy="MJE" cDate="12/15/2005 12:23:23 PST Thu" abbrev="Purp" name="Purpose" ID="9775">
        <definition>&lt;def-root&gt;The &lt;fen&gt;Purpose&lt;/fen&gt; for which the manipulation of the &lt;fen&gt;Rope&lt;/fen&gt; takes place. 

&lt;ex&gt;Prof. Frink &lt;t&gt;braided&lt;/t&gt; my hair &lt;fex name="Purpose"&gt;to make me look beautiful&lt;/fex&gt;.&lt;/ex&gt;&lt;/def-root&gt;</definition>
        <semType name="State_of_affairs" ID="177"/>
    </FE>
    <FE bgColor="FFA500" fgColor="FFFFFF" coreType="Peripheral" cBy="MJE" cDate="12/15/2005 12:23:23 PST Thu" abbrev="Time" name="Time" ID="9776">
        <definition>&lt;def-root&gt;When the manipulation of the &lt;fen&gt;Rope&lt;/fen&gt; takes place.

&lt;ex&gt;Terri &lt;t&gt;tied&lt;/t&gt; the rope around her waist &lt;fex name="Time"&gt;before scrambling up the side of the mountain&lt;/fex&gt;.&lt;/ex&gt;&lt;/def-root&gt;</definition>
        <semType name="Time" ID="141"/>
    </FE>
    <FE bgColor="FF69B4" fgColor="FFFFFF" coreType="Peripheral" cBy="MJE" cDate="12/15/2005 12:23:23 PST Thu" abbrev="Mns" name="Means" ID="9777">
        <definition>&lt;def-root&gt;The &lt;fen&gt;Means&lt;/fen&gt; by which the manipulation of the &lt;fen&gt;Rope&lt;/fen&gt; takes place.&lt;/def-root&gt;</definition>
        <semType name="State_of_affairs" ID="177"/>
    </FE>
    <FE bgColor="00BFFF" fgColor="FFFFFF" coreType="Extra-Thematic" cBy="MJE" cDate="12/15/2005 12:23:23 PST Thu" abbrev="Exp" name="Explanation" ID="9778">
        <definition>&lt;def-root&gt;The &lt;fen&gt;Explanation&lt;/fen&gt; for which the manipulation of the &lt;fen&gt;Rope&lt;/fen&gt; takes place.

&lt;ex&gt;Kelly &lt;t&gt;tied&lt;/t&gt; her laces around the back of her heel &lt;fex name="Explanation"&gt;to combat loose shoes&lt;/fex&gt;.&lt;/ex&gt;&lt;/def-root&gt;</definition>
        <semType name="State_of_affairs" ID="177"/>
    </FE>
    <FE bgColor="9400D3" fgColor="FFFFFF" coreType="Core" cBy="MJE" cDate="12/15/2005 12:23:23 PST Thu" abbrev="Rope" name="Rope" ID="9779">
        <definition>&lt;def-root&gt;The basically linear object which is manipulated by the &lt;fen&gt;Agent&lt;/fen&gt; to produce a &lt;fen&gt;Knot&lt;/fen&gt;.

&lt;ex&gt;He &lt;t&gt;tied&lt;/t&gt; &lt;fex name="Rope"&gt;an electrical cable&lt;/fex&gt; around the trunk and his neck before hanging himself .&lt;/ex&gt;&lt;/def-root&gt;</definition>
    </FE>
    <FE bgColor="A52A2A" fgColor="FFFFFF" coreType="Core" cBy="MJE" cDate="12/15/2005 12:23:23 PST Thu" abbrev="Knot" name="Knot" ID="9780">
        <definition>&lt;def-root&gt;The stable configuration of a &lt;fen&gt;Rope&lt;/fen&gt; which results from tying.

&lt;ex&gt;Jake &lt;t&gt;tied&lt;/t&gt; the cravat &lt;fex name="Knot"&gt;into an acceptable knot&lt;/fex&gt;.&lt;/ex&gt;&lt;/def-root&gt;</definition>
    </FE>
    <FE bgColor="FF00FF" fgColor="FFFFFF" coreType="Peripheral" cBy="MJE" cDate="12/15/2005 12:23:23 PST Thu" abbrev="Manr" name="Manner" ID="9781">
        <definition>&lt;def-root&gt;&lt;fen&gt;Manner&lt;/fen&gt; in which the manipulation of the &lt;fen&gt;Rope&lt;/fen&gt; takes place.

&lt;ex&gt;John &lt;t&gt;knotted&lt;/t&gt; the tie &lt;fex name="Manr"&gt;tightly&lt;/fex&gt; around his neck.&lt;/ex&gt;&lt;/def-root&gt;</definition>
        <semType name="Manner" ID="173"/>
    </FE>
    <FE bgColor="0000FF" fgColor="FFFFFF" coreType="Extra-Thematic" cBy="MJE" cDate="12/15/2005 12:23:23 PST Thu" abbrev="Locu" name="Locus" ID="9782">
        <definition>&lt;def-root&gt;Where the manipulation of the &lt;fen&gt;Rope&lt;/fen&gt; takes place.

&lt;ex&gt;Kelly &lt;t&gt;tied&lt;/t&gt; her laces &lt;fex name="Locus"&gt;around the back of her heel&lt;/fex&gt; to combat loose shoes.&lt;/ex&gt;&lt;/def-root&gt;</definition>
        <semType name="Location" ID="54"/>
    </FE>
    <frameRelation type="Inherits from"/>
    <frameRelation type="Is Inherited by"/>
    <frameRelation type="Perspective on"/>
    <frameRelation type="Is Perspectivized in">
        <relatedFrame ID="247">Knot_creation</relatedFrame>
        <relatedFrame ID="246">Rope_manipulation</relatedFrame>
    </frameRelation>
    <frameRelation type="Uses"/>
    <frameRelation type="Is Used by"/>
    <frameRelation type="Subframe of"/>
    <frameRelation type="Has Subframe(s)"/>
    <frameRelation type="Precedes"/>
    <frameRelation type="Is Preceded by"/>
    <frameRelation type="Is Inchoative of"/>
    <frameRelation type="Is Causative of"/>
    <frameRelation type="See also"/>
</frame>