<?xml version="1.0" encoding="UTF-8" standalone="yes"?>
<?xml-stylesheet type="text/xsl" href="frame.xsl"?>
<frame cBy="KmG" cDate="06/10/2008 03:18:14 PDT Tue" name="Launch_process" ID="2070" xsi:schemaLocation="../schema/frame.xsd" xmlns="http://framenet.icsi.berkeley.edu" xmlns:xsi="http://www.w3.org/2001/XMLSchema-instance">
    <definition>&lt;def-root&gt;An &lt;fen&gt;Agent&lt;/fen&gt; acts to begin the life of a &lt;fex name="Process"&gt;Process&lt;/fex&gt;.

&lt;ex&gt;&lt;fex name="Time"&gt;After discovering her knack for organization&lt;/fex&gt;, &lt;fex name="Agent"&gt;she decided to try to &lt;/fex&gt; &lt;t&gt;launch&lt;/t&gt; &lt;fex name="Process"&gt;a career in human resources&lt;/fex&gt;.&lt;/ex&gt;

&lt;ex&gt;&lt;fex name="Agent"&gt;The City of Bratislava&lt;/fex&gt; has &lt;t&gt;launched&lt;/t&gt; &lt;fex name="Process"&gt;a pilot project of providing internet access in the city centre&lt;/fex&gt;.&lt;/ex&gt;&lt;/def-root&gt;</definition>
    <FE bgColor="0000FF" fgColor="FFFFFF" coreType="Core" cBy="KmG" cDate="06/10/2008 03:18:14 PDT Tue" abbrev="Pro" name="Process" ID="12738">
        <definition>&lt;def-root&gt;This Frame Element marks expressions that indicate the process that the &lt;fen&gt;Agent&lt;/fen&gt; initiates.&lt;/def-root&gt;</definition>
    </FE>
    <FE bgColor="008000" fgColor="FFFFFF" coreType="Peripheral" cBy="KmG" cDate="06/10/2008 03:18:14 PDT Tue" abbrev="Place" name="Place" ID="12739">
        <definition>&lt;def-root&gt;This FE identifies the &lt;fen&gt;Place&lt;/fen&gt; where the &lt;fen&gt;Process&lt;/fen&gt; is initiated.
&lt;/def-root&gt;</definition>
        <semType name="Locative_relation" ID="182"/>
    </FE>
    <FE bgColor="A52A2A" fgColor="FFFFFF" coreType="Peripheral" cBy="KmG" cDate="06/10/2008 03:18:14 PDT Tue" abbrev="Mns" name="Means" ID="12740">
        <definition>&lt;def-root&gt;The &lt;fen&gt;Means&lt;/fen&gt; is the way in which the &lt;fen&gt;Agent&lt;/fen&gt; initiates the &lt;fen&gt;Process&lt;/fen&gt;.&lt;/def-root&gt;</definition>
        <semType name="State_of_affairs" ID="177"/>
    </FE>
    <FE bgColor="FFA500" fgColor="FFFFFF" coreType="Peripheral" cBy="KmG" cDate="06/10/2008 03:18:14 PDT Tue" abbrev="Tim" name="Time" ID="12741">
        <definition>&lt;def-root&gt;This FE is for the &lt;fen&gt;Time&lt;/fen&gt; when the &lt;fen&gt;Agent&lt;/fen&gt; initiates the &lt;fen&gt;Process&lt;/fen&gt;.&lt;/def-root&gt;</definition>
        <semType name="Time" ID="141"/>
    </FE>
    <FE bgColor="2E8B57" fgColor="EEE8AA" coreType="Peripheral" cBy="KmG" cDate="06/10/2008 03:18:14 PDT Tue" abbrev="Med" name="Medium" ID="12742">
        <definition>&lt;def-root&gt;&lt;fen&gt;Medium&lt;/fen&gt; is the physical or abstract setting in which the &lt;fen&gt;Agent&lt;/fen&gt; initiates the &lt;fen&gt;Process&lt;/fen&gt;.&lt;/def-root&gt;</definition>
    </FE>
    <FE bgColor="1E90FF" fgColor="FFFFFF" coreType="Core" cBy="KmG" cDate="06/10/2008 03:18:14 PDT Tue" abbrev="Age" name="Agent" ID="12743">
        <definition>&lt;def-root&gt;The &lt;fen&gt;Agent&lt;/fen&gt; is the actor responsible for starting the &lt;fen&gt;Process&lt;/fen&gt;.&lt;/def-root&gt;</definition>
    </FE>
    <FE bgColor="800080" fgColor="FFFFFF" coreType="Extra-Thematic" cBy="KmG" cDate="06/10/2008 03:18:14 PDT Tue" abbrev="Pur" name="Purpose" ID="12744">
        <definition>&lt;def-root&gt;To what end the &lt;fen&gt;Agent&lt;/fen&gt; initiates the &lt;fen&gt;Process&lt;/fen&gt;.&lt;/def-root&gt;</definition>
    </FE>
    <FE bgColor="9F79EE" fgColor="FFFFFF" coreType="Extra-Thematic" cBy="KmG" cDate="06/10/2008 03:18:14 PDT Tue" abbrev="Co-t" name="Co-timed_event" ID="12745">
        <definition>&lt;def-root&gt;This FE identifies the first &lt;fen&gt;Co-timed_event&lt;/fen&gt; of the started &lt;fen&gt;Process&lt;/fen&gt;.

&lt;/def-root&gt;</definition>
    </FE>
    <FE bgColor="FF00FF" fgColor="FFFFFF" coreType="Peripheral" cBy="KmG" cDate="06/10/2008 03:18:14 PDT Tue" abbrev="Man" name="Manner" ID="12746">
        <definition>&lt;def-root&gt;The way in which the &lt;fen&gt;Agent&lt;/fen&gt; initiates the &lt;fen&gt;Process&lt;/fen&gt;.&lt;/def-root&gt;</definition>
    </FE>
    <FE bgColor="FF0000" fgColor="FFFFFF" coreType="Extra-Thematic" cBy="KmG" cDate="06/10/2008 03:18:14 PDT Tue" abbrev="Vie" name="Viewpoint" ID="12747">
        <definition>&lt;def-root&gt;This FE modifies the target to indicate the legal- or "by rule" domain within which the event if initiating the &lt;fex name="Process"&gt;Process&lt;/fex&gt; is considered true.&lt;/def-root&gt;</definition>
    </FE>
    <FE bgColor="00008B" fgColor="FFFFFF" coreType="Extra-Thematic" cBy="KmG" cDate="06/10/2008 03:18:14 PDT Tue" abbrev="Exp" name="Explanation" ID="12748">
        <definition>&lt;def-root&gt;The reason why or the way in which the &lt;fen&gt;Agent&lt;/fen&gt; initiates the &lt;fen&gt;Process&lt;/fen&gt;.&lt;/def-root&gt;</definition>
    </FE>
    <FE bgColor="7CCD73" fgColor="FFFFFF" coreType="Extra-Thematic" cBy="KmG" cDate="06/10/2008 03:18:14 PDT Tue" abbrev="Cir" name="Circumstances" ID="12749">
        <definition>&lt;def-root&gt;The state of the world at the time when the &lt;fen&gt;Agent&lt;/fen&gt; produces the &lt;fen&gt;Process&lt;/fen&gt;.&lt;/def-root&gt;</definition>
    </FE>
    <FE bgColor="FF69B4" fgColor="000000" coreType="Extra-Thematic" cBy="KmG" cDate="06/10/2008 03:18:14 PDT Tue" abbrev="Par" name="Particular_iteration" ID="12750">
        <definition>&lt;def-root&gt;Expressions marked with this extra-thematic FE modify a non-iterative use of the target, and indicate that it is conceived as embedded within an iterated series of similar events or states. In addition, most expressions of Particular_iteration indicate which instance of the series is being referred to.&lt;/def-root&gt;</definition>
    </FE>
    <FE bgColor="FFFF00" fgColor="00008B" coreType="Extra-Thematic" cBy="KmG" cDate="06/10/2008 03:18:14 PDT Tue" abbrev="New" name="New_situation" ID="12751">
        <definition>&lt;def-root&gt;A consecutive event to the starting of the &lt;fen&gt;Process&lt;/fen&gt; of the &lt;fen&gt;Agent&lt;/fen&gt;.&lt;/def-root&gt;</definition>
    </FE>
    <FE bgColor="808080" fgColor="FFFFFF" coreType="Extra-Thematic" cBy="KmG" cDate="06/10/2008 03:18:14 PDT Tue" abbrev="Con" name="Containing_event" ID="12752">
        <definition>&lt;def-root&gt;This FE denotes an event that occurs or state of affairs that holds at a time that includes the time during which the event or state of affairs reported by the target occurs and of which it is taken to be a part.&lt;/def-root&gt;</definition>
    </FE>
    <FE bgColor="00BFFF" fgColor="000000" coreType="Extra-Thematic" cBy="KmG" cDate="06/10/2008 03:18:14 PDT Tue" abbrev="Ses" name="Concessive" ID="12753">
        <definition>&lt;def-root&gt;This FE signifies that the state of affairs expressed by the main clause (containing the target) occurs or holds, and something other than that state of affairs would be expected given the state of affairs in the concessive clause. &lt;/def-root&gt;</definition>
    </FE>
    <FE bgColor="FFD700" fgColor="FF0000" coreType="Extra-Thematic" cBy="KmG" cDate="06/10/2008 03:18:14 PDT Tue" abbrev="Dep" name="Depictive" ID="12754">
        <definition>&lt;def-root&gt;This FE identifies the  &lt;fen&gt;Depictive&lt;/fen&gt; phrase describing the actor or undergoer of an action.&lt;/def-root&gt;</definition>
    </FE>
    <FE bgColor="A9A9A9" fgColor="006400" coreType="Extra-Thematic" cBy="KmG" cDate="06/10/2008 03:18:14 PDT Tue" abbrev="Eve" name="Event_description" ID="12755">
        <definition>&lt;def-root&gt;This FE applies to appraisals of the event, typically a judgment of its expectedness.&lt;/def-root&gt;</definition>
    </FE>
    <FE bgColor="EEE8AA" fgColor="FF0000" coreType="Extra-Thematic" cBy="KmG" cDate="06/13/2008 05:38:09 PDT Fri" abbrev="Ben" name="Beneficiary" ID="12797">
        <definition>&lt;def-root&gt;The party for who's benefit the &lt;fen&gt;Process&lt;/fen&gt; is launched.
&lt;/def-root&gt;</definition>
    </FE>
    <FE bgColor="7FFF00" fgColor="00008B" coreType="Extra-Thematic" cBy="KmG" cDate="06/16/2008 03:06:23 PDT Mon" abbrev="re-e" name="Re-encoding" ID="12801">
        <definition>&lt;def-root&gt;This FE presents the current frame as an integral part of a larger conceptualization expressed by another frame. The frame expressed by the target typically corresponds to a Means action within the frame expressed by the &lt;fex name="Re-encoding"&gt;Re-encoding&lt;/fex&gt;, but not necessarily&lt;/def-root&gt;</definition>
    </FE>
    <FE bgColor="EEE8AA" fgColor="00008B" coreType="Extra-Thematic" cBy="KmG" cDate="06/16/2008 03:13:13 PDT Mon" abbrev="Fre" name="Frequency" ID="12802">
        <definition>&lt;def-root&gt;How often the &lt;fen&gt;Process&lt;/fen&gt; is launched.&lt;/def-root&gt;</definition>
    </FE>
    <frameRelation type="Inherits from"/>
    <frameRelation type="Is Inherited by"/>
    <frameRelation type="Perspective on"/>
    <frameRelation type="Is Perspectivized in"/>
    <frameRelation type="Uses">
        <relatedFrame ID="381">Cause_to_start</relatedFrame>
    </frameRelation>
    <frameRelation type="Is Used by"/>
    <frameRelation type="Subframe of"/>
    <frameRelation type="Has Subframe(s)"/>
    <frameRelation type="Precedes"/>
    <frameRelation type="Is Preceded by"/>
    <frameRelation type="Is Inchoative of"/>
    <frameRelation type="Is Causative of"/>
    <frameRelation type="See also"/>
    <lexUnit status="Finished_Initial" POS="V" name="launch.v" ID="15097" lemmaID="21828" cBy="KmG" cDate="06/10/2008 03:34:47 PDT Tue">
        <definition>COD: begin (something) energetically and enthusiastically</definition>
        <sentenceCount annotated="116" total="385"/>
        <lexeme order="1" headword="false" breakBefore="false" POS="V" name="launch"/>
    </lexUnit>
</frame>