<?xml version="1.0" encoding="UTF-8" standalone="yes"?>
<?xml-stylesheet type="text/xsl" href="frame.xsl"?>
<frame cBy="AlK" cDate="03/04/2011 04:08:47 PST Fri" name="Leaving_traces" ID="2501" xsi:schemaLocation="../schema/frame.xsd" xmlns="http://framenet.icsi.berkeley.edu" xmlns:xsi="http://www.w3.org/2001/XMLSchema-instance">
    <definition>&lt;def-root&gt;A piece of &lt;fen&gt;Evidence&lt;/fen&gt; indicates that an &lt;fen&gt;Event&lt;/fen&gt; occured, or metonymically, &lt;fen&gt;Entity&lt;/fen&gt; had formerly existed, in a &lt;fen&gt;Location&lt;/fen&gt;.  The &lt;fen&gt;Evidence&lt;/fen&gt; consists of physical changes to the &lt;fen&gt;Location&lt;/fen&gt; that resulted from the &lt;fen&gt;Event&lt;/fen&gt;.  Some LUs of this frame are general (trace.n) while others specifically involve evidence of motion (trail.n, track.n, wake.n, contrail.n) or existence (vestige.n).

&lt;ex&gt;He was careful to make sure that there was no &lt;fex name="Evidence"&gt;&lt;t&gt;trace&lt;/t&gt;&lt;/fex&gt; &lt;fex name="Event"&gt;of tampering&lt;/fex&gt; &lt;fex name="Location"&gt;in the file&lt;/fex&gt;.&lt;/ex&gt;
&lt;ex&gt;&lt;fex name="Entity"&gt;The fugitives&lt;/fex&gt; left &lt;fex name="Evidence"&gt;&lt;t&gt;tracks&lt;/t&gt;&lt;/fex&gt; &lt;fex name="Location"&gt;in their wake&lt;/fex&gt; leading the authorities to their hiding spot.&lt;/ex&gt;
&lt;/def-root&gt;</definition>
    <FE bgColor="008000" fgColor="FFFFFF" coreType="Core" cBy="AlK" cDate="03/04/2011 04:48:36 PST Fri" abbrev="" name="Evidence" ID="14344">
        <definition>&lt;def-root&gt;The thing that indicates an Entity was in a Location.

He found traces of the burglar in the hallway.&lt;/def-root&gt;</definition>
    </FE>
    <FE bgColor="0000FF" fgColor="FFFFFF" coreType="Core" cBy="AlK" cDate="03/04/2011 04:55:23 PST Fri" abbrev="" name="Entity" ID="14345">
        <definition>&lt;def-root&gt;The thing whose former existence in a Location can be deduced from the &lt;fen&gt;Evidence&lt;/fen&gt;.

Traces of the former inhabitants can still be found in the abandoned manor.&lt;/def-root&gt;</definition>
    </FE>
    <FE bgColor="FF69B4" fgColor="FFFFFF" coreType="Peripheral" cBy="AlK" cDate="03/11/2011 04:26:01 PST Fri" abbrev="" name="Descriptor" ID="14365">
        <definition>&lt;def-root&gt;This frame element describes characteristics and properties of the &lt;fen&gt;Evidence&lt;/fen&gt; not covered by other frame elements.&lt;/def-root&gt;</definition>
    </FE>
    <FE bgColor="800080" fgColor="FFFFFF" coreType="Peripheral" cBy="AlK" cDate="03/11/2011 04:28:14 PST Fri" abbrev="" name="Location" ID="14366">
        <definition>&lt;def-root&gt;The place or context in which the &lt;fex name=""&gt;Evidence&lt;/fex&gt; of an is discovered, showing that an &lt;fex name=""&gt;Event&lt;/fex&gt; occured there or an &lt;fex name=""&gt;Entity&lt;/fex&gt; existed there.&lt;/def-root&gt;</definition>
    </FE>
    <FE bgColor="1E90FF" fgColor="FFFFFF" coreType="Core" cBy="AlK" cDate="03/11/2011 04:35:16 PST Fri" abbrev="" name="Event" ID="14367">
        <definition>&lt;def-root&gt;An event whose details are revealed through the discovery of &lt;fen&gt;Evidence&lt;/fen&gt;.&lt;/def-root&gt;</definition>
    </FE>
    <FE bgColor="FFA500" fgColor="FFFFFF" coreType="Peripheral" cBy="AlK" cDate="03/11/2011 05:24:53 PST Fri" abbrev="" name="Time" ID="14368">
        <definition>&lt;def-root&gt;A description of the time that an &lt;fen&gt;Event&lt;/fen&gt; occurs or an &lt;fen&gt;Entity&lt;/fen&gt; exists at a place.&lt;/def-root&gt;</definition>
    </FE>
    <FE bgColor="00BFFF" fgColor="FFFFFF" coreType="Peripheral" cBy="MJE" cDate="06/30/2015 09:10:12 PDT Tue" abbrev="" name="Reliability" ID="16522">
        <definition>&lt;def-root&gt;Any description of how clearly the &lt;fen&gt;Evidence&lt;/fen&gt; indicates the former &lt;fen&gt;Event&lt;/fen&gt;.&lt;/def-root&gt;</definition>
    </FE>
    <FEcoreSet>
        <memberFE name="Entity" ID="14345"/>
        <memberFE name="Event" ID="14367"/>
    </FEcoreSet>
    <frameRelation type="Inherits from">
        <relatedFrame ID="428">Sign</relatedFrame>
    </frameRelation>
    <frameRelation type="Is Inherited by"/>
    <frameRelation type="Perspective on"/>
    <frameRelation type="Is Perspectivized in"/>
    <frameRelation type="Uses"/>
    <frameRelation type="Is Used by"/>
    <frameRelation type="Subframe of"/>
    <frameRelation type="Has Subframe(s)"/>
    <frameRelation type="Precedes"/>
    <frameRelation type="Is Preceded by"/>
    <frameRelation type="Is Inchoative of"/>
    <frameRelation type="Is Causative of"/>
    <frameRelation type="See also"/>
    <lexUnit status="Created" POS="N" name="trace.n" ID="16268" lemmaID="40889" cBy="AlK" cDate="03/10/2011 01:34:03 PST Thu">
        <definition>FN: an indication that something happened</definition>
        <sentenceCount annotated="32" total="32"/>
        <lexeme order="1" headword="false" breakBefore="false" POS="N" name="trace"/>
    </lexUnit>
    <lexUnit status="Created" POS="N" name="track.n" ID="18180" lemmaID="40897" cBy="MJE" cDate="06/30/2015 08:54:36 PDT Tue">
        <definition>FN: mark left by the paw, foot, shoe, tire, or other locomotive appendage or apparatus that results from passage of some creature or vehicle moving through a location.</definition>
        <sentenceCount annotated="0" total="0"/>
        <lexeme order="1" headword="false" breakBefore="false" POS="N" name="track"/>
    </lexUnit>
    <lexUnit status="Created" POS="N" name="trail.n" ID="18181" lemmaID="40938" cBy="MJE" cDate="06/30/2015 08:56:28 PDT Tue">
        <definition>FN: collection of changes along an inferred continuous line that indicate the path taken by a moving entity.</definition>
        <sentenceCount annotated="0" total="0"/>
        <lexeme order="1" headword="false" breakBefore="false" POS="N" name="trail"/>
    </lexUnit>
    <lexUnit status="Created" POS="N" name="wake.n" ID="18182" lemmaID="43354" cBy="MJE" cDate="06/30/2015 09:00:00 PDT Tue">
        <definition>FN: the noticeable disruption of water that results from the passage of watercraft or (rarely) water animals and remains for some time after the passage.</definition>
        <sentenceCount annotated="0" total="0"/>
        <lexeme order="1" headword="false" breakBefore="false" POS="N" name="wake"/>
    </lexUnit>
    <lexUnit status="Created" POS="N" name="contrail.n" ID="18183" lemmaID="8117" cBy="MJE" cDate="06/30/2015 09:01:45 PDT Tue">
        <definition>FN: the visible particles in air left behind by passing jet engines and rockets.</definition>
        <sentenceCount annotated="0" total="0"/>
        <lexeme order="1" headword="false" breakBefore="false" POS="N" name="contrail"/>
    </lexUnit>
    <lexUnit status="Created" POS="N" name="vestige.n" ID="18184" lemmaID="42933" cBy="MJE" cDate="06/30/2015 09:04:17 PDT Tue">
        <definition>FN: a detectable indication that some entity had been present (at some location).</definition>
        <sentenceCount annotated="0" total="0"/>
        <lexeme order="1" headword="false" breakBefore="false" POS="N" name="vestige"/>
    </lexUnit>
</frame>