<?xml version="1.0" encoding="UTF-8" standalone="yes"?>
<?xml-stylesheet type="text/xsl" href="frame.xsl"?>
<frame cBy="CVa" cDate="11/15/2012 04:44:47 PST Thu" name="Lending" ID="2781" xsi:schemaLocation="../schema/frame.xsd" xmlns="http://framenet.icsi.berkeley.edu" xmlns:xsi="http://www.w3.org/2001/XMLSchema-instance">
    <definition>&lt;def-root&gt;The &lt;fen&gt;Lender&lt;/fen&gt; gives the &lt;fen&gt;Theme&lt;/fen&gt; to the &lt;fen&gt;Borrower&lt;/fen&gt; with the expectation that the &lt;fen&gt;Borrower&lt;/fen&gt; will return the &lt;fen&gt;Theme&lt;/fen&gt; to the &lt;fen&gt;Lender&lt;/fen&gt; after a &lt;fen&gt;Duration&lt;/fen&gt; of time.  This frame differs from the Borrowing frame in that this frame profiles the Lender in active sentences, whereas the Borrowing frame profiles the Borrower.
&lt;ex&gt;&lt;/ex&gt;
For the time being, this frame includes both the transfer event itself and the end state of the event, as shown in the first two examples following:

&lt;ex&gt;&lt;fex name="Lender"&gt;I&lt;/fex&gt; am &lt;t&gt;lending&lt;/t&gt; &lt;fex name="Borrower"&gt;a student of mine&lt;/fex&gt; &lt;fex name="Theme"&gt;my book on German modal particles&lt;/fex&gt;.&lt;/ex&gt;

&lt;ex&gt;The student has not yet given back &lt;fex name="Theme"&gt;the book&lt;/fex&gt; &lt;fex name="Lender"&gt;I&lt;/fex&gt; &lt;t&gt;lent&lt;/t&gt; &lt;fex name="Borrower"&gt;to him&lt;/fex&gt;.&lt;/ex&gt;

&lt;ex&gt;Not only did I have to borrow a gown, but &lt;fex name="Borrower"&gt;I&lt;/fex&gt; was also &lt;t&gt;lent&lt;/t&gt; &lt;fex name="Theme"&gt;a jacket&lt;/fex&gt;! &lt;fex name="Lender"&gt;CNI&lt;/fex&gt;&lt;/ex&gt;

&lt;ex&gt;&lt;fex name="Lender"&gt;I&lt;/fex&gt; &lt;t&gt;lent&lt;/t&gt; &lt;fex name="Borrower"&gt;my girlfriend&lt;/fex&gt; &lt;fex name="Theme"&gt;my car&lt;/fex&gt; &lt;fex name="Duration"&gt;for the weekend&lt;/fex&gt;.&lt;/ex&gt;

&lt;ex&gt;&lt;fex name="Lender"&gt;Jerry&lt;/fex&gt; &lt;t&gt;loaned&lt;/t&gt; &lt;fex name="Theme"&gt;his skateboard&lt;/fex&gt; &lt;fex name="Borrower"&gt;to his little brother&lt;/fex&gt;.&lt;/ex&gt;
&lt;/def-root&gt;</definition>
    <FE bgColor="800080" fgColor="FFFFFF" coreType="Core" cBy="CVa" cDate="11/15/2012 04:48:58 PST Thu" abbrev="Borr" name="Borrower" ID="15804">
        <definition>&lt;def-root&gt;The person or institution who receives the &lt;fen&gt;Theme&lt;/fen&gt; from the &lt;fen&gt;Lender&lt;/fen&gt; for a &lt;fen&gt;Duration&lt;/fen&gt;.
&lt;ex&gt;I &lt;t&gt;lent&lt;/t&gt; the book &lt;fex name="Borr"&gt;to him&lt;/fex&gt; for a whole month, and he still hasn't read it.&lt;/ex&gt;&lt;/def-root&gt;</definition>
    </FE>
    <FE bgColor="FFA500" fgColor="000000" coreType="Peripheral" cBy="CVa" cDate="11/15/2012 04:50:25 PST Thu" abbrev="Dur" name="Duration" ID="15805">
        <definition>&lt;def-root&gt;The amout of time in which the &lt;fen&gt;Borrower&lt;/fen&gt; has possession of the &lt;fen&gt;Theme&lt;/fen&gt;.

&lt;ex&gt;I &lt;t&gt;lent&lt;/t&gt; the book to him &lt;fex name="Dur"&gt;for a whole month&lt;/fex&gt;, and he still hasn't read it.&lt;/ex&gt;&lt;/def-root&gt;</definition>
    </FE>
    <FE bgColor="FF0000" fgColor="FFFFFF" coreType="Core" cBy="CVa" cDate="11/15/2012 04:51:09 PST Thu" abbrev="Lend" name="Lender" ID="15806">
        <definition>&lt;def-root&gt;The person or institution who gives the &lt;fen&gt;Theme&lt;/fen&gt; to the &lt;fen&gt;Borrower&lt;/fen&gt; for a &lt;fen&gt;Duration&lt;/fen&gt;.

&lt;ex&gt;&lt;fex name="Lend"&gt;I&lt;/fex&gt; &lt;t&gt;lent&lt;/t&gt; the book to him for a whole month, and he still hasn't read it.&lt;/ex&gt;&lt;/def-root&gt;</definition>
    </FE>
    <FE bgColor="0000FF" fgColor="FFFFFF" coreType="Core" cBy="CVa" cDate="11/15/2012 04:52:04 PST Thu" abbrev="Th" name="Theme" ID="15807">
        <definition>&lt;def-root&gt;The object that is transferred from the &lt;fen&gt;Lender&lt;/fen&gt; to the &lt;fen&gt;Borrower&lt;/fen&gt; for a &lt;fen&gt;Duration&lt;/fen&gt;.
&lt;ex&gt;I &lt;t&gt;lent&lt;/t&gt; &lt;fex name="Th"&gt;the book&lt;/fex&gt; to him for a whole month, and he still hasn't read it.&lt;/ex&gt;&lt;/def-root&gt;</definition>
    </FE>
    <FE bgColor="808080" fgColor="FFFFFF" coreType="Peripheral" cBy="CVa" cDate="11/16/2012 11:14:27 PST Fri" abbrev="Purp" name="Purpose" ID="15814">
        <definition>&lt;def-root&gt;The aim of the &lt;fen&gt;Lender&lt;/fen&gt; which they believe will be accomplished by lending the &lt;fen&gt;Theme&lt;/fen&gt; to the &lt;fen&gt;Borrower&lt;/fen&gt;.

&lt;ex&gt;His parents &lt;t&gt;lent&lt;/t&gt; him money &lt;fex name="Purp"&gt;to pay off his student loans&lt;/fex&gt;.&lt;/ex&gt;&lt;/def-root&gt;</definition>
    </FE>
    <FE bgColor="EEE8AA" fgColor="000000" coreType="Peripheral" cBy="CVa" cDate="11/16/2012 11:18:05 PST Fri" abbrev="Time" name="Time" ID="15815">
        <definition>&lt;def-root&gt;The time when the lending event occurs.

&lt;ex&gt;I &lt;t&gt;lent&lt;/t&gt; him my car &lt;fex name="Time"&gt;on Friday&lt;/fex&gt;.&lt;/ex&gt;&lt;/def-root&gt;</definition>
    </FE>
    <FE bgColor="FF69B4" fgColor="000000" coreType="Peripheral" cBy="CVa" cDate="11/20/2012 05:41:34 PST Tue" abbrev="Man" name="Manner" ID="15817">
        <definition>&lt;def-root&gt;The way in which the &lt;fen&gt;Lender&lt;/fen&gt; lends the &lt;fen&gt;Theme&lt;/fen&gt;.

&lt;ex&gt;Juan &lt;t&gt;lent&lt;/t&gt; me the car &lt;fex name="Man"&gt;reluctantly&lt;/fex&gt;.&lt;/ex&gt;&lt;/def-root&gt;</definition>
        <semType name="Manner" ID="173"/>
    </FE>
    <FE bgColor="008000" fgColor="FFFFFF" coreType="Peripheral" cBy="CVa" cDate="11/20/2012 06:28:20 PST Tue" abbrev="Pla" name="Place" ID="15819">
        <definition>&lt;def-root&gt;The location in which the Lender lends the &lt;fen&gt;Theme&lt;/fen&gt; to the &lt;fen&gt;Borrower&lt;/fen&gt;.

&lt;ex&gt;I &lt;t&gt;lent&lt;/t&gt; him my book &lt;fex name="Pla"&gt;in Dubai&lt;/fex&gt;.&lt;/ex&gt;&lt;/def-root&gt;</definition>
        <semType name="Location" ID="54"/>
    </FE>
    <frameRelation type="Inherits from">
        <relatedFrame ID="139">Giving</relatedFrame>
    </frameRelation>
    <frameRelation type="Is Inherited by"/>
    <frameRelation type="Perspective on">
        <relatedFrame ID="2780">Temporary_transfer_scenario</relatedFrame>
    </frameRelation>
    <frameRelation type="Is Perspectivized in"/>
    <frameRelation type="Uses"/>
    <frameRelation type="Is Used by"/>
    <frameRelation type="Subframe of"/>
    <frameRelation type="Has Subframe(s)"/>
    <frameRelation type="Precedes"/>
    <frameRelation type="Is Preceded by"/>
    <frameRelation type="Is Inchoative of"/>
    <frameRelation type="Is Causative of"/>
    <frameRelation type="See also"/>
    <lexUnit status="Finished_Initial" POS="V" name="lend.v" ID="17180" lemmaID="22073" cBy="CVa" cDate="11/15/2012 05:05:43 PST Thu">
        <definition>FN: to give somebody something temporarily</definition>
        <sentenceCount annotated="16" total="80"/>
        <lexeme order="1" headword="false" breakBefore="false" POS="V" name="lend"/>
    </lexUnit>
    <lexUnit status="Finished_Initial" POS="V" name="loan.v" ID="17181" lemmaID="22589" cBy="CVa" cDate="11/15/2012 05:07:01 PST Thu">
        <definition>FN: to give someone something temporarily</definition>
        <sentenceCount annotated="16" total="72"/>
        <lexeme order="1" headword="false" breakBefore="false" POS="V" name="loan"/>
    </lexUnit>
    <lexUnit status="Created" POS="N" name="loan.n" ID="17182" lemmaID="22588" cBy="CVa" cDate="11/15/2012 05:07:52 PST Thu">
        <definition>FN: an entity, usually money, given to somebody only temporarily</definition>
        <sentenceCount annotated="0" total="0"/>
        <lexeme order="1" headword="false" breakBefore="false" POS="N" name="loan"/>
    </lexUnit>
</frame>