<?xml version="1.0" encoding="UTF-8" standalone="yes"?>
<?xml-stylesheet type="text/xsl" href="frame.xsl"?>
<frame cBy="CVa" cDate="03/16/2012 01:36:12 PDT Fri" name="Level_of_light" ID="2712" xsi:schemaLocation="../schema/frame.xsd" xmlns="http://framenet.icsi.berkeley.edu" xmlns:xsi="http://www.w3.org/2001/XMLSchema-instance">
    <definition>&lt;def-root&gt;There is a gradable amount of light in a particular &lt;fen&gt;Location&lt;/fen&gt;.  In some cases the &lt;fen&gt;Source&lt;/fen&gt; of light may be indicated instead of the &lt;fen&gt;Location&lt;/fen&gt;.
&lt;ex&gt;&lt;/ex&gt;
&lt;ex&gt;The small print was bearly readable by the light of the &lt;fex name="Deg"&gt;very&lt;/fex&gt; &lt;t&gt;dim&lt;/t&gt; &lt;fex name="Source"&gt;torch&lt;/fex&gt;.&lt;/ex&gt;
&lt;ex&gt;&lt;/ex&gt;
&lt;ex&gt;Tal flew over the barrier and into the &lt;t&gt;dark&lt;/t&gt; &lt;fex name="Loc"&gt;tunnel&lt;/fex&gt;.&lt;/ex&gt;
&lt;ex&gt;&lt;/ex&gt;

The negetive LUs in this frame can be used metaphorically to describe time periods which can be characterized as bad or lacking in awareness, as shown in the following examples:
&lt;ex&gt;&lt;/ex&gt;
&lt;ex&gt;The custody of the era brought about a &lt;t&gt;dark&lt;/t&gt; &lt;fex name="Loc"&gt;period during which the written word was forgotten and art had disappeared&lt;/fex&gt;.&lt;/ex&gt;
&lt;ex&gt;&lt;/ex&gt;
&lt;ex&gt;Clinton is shrewd to solidify political support during these &lt;t&gt;dark&lt;/t&gt; &lt;fex name="Loc"&gt;days&lt;/fex&gt;.&lt;/ex&gt;&lt;/def-root&gt;</definition>
    <FE bgColor="0000FF" fgColor="FFFFFF" coreType="Core" cBy="CVa" cDate="03/16/2012 01:48:43 PDT Fri" abbrev="Loc" name="Location" ID="15539">
        <definition>&lt;def-root&gt;The place whose amout of light is being described.  The &lt;fen&gt;Location&lt;/fen&gt; can also be a location in time, as seen in the second example below:

&lt;ex&gt;She hid from the man in a &lt;t&gt;dark&lt;/t&gt; &lt;fex name="Loc"&gt;corner&lt;/fex&gt;.&lt;/ex&gt;

&lt;ex&gt;We set off on our journey on a &lt;t&gt;dark&lt;/t&gt; &lt;fex name="Loc"&gt;night&lt;/fex&gt;.&lt;/ex&gt;&lt;/def-root&gt;</definition>
        <semType name="Location" ID="54"/>
    </FE>
    <FE bgColor="008000" fgColor="FFFFFF" coreType="Core" cBy="CVa" cDate="03/16/2012 01:51:10 PDT Fri" abbrev="Source" name="Source" ID="15540">
        <definition>&lt;def-root&gt;The entity from which the light eminates.

&lt;ex&gt;A &lt;t&gt;dim&lt;/t&gt; &lt;fex name="Source"&gt;lamp&lt;/fex&gt; swung over the entrance to the castle.&lt;/ex&gt;&lt;/def-root&gt;</definition>
    </FE>
    <FE bgColor="FF00FF" fgColor="FFFFFF" coreType="Peripheral" cBy="CVa" cDate="03/16/2012 01:57:59 PDT Fri" abbrev="Deg" name="Degree" ID="15541">
        <definition>&lt;def-root&gt;The degree of the amount of light.

&lt;ex&gt;The room was &lt;fex name="Deg"&gt;totally&lt;/fex&gt; &lt;t&gt;dark&lt;/t&gt;.&lt;/ex&gt;

&lt;/def-root&gt;</definition>
        <semType name="Degree" ID="172"/>
    </FE>
    <FE bgColor="FFD700" fgColor="000000" coreType="Extra-Thematic" cBy="CVa" cDate="03/21/2012 10:07:19 PDT Wed" abbrev="" name="Descriptor" ID="15549">
        <definition>&lt;def-root&gt;A characteristic of the level of light not covered by a more specific frame element.

&lt;ex&gt;The hall was &lt;fex name="Descriptor"&gt;unusually&lt;/fex&gt; &lt;t&gt;dark&lt;/t&gt; when she stepped out of the apartment.&lt;/ex&gt;&lt;/def-root&gt;</definition>
    </FE>
    <FEcoreSet>
        <memberFE name="Location" ID="15539"/>
        <memberFE name="Source" ID="15540"/>
    </FEcoreSet>
    <frameRelation type="Inherits from">
        <relatedFrame ID="1015">Gradable_attributes</relatedFrame>
    </frameRelation>
    <frameRelation type="Is Inherited by"/>
    <frameRelation type="Perspective on"/>
    <frameRelation type="Is Perspectivized in"/>
    <frameRelation type="Uses"/>
    <frameRelation type="Is Used by"/>
    <frameRelation type="Subframe of"/>
    <frameRelation type="Has Subframe(s)"/>
    <frameRelation type="Precedes"/>
    <frameRelation type="Is Preceded by"/>
    <frameRelation type="Is Inchoative of"/>
    <frameRelation type="Is Causative of"/>
    <frameRelation type="See also"/>
    <lexUnit status="Finished_Initial" POS="A" name="dark.a" ID="16968" lemmaID="9576" cBy="CVa" cDate="03/16/2012 02:07:01 PDT Fri">
        <definition>FN: having a relative lack of light</definition>
        <sentenceCount annotated="42" total="154"/>
        <lexeme order="1" headword="false" breakBefore="false" POS="A" name="dark"/>
        <semType name="Negative" ID="99"/>
    </lexUnit>
    <lexUnit status="Finished_Initial" POS="A" name="dim.a" ID="16969" lemmaID="10690" cBy="CVa" cDate="03/16/2012 02:08:09 PDT Fri">
        <definition>FN: having only a small amount of light</definition>
        <sentenceCount annotated="14" total="116"/>
        <lexeme order="1" headword="false" breakBefore="false" POS="A" name="dim"/>
        <semType name="Negative" ID="99"/>
    </lexUnit>
    <lexUnit status="Finished_Initial" POS="A" name="black.a" ID="16970" lemmaID="3714" cBy="CVa" cDate="03/16/2012 02:09:08 PDT Fri">
        <definition>FN:  completely devoid of light</definition>
        <sentenceCount annotated="10" total="76"/>
        <lexeme order="1" headword="false" breakBefore="false" POS="A" name="black"/>
        <semType name="End_of_scale" ID="98"/>
        <semType name="Negative" ID="99"/>
    </lexUnit>
    <lexUnit status="Created" POS="A" name="unlighted.a" ID="16971" lemmaID="51506" cBy="CVa" cDate="03/16/2012 02:11:14 PDT Fri">
        <definition>FN: not lighted, not lit</definition>
        <sentenceCount annotated="0" total="0"/>
        <lexeme order="1" headword="true" breakBefore="false" POS="A" name="unlighted"/>
        <semType name="Negative" ID="99"/>
    </lexUnit>
    <lexUnit status="Created" POS="A" name="lightless.a" ID="16972" lemmaID="51507" cBy="CVa" cDate="03/16/2012 02:13:29 PDT Fri">
        <definition>FN:  lacking light</definition>
        <sentenceCount annotated="0" total="0"/>
        <lexeme order="1" headword="true" breakBefore="false" POS="A" name="lightless"/>
        <semType name="Negative" ID="99"/>
    </lexUnit>
    <lexUnit status="Finished_Initial" POS="A" name="light.a" ID="16973" lemmaID="22298" cBy="CVa" cDate="03/16/2012 02:14:33 PDT Fri">
        <definition>FN: bright; having a relatively large amount of light</definition>
        <sentenceCount annotated="12" total="120"/>
        <lexeme order="1" headword="false" breakBefore="false" POS="A" name="light"/>
    </lexUnit>
    <lexUnit status="Finished_Initial" POS="A" name="bright.a" ID="16974" lemmaID="4608" cBy="CVa" cDate="03/16/2012 02:17:06 PDT Fri">
        <definition>FN: having a relatively large amount of light</definition>
        <sentenceCount annotated="15" total="111"/>
        <lexeme order="1" headword="false" breakBefore="false" POS="A" name="bright"/>
    </lexUnit>
    <lexUnit status="Finished_Initial" incorporatedFE="Source" POS="A" name="sunny.a" ID="16981" lemmaID="38820" cBy="CVa" cDate="03/21/2012 09:49:11 PDT Wed">
        <definition>FN: brightly lit by the sun</definition>
        <sentenceCount annotated="14" total="120"/>
        <lexeme order="1" headword="false" breakBefore="false" POS="A" name="sunny"/>
    </lexUnit>
    <lexUnit status="Finished_Initial" POS="A" name="lighted.a" ID="16982" lemmaID="51509" cBy="CVa" cDate="03/21/2012 09:51:28 PDT Wed">
        <definition>FN: eminating a level of light</definition>
        <sentenceCount annotated="14" total="97"/>
        <lexeme order="1" headword="true" breakBefore="false" POS="A" name="lighted"/>
    </lexUnit>
    <lexUnit status="Created" POS="A" name="sunless.a" ID="16983" lemmaID="38815" cBy="CVa" cDate="03/21/2012 09:54:27 PDT Wed">
        <definition>FN: lacking light from the sun</definition>
        <sentenceCount annotated="0" total="0"/>
        <lexeme order="1" headword="false" breakBefore="false" POS="A" name="sunless"/>
        <semType name="Negative" ID="99"/>
    </lexUnit>
    <lexUnit status="Finished_Initial" POS="A" name="moonless.a" ID="16984" lemmaID="24874" cBy="CVa" cDate="03/21/2012 09:54:48 PDT Wed">
        <definition>FN: lacking light from the moon</definition>
        <sentenceCount annotated="10" total="15"/>
        <lexeme order="1" headword="false" breakBefore="false" POS="A" name="moonless"/>
        <semType name="Negative" ID="99"/>
    </lexUnit>
    <lexUnit status="Finished_Initial" POS="A" name="shady.a" ID="16985" lemmaID="35323" cBy="CVa" cDate="03/21/2012 09:56:09 PDT Wed">
        <definition>FN: blocking light, usually from the sun</definition>
        <sentenceCount annotated="11" total="25"/>
        <lexeme order="1" headword="false" breakBefore="false" POS="A" name="shady"/>
    </lexUnit>
</frame>