<?xml version="1.0" encoding="UTF-8" standalone="yes"?>
<?xml-stylesheet type="text/xsl" href="frame.xsl"?>
<frame cBy="JKR" cDate="05/23/2001 05:12:02 PDT Wed" name="Likelihood" ID="114" xsi:schemaLocation="../schema/frame.xsd" xmlns="http://framenet.icsi.berkeley.edu" xmlns:xsi="http://www.w3.org/2001/XMLSchema-instance">
    <definition>&lt;def-root&gt;This frame is concerned with the likelihood of a &lt;fen&gt;Hypothetical_event&lt;/fen&gt; occurring. The &lt;fen&gt;Hypothetical_event&lt;/fen&gt; is its only core frame element.

&lt;ex&gt;It &lt;m&gt;is&lt;/m&gt; &lt;t&gt;likely&lt;/t&gt; &lt;fex name="Hypothetical_event"&gt;that he'll arrive late&lt;/fex&gt;.&lt;/ex&gt;

Notice that in the case where a noun phrase is the subject of the Support Verb, that NP is also tagged as &lt;fen&gt;Hypothetical_event&lt;/fen&gt;.

&lt;ex&gt;&lt;fex name="Hypothetical_event"&gt;He&lt;/fex&gt; &lt;m&gt;is&lt;/m&gt; &lt;t&gt;likely&lt;/t&gt; &lt;fex name="Hypothetical_event"&gt;to arrive late&lt;/fex&gt;.&lt;/ex&gt;
&lt;/def-root&gt;</definition>
    <FE bgColor="006400" fgColor="FFFFFF" coreType="Core" cBy="JKR" cDate="05/23/2001 05:16:41 PDT Wed" abbrev="Evt" name="Hypothetical_event" ID="563">
        <definition>&lt;def-root&gt;The state of affairs or occurrence whose likelihood is assessed.
&lt;ex&gt;&lt;fex name="Evt"&gt;Rain&lt;/fex&gt; is fairly &lt;t&gt;unlikely&lt;/t&gt; today, I think.&lt;/ex&gt;&lt;/def-root&gt;</definition>
    </FE>
    <FE bgColor="0000FF" fgColor="FFFFFF" coreType="Extra-Thematic" cBy="JKR" cDate="05/31/2001 09:59:24 PDT Thu" abbrev="Exp" name="Explanation" ID="639">
        <definition>&lt;def-root&gt;This FE expresses a reason the speaker has for making  judgment about the likelihood
of an event.

&lt;ex&gt;There is a &lt;fex name="Degree"&gt;high&lt;/fex&gt; &lt;t&gt;chance&lt;/t&gt; &lt;fex name="Hypothetical_event"&gt;of rain&lt;/fex&gt; &lt;fex name="Explanation"&gt;because of the stormfront&lt;/fex&gt;.&lt;/ex&gt;&lt;/def-root&gt;</definition>
        <semType name="State_of_affairs" ID="177"/>
    </FE>
    <FE bgColor="FF69B4" fgColor="FFFFFF" coreType="Peripheral" cBy="JKR" cDate="05/31/2001 06:04:08 PDT Thu" abbrev="Degr" name="Degree" ID="676">
        <definition>&lt;def-root&gt;Degree to which event occurs

&lt;ex&gt;There is a &lt;fex name="Degree"&gt;high&lt;/fex&gt; &lt;t&gt;probability&lt;/t&gt; &lt;fex name="Hypothetical_event"&gt;that it will rain today&lt;/fex&gt;.&lt;/ex&gt;&lt;/def-root&gt;</definition>
        <semType name="Degree" ID="172"/>
    </FE>
    <FE bgColor="FFA500" fgColor="000000" coreType="Peripheral" cBy="JKR" cDate="06/05/2001 04:09:04 PDT Tue" abbrev="Place" name="Place" ID="756">
        <definition>&lt;def-root&gt;Where the event takes place.

&lt;ex&gt;There is a &lt;fex name="Degree"&gt;high&lt;/fex&gt; &lt;t&gt;chance&lt;/t&gt; &lt;fex name="Hypothetical_event"&gt;of rain&lt;/fex&gt; &lt;fex name="Place"&gt;in Seattle&lt;/fex&gt;.&lt;/ex&gt;&lt;/def-root&gt;</definition>
        <semType name="Locative_relation" ID="182"/>
    </FE>
    <FE bgColor="7CCD7C" fgColor="000000" coreType="Peripheral" cBy="JKR" cDate="06/05/2001 04:09:04 PDT Tue" abbrev="" name="Time" ID="758">
        <definition>&lt;def-root&gt;When the event occurs.

&lt;ex&gt;There is a &lt;fex name="Degree"&gt;high&lt;/fex&gt; &lt;t&gt;chance&lt;/t&gt; &lt;fex name="Hypothetical_event"&gt;of rain&lt;/fex&gt; &lt;fex name="Time"&gt;today&lt;/fex&gt;.&lt;/ex&gt;&lt;/def-root&gt;</definition>
        <semType name="Time" ID="141"/>
    </FE>
    <FE bgColor="A52A2A" fgColor="FFFFFF" coreType="Extra-Thematic" cBy="MJE" cDate="07/17/2003 04:47:46 PDT Thu" abbrev="cir" name="Circumstances" ID="4795">
        <definition>&lt;def-root&gt;The &lt;fen&gt;Circumstances&lt;/fen&gt; under which the &lt;fen&gt;Hypothetical_event&lt;/fen&gt; is likely.

&lt;ex&gt;A positive placebo effect is more &lt;t&gt;likely&lt;/t&gt; &lt;fex name="cir"&gt;when both patient and physician
believe that therapeutic benefit will result&lt;/fex&gt;.&lt;/ex&gt;&lt;/def-root&gt;</definition>
    </FE>
    <frameRelation type="Inherits from">
        <relatedFrame ID="1015">Gradable_attributes</relatedFrame>
    </frameRelation>
    <frameRelation type="Is Inherited by">
        <relatedFrame ID="378">Run_risk</relatedFrame>
    </frameRelation>
    <frameRelation type="Perspective on"/>
    <frameRelation type="Is Perspectivized in"/>
    <frameRelation type="Uses"/>
    <frameRelation type="Is Used by">
        <relatedFrame ID="990">Capability</relatedFrame>
        <relatedFrame ID="1811">Luck</relatedFrame>
    </frameRelation>
    <frameRelation type="Subframe of"/>
    <frameRelation type="Has Subframe(s)"/>
    <frameRelation type="Precedes"/>
    <frameRelation type="Is Preceded by"/>
    <frameRelation type="Is Inchoative of"/>
    <frameRelation type="Is Causative of"/>
    <frameRelation type="See also"/>
    <lexUnit status="Finished_Initial" POS="A" name="certain.a" ID="2277" lemmaID="5948" cBy="JKR" cDate="05/23/2001 05:12:24 PDT Wed">
        <definition>COD: able to be firmly relied on to happen or be the case. </definition>
        <sentenceCount annotated="30" total="213"/>
        <lexeme order="1" headword="false" breakBefore="false" POS="A" name="certain"/>
    </lexUnit>
    <lexUnit status="Finished_Initial" POS="A" name="likely.a" ID="2278" lemmaID="22346" cBy="JKR" cDate="05/23/2001 05:12:39 PDT Wed">
        <definition>COD: such as well might happen or be true. </definition>
        <sentenceCount annotated="53" total="172"/>
        <lexeme order="1" headword="false" breakBefore="false" POS="A" name="likely"/>
    </lexUnit>
    <lexUnit status="Finished_Initial" POS="N" name="likelihood.n" ID="2279" lemmaID="22345" cBy="JKR" cDate="05/23/2001 05:12:51 PDT Wed">
        <definition>COD: the state or fact of being likely. </definition>
        <sentenceCount annotated="30" total="118"/>
        <lexeme order="1" headword="false" breakBefore="false" POS="N" name="likelihood"/>
    </lexUnit>
    <lexUnit status="Finished_Initial" POS="N" name="certainty.n" ID="2280" lemmaID="5951" cBy="JKR" cDate="05/23/2001 05:13:01 PDT Wed">
        <definition>FN: the quality of an event being inevitable</definition>
        <sentenceCount annotated="20" total="115"/>
        <lexeme order="1" headword="false" breakBefore="false" POS="N" name="certainty"/>
    </lexUnit>
    <lexUnit status="Finished_Initial" POS="A" name="possible.a" ID="2281" lemmaID="29865" cBy="JKR" cDate="05/23/2001 05:13:15 PDT Wed">
        <definition>COD: capable of existing, happening, or being achieved</definition>
        <sentenceCount annotated="50" total="181"/>
        <lexeme order="1" headword="false" breakBefore="false" POS="A" name="possible"/>
    </lexUnit>
    <lexUnit status="Finished_Initial" POS="N" name="possibility.n" ID="2282" lemmaID="29863" cBy="JKR" cDate="05/23/2001 05:13:33 PDT Wed">
        <definition>COD: the state or fact of being possible</definition>
        <sentenceCount annotated="33" total="196"/>
        <lexeme order="1" headword="false" breakBefore="false" POS="N" name="possibility"/>
    </lexUnit>
    <lexUnit status="Finished_Initial" POS="N" name="chance.n" ID="2284" lemmaID="6028" cBy="JKR" cDate="05/23/2001 05:13:49 PDT Wed">
        <definition>COD: a possibility of something happening</definition>
        <sentenceCount annotated="38" total="364"/>
        <lexeme order="1" headword="false" breakBefore="false" POS="N" name="chance"/>
    </lexUnit>
    <lexUnit status="Finished_Initial" POS="A" name="probable.a" ID="2286" lemmaID="30521" cBy="JKR" cDate="05/23/2001 05:14:59 PDT Wed">
        <definition>COD: likely to happen or be the case</definition>
        <sentenceCount annotated="21" total="123"/>
        <lexeme order="1" headword="false" breakBefore="false" POS="A" name="probable"/>
    </lexUnit>
    <lexUnit status="Finished_Initial" POS="A" name="unlikely.a" ID="2287" lemmaID="42244" cBy="JKR" cDate="05/23/2001 05:15:12 PDT Wed">
        <definition>COD: not likely; improbable</definition>
        <sentenceCount annotated="30" total="148"/>
        <lexeme order="1" headword="false" breakBefore="false" POS="A" name="unlikely"/>
        <semType name="Negative" ID="99"/>
    </lexUnit>
    <lexUnit status="Finished_Initial" POS="A" name="impossible.a" ID="2288" lemmaID="19221" cBy="JKR" cDate="05/23/2001 05:15:23 PDT Wed">
        <definition>COD: not able to occur, exist, or be done</definition>
        <sentenceCount annotated="14" total="138"/>
        <lexeme order="1" headword="false" breakBefore="false" POS="A" name="impossible"/>
        <semType name="Negative" ID="99"/>
    </lexUnit>
    <lexUnit status="Finished_Initial" POS="N" name="improbability.n" ID="2289" lemmaID="19264" cBy="JKR" cDate="05/23/2001 05:15:35 PDT Wed">
        <definition>FN: the extent to which something is improbable</definition>
        <sentenceCount annotated="5" total="36"/>
        <lexeme order="1" headword="false" breakBefore="false" POS="N" name="improbability"/>
        <semType name="Negative" ID="99"/>
    </lexUnit>
    <lexUnit status="Finished_Initial" POS="A" name="prone.a" ID="2290" lemmaID="30716" cBy="JKR" cDate="05/23/2001 05:15:48 PDT Wed">
        <definition>COD: likely or liable to suffer from, do, or experience (something unfortunate)</definition>
        <sentenceCount annotated="26" total="126"/>
        <lexeme order="1" headword="false" breakBefore="false" POS="A" name="prone"/>
    </lexUnit>
    <lexUnit status="Finished_Initial" POS="A" name="sure.a" ID="2293" lemmaID="38952" cBy="JKR" cDate="05/23/2001 05:33:51 PDT Wed">
        <definition>COD: certain to receive, get, or do something</definition>
        <sentenceCount annotated="17" total="228"/>
        <lexeme order="1" headword="false" breakBefore="false" POS="A" name="sure"/>
    </lexUnit>
    <lexUnit status="Finished_Initial" POS="N" name="probability.n" ID="2300" lemmaID="30519" cBy="JKR" cDate="05/24/2001 01:23:45 PDT Thu">
        <definition>COD: the extent to which something is probable</definition>
        <sentenceCount annotated="21" total="143"/>
        <lexeme order="1" headword="false" breakBefore="false" POS="N" name="probability"/>
    </lexUnit>
    <lexUnit status="Created" POS="ADV" name="possibly.adv" ID="2304" lemmaID="29866" cBy="JKR" cDate="05/24/2001 02:22:09 PDT Thu">
        <definition>COD: (sentence adverb) perhaps</definition>
        <sentenceCount annotated="3" total="3"/>
        <lexeme order="1" headword="false" breakBefore="false" POS="ADV" name="possibly"/>
    </lexUnit>
    <lexUnit status="Finished_Initial" POS="V" name="tend.v" ID="2659" lemmaID="39829" cBy="JKR" cDate="06/16/2001 05:38:18 PDT Sat">
        <definition>COD: be likely NB: also has a use in the tendency frame. Clear examples of the likelihood-use of 'tend' are cases where the verb takes a passive verb phrase complement: "Men still tend to be taught to seek relationships with a larger number of people."</definition>
        <sentenceCount annotated="26" total="191"/>
        <lexeme order="1" headword="false" breakBefore="false" POS="V" name="tend"/>
    </lexUnit>
    <lexUnit status="Finished_Initial" POS="A" name="bound.a" ID="3286" lemmaID="4304" cBy="JKR" cDate="07/26/2001 12:14:06 PDT Thu">
        <definition>COD: destined or certain to be, do, or have something</definition>
        <sentenceCount annotated="14" total="142"/>
        <lexeme order="1" headword="false" breakBefore="false" POS="A" name="bound"/>
    </lexUnit>
    <lexUnit status="Created" POS="V" name="may.v" ID="6505" lemmaID="23758" cBy="JKR" cDate="07/08/2002 06:36:11 PDT Mon">
        <definition>COD: expressing possibility</definition>
        <sentenceCount annotated="38" total="38"/>
        <lexeme order="1" headword="false" breakBefore="false" POS="V" name="may"/>
    </lexUnit>
    <lexUnit status="Finished_Initial" POS="V" name="might.v" ID="6506" lemmaID="24252" cBy="JKR" cDate="07/08/2002 06:38:05 PDT Mon">
        <definition>FN: used to express possibility</definition>
        <sentenceCount annotated="109" total="425"/>
        <lexeme order="1" headword="false" breakBefore="false" POS="V" name="might"/>
    </lexUnit>
    <lexUnit status="Created" POS="ADV" name="probably.adv" ID="10854" lemmaID="30522" cBy="JKR" cDate="08/17/2004 09:06:21 PDT Tue">
        <definition>COD: almost certainly; as far as one knows or can tell.</definition>
        <sentenceCount annotated="18" total="20"/>
        <lexeme order="1" headword="false" breakBefore="false" POS="ADV" name="probably"/>
    </lexUnit>
    <lexUnit status="Created" POS="ADV" name="likely.adv" ID="11701" lemmaID="22347" cBy="JKR" cDate="03/03/2005 02:51:50 PST Thu">
        <definition>COD: probably</definition>
        <sentenceCount annotated="9" total="9"/>
        <lexeme order="1" headword="false" breakBefore="false" POS="ADV" name="likely"/>
    </lexUnit>
    <lexUnit status="Created" POS="ADV" name="certainly.adv" ID="13145" lemmaID="5950" cBy="RLG" cDate="03/28/2006 10:07:06 PST Tue">
        <definition>COD: definitely; undoubtedly.</definition>
        <sentenceCount annotated="4" total="4"/>
        <lexeme order="1" headword="false" breakBefore="false" POS="ADV" name="certainly"/>
    </lexUnit>
    <lexUnit status="Created" POS="A" name="guaranteed.a" ID="13670" lemmaID="50480" cBy="RLG" cDate="11/15/2006 02:51:20 PST Wed">
        <definition>FN: certain to occur.</definition>
        <sentenceCount annotated="2" total="2"/>
        <lexeme order="1" headword="true" breakBefore="false" POS="A" name="guaranteed"/>
    </lexUnit>
    <lexUnit status="Created" POS="V" name="can.v" ID="14403" lemmaID="50670" cBy="KmG" cDate="04/11/2007 04:10:54 PDT Wed">
        <definition>COD: used to indicate that something is typically the case</definition>
        <sentenceCount annotated="1" total="1"/>
        <lexeme order="1" headword="true" breakBefore="false" POS="V" name="can"/>
    </lexUnit>
    <lexUnit status="Created" POS="A" name="long.a" ID="15390" lemmaID="22697" cBy="JKs" cDate="07/02/2009 01:12:05 PDT Thu">
        <definition>FN: (with respect to 'odds') greater than 10:1; (with respect to 'shot') unlikely</definition>
        <sentenceCount annotated="0" total="0"/>
        <lexeme order="1" headword="false" breakBefore="false" POS="A" name="long"/>
    </lexUnit>
    <lexUnit status="Created" POS="A" name="assured.a" ID="15433" lemmaID="2184" cBy="AnW" cDate="07/15/2009 10:45:14 PDT Wed">
        <definition>COD: protected against discontinuance or change</definition>
        <sentenceCount annotated="1" total="1"/>
        <lexeme order="1" headword="false" breakBefore="false" POS="A" name="assured"/>
        <semType name="End_of_scale" ID="98"/>
    </lexUnit>
    <lexUnit status="Created" POS="A" name="liable.a" ID="15902" lemmaID="22182" cBy="MJE" cDate="07/19/2010 09:02:00 PDT Mon">
        <definition>FN: [chielfly dialectal] likely.</definition>
        <sentenceCount annotated="0" total="0"/>
        <lexeme order="1" headword="false" breakBefore="false" POS="A" name="liable"/>
    </lexUnit>
    <lexUnit status="Rules_Defined" POS="ADV" name="surely.adv" ID="17306" lemmaID="38958" cBy="CVa" cDate="01/29/2013 06:38:44 PST Tue">
        <definition>FN: certainly</definition>
        <sentenceCount annotated="0" total="0"/>
        <lexeme order="1" headword="false" breakBefore="false" POS="ADV" name="surely"/>
    </lexUnit>
    <lexUnit status="Created" POS="ADV" name="undoubtedly.adv" ID="17312" lemmaID="42050" cBy="CVa" cDate="01/29/2013 07:12:25 PST Tue">
        <definition>FN: without a feeling of uncertainty</definition>
        <sentenceCount annotated="0" total="0"/>
        <lexeme order="1" headword="false" breakBefore="false" POS="ADV" name="undoubtedly"/>
    </lexUnit>
    <lexUnit status="Created" POS="V" name="must.v" ID="17390" lemmaID="25293" cBy="EGp" cDate="06/21/2013 01:30:22 PDT Fri">
        <definition>FN: indicates that the speaker has a high degree of confidence in inferring that the state of affairs described by the caluse is true</definition>
        <sentenceCount annotated="1" total="1"/>
        <lexeme order="1" headword="false" breakBefore="false" POS="V" name="must"/>
    </lexUnit>
    <lexUnit status="Created" POS="V" name="would.v" ID="17410" lemmaID="44540" cBy="EGp" cDate="07/22/2013 10:31:08 PDT Mon">
        <definition>FN: used to indicate a conditional state or action</definition>
        <sentenceCount annotated="2" total="2"/>
        <lexeme order="1" headword="false" breakBefore="false" POS="V" name="would"/>
    </lexUnit>
</frame>