<?xml version="1.0" encoding="UTF-8" standalone="yes"?>
<?xml-stylesheet type="text/xsl" href="frame.xsl"?>
<frame cBy="RLG" cDate="03/28/2012 02:45:40 PDT Wed" name="Limiting" ID="2714" xsi:schemaLocation="../schema/frame.xsd" xmlns="http://framenet.icsi.berkeley.edu" xmlns:xsi="http://www.w3.org/2001/XMLSchema-instance">
    <definition>&lt;def-root&gt;An &lt;fen&gt;Agent&lt;/fen&gt; or &lt;fen&gt;Cause&lt;/fen&gt; limits a &lt;fen&gt;Range_of_options&lt;/fen&gt; to having a certain &lt;fen&gt;Characteristic&lt;/fen&gt;. The &lt;fen&gt;Characteristic&lt;/fen&gt; may be that only certain types of the &lt;fen&gt;Range_of_options&lt;/fen&gt; may be acceptable, or (in the case of a plural or mass &lt;fen&gt;Range_of_options&lt;/fen&gt;) that only certain cardinalities or quanties are acceptable. Alternatively, the &lt;fen&gt;Degree&lt;/fen&gt; to which the &lt;fen&gt;Range_of_options&lt;/fen&gt; is limited may be mentioned.

&lt;ex&gt;&lt;fex name="cau"&gt;His choices in life&lt;/fex&gt; have &lt;t&gt;limited&lt;/t&gt; &lt;fex name="ran"&gt;his opportunities&lt;/fex&gt; &lt;fex name="deg"&gt;severely&lt;/fex&gt;.&lt;/ex&gt;

&lt;ex&gt;&lt;fex name="ran"&gt;Treatment&lt;/fex&gt; was &lt;t&gt;limited&lt;/t&gt; &lt;fex name="cha"&gt;to one pill per day&lt;/fex&gt;. &lt;fex name="age"&gt;CNI&lt;/fex&gt;&lt;/ex&gt;&lt;/def-root&gt;</definition>
    <FE bgColor="FF0000" fgColor="FFFFFF" coreType="Core" cBy="RLG" cDate="03/28/2012 02:52:01 PDT Wed" abbrev="age" name="Agent" ID="15559">
        <definition>&lt;def-root&gt;The &lt;fen&gt;Agent&lt;/fen&gt; consciously places limits upon the Range_of_options.

&lt;ex&gt;&lt;fex name="age"&gt;The military&lt;/fex&gt; &lt;t&gt;limited&lt;/t&gt; building access to key personnel.&lt;/ex&gt;&lt;/def-root&gt;</definition>
        <excludesFE name="Cause" ID="15560"/>
    </FE>
    <FE bgColor="2E8B57" fgColor="FFFFFF" coreType="Core" cBy="RLG" cDate="03/28/2012 02:52:29 PDT Wed" abbrev="cau" name="Cause" ID="15560">
        <definition>&lt;def-root&gt;The &lt;fen&gt;Cause&lt;/fen&gt; is a natural occurrence or state-of-affairs that limits the Range_of_options.

&lt;ex&gt;&lt;fex name="cau"&gt;Ongoing rains&lt;/fex&gt; have &lt;t&gt;limited&lt;/t&gt; drivers to a small number of roads.&lt;/ex&gt;&lt;/def-root&gt;</definition>
    </FE>
    <FE bgColor="0000FF" fgColor="FFFFFF" coreType="Core" cBy="RLG" cDate="03/28/2012 02:53:05 PDT Wed" abbrev="ran" name="Range_of_options" ID="15561">
        <definition>&lt;def-root&gt;The &lt;fen&gt;Range_of_options&lt;/fen&gt; would normally be expected to have a set of possibilites, but is limited by an &lt;fen&gt;Agent&lt;/fen&gt; or &lt;fen&gt;Cause&lt;/fen&gt; to particular subtypes, situations or characteristics.

&lt;ex&gt;The military &lt;t&gt;limited&lt;/t&gt; &lt;fex name="ran"&gt;building access&lt;/fex&gt; to key personnel.&lt;/ex&gt;&lt;/def-root&gt;</definition>
    </FE>
    <FE bgColor="FF69B4" fgColor="FFFFFF" coreType="Peripheral" cBy="RLG" cDate="03/28/2012 02:56:18 PDT Wed" abbrev="deg" name="Degree" ID="15562">
        <definition>&lt;def-root&gt;The &lt;fen&gt;Degree&lt;/fen&gt; to which the &lt;fen&gt;Range_of_options&lt;/fen&gt; has been limited.

&lt;ex&gt;Our choices have now been &lt;fex name="deg"&gt;severely&lt;/fex&gt; &lt;t&gt;limited&lt;/t&gt;.&lt;/ex&gt;&lt;/def-root&gt;</definition>
    </FE>
    <FE bgColor="1E90FF" fgColor="FFFFFF" coreType="Core" cBy="RLG" cDate="03/28/2012 02:57:06 PDT Wed" abbrev="cha" name="Characteristic" ID="15563">
        <definition>&lt;def-root&gt;The &lt;fen&gt;Characteristic&lt;/fen&gt; indicates the subtypes or situations to which the &lt;fen&gt;Range_of_options&lt;/fen&gt; is limited.

&lt;ex&gt;The military &lt;t&gt;limited&lt;/t&gt; access &lt;fex name="cha"&gt;to key personnel only&lt;/fex&gt;.&lt;/ex&gt;

&lt;ex&gt;You should &lt;t&gt;limit&lt;/t&gt; your meals &lt;fex name="cha"&gt;to three per day at most&lt;/fex&gt;.&lt;/ex&gt;&lt;/def-root&gt;</definition>
    </FE>
    <FE bgColor="FFA500" fgColor="FFFFFF" coreType="Peripheral" cBy="RLG" cDate="06/19/2012 09:49:24 PDT Tue" abbrev="tim" name="Time" ID="15747">
        <definition>&lt;def-root&gt;The time at which the limiting takes place.

&lt;ex&gt;Banks are &lt;fex name="tim"&gt;currently&lt;/fex&gt; &lt;t&gt;limiting&lt;/t&gt; customers to two cash transactions per day.&lt;/ex&gt;&lt;/def-root&gt;</definition>
    </FE>
    <FE bgColor="EEE8AA" fgColor="000000" coreType="Peripheral" cBy="RLG" cDate="06/19/2012 09:52:21 PDT Tue" abbrev="dur" name="Duration" ID="15748">
        <definition>&lt;def-root&gt;The length of time over which the &lt;fen&gt;Range_of_options&lt;/fen&gt; is limited.

&lt;ex&gt;If you &lt;t&gt;limit&lt;/t&gt; your caloric intake &lt;fex name="dur"&gt;for too long&lt;/fex&gt;, it could damage your health.&lt;/ex&gt;&lt;/def-root&gt;</definition>
    </FE>
    <FE bgColor="FF00FF" fgColor="000000" coreType="Peripheral" cBy="CVa" cDate="05/07/2013 05:02:50 PDT Tue" abbrev="" name="Manner" ID="15916">
        <definition>&lt;def-root&gt;The way in which the &lt;fen&gt;Agent&lt;/fen&gt; of &lt;fen&gt;Cause&lt;/fen&gt; limits the &lt;fen&gt;Range_of_options&lt;/fen&gt;.&lt;/def-root&gt;</definition>
    </FE>
    <FE bgColor="006400" fgColor="FFFFFF" coreType="Peripheral" cBy="CVa" cDate="05/07/2013 05:06:06 PDT Tue" abbrev="" name="Place" ID="15917">
        <definition>&lt;def-root&gt;The location in which the &lt;fen&gt;Agent&lt;/fen&gt; or &lt;fen&gt;Cause&lt;/fen&gt; limits the &lt;fen&gt;Range_of_options&lt;/fen&gt;.&lt;/def-root&gt;</definition>
    </FE>
    <FE bgColor="9F79EE" fgColor="000000" coreType="Peripheral" cBy="CVa" cDate="05/07/2013 05:07:56 PDT Tue" abbrev="" name="Means" ID="15918">
        <definition>&lt;def-root&gt;An act performed by the Agent or Cause that accomplishes the action indicated by the target.&lt;/def-root&gt;</definition>
    </FE>
    <FE bgColor="800080" fgColor="FFFFFF" coreType="Peripheral" cBy="CVa" cDate="05/07/2013 05:09:54 PDT Tue" abbrev="" name="Purpose" ID="15919">
        <definition>&lt;def-root&gt;The purpose for which the Agent or Cause limits the Range_of_options.
&lt;/def-root&gt;</definition>
    </FE>
    <frameRelation type="Inherits from">
        <relatedFrame ID="230">Intentionally_affect</relatedFrame>
    </frameRelation>
    <frameRelation type="Is Inherited by"/>
    <frameRelation type="Perspective on"/>
    <frameRelation type="Is Perspectivized in"/>
    <frameRelation type="Uses"/>
    <frameRelation type="Is Used by">
        <relatedFrame ID="2715">Limitation</relatedFrame>
    </frameRelation>
    <frameRelation type="Subframe of"/>
    <frameRelation type="Has Subframe(s)"/>
    <frameRelation type="Precedes"/>
    <frameRelation type="Is Preceded by"/>
    <frameRelation type="Is Inchoative of"/>
    <frameRelation type="Is Causative of">
        <relatedFrame ID="2715">Limitation</relatedFrame>
    </frameRelation>
    <frameRelation type="See also"/>
    <lexUnit status="Needs_SCs" POS="V" name="limit.v" ID="16997" lemmaID="22382" cBy="RLG" cDate="03/28/2012 03:00:21 PDT Wed">
        <definition>FN: place constraints on choices or possibilities of something.</definition>
        <sentenceCount annotated="26" total="53"/>
        <lexeme order="1" headword="false" breakBefore="false" POS="V" name="limit"/>
    </lexUnit>
</frame>