<?xml version="1.0" encoding="UTF-8" standalone="yes"?>
<?xml-stylesheet type="text/xsl" href="frame.xsl"?>
<frame cBy="RLG" cDate="03/26/2007 10:42:24 PDT Mon" name="Lively_place" ID="1904" xsi:schemaLocation="../schema/frame.xsd" xmlns="http://framenet.icsi.berkeley.edu" xmlns:xsi="http://www.w3.org/2001/XMLSchema-instance">
    <definition>&lt;def-root&gt;A &lt;fen&gt;Location&lt;/fen&gt; is characterized by a high amount of (often goal-oriented) &lt;fen&gt;Activity&lt;/fen&gt;, or metonymically, with &lt;fen&gt;Individuals&lt;/fen&gt; who are engaged in the activity.

&lt;ex&gt;&lt;fex name="Location"&gt;The park&lt;/fex&gt; was &lt;t&gt;abuzz&lt;/t&gt; &lt;fex name="Individuals"&gt;with people&lt;/fex&gt;.&lt;/ex&gt;&lt;/def-root&gt;</definition>
    <FE bgColor="0000FF" fgColor="FFFFFF" coreType="Core" cBy="RLG" cDate="03/26/2007 10:42:24 PDT Mon" abbrev="Loc" name="Location" ID="11368">
        <definition>&lt;def-root&gt;The &lt;fen&gt;Location&lt;/fen&gt; where a lot of activity is taking place, or prototypically takes place.

&lt;/def-root&gt;</definition>
    </FE>
    <FE bgColor="FF00FF" fgColor="FFFFFF" coreType="Peripheral" cBy="RLG" cDate="03/26/2007 10:42:24 PDT Mon" abbrev="" name="Degree" ID="11370">
        <definition>&lt;def-root&gt;A modifier expressing  the deviation in amount of activity from the norm or from the amount for another &lt;fen&gt;Location&lt;/fen&gt;.&lt;/def-root&gt;</definition>
        <semType name="Degree" ID="172"/>
    </FE>
    <FE bgColor="FFA500" fgColor="FFFFFF" coreType="Extra-Thematic" cBy="RLG" cDate="03/26/2007 10:42:24 PDT Mon" abbrev="" name="Time" ID="11371">
        <definition>&lt;def-root&gt;The &lt;fen&gt;Time&lt;/fen&gt; during which the &lt;fen&gt;Location&lt;/fen&gt; is characterized by a lot of activity.&lt;/def-root&gt;</definition>
        <semType name="Time" ID="141"/>
    </FE>
    <FE bgColor="A52A2A" fgColor="FFFFFF" coreType="Extra-Thematic" cBy="RLG" cDate="03/26/2007 10:42:24 PDT Mon" abbrev="cir" name="Circumstances" ID="11372">
        <definition>&lt;def-root&gt;Some specification of the circumstances under which the &lt;fen&gt;Location&lt;/fen&gt; has some degree of activity or liveliness.&lt;/def-root&gt;</definition>
    </FE>
    <FE bgColor="008000" fgColor="FFFFFF" coreType="Extra-Thematic" cBy="RLG" cDate="03/26/2007 10:42:25 PDT Mon" abbrev="pla" name="Place" ID="11374">
        <definition>&lt;def-root&gt;The larger or general area where the &lt;fen&gt;Location&lt;/fen&gt; is lively.

&lt;ex&gt;&lt;fex name="pla"&gt;On this side of town&lt;/fex&gt; the streets are &lt;t&gt;livelier&lt;/t&gt;.&lt;/ex&gt;&lt;/def-root&gt;</definition>
    </FE>
    <FE bgColor="800080" fgColor="FFFFFF" coreType="Core" cBy="RLG" cDate="03/26/2007 11:09:13 PDT Mon" abbrev="act" name="Activity" ID="11375">
        <definition>&lt;def-root&gt;The &lt;fen&gt;Activity&lt;/fen&gt; that is conceptually filling the &lt;fen&gt;Location&lt;/fen&gt;.&lt;/def-root&gt;</definition>
    </FE>
    <FE bgColor="FF0000" fgColor="FFFFFF" coreType="Core" cBy="RLG" cDate="03/26/2007 11:10:06 PDT Mon" abbrev="ind" name="Individuals" ID="11376">
        <definition>&lt;def-root&gt;The &lt;fen&gt;Individuals&lt;/fen&gt; are engaged in the &lt;fen&gt;Activity&lt;/fen&gt;, creating a lively &lt;fen&gt;Location&lt;/fen&gt;.&lt;/def-root&gt;</definition>
    </FE>
    <FE bgColor="00BFFF" fgColor="FFFFFF" coreType="Peripheral" cBy="KmG" cDate="04/18/2007 02:31:12 PDT Wed" abbrev="Dur" name="Duration" ID="11694">
        <definition>&lt;def-root&gt;Duration denotes the length of time from the beginning of a continuous situation (the one denoted by the target) to its end. In many cases, the continuous situation is a dynamic action which is ongoing, while in others it is simply an undifferentiated state.&lt;/def-root&gt;</definition>
    </FE>
    <FE bgColor="EEE8AA" fgColor="000000" coreType="Peripheral" cBy="KmG" cDate="04/18/2007 02:34:51 PDT Wed" abbrev="Man" name="Manner" ID="11695">
        <definition>&lt;def-root&gt;The way in which the &lt;fen&gt;Individuals&lt;/fen&gt; or &lt;fen&gt;Location&lt;/fen&gt; is engaging in the &lt;fen&gt;Activity&lt;/fen&gt;. &lt;/def-root&gt;</definition>
    </FE>
    <FE bgColor="00008B" fgColor="FFFFFF" coreType="Extra-Thematic" cBy="KmG" cDate="04/18/2007 02:37:19 PDT Wed" abbrev="Exp" name="Explanation" ID="11696">
        <definition>&lt;def-root&gt;The Explanation denotes a proposition from which the main clause (headed by the target) logically follows. This often means that the Explanation causes the state of affairs expressed by the target, but not in all cases.&lt;/def-root&gt;</definition>
    </FE>
    <FEcoreSet>
        <memberFE name="Activity" ID="11375"/>
        <memberFE name="Individuals" ID="11376"/>
    </FEcoreSet>
    <frameRelation type="Inherits from">
        <relatedFrame ID="1015">Gradable_attributes</relatedFrame>
        <relatedFrame ID="262">Abounding_with</relatedFrame>
    </frameRelation>
    <frameRelation type="Is Inherited by"/>
    <frameRelation type="Perspective on"/>
    <frameRelation type="Is Perspectivized in"/>
    <frameRelation type="Uses">
        <relatedFrame ID="164">Activity_ongoing</relatedFrame>
    </frameRelation>
    <frameRelation type="Is Used by"/>
    <frameRelation type="Subframe of"/>
    <frameRelation type="Has Subframe(s)"/>
    <frameRelation type="Precedes"/>
    <frameRelation type="Is Preceded by"/>
    <frameRelation type="Is Inchoative of"/>
    <frameRelation type="Is Causative of"/>
    <frameRelation type="See also"/>
    <lexUnit status="Finished_Initial" POS="A" name="busy.a" ID="14148" lemmaID="5047" cBy="RLG" cDate="03/26/2007 11:11:19 PDT Mon">
        <definition>FN: characterized by a high amount of activity.</definition>
        <sentenceCount annotated="33" total="322"/>
        <lexeme order="1" headword="false" breakBefore="false" POS="A" name="busy"/>
    </lexUnit>
    <lexUnit status="Created" POS="V" name="bustle.v" ID="14149" lemmaID="5044" cBy="RLG" cDate="03/26/2007 11:11:52 PDT Mon">
        <definition>COD: (of a place) be full of activity.</definition>
        <sentenceCount annotated="0" total="0"/>
        <lexeme order="1" headword="false" breakBefore="false" POS="V" name="bustle"/>
    </lexUnit>
    <lexUnit status="Created" POS="V" name="hum.v" ID="14150" lemmaID="18614" cBy="RLG" cDate="03/26/2007 11:13:19 PDT Mon">
        <definition>COD: be in a state of great activity.</definition>
        <sentenceCount annotated="0" total="0"/>
        <lexeme order="1" headword="false" breakBefore="false" POS="V" name="hum"/>
    </lexUnit>
    <lexUnit status="Created" POS="A" name="abuzz.a" ID="14151" lemmaID="50582" cBy="RLG" cDate="03/26/2007 11:13:56 PDT Mon">
        <definition>FN: filled with activity, as if with buzzing.</definition>
        <sentenceCount annotated="0" total="0"/>
        <lexeme order="1" headword="true" breakBefore="false" POS="A" name="abuzz"/>
    </lexUnit>
    <lexUnit status="Finished_Initial" POS="A" name="lively.a" ID="14152" lemmaID="22557" cBy="RLG" cDate="03/26/2007 11:14:36 PDT Mon">
        <definition>COD: full of life, energy, or activity.</definition>
        <sentenceCount annotated="24" total="185"/>
        <lexeme order="1" headword="false" breakBefore="false" POS="A" name="lively"/>
    </lexUnit>
    <lexUnit status="Finished_Initial" POS="A" name="hectic.a" ID="14153" lemmaID="17765" cBy="RLG" cDate="03/26/2007 11:15:02 PDT Mon">
        <definition>COD: full of incessant or frantic activity.</definition>
        <sentenceCount annotated="10" total="171"/>
        <lexeme order="1" headword="false" breakBefore="false" POS="A" name="hectic"/>
    </lexUnit>
    <lexUnit status="Created" POS="A" name="hopping.a" ID="14154" lemmaID="50583" cBy="RLG" cDate="03/26/2007 11:15:36 PDT Mon">
        <definition>COD: very active or lively.</definition>
        <sentenceCount annotated="0" total="0"/>
        <lexeme order="1" headword="true" breakBefore="false" POS="A" name="hopping"/>
    </lexUnit>
    <lexUnit status="Created" POS="A" name="jumping.a" ID="14155" lemmaID="50584" cBy="RLG" cDate="03/26/2007 11:16:07 PDT Mon">
        <definition>FN: full of activity.</definition>
        <sentenceCount annotated="0" total="0"/>
        <lexeme order="1" headword="true" breakBefore="false" POS="A" name="jumping"/>
    </lexUnit>
    <lexUnit status="Created" POS="A" name="abustle.a" ID="14156" lemmaID="50585" cBy="RLG" cDate="03/26/2007 11:16:31 PDT Mon">
        <definition>FN: full of bustling activity.</definition>
        <sentenceCount annotated="0" total="0"/>
        <lexeme order="1" headword="true" breakBefore="false" POS="A" name="abustle"/>
    </lexUnit>
    <lexUnit status="Finished_Initial" POS="V" name="buzz.v" ID="14157" lemmaID="5090" cBy="RLG" cDate="03/26/2007 11:22:07 PDT Mon">
        <definition>COD: have an air of excitement or purposeful activity.</definition>
        <sentenceCount annotated="23" total="138"/>
        <lexeme order="1" headword="false" breakBefore="false" POS="V" name="buzz"/>
    </lexUnit>
    <lexUnit status="Created" POS="A" name="frenetic.a" ID="14377" lemmaID="15428" cBy="KmG" cDate="04/06/2007 05:47:39 PDT Fri">
        <definition>COD: fast and energetic in a rather wild and uncontrolled way.</definition>
        <sentenceCount annotated="1" total="1"/>
        <lexeme order="1" headword="false" breakBefore="false" POS="A" name="frenetic"/>
    </lexUnit>
    <lexUnit status="Created" POS="A" name="happening.a" ID="16368" lemmaID="51323" cBy="AlK" cDate="06/15/2011 05:43:42 PDT Wed">
        <definition>FN: popular</definition>
        <sentenceCount annotated="0" total="0"/>
        <lexeme order="1" headword="true" breakBefore="false" POS="A" name="happening"/>
    </lexUnit>
</frame>