<?xml version="1.0" encoding="UTF-8" standalone="yes"?>
<?xml-stylesheet type="text/xsl" href="frame.xsl"?>
<frame cBy="MJE" cDate="05/17/2001 04:10:05 PDT Thu" name="Location_of_light" ID="105" xsi:schemaLocation="../schema/frame.xsd" xmlns="http://framenet.icsi.berkeley.edu" xmlns:xsi="http://www.w3.org/2001/XMLSchema-instance">
    <definition>&lt;def-root&gt;A perceptible &lt;fen&gt;Figure&lt;/fen&gt; shows up against a &lt;fen&gt;Ground&lt;/fen&gt; location due to &lt;fen&gt;Light&lt;/fen&gt; shining on/from it, its salience possibly dependent on a &lt;fen&gt;Cause_of_shine&lt;/fen&gt;.

&lt;ex&gt;&lt;fex name="Fig"&gt;The grass&lt;/fex&gt; &lt;t&gt;glistened&lt;/t&gt; &lt;fex name="Shine"&gt;with dew&lt;/fex&gt;.&lt;/ex&gt;
&lt;ex&gt;Still &lt;t&gt;glowing&lt;/t&gt; &lt;fex name="Shine"&gt;from the forge&lt;/fex&gt;...&lt;/ex&gt;
&lt;ex&gt;&lt;fex name="Fig"&gt;The oily mud&lt;/fex&gt; &lt;t&gt;gleamed&lt;/t&gt; &lt;fex name="Shine"&gt;wetly&lt;/fex&gt; &lt;fex name="Grnd"&gt;under his feet&lt;/fex&gt;.&lt;/ex&gt;
&lt;ex&gt;&lt;fex name="Fig"&gt;Something&lt;/fex&gt; was &lt;t&gt;shimmering&lt;/t&gt; &lt;fex name="Grnd"&gt;on the shore&lt;/fex&gt;.&lt;/ex&gt;
&lt;ex&gt;&lt;fex name="Fig"&gt;The quartz&lt;/fex&gt; &lt;t&gt;glowed&lt;/t&gt; &lt;fex name="Lit"&gt;with a fitful, internal light&lt;/fex&gt;.&lt;/ex&gt;
&lt;ex&gt;&lt;fex name="Fig"&gt;The walls&lt;/fex&gt; &lt;t&gt;glowed&lt;/t&gt; &lt;fex name="Grnd"&gt;in the sun&lt;/fex&gt;.&lt;/ex&gt; 
&lt;ex&gt;&lt;/ex&gt;


Note that in this last example, the PP 'in the sun' is both the &lt;fen&gt;Ground&lt;/fen&gt; on the primary FE layer and &lt;fen&gt;Light&lt;/fen&gt; on the secondary layer.


&lt;ex&gt;&lt;/ex&gt;
This frame is similar to the frame Light_movement; however, in Location_of_light, &lt;fen&gt;Light&lt;/fen&gt; is conceived as stationary, while in Light_movement, light is conceived as traveling linearly outward from a light source, via a path, to whatever objects are illuminated.
&lt;ex&gt;&lt;/ex&gt;

In both of these light-related frames, there is a very consistent metaphorical conception of emotions as shining in eyes or forth from eyes, including the associated pattern of eyes shining with an emotion.  The sense in such cases is that the eyes (or the muscles and features around the eyes) are in such a configuration as to saliently convey an emotion.  In this metaphor, emotion is conceived as a light-source, with the amount of emotion described as amount of light, temporal patterns of intensity of emotion are patterns of light intensity, properties of the &lt;fen&gt;Figure&lt;/fen&gt; which produce the emotion are described in terms of properties of light-producing objects--thus "glinting", associated literally with light on hard, smooth, cold objects like stones, is used to describe the eyes of someone expreriencing a "hard cold" emotion like hatred, while "sparkling", associated with beauty, is used to describe the eyes of someone experiencing a "beautiful" emotion like amusement or excitement.  In both frames, such sentences should be tagged with the metaphor tag to differentiate them from literal sentences like "His eyes glistened with tears."

&lt;ex&gt;&lt;fex name="Figure"&gt;Her eyes&lt;/fex&gt; &lt;t&gt;glinted&lt;/t&gt; &lt;fex name="Cause_of_shine"&gt;with hatred&lt;/fex&gt;.&lt;/ex&gt;
&lt;ex&gt;I saw a &lt;fex name="Light"&gt;light&lt;/fex&gt; &lt;fex name="Figure"&gt;in her eyes&lt;/fex&gt; at the mention of cookies.&lt;/ex&gt;
&lt;/def-root&gt;</definition>
    <FE bgColor="FF69B4" fgColor="FFFFFF" coreType="Peripheral" cBy="MJE" cDate="06/11/2001 10:41:17 PDT Mon" abbrev="Degr" name="Degree" ID="803">
        <definition>&lt;def-root&gt;&lt;fen&gt;Degree&lt;/fen&gt; to which the &lt;fen&gt;Light&lt;/fen&gt; is emitted, usually indicating the brightness.&lt;/def-root&gt;</definition>
        <semType name="Degree" ID="172"/>
    </FE>
    <FE bgColor="9400D3" fgColor="FFFFFF" coreType="Extra-Thematic" cBy="MJE" cDate="06/11/2001 10:41:18 PDT Mon" abbrev="Dep" name="Depictive" ID="805">
        <definition>&lt;def-root&gt;The state of a focal participant during the emission of &lt;fen&gt;Light&lt;/fen&gt; .
&lt;ex&gt;The moonlight &lt;t&gt;shone&lt;/t&gt; &lt;fex name="Dep"&gt;cold&lt;/fex&gt; over the Scottish moor.&lt;/ex&gt;&lt;/def-root&gt;</definition>
    </FE>
    <FE bgColor="FF00FF" fgColor="FFFFFF" coreType="Peripheral" cBy="MJE" cDate="06/11/2001 10:41:18 PDT Mon" abbrev="Manr" name="Manner" ID="807">
        <definition>&lt;def-root&gt;&lt;fen&gt;Manner&lt;/fen&gt; of &lt;fen&gt;Light&lt;/fen&gt; emission.
&lt;ex&gt;In the dim light the gold and strong colours &lt;t&gt;glittered&lt;/t&gt; and glowed &lt;fex name="Manr"&gt;intensely&lt;/fex&gt;.&lt;/ex&gt;&lt;/def-root&gt;</definition>
        <semType name="Manner" ID="173"/>
    </FE>
    <FE bgColor="FF0000" fgColor="FFFFFF" coreType="Core" cBy="MJE" cDate="06/11/2001 05:18:27 PDT Mon" abbrev="Fig" name="Figure" ID="821">
        <definition>&lt;def-root&gt;The percept which is perceived at a certain &lt;fen&gt;Ground&lt;/fen&gt; location.
&lt;ex&gt;&lt;fex name="Fig"&gt;Candlelight&lt;/fex&gt; &lt;t&gt;sparkled&lt;/t&gt; on the silverware.&lt;/ex&gt;&lt;ex&gt;&lt;fex name="Fig"&gt;Her face&lt;/fex&gt; &lt;t&gt;glistened&lt;/t&gt; with sweat.&lt;/ex&gt;&lt;/def-root&gt;</definition>
    </FE>
    <FE bgColor="A52A2A" fgColor="FFFFFF" coreType="Core" cBy="MJE" cDate="06/11/2001 06:29:07 PDT Mon" abbrev="Grnd" name="Ground" ID="822">
        <definition>&lt;def-root&gt;The location of the phenomenon.&lt;ex&gt;Hot coals &lt;t&gt;glowed&lt;/t&gt; &lt;fex name="Grnd"&gt;behind the fire grate&lt;/fex&gt;.&lt;/ex&gt;&lt;/def-root&gt;</definition>
    </FE>
    <FE bgColor="9F79EE" fgColor="FFFFFF" coreType="Extra-Thematic" cBy="MJE" cDate="06/11/2001 07:14:57 PDT Mon" abbrev="Result" name="Result" ID="829">
        <definition>&lt;def-root&gt;The &lt;fen&gt;Result&lt;/fen&gt; of the emission of the &lt;fen&gt;Light&lt;/fen&gt; .
&lt;ex&gt;The screen &lt;t&gt;glowed&lt;/t&gt; &lt;fex name="Result"&gt;into life&lt;/fex&gt;.&lt;/ex&gt;&lt;/def-root&gt;</definition>
    </FE>
    <FE bgColor="0000FF" fgColor="FFFFFF" coreType="Extra-Thematic" cBy="MJE" cDate="07/20/2001 05:55:26 PDT Fri" abbrev="Shine" name="Cause_of_shine" ID="1547">
        <definition>&lt;def-root&gt;This is the cause of the shininess of the phenomenon, generally introduced by 'with'.&lt;ex&gt;Her face &lt;t&gt;glistened&lt;/t&gt; &lt;fex name="Shine"&gt;with sweat&lt;/fex&gt;.&lt;/ex&gt;&lt;ex&gt;His eyes &lt;t&gt;gleamed&lt;/t&gt; &lt;fex name="Shine"&gt;with amusement&lt;/fex&gt;.&lt;/ex&gt;&lt;/def-root&gt;</definition>
    </FE>
    <FE bgColor="008000" fgColor="FFFFFF" coreType="Core" cBy="MJE" cDate="07/25/2001 06:03:18 PDT Wed" abbrev="Lit" name="Light" ID="1548">
        <definition>&lt;def-root&gt;The &lt;fen&gt;Light&lt;/fen&gt; which is emitted.  In this frame, it is usually incorporated in verbs and adjectives, and is the denotation of many of the nouns.
&lt;ex&gt;The fire &lt;fex name="Lit"&gt;&lt;t&gt;glowed&lt;/t&gt;&lt;/fex&gt;.&lt;/ex&gt;
&lt;ex&gt;The &lt;fex name="Light"&gt;&lt;t&gt;glint&lt;/t&gt;&lt;/fex&gt; of gold made me blind with greed.&lt;/ex&gt;

Occasionally this FE shows up as a full argument:&lt;ex&gt;The chamber &lt;fex name="Lit"&gt;&lt;t&gt;glowed&lt;/t&gt;&lt;/fex&gt; &lt;fex name="Lit"&gt;with brilliant light&lt;/fex&gt;.&lt;/ex&gt;
&lt;/def-root&gt;</definition>
    </FE>
    <FE bgColor="2E8B57" fgColor="FFFFFF" coreType="Peripheral" cBy="Hay" cDate="10/02/2003 11:36:50 PDT Thu" abbrev="Dur" name="Duration" ID="5332">
        <definition>&lt;def-root&gt;The period for which the &lt;fen&gt;Figure&lt;/fen&gt; shows up against the &lt;fen&gt;Ground&lt;/fen&gt; due to &lt;fen&gt;Light&lt;/fen&gt; falling on it.

&lt;ex&gt;&lt;fex name="Duration"&gt;For a few minutes&lt;/fex&gt; the walls &lt;t&gt;glowed&lt;/t&gt; in the sun&lt;/ex&gt;&lt;/def-root&gt;</definition>
        <semType name="Duration" ID="142"/>
    </FE>
    <FE bgColor="1E90FF" fgColor="FFFFFF" coreType="Peripheral" cBy="Hay" cDate="10/02/2003 11:36:50 PDT Thu" abbrev="" name="Place" ID="5333">
        <definition>&lt;def-root&gt;The spatial setting in which the &lt;fen&gt;Figure&lt;/fen&gt; shows up against a &lt;fen&gt;Ground&lt;/fen&gt; location.

&lt;ex&gt;&lt;fex name="Place"&gt;Outside&lt;/fex&gt; something was &lt;t&gt;shimmering&lt;/t&gt; on the shore.&lt;/ex&gt;&lt;/def-root&gt;</definition>
        <semType name="Locative_relation" ID="182"/>
    </FE>
    <FE bgColor="FFA500" fgColor="FFFFFF" coreType="Peripheral" cBy="Hay" cDate="10/02/2003 11:36:50 PDT Thu" abbrev="Time" name="Time" ID="5334">
        <definition>&lt;def-root&gt;The &lt;fen&gt;Time&lt;/fen&gt; when the &lt;fen&gt;Figure&lt;/fen&gt; is observed against the &lt;fen&gt;Ground&lt;/fen&gt; location due to &lt;fen&gt;Light&lt;/fen&gt; shining on it.

&lt;ex&gt;&lt;fex name="Time"&gt;In the morning&lt;/fex&gt; the grass &lt;t&gt;glistened&lt;/t&gt; with dew&lt;/ex&gt;&lt;/def-root&gt;</definition>
        <semType name="Time" ID="141"/>
    </FE>
    <FEcoreSet>
        <memberFE name="Figure" ID="821"/>
        <memberFE name="Light" ID="1548"/>
    </FEcoreSet>
    <frameRelation type="Inherits from">
        <relatedFrame ID="965">Measurable_attributes</relatedFrame>
    </frameRelation>
    <frameRelation type="Is Inherited by"/>
    <frameRelation type="Perspective on"/>
    <frameRelation type="Is Perspectivized in"/>
    <frameRelation type="Uses">
        <relatedFrame ID="8">Perception</relatedFrame>
    </frameRelation>
    <frameRelation type="Is Used by"/>
    <frameRelation type="Subframe of"/>
    <frameRelation type="Has Subframe(s)"/>
    <frameRelation type="Precedes"/>
    <frameRelation type="Is Preceded by"/>
    <frameRelation type="Is Inchoative of"/>
    <frameRelation type="Is Causative of"/>
    <frameRelation type="See also">
        <relatedFrame ID="131">Light_movement</relatedFrame>
    </frameRelation>
    <lexUnit status="Finished_Initial" POS="V" name="glow.v" ID="2175" lemmaID="16390" cBy="MJE" cDate="05/17/2001 04:26:31 PDT Thu">
        <definition>COD:  give out steady light without flame.</definition>
        <sentenceCount annotated="44" total="44"/>
        <lexeme order="1" headword="false" breakBefore="false" POS="V" name="glow"/>
    </lexUnit>
    <lexUnit status="Finished_Initial" POS="V" name="glisten.v" ID="3234" lemmaID="16350" cBy="MJE" cDate="07/20/2001 06:02:34 PDT Fri">
        <definition>COD: shine or sparkle (as on something wet or moist)</definition>
        <sentenceCount annotated="32" total="166"/>
        <lexeme order="1" headword="false" breakBefore="false" POS="V" name="glisten"/>
    </lexUnit>
    <lexUnit status="Finished_Initial" POS="V" name="glimmer.v" ID="3235" lemmaID="16339" cBy="MJE" cDate="07/20/2001 06:11:36 PDT Fri">
        <definition>FN: to light up an entity faintly with a wavering light</definition>
        <sentenceCount annotated="11" total="11"/>
        <lexeme order="1" headword="false" breakBefore="false" POS="V" name="glimmer"/>
    </lexUnit>
    <lexUnit status="Finished_Initial" POS="V" name="twinkle.v" ID="3236" lemmaID="41631" cBy="MJE" cDate="07/20/2001 06:14:36 PDT Fri">
        <definition>COD: shine with a gleam that changes constantly from bright to faint. </definition>
        <sentenceCount annotated="16" total="102"/>
        <lexeme order="1" headword="false" breakBefore="false" POS="V" name="twinkle"/>
    </lexUnit>
    <lexUnit status="Finished_Initial" POS="V" name="shimmer.v" ID="3237" lemmaID="35519" cBy="MJE" cDate="07/20/2001 06:20:15 PDT Fri">
        <definition>COD:  shine with a soft tremulous light. </definition>
        <sentenceCount annotated="19" total="116"/>
        <lexeme order="1" headword="false" breakBefore="false" POS="V" name="shimmer"/>
    </lexUnit>
    <lexUnit status="Finished_Initial" POS="V" name="glint.v" ID="3238" lemmaID="16344" cBy="MJE" cDate="07/20/2001 06:31:30 PDT Fri">
        <definition>FN: to illuminate an entity by giving out or reflecting small flashes of light. </definition>
        <sentenceCount annotated="28" total="28"/>
        <lexeme order="1" headword="false" breakBefore="false" POS="V" name="glint"/>
    </lexUnit>
    <lexUnit status="Finished_Initial" POS="V" name="flash.v" ID="3245" lemmaID="14620" cBy="MJE" cDate="07/23/2001 03:15:12 PDT Mon">
        <definition>COD: shine or cause to shine in a bright but brief, sudden, or intermittent way. </definition>
        <sentenceCount annotated="30" total="376"/>
        <lexeme order="1" headword="false" breakBefore="false" POS="V" name="flash"/>
    </lexUnit>
    <lexUnit status="Finished_Initial" POS="V" name="sparkle.v" ID="3246" lemmaID="37168" cBy="MJE" cDate="07/23/2001 03:21:43 PDT Mon">
        <definition>COD: shine brightly with flashes of light. </definition>
        <sentenceCount annotated="31" total="197"/>
        <lexeme order="1" headword="false" breakBefore="false" POS="V" name="sparkle"/>
    </lexUnit>
    <lexUnit status="Finished_Initial" POS="V" name="gleam.v" ID="3249" lemmaID="16321" cBy="MJE" cDate="07/23/2001 06:07:25 PDT Mon">
        <definition>FN: to light up an entity brighly</definition>
        <sentenceCount annotated="33" total="251"/>
        <lexeme order="1" headword="false" breakBefore="false" POS="V" name="gleam"/>
    </lexUnit>
    <lexUnit status="Finished_Initial" POS="V" name="glitter.v" ID="3250" lemmaID="16354" cBy="MJE" cDate="07/23/2001 06:17:35 PDT Mon">
        <definition>FN: to illuminate by emitting a shimmering light</definition>
        <sentenceCount annotated="49" total="49"/>
        <lexeme order="1" headword="false" breakBefore="false" POS="V" name="glitter"/>
    </lexUnit>
    <lexUnit status="Finished_Initial" POS="V" name="shine.v" ID="3251" lemmaID="35526" cBy="MJE" cDate="07/23/2001 07:00:16 PDT Mon">
        <definition>FN: to illuminate an object by giving out a bright light</definition>
        <sentenceCount annotated="54" total="54"/>
        <lexeme order="1" headword="false" breakBefore="false" POS="V" name="shine"/>
    </lexUnit>
    <lexUnit status="Finished_Initial" POS="V" name="flicker.v" ID="3252" lemmaID="14703" cBy="MJE" cDate="07/23/2001 07:01:51 PDT Mon">
        <definition>FN: to reflect light off of or from an object intermittenly</definition>
        <sentenceCount annotated="25" total="283"/>
        <lexeme order="1" headword="false" breakBefore="false" POS="V" name="flicker"/>
    </lexUnit>
    <lexUnit status="Insufficient_Attestations" POS="V" name="coruscate.v" ID="3253" lemmaID="8480" cBy="MJE" cDate="07/23/2001 07:10:47 PDT Mon">
        <definition>FN: to flash or sparkle as an object because the reflection or emission of light </definition>
        <sentenceCount annotated="2" total="2"/>
        <lexeme order="1" headword="false" breakBefore="false" POS="V" name="coruscate"/>
    </lexUnit>
    <lexUnit status="Finished_Initial" POS="V" name="flame.v" ID="3254" lemmaID="14596" cBy="MJE" cDate="07/23/2001 07:13:31 PDT Mon">
        <definition>FN: to shine light on an object as if by fire light</definition>
        <sentenceCount annotated="6" total="103"/>
        <lexeme order="1" headword="false" breakBefore="false" POS="V" name="flame"/>
    </lexUnit>
    <lexUnit status="Needs_SCs" POS="V" name="scintillate.v" ID="3255" lemmaID="34450" cBy="MJE" cDate="07/23/2001 07:19:45 PDT Mon">
        <definition>FN: to illuminate an entity by emitting flashes of light </definition>
        <sentenceCount annotated="3" total="11"/>
        <lexeme order="1" headword="false" breakBefore="false" POS="V" name="scintillate"/>
    </lexUnit>
    <lexUnit status="Finished_Initial" POS="V" name="flare.v" ID="3256" lemmaID="14615" cBy="MJE" cDate="07/23/2001 07:22:07 PDT Mon">
        <definition>FN: to suddenly light up, as though the object is on fire</definition>
        <sentenceCount annotated="29" total="251"/>
        <lexeme order="1" headword="false" breakBefore="false" POS="V" name="flare"/>
    </lexUnit>
    <lexUnit status="Finished_Initial" POS="N" name="glint.n" ID="3257" lemmaID="16343" cBy="MJE" cDate="07/23/2001 07:43:16 PDT Mon">
        <definition>FN: a small flash of light shining upon an entity</definition>
        <sentenceCount annotated="29" total="106"/>
        <lexeme order="1" headword="false" breakBefore="false" POS="N" name="glint"/>
    </lexUnit>
    <lexUnit status="Finished_Initial" POS="N" name="gleam.n" ID="3258" lemmaID="16320" cBy="MJE" cDate="07/23/2001 07:51:31 PDT Mon">
        <definition>FN: the appearance of a brief or weak light with respect to a figure and a ground</definition>
        <sentenceCount annotated="18" total="81"/>
        <lexeme order="1" headword="false" breakBefore="false" POS="N" name="gleam"/>
    </lexUnit>
    <lexUnit status="Finished_Initial" POS="N" name="glimmer.n" ID="3259" lemmaID="16338" cBy="MJE" cDate="07/23/2001 07:58:45 PDT Mon">
        <definition>FN: a faint or wavering light shining on an entity</definition>
        <sentenceCount annotated="14" total="14"/>
        <lexeme order="1" headword="false" breakBefore="false" POS="N" name="glimmer"/>
    </lexUnit>
    <lexUnit status="Finished_Initial" POS="N" name="flicker.n" ID="3260" lemmaID="14702" cBy="MJE" cDate="07/23/2001 08:19:24 PDT Mon">
        <definition>FN: the reflection of light off of or from an object intermittently</definition>
        <sentenceCount annotated="18" total="170"/>
        <lexeme order="1" headword="false" breakBefore="false" POS="N" name="flicker"/>
    </lexUnit>
    <lexUnit status="Insufficient_Attestations" POS="N" name="coruscation.n" ID="3261" lemmaID="8481" cBy="MJE" cDate="07/23/2001 08:26:48 PDT Mon">
        <definition>FN: flash or sparkle.</definition>
        <sentenceCount annotated="1" total="1"/>
        <lexeme order="1" headword="false" breakBefore="false" POS="N" name="coruscation"/>
    </lexUnit>
    <lexUnit status="Finished_Initial" POS="N" name="scintillation.n" ID="3262" lemmaID="34451" cBy="MJE" cDate="07/23/2001 08:27:30 PDT Mon">
        <definition>COD: a flash of light. </definition>
        <sentenceCount annotated="5" total="25"/>
        <lexeme order="1" headword="false" breakBefore="false" POS="N" name="scintillation"/>
    </lexUnit>
    <lexUnit status="Finished_Initial" POS="N" name="glitter.n" ID="3263" lemmaID="16353" cBy="MJE" cDate="07/23/2001 08:31:35 PDT Mon">
        <definition>COD: a bright, shimmering reflected light. </definition>
        <sentenceCount annotated="12" total="85"/>
        <lexeme order="1" headword="false" breakBefore="false" POS="N" name="glitter"/>
    </lexUnit>
    <lexUnit status="Finished_Initial" POS="N" name="glow.n" ID="3264" lemmaID="16389" cBy="MJE" cDate="07/23/2001 08:40:38 PDT Mon">
        <definition>FN: a steady radiance of light that illuminates an object</definition>
        <sentenceCount annotated="34" total="34"/>
        <lexeme order="1" headword="false" breakBefore="false" POS="N" name="glow"/>
    </lexUnit>
    <lexUnit status="Finished_Initial" POS="N" name="twinkle.n" ID="3265" lemmaID="41630" cBy="MJE" cDate="07/23/2001 08:51:46 PDT Mon">
        <definition>FN: a sparkle or gleam that illuminates an object</definition>
        <sentenceCount annotated="11" total="64"/>
        <lexeme order="1" headword="false" breakBefore="false" POS="N" name="twinkle"/>
    </lexUnit>
    <lexUnit status="Finished_Initial" POS="A" name="flashing.a" ID="3266" lemmaID="45004" cBy="MJE" cDate="07/24/2001 04:54:06 PDT Tue">
        <definition>FN: giving off light in bright, sudden and/or intermittent bursts.</definition>
        <sentenceCount annotated="14" total="124"/>
        <lexeme order="1" headword="false" breakBefore="false" POS="A" name="flashing"/>
    </lexUnit>
    <lexUnit status="Finished_Initial" POS="A" name="gleaming.a" ID="3267" lemmaID="45005" cBy="MJE" cDate="07/24/2001 05:02:19 PDT Tue">
        <definition>FN: shining brightly, especially with reflected light.</definition>
        <sentenceCount annotated="21" total="130"/>
        <lexeme order="1" headword="false" breakBefore="false" POS="A" name="gleaming"/>
    </lexUnit>
    <lexUnit status="Finished_Initial" POS="A" name="glittering.a" ID="3268" lemmaID="16355" cBy="MJE" cDate="07/24/2001 05:21:36 PDT Tue">
        <definition>FN: reflecting or shining small quantities of individual, separate points of light.</definition>
        <sentenceCount annotated="22" total="150"/>
        <lexeme order="1" headword="false" breakBefore="false" POS="A" name="glittering"/>
    </lexUnit>
    <lexUnit status="Finished_Initial" POS="N" name="flash.n" ID="3269" lemmaID="14619" cBy="MJE" cDate="07/24/2001 05:28:03 PDT Tue">
        <definition>FN: the appearance of a sudden brief burst of light </definition>
        <sentenceCount annotated="5" total="247"/>
        <lexeme order="1" headword="false" breakBefore="false" POS="N" name="flash"/>
    </lexUnit>
    <lexUnit status="Finished_Initial" POS="A" name="glistening.a" ID="3270" lemmaID="45006" cBy="MJE" cDate="07/24/2001 05:51:08 PDT Tue">
        <definition>FN: illuminating an object by giving off a sparkle</definition>
        <sentenceCount annotated="20" total="98"/>
        <lexeme order="1" headword="false" breakBefore="false" POS="A" name="glistening"/>
    </lexUnit>
    <lexUnit status="Finished_Initial" POS="A" name="shining.a" ID="3271" lemmaID="35535" cBy="MJE" cDate="07/24/2001 08:20:21 PDT Tue">
        <definition>FN: reflecting light brightly.</definition>
        <sentenceCount annotated="27" total="172"/>
        <lexeme order="1" headword="false" breakBefore="false" POS="A" name="shining"/>
    </lexUnit>
    <lexUnit status="Finished_Initial" POS="N" name="shine.n" ID="3272" lemmaID="35525" cBy="MJE" cDate="07/24/2001 08:34:54 PDT Tue">
        <definition>FN: a glow of bright light which illuminates an object</definition>
        <sentenceCount annotated="10" total="182"/>
        <lexeme order="1" headword="false" breakBefore="false" POS="N" name="shine"/>
    </lexUnit>
    <lexUnit status="Finished_Initial" POS="N" name="sheen.n" ID="3273" lemmaID="35447" cBy="MJE" cDate="07/25/2001 02:00:52 PDT Wed">
        <definition>COD: a soft lustre on a surface. </definition>
        <sentenceCount annotated="18" total="115"/>
        <lexeme order="1" headword="false" breakBefore="false" POS="N" name="sheen"/>
    </lexUnit>
    <lexUnit status="Finished_Initial" POS="N" name="lustre.n" ID="3274" lemmaID="45007" cBy="MJE" cDate="07/25/2001 02:19:22 PDT Wed">
        <definition>COD: a gentle sheen or soft glow. </definition>
        <sentenceCount annotated="8" total="74"/>
        <lexeme order="1" headword="false" breakBefore="false" POS="N" name="lustre"/>
    </lexUnit>
    <lexUnit status="Finished_Initial" POS="A" name="lambent.a" ID="3275" lemmaID="21612" cBy="MJE" cDate="07/25/2001 07:20:40 PDT Wed">
        <definition>COD: glowing or flickering with a soft radiance. </definition>
        <sentenceCount annotated="4" total="4"/>
        <lexeme order="1" headword="false" breakBefore="false" POS="A" name="lambent"/>
    </lexUnit>
    <lexUnit status="Insufficient_Attestations" POS="A" name="refulgent.a" ID="3276" lemmaID="32362" cBy="MJE" cDate="07/25/2001 07:22:10 PDT Wed">
        <definition>COD: shining very brightly. </definition>
        <sentenceCount annotated="2" total="5"/>
        <lexeme order="1" headword="false" breakBefore="false" POS="A" name="refulgent"/>
    </lexUnit>
    <lexUnit status="Insufficient_Attestations" POS="N" name="lambency.n" ID="3277" lemmaID="21611" cBy="MJE" cDate="07/25/2001 07:24:34 PDT Wed">
        <definition>FN: a glow or soft radiant flicker</definition>
        <sentenceCount annotated="1" total="2"/>
        <lexeme order="1" headword="false" breakBefore="false" POS="N" name="lambency"/>
    </lexUnit>
    <lexUnit status="Insufficient_Attestations" POS="N" name="refulgence.n" ID="3278" lemmaID="32361" cBy="MJE" cDate="07/25/2001 07:25:15 PDT Wed">
        <definition>FN: a very bright shine. </definition>
        <sentenceCount annotated="0" total="1"/>
        <lexeme order="1" headword="false" breakBefore="false" POS="N" name="refulgence"/>
    </lexUnit>
    <lexUnit status="In_Use" POS="A" name="bright.a" ID="3279" lemmaID="4608" cBy="MJE" cDate="07/25/2001 07:25:54 PDT Wed">
        <definition>COD: giving out much light, or filled with light. </definition>
        <sentenceCount annotated="1" total="1"/>
        <lexeme order="1" headword="false" breakBefore="false" POS="A" name="bright"/>
    </lexUnit>
    <lexUnit status="Created" POS="A" name="brilliant.a" ID="3280" lemmaID="4617" cBy="MJE" cDate="07/25/2001 08:01:18 PDT Wed">
        <definition>COD: very bright or vivid. </definition>
        <sentenceCount annotated="0" total="0"/>
        <lexeme order="1" headword="false" breakBefore="false" POS="A" name="brilliant"/>
    </lexUnit>
    <lexUnit status="Finished_Initial" POS="A" name="glossy.a" ID="3281" lemmaID="16383" cBy="MJE" cDate="07/25/2001 08:01:56 PDT Wed">
        <definition>COD: shiny and smooth. </definition>
        <sentenceCount annotated="32" total="174"/>
        <lexeme order="1" headword="false" breakBefore="false" POS="A" name="glossy"/>
    </lexUnit>
    <lexUnit status="Finished_Initial" POS="A" name="shiny.a" ID="3282" lemmaID="35539" cBy="MJE" cDate="07/25/2001 08:08:29 PDT Wed">
        <definition>COD: reflecting light because very smooth, clean, or polished. </definition>
        <sentenceCount annotated="47" total="179"/>
        <lexeme order="1" headword="false" breakBefore="false" POS="A" name="shiny"/>
    </lexUnit>
    <lexUnit status="Insufficient_Attestations" POS="V" name="glister.v" ID="3283" lemmaID="16352" cBy="MJE" cDate="07/25/2001 08:14:15 PDT Wed">
        <definition>FN: to illuminate an object by emitting a sparkle</definition>
        <sentenceCount annotated="1" total="4"/>
        <lexeme order="1" headword="false" breakBefore="false" POS="V" name="glister"/>
    </lexUnit>
    <lexUnit status="Insufficient_Attestations" POS="N" name="glister.n" ID="3284" lemmaID="45008" cBy="MJE" cDate="07/25/2001 08:15:28 PDT Wed">
        <definition>FN: a sparkle which illuminates an object</definition>
        <sentenceCount annotated="0" total="3"/>
        <lexeme order="1" headword="false" breakBefore="false" POS="N" name="glister"/>
    </lexUnit>
    <lexUnit status="Created" POS="N" name="light.n" ID="14248" lemmaID="22296" cBy="KmG" cDate="03/29/2007 02:17:42 PDT Thu">
        <definition>COD: the natural agent that stimulates sight and makes things visible; electromagnetic radiation from about 390 to 740 nm in wavelength.</definition>
        <sentenceCount annotated="4" total="5"/>
        <lexeme order="1" headword="false" breakBefore="false" POS="N" name="light"/>
    </lexUnit>
    <lexUnit status="Created" POS="V" name="light up.v" ID="17686" lemmaID="51737" cBy="WMcQ" cDate="08/27/2014 12:16:15 PDT Wed">
        <definition>FN: To cause light to reflect from something by introducing a light source. </definition>
        <sentenceCount annotated="1" total="1"/>
        <lexeme order="1" headword="true" breakBefore="false" POS="V" name="light"/>
        <lexeme order="2" headword="false" breakBefore="true" POS="PREP" name="up"/>
    </lexUnit>
    <lexUnit status="Created" POS="V" name="illuminate.v" ID="17687" lemmaID="18989" cBy="WMcQ" cDate="08/27/2014 12:22:04 PDT Wed">
        <definition>FN: To brighten an area by adding light</definition>
        <sentenceCount annotated="1" total="1"/>
        <lexeme order="1" headword="false" breakBefore="false" POS="V" name="illuminate"/>
    </lexUnit>
</frame>