<?xml version="1.0" encoding="UTF-8" standalone="yes"?>
<?xml-stylesheet type="text/xsl" href="frame.xsl"?>
<frame cBy="RLG" cDate="10/16/2006 11:57:35 PDT Mon" name="Luck" ID="1811" xsi:schemaLocation="../schema/frame.xsd" xmlns="http://framenet.icsi.berkeley.edu" xmlns:xsi="http://www.w3.org/2001/XMLSchema-instance">
    <definition>&lt;def-root&gt;A &lt;fen&gt;State_of_affairs&lt;/fen&gt; is evaluated as good (or bad), against a background assumption that previously, the &lt;fen&gt;State_of_affairs&lt;/fen&gt; was thought to be unlikely to occur. The &lt;fen&gt;State_of_affairs&lt;/fen&gt; holds for a particular &lt;fen&gt;Protagonist&lt;/fen&gt;.

&lt;ex&gt;&lt;fex name="Protagonist"&gt;He&lt;/fex&gt; is a &lt;t&gt;lucky&lt;/t&gt; &lt;fex name="Role"&gt;gambler&lt;/fex&gt;.&lt;/ex&gt;&lt;/def-root&gt;</definition>
    <FE bgColor="0000FF" fgColor="FFFFFF" coreType="Core" cBy="RLG" cDate="10/16/2006 11:57:35 PDT Mon" abbrev="eve" name="State_of_affairs" ID="10701">
        <definition>&lt;def-root&gt;The State of affairs that is evaluated.

&lt;ex&gt;That was a &lt;t&gt;lucky&lt;/t&gt; &lt;fex name="State_of_affairs"&gt;catch&lt;/fex&gt;.&lt;/ex&gt;&lt;/def-root&gt;</definition>
    </FE>
    <FE bgColor="FF0000" fgColor="FFFFFF" coreType="Core" cBy="RLG" cDate="10/16/2006 11:57:36 PDT Mon" abbrev="pro" name="Protagonist" ID="10702">
        <definition>&lt;def-root&gt;The Protagonist is the one for whom the destiny is evaluated.

&lt;ex&gt;&lt;fex name="Protagonist"&gt;He&lt;/fex&gt; is &lt;t&gt;lucky&lt;/t&gt;.&lt;/ex&gt;
&lt;/def-root&gt;</definition>
    </FE>
    <FE bgColor="FFA500" fgColor="FFFFFF" coreType="Extra-Thematic" cBy="RLG" cDate="10/16/2006 11:57:36 PDT Mon" abbrev="eve_d" name="Descriptor" ID="10703">
        <definition>&lt;def-root&gt;A description of the sort of &lt;fen&gt;State_of_affairs&lt;/fen&gt;. This occurs with nominal LUs which are both the target and the &lt;fen&gt;State_of_affairs&lt;/fen&gt;.

&lt;ex&gt;&lt;fex name="Protagonist"&gt;My&lt;/fex&gt; &lt;fex name="Descriptor"&gt;good&lt;/fex&gt; &lt;fex name="State_of_affairs"&gt;&lt;t&gt;fortune&lt;/t&gt;&lt;/fex&gt; has run out.&lt;/ex&gt;&lt;/def-root&gt;</definition>
    </FE>
    <FE bgColor="00BFFF" fgColor="FFFFFF" coreType="Core" cBy="RLG" cDate="10/16/2006 11:57:36 PDT Mon" abbrev="rol" name="Role" ID="10704">
        <definition>&lt;def-root&gt;The &lt;fen&gt;Role&lt;/fen&gt; filled by the &lt;fen&gt;Protagonist&lt;/fen&gt;.

&lt;ex&gt;&lt;fex name="Protagonist"&gt;He&lt;/fex&gt; is a &lt;t&gt;lucky&lt;/t&gt; &lt;fex name="Role"&gt;gambler&lt;/fex&gt;.&lt;/ex&gt;&lt;/def-root&gt;</definition>
    </FE>
    <FE bgColor="008000" fgColor="FFFFFF" coreType="Peripheral" cBy="RLG" cDate="10/16/2006 11:57:36 PDT Mon" abbrev="tim" name="Time" ID="10705">
        <definition>&lt;def-root&gt;The time for which the &lt;fen&gt;Protagonist&lt;/fen&gt;'s destiny is good.

&lt;ex&gt;&lt;fex name="Protagonist"&gt;I&lt;/fex&gt; was &lt;fex name="deg"&gt;rather&lt;/fex&gt; &lt;t&gt;fortunate&lt;/t&gt; &lt;fex name="Time"&gt;in the late 90s&lt;/fex&gt;, making much of my fortune at that time.&lt;/ex&gt;
&lt;/def-root&gt;</definition>
    </FE>
    <FE bgColor="FF69B4" fgColor="FFFFFF" coreType="Peripheral" cBy="RLG" cDate="10/16/2006 12:04:57 PDT Mon" abbrev="deg" name="Degree" ID="10706">
        <definition>&lt;def-root&gt;The &lt;fen&gt;Degree&lt;/fen&gt; to which the &lt;fen&gt;State_of_affairs&lt;/fen&gt; is lucky (either a degree of goodness or a degree of unexpectedness, or both).

&lt;ex&gt;&lt;fex name="Protagonist"&gt;He&lt;/fex&gt; is &lt;fex name="deg"&gt;very&lt;/fex&gt; &lt;t&gt;lucky&lt;/t&gt;.&lt;/ex&gt;&lt;/def-root&gt;</definition>
    </FE>
    <FE bgColor="800080" fgColor="FFFFFF" coreType="Peripheral" cBy="KmG" cDate="07/19/2007 12:41:17 PDT Thu" abbrev="Pla" name="Place" ID="11911">
        <definition>&lt;def-root&gt;The location where the &lt;fen&gt;Protagonist&lt;/fen&gt; has luck.

&lt;ex&gt;&lt;fex name="Protagonist"&gt;I&lt;/fex&gt;'m only &lt;t&gt;lucky&lt;/t&gt; &lt;fex name="Place"&gt;in casinos&lt;/fex&gt;.&lt;/ex&gt;&lt;/def-root&gt;</definition>
    </FE>
    <FEcoreSet>
        <memberFE name="State_of_affairs" ID="10701"/>
        <memberFE name="Role" ID="10704"/>
    </FEcoreSet>
    <frameRelation type="Inherits from">
        <relatedFrame ID="1015">Gradable_attributes</relatedFrame>
    </frameRelation>
    <frameRelation type="Is Inherited by"/>
    <frameRelation type="Perspective on"/>
    <frameRelation type="Is Perspectivized in"/>
    <frameRelation type="Uses">
        <relatedFrame ID="1801">Destiny</relatedFrame>
        <relatedFrame ID="114">Likelihood</relatedFrame>
    </frameRelation>
    <frameRelation type="Is Used by"/>
    <frameRelation type="Subframe of"/>
    <frameRelation type="Has Subframe(s)"/>
    <frameRelation type="Precedes"/>
    <frameRelation type="Is Preceded by"/>
    <frameRelation type="Is Inchoative of"/>
    <frameRelation type="Is Causative of"/>
    <frameRelation type="See also"/>
    <lexUnit status="Finished_Initial" POS="A" name="lucky.a" ID="13627" lemmaID="22914" cBy="RLG" cDate="10/16/2006 12:13:13 PDT Mon">
        <definition>FN: (of positively-evaluated events or states) be apparantly the result of chance or unknown forces.</definition>
        <sentenceCount annotated="38" total="265"/>
        <lexeme order="1" headword="false" breakBefore="false" POS="A" name="lucky"/>
    </lexUnit>
    <lexUnit status="Created" POS="N" name="luck.n" ID="13628" lemmaID="22910" cBy="RLG" cDate="10/16/2006 12:14:55 PDT Mon">
        <definition>COD: success or failure apparently brought by chance.</definition>
        <sentenceCount annotated="3" total="3"/>
        <lexeme order="1" headword="false" breakBefore="false" POS="N" name="luck"/>
    </lexUnit>
    <lexUnit status="Created" POS="A" name="happy.a" ID="13629" lemmaID="17419" cBy="RLG" cDate="10/16/2006 12:15:25 PDT Mon">
        <definition>COD: fortunate and convenient</definition>
        <sentenceCount annotated="0" total="0"/>
        <lexeme order="1" headword="false" breakBefore="false" POS="A" name="happy"/>
    </lexUnit>
    <lexUnit status="Finished_Initial" POS="A" name="fortunate.a" ID="13630" lemmaID="15199" cBy="RLG" cDate="10/16/2006 12:15:58 PDT Mon">
        <definition>COD: favoured by or involving good luck.</definition>
        <sentenceCount annotated="27" total="247"/>
        <lexeme order="1" headword="false" breakBefore="false" POS="A" name="fortunate"/>
    </lexUnit>
    <lexUnit status="Created" POS="ADV" name="luckily.adv" ID="14212" lemmaID="22911" cBy="MJE" cDate="03/28/2007 04:21:22 PDT Wed">
        <definition>FN: by luck.</definition>
        <sentenceCount annotated="0" total="0"/>
        <lexeme order="1" headword="false" breakBefore="false" POS="ADV" name="luckily"/>
    </lexUnit>
    <lexUnit status="Created" POS="ADV" name="fortunately.adv" ID="14213" lemmaID="15200" cBy="MJE" cDate="03/28/2007 04:22:49 PDT Wed">
        <definition>FN: by good fortune.</definition>
        <sentenceCount annotated="1" total="1"/>
        <lexeme order="1" headword="false" breakBefore="false" POS="ADV" name="fortunately"/>
    </lexUnit>
    <lexUnit status="Created" POS="N" name="fortune.n" ID="14214" lemmaID="15201" cBy="MJE" cDate="03/28/2007 04:23:35 PDT Wed">
        <definition>COD: luck, especially good luck.</definition>
        <sentenceCount annotated="1" total="1"/>
        <lexeme order="1" headword="false" breakBefore="false" POS="N" name="fortune"/>
    </lexUnit>
    <lexUnit status="Created" POS="A" name="fortuitous.a" ID="14811" lemmaID="15196" cBy="KmG" cDate="02/29/2008 03:25:40 PST Fri">
        <definition>FN: being of a causeless happy accident</definition>
        <sentenceCount annotated="1" total="1"/>
        <lexeme order="1" headword="false" breakBefore="false" POS="A" name="fortuitous"/>
    </lexUnit>
    <lexUnit status="Created" POS="A" name="poor.a" ID="16252" lemmaID="51290" cBy="MLC" cDate="03/02/2011 05:19:21 PST Wed">
        <definition>FN: unfortunate or pitiable.</definition>
        <sentenceCount annotated="5" total="5"/>
        <lexeme order="1" headword="true" breakBefore="false" POS="A" name="poor"/>
        <semType name="Negative" ID="99"/>
    </lexUnit>
</frame>