<?xml version="1.0" encoding="UTF-8" standalone="yes"?>
<?xml-stylesheet type="text/xsl" href="frame.xsl"?>
<frame cBy="JKR" cDate="03/01/2005 06:08:22 PST Tue" name="Make_agreement_on_action" ID="1342" xsi:schemaLocation="../schema/frame.xsd" xmlns="http://framenet.icsi.berkeley.edu" xmlns:xsi="http://www.w3.org/2001/XMLSchema-instance">
    <definition>&lt;def-root&gt;Two (or more) people (the &lt;fen&gt;Parties&lt;/fen&gt;, also encodable as &lt;fen&gt;Party_1&lt;/fen&gt; and &lt;fen&gt;Party_2&lt;/fen&gt;) negotiate an agreement. Both sides are construed as making a commitment to assume an &lt;fen&gt;Obligation&lt;/fen&gt;--the process is understood to be symmetrical or reciprocal. Instead of a specific mention of the &lt;fen&gt;Obligation&lt;/fen&gt;, a &lt;fen&gt;Topic&lt;/fen&gt; expression may be used to indicate the domain covered.

&lt;ex&gt;So far , &lt;fex name="par1"&gt;we&lt;/fex&gt; have &lt;t&gt;agreed&lt;/t&gt;&lt;fex name="Obligation"&gt;to cede 100km of coastline to Kiribati&lt;/fex&gt; . &lt;fex name="par2"&gt;DNI&lt;/fex&gt; &lt;/ex&gt;

&lt;ex&gt;At common law, &lt;fex name="pars"&gt;the parties&lt;/fex&gt; could &lt;m&gt;make&lt;/m&gt; an &lt;fex name="med"&gt;oral&lt;/fex&gt; &lt;t&gt;agreement&lt;/t&gt; &lt;fex name="obl"&gt;to submit a dispute to arbitration&lt;/fex&gt; and such oral agreement would be valid.&lt;/ex&gt;





&lt;/def-root&gt;</definition>
    <FE bgColor="FF0000" fgColor="FFFFFF" coreType="Core" cBy="JKR" cDate="03/01/2005 06:08:22 PST Tue" abbrev="par1" name="Party_1" ID="7579">
        <definition>&lt;def-root&gt;The individual or individuals that form the more prominent (i.e.
agentive) party of the agreement, as compared with &lt;fen&gt;Party_2&lt;/fen&gt;. That is,
&lt;fen&gt;Party_1&lt;/fen&gt; is generally encoded as the External Argument of verbs, and
peripheral FEs that do not make reference to the event itself
generally make reference to &lt;fen&gt;Party_1&lt;/fen&gt;. Thus &lt;fen&gt;Manner&lt;/fen&gt; is construed to be that of &lt;fen&gt;Party_1&lt;/fen&gt;, not necessarily that of &lt;fen&gt;Party_2&lt;/fen&gt; or the group of &lt;fen&gt;Parties&lt;/fen&gt; as a whole.



&lt;ex&gt;On Monday, &lt;fex name="par1"&gt;the airline&lt;/fex&gt; reached a &lt;t&gt;deal&lt;/t&gt; with the Canadian Auto Workers.&lt;/ex&gt;&lt;/def-root&gt;</definition>
        <semType name="Sentient" ID="5"/>
        <excludesFE name="Parties" ID="7585"/>
    </FE>
    <FE bgColor="006400" fgColor="FFFFFF" coreType="Core" cBy="JKR" cDate="03/01/2005 06:08:22 PST Tue" abbrev="par2" name="Party_2" ID="7580">
        <definition>&lt;def-root&gt;The semantically (and grammatically) less prominent participant (or
group of participants) in the agreement. It is generally encoded
within a prepositional phrase (e.g. headed by with).

&lt;ex&gt;Mozilla Foundation has finally reached an &lt;t&gt;agreement&lt;/t&gt; &lt;fex name="par2"&gt;with America Online&lt;/fex&gt;.&lt;/ex&gt;&lt;/def-root&gt;</definition>
        <semType name="Sentient" ID="5"/>
        <excludesFE name="Parties" ID="7585"/>
    </FE>
    <FE bgColor="0000FF" fgColor="FFFFFF" coreType="Core" cBy="JKR" cDate="03/01/2005 06:08:22 PST Tue" abbrev="obl" name="Obligation" ID="7581">
        <definition>&lt;def-root&gt;An expression of the commitment made by the &lt;fen&gt;Parties&lt;/fen&gt; .



&lt;ex&gt;The US and Russia have &lt;t&gt;agreed&lt;/t&gt; &lt;fex name="obl"&gt;to share early warning data on missile launches&lt;/fex&gt;.&lt;/ex&gt;
&lt;/def-root&gt;</definition>
    </FE>
    <FE bgColor="9F79EE" fgColor="FFFFFF" coreType="Core" cBy="JKR" cDate="03/01/2005 06:08:22 PST Tue" abbrev="top" name="Topic" ID="7582">
        <definition>&lt;def-root&gt;&lt;fen&gt;Topic&lt;/fen&gt; is a description of the domain covered.

&lt;ex&gt;Some types of alloy steel have been covered in the expiring &lt;fex name="top"&gt;trade&lt;/fex&gt; &lt;t&gt;agreement&lt;/t&gt;.&lt;/ex&gt;&lt;/def-root&gt;</definition>
    </FE>
    <FE bgColor="800080" fgColor="FFFFFF" coreType="Peripheral" cBy="JKR" cDate="03/01/2005 06:08:22 PST Tue" abbrev="med" name="Medium" ID="7583">
        <definition>&lt;def-root&gt;As with other frames in the Communication domain, the &lt;fen&gt;Medium&lt;/fen&gt; of communication may be expressed. &lt;fen&gt;Medium&lt;/fen&gt; is the physical entity or channel used to record or negotiate the &lt;fen&gt;Obligation&lt;/fen&gt;. 


&lt;ex&gt;The parties made a &lt;fex name="med"&gt;written&lt;/fex&gt; &lt;t&gt;agreement&lt;/t&gt; to arbitrate disputes arising in connection with the contract.&lt;/ex&gt;
&lt;/def-root&gt;</definition>
    </FE>
    <FE bgColor="FF69B4" fgColor="FFFFFF" coreType="Peripheral" cBy="JKR" cDate="03/01/2005 06:08:22 PST Tue" abbrev="man" name="Manner" ID="7584">
        <definition>&lt;def-root&gt;Any description of the act of making an agreement which is not covered by more specific FEs, including secondary effects (&lt;ment&gt;quietly, loudly&lt;/ment&gt;), and general descriptions comparing events (&lt;ment&gt;the same way&lt;/ment&gt;). In addition, it may indicate salient characteristics of either &lt;fen&gt;Party_1&lt;/fen&gt; or &lt;fen&gt;Parties&lt;/fen&gt; that also affect the action (&lt;ment&gt;presumptuously, coldly, deliberately, eagerly, carefully&lt;/ment&gt;). 

&lt;ex&gt;I &lt;fex name="man"&gt;readily&lt;/fex&gt; &lt;t&gt;agreed&lt;/t&gt; with her to end our wrestling match.&lt;/ex&gt;
&lt;/def-root&gt;</definition>
        <semType name="Manner" ID="173"/>
    </FE>
    <FE bgColor="A52A2A" fgColor="FFFFFF" coreType="Core" cBy="JKR" cDate="03/01/2005 06:16:26 PST Tue" abbrev="pars" name="Parties" ID="7585">
        <definition>&lt;def-root&gt;The group of individuals portrayed as equally involved in making an agreement.

&lt;ex&gt;&lt;fex name="pars"&gt;The US and Russia&lt;/fex&gt; have &lt;t&gt;agreed&lt;/t&gt; to cooperate in destroying surplus portable anti-aircraft missiles.&lt;/ex&gt;&lt;/def-root&gt;</definition>
    </FE>
    <FE bgColor="008000" fgColor="FFFFFF" coreType="Peripheral" cBy="Pam" cDate="04/11/2005 10:06:49 PDT Mon" abbrev="P" name="Place" ID="7734">
        <definition>&lt;def-root&gt;This FE identifies the &lt;fen&gt;Place&lt;/fen&gt; where the Agreement occurs.&lt;ex&gt;The town coucil members reached an &lt;t&gt;agreement&lt;/t&gt; &lt;fex name="Place"&gt;at the City Hall plenary session&lt;/fex&gt;.&lt;/ex&gt;&lt;/def-root&gt;</definition>
        <semType name="Locative_relation" ID="182"/>
    </FE>
    <FE bgColor="FFA500" fgColor="FFFFFF" coreType="Peripheral" cBy="Pam" cDate="04/11/2005 10:14:41 PDT Mon" abbrev="T" name="Time" ID="7735">
        <definition>&lt;def-root&gt;This FE identifies the &lt;fen&gt;Time&lt;/fen&gt; where the Agreement occurs.&lt;ex&gt;The town coucil members finally reached an &lt;t&gt;agreement&lt;/t&gt; &lt;fex name="Time"&gt;at midnight&lt;/fex&gt;.&lt;/ex&gt;&lt;/def-root&gt;</definition>
        <semType name="Time" ID="141"/>
    </FE>
    <FE bgColor="00BFFF" fgColor="FFFFFF" coreType="Extra-Thematic" cBy="KmG" cDate="03/08/2007 10:28:29 PST Thu" abbrev="" name="Descriptor" ID="11153">
        <definition>&lt;def-root&gt;This FE describes a characteristic of the &lt;fen&gt;Obligation&lt;/fen&gt;. &lt;/def-root&gt;</definition>
    </FE>
    <FEcoreSet>
        <memberFE name="Topic" ID="7582"/>
        <memberFE name="Obligation" ID="7581"/>
    </FEcoreSet>
    <frameRelation type="Inherits from"/>
    <frameRelation type="Is Inherited by">
        <relatedFrame ID="2688">Make_compromise</relatedFrame>
    </frameRelation>
    <frameRelation type="Perspective on"/>
    <frameRelation type="Is Perspectivized in"/>
    <frameRelation type="Uses">
        <relatedFrame ID="33">Commitment</relatedFrame>
    </frameRelation>
    <frameRelation type="Is Used by">
        <relatedFrame ID="1380">Be_in_agreement_on_action</relatedFrame>
    </frameRelation>
    <frameRelation type="Subframe of"/>
    <frameRelation type="Has Subframe(s)"/>
    <frameRelation type="Precedes"/>
    <frameRelation type="Is Preceded by"/>
    <frameRelation type="Is Inchoative of"/>
    <frameRelation type="Is Causative of"/>
    <frameRelation type="See also"/>
    <lexUnit status="Finished_Initial" POS="V" name="agree.v" ID="11656" lemmaID="835" cBy="JKR" cDate="03/01/2005 06:43:05 PST Tue">
        <definition>COD:  reach agreement about.</definition>
        <sentenceCount annotated="32" total="271"/>
        <lexeme order="1" headword="false" breakBefore="false" POS="V" name="agree"/>
    </lexUnit>
    <lexUnit status="Finished_Initial" POS="N" name="agreement.n" ID="11657" lemmaID="838" cBy="JKR" cDate="03/01/2005 06:43:48 PST Tue">
        <definition>COD: a negotiated and typically legally binding arrangement.</definition>
        <sentenceCount annotated="66" total="496"/>
        <lexeme order="1" headword="false" breakBefore="false" POS="N" name="agreement"/>
    </lexUnit>
    <lexUnit status="Finished_Initial" POS="N" name="deal.n" ID="11658" lemmaID="9680" cBy="JKR" cDate="03/01/2005 06:44:23 PST Tue">
        <definition>COD: an agreement entered into by two or more parties for their mutual benefit</definition>
        <sentenceCount annotated="46" total="349"/>
        <lexeme order="1" headword="false" breakBefore="false" POS="N" name="deal"/>
    </lexUnit>
    <lexUnit status="Finished_Initial" POS="N" name="treaty.n" ID="11789" lemmaID="41139" cBy="CFB" cDate="04/08/2005 04:49:42 PDT Fri">
        <definition>FN: A formal agreement between two or more nations governed by international law.</definition>
        <sentenceCount annotated="18" total="342"/>
        <lexeme order="1" headword="false" breakBefore="false" POS="N" name="treaty"/>
    </lexUnit>
    <lexUnit status="In_Use" POS="V" name="settle.v" ID="17840" lemmaID="35234" cBy="WMcQ" cDate="02/27/2015 11:23:08 PST Fri">
        <definition>FN: to come to terms with one party's demands, or to come to compromise between two parties</definition>
        <sentenceCount annotated="15" total="405"/>
        <lexeme order="1" headword="false" breakBefore="false" POS="V" name="settle"/>
    </lexUnit>
</frame>