<?xml version="1.0" encoding="UTF-8" standalone="yes"?>
<?xml-stylesheet type="text/xsl" href="frame.xsl"?>
<frame cBy="ChW" cDate="02/07/2001 04:11:50 PST Wed" name="Manipulation" ID="17" xsi:schemaLocation="../schema/frame.xsd" xmlns="http://framenet.icsi.berkeley.edu" xmlns:xsi="http://www.w3.org/2001/XMLSchema-instance">
    <definition>&lt;def-root&gt;The words in this frame describe the manipulation of an &lt;fen&gt;Entity&lt;/fen&gt; by an&lt;fen&gt;Agent&lt;/fen&gt;.
&lt;ex&gt;&lt;fex name="Agent"&gt;Ian&lt;/fex&gt; &lt;t&gt;squeezed&lt;/t&gt; &lt;fex name="Entity"&gt;Mara's hand&lt;/fex&gt;.&lt;/ex&gt;
&lt;ex&gt;&lt;/ex&gt;
A number of lexemes listed in this frame also occur in the frame Cause-to-move (for example, &lt;ment&gt;push, yank&lt;/ment&gt;).  Only the non-motion uses of these words belong in this frame, e.g., combinations such as &lt;ment&gt;push at, push on, yank at&lt;/ment&gt;. &lt;/def-root&gt;</definition>
    <FE bgColor="FF0000" fgColor="FFFFFF" coreType="Core" cBy="ChW" cDate="02/07/2001 04:11:50 PST Wed" abbrev="Agt" name="Agent" ID="77">
        <definition>&lt;def-root&gt;The Agent manipulates an object. Agent typically refers to animate beings, but is also extended to mechanical and other inanimate objects.  Agent is most frequently expressed as the external argument of verbs: 

&lt;ex&gt;&lt;fex name="Agent"&gt;A robot arm&lt;/fex&gt; &lt;t&gt;grasps&lt;/t&gt; the box on the conveyor belt and seals it.&lt;/ex&gt;&lt;/def-root&gt;</definition>
        <semType name="Sentient" ID="5"/>
    </FE>
    <FE bgColor="0000FF" fgColor="FFFFFF" coreType="Core" cBy="ChW" cDate="02/07/2001 04:11:50 PST Wed" abbrev="Enty" name="Entity" ID="78">
        <definition>&lt;def-root&gt;The Entity being manipulated often occurs as the direct object of verbs: 

&lt;ex&gt;&lt;t&gt;Squeeze&lt;/t&gt; &lt;fex name="Entity"&gt;the ball&lt;/fex&gt; as many times as you can.&lt;/ex&gt;
&lt;ex&gt;Pat &lt;t&gt;squeezed&lt;/t&gt; &lt;fex name="Entity"&gt;Jo's hand&lt;/fex&gt;.&lt;/ex&gt;&lt;/def-root&gt;</definition>
    </FE>
    <FE bgColor="008000" fgColor="000000" coreType="Extra-Thematic" cBy="ChW" cDate="02/07/2001 04:11:50 PST Wed" abbrev="Locus" name="Locus" ID="79">
        <definition>&lt;def-root&gt;The Agent's manipulation of an Entity may be further specified as being localized to some part of the Entity, a Locus.  The Locus is usually expressed as a PP Complement. 
&lt;ex&gt;Pat &lt;t&gt;squeezed&lt;/t&gt; Jo &lt;fex name="Locus"&gt;by the hand&lt;/fex&gt;.&lt;/ex&gt;
&lt;/def-root&gt;</definition>
    </FE>
    <FE bgColor="00BFFF" fgColor="FFFFFF" coreType="Core" cBy="ChW" cDate="02/07/2001 04:11:51 PST Wed" abbrev="AgBP" name="Bodypart_of_agent" ID="80">
        <definition>&lt;def-root&gt;The part of the Agent's body being used to manipulate the &lt;fen&gt;Entity&lt;/fen&gt; may also be expressed. While the default is for an &lt;fen&gt;Agent&lt;/fen&gt; to use his/her hands, other body parts may be specified. This frame element usually occurs as a PP-complement. 
&lt;ex&gt;Kim &lt;t&gt;grasped&lt;/t&gt; the needle &lt;fex name="Bodypart_of_agent"&gt;between finger and thumb&lt;/fex&gt;.&lt;/ex&gt;&lt;/def-root&gt;</definition>
        <semType name="Body_part" ID="10"/>
    </FE>
    <FE bgColor="FF69B4" fgColor="FFFFFF" coreType="Peripheral" cBy="MJE" cDate="06/21/2001 08:49:15 PDT Thu" abbrev="Dur" name="Duration" ID="929">
        <definition>&lt;def-root&gt;This FE identifies the &lt;fen&gt;Duration&lt;/fen&gt; of the manipulation.&lt;/def-root&gt;</definition>
        <semType name="Duration" ID="142"/>
    </FE>
    <FE bgColor="FF00FF" fgColor="FFFFFF" coreType="Peripheral" cBy="MJE" cDate="06/21/2001 08:49:16 PDT Thu" abbrev="Manr" name="Manner" ID="933">
        <definition>&lt;def-root&gt;Manner of performing an action&lt;/def-root&gt;</definition>
        <semType name="Manner" ID="173"/>
    </FE>
    <FE bgColor="9F79EE" fgColor="FFFFFF" coreType="Extra-Thematic" cBy="MJE" cDate="06/21/2001 08:49:16 PDT Thu" abbrev="Result" name="Result" ID="935">
        <definition>&lt;def-root&gt;This FE identifies the &lt;fen&gt;Result&lt;/fen&gt; of manipulation.&lt;/def-root&gt;</definition>
    </FE>
    <FE bgColor="FFA500" fgColor="FFFFFF" coreType="Peripheral" cBy="RLG" cDate="08/07/2003 09:58:40 PDT Thu" abbrev="Time" name="Time" ID="4900">
        <definition>&lt;def-root&gt;When the Manipulation takes place
&lt;ex&gt;I &lt;t&gt;seized&lt;/t&gt; the letter &lt;fex name="Time"&gt;before he did&lt;/fex&gt;.&lt;/ex&gt;&lt;/def-root&gt;</definition>
        <semType name="Time" ID="141"/>
    </FE>
    <FE bgColor="800080" fgColor="FFFFFF" coreType="Peripheral" cBy="RLG" cDate="08/07/2003 10:01:47 PDT Thu" abbrev="Purp" name="Purpose" ID="4901">
        <definition>&lt;def-root&gt;The &lt;fen&gt;Agent&lt;/fen&gt;'s purpose in performing the manipulation.
&lt;ex&gt;The President &lt;t&gt;grabbed&lt;/t&gt; &lt;t&gt;hold&lt;/t&gt; of the handle of the helicopter &lt;fex name="Purp"&gt;to avoid being blown away&lt;/fex&gt;.&lt;/ex&gt;&lt;/def-root&gt;</definition>
        <semType name="State_of_affairs" ID="177"/>
    </FE>
    <FE bgColor="808080" fgColor="FFFFFF" coreType="Peripheral" cBy="Hay" cDate="10/02/2003 11:36:53 PDT Thu" abbrev="Ins" name="Instrument" ID="5360">
        <definition>&lt;def-root&gt;An entity directed by the &lt;fen&gt;Agent&lt;/fen&gt; that interacts with the &lt;fen&gt;Entity&lt;/fen&gt; to accomplish the action indicated by the target.

&lt;ex&gt;Smithers &lt;t&gt;nudged&lt;/t&gt; the insect&lt;fex name="Instrument"&gt;with a paper towel&lt;/fex&gt;.&lt;/ex&gt;&lt;/def-root&gt;</definition>
        <semType name="Physical_entity" ID="70"/>
    </FE>
    <FE bgColor="2E8B57" fgColor="FFFFFF" coreType="Peripheral" cBy="Hay" cDate="10/02/2003 11:36:53 PDT Thu" abbrev="Mns" name="Means" ID="5361">
        <definition>&lt;def-root&gt;An action by the &lt;fen&gt;Agent&lt;/fen&gt; to accomplish the desired manipulation.

&lt;ex&gt;Martin &lt;t&gt;clutched&lt;/t&gt; it &lt;fex name="Means"&gt;by pulling a rope attached to a pully which tightened the belt to the PVC&lt;/fex&gt;&lt;/ex&gt;&lt;/def-root&gt;</definition>
        <semType name="State_of_affairs" ID="177"/>
    </FE>
    <FE bgColor="7FFF00" fgColor="000000" coreType="Peripheral" cBy="Hay" cDate="10/02/2003 11:36:53 PDT Thu" abbrev="Place" name="Place" ID="5362">
        <definition>&lt;def-root&gt;The spatial setting in which the manipulation takes place.

&lt;ex&gt;&lt;fex name="Place"&gt;In the hallway&lt;/fex&gt; he managed to &lt;t&gt;grab&lt;/t&gt;the monarch by the ankles&lt;/ex&gt;&lt;/def-root&gt;</definition>
        <semType name="Locative_relation" ID="182"/>
    </FE>
    <FE bgColor="FFFF00" fgColor="000000" coreType="Extra-Thematic" cBy="MiL" cDate="07/16/2004 12:32:02 PDT Fri" abbrev="" name="Depictive" ID="6909">
        <definition>&lt;def-root&gt;This FE identifies a depictive phrase describing the Agent or Bodypart_of_agent that holds throughout the action.&lt;/def-root&gt;</definition>
    </FE>
    <FE bgColor="90876C" fgColor="000000" coreType="Extra-Thematic" cBy="MiL" cDate="07/19/2004 01:42:39 PDT Mon" abbrev="Exp" name="Explanation" ID="6965">
        <definition>&lt;def-root&gt;A state of affairs leading to the manipulation&lt;/def-root&gt;</definition>
        <semType name="State_of_affairs" ID="177"/>
    </FE>
    <FE bgColor="A52A2A" fgColor="FFFFFF" coreType="Extra-Thematic" cBy="AnW" cDate="06/03/2009 02:40:16 PDT Wed" abbrev="" name="Particular_iteration" ID="13185">
        <definition>&lt;def-root&gt;Expressions marked with this extra-thematic FE modify a non-iterative use of the target, and indicate that it is conceived as embedded within an iterated series of similar events or states.&lt;/def-root&gt;</definition>
    </FE>
    <FEcoreSet>
        <memberFE name="Bodypart_of_agent" ID="80"/>
        <memberFE name="Agent" ID="77"/>
    </FEcoreSet>
    <frameRelation type="Inherits from">
        <relatedFrame ID="230">Intentionally_affect</relatedFrame>
    </frameRelation>
    <frameRelation type="Is Inherited by">
        <relatedFrame ID="263">Ingestion</relatedFrame>
        <relatedFrame ID="1901">Aiming</relatedFrame>
    </frameRelation>
    <frameRelation type="Perspective on"/>
    <frameRelation type="Is Perspectivized in"/>
    <frameRelation type="Uses">
        <relatedFrame ID="119">Observable_body_parts</relatedFrame>
    </frameRelation>
    <frameRelation type="Is Used by">
        <relatedFrame ID="276">Cause_to_move_in_place</relatedFrame>
        <relatedFrame ID="1900">Attempt_distant_interaction_scenario</relatedFrame>
    </frameRelation>
    <frameRelation type="Subframe of"/>
    <frameRelation type="Has Subframe(s)"/>
    <frameRelation type="Precedes"/>
    <frameRelation type="Is Preceded by"/>
    <frameRelation type="Is Inchoative of"/>
    <frameRelation type="Is Causative of"/>
    <frameRelation type="See also"/>
    <lexUnit status="Needs_SCs" POS="V" name="clasp.v" ID="109" lemmaID="6671" cBy="ChW" cDate="02/08/2001 01:27:36 PST Thu">
        <definition>COD: grasp tightly with one's hand.</definition>
        <sentenceCount annotated="0" total="246"/>
        <lexeme order="1" headword="false" breakBefore="false" POS="V" name="clasp"/>
    </lexUnit>
    <lexUnit status="Finished_Initial" POS="V" name="claw.v" ID="110" lemmaID="6705" cBy="ChW" cDate="02/08/2001 01:27:36 PST Thu">
        <definition>COD: try desperately to move something with the hands.</definition>
        <sentenceCount annotated="9" total="141"/>
        <lexeme order="1" headword="false" breakBefore="false" POS="V" name="claw"/>
    </lexUnit>
    <lexUnit status="FN1_Sent" POS="V" name="clutch.v" ID="111" lemmaID="6931" cBy="ChW" cDate="02/08/2001 01:27:36 PST Thu">
        <definition>FN: grasp and hold tightly</definition>
        <sentenceCount annotated="38" total="212"/>
        <lexeme order="1" headword="false" breakBefore="false" POS="V" name="clutch"/>
    </lexUnit>
    <lexUnit status="FN1_Sent" POS="V" name="finger.v" ID="112" lemmaID="14403" cBy="ChW" cDate="02/08/2001 01:27:36 PST Thu">
        <definition>COD: touch or feel with the fingers.</definition>
        <sentenceCount annotated="12" total="93"/>
        <lexeme order="1" headword="false" breakBefore="false" POS="V" name="finger"/>
    </lexUnit>
    <lexUnit status="Finished_Initial" POS="V" name="grab.v" ID="113" lemmaID="16622" cBy="ChW" cDate="02/08/2001 01:27:36 PST Thu">
        <definition>COD: seize suddenly and roughly.</definition>
        <sentenceCount annotated="78" total="302"/>
        <lexeme order="1" headword="false" breakBefore="false" POS="V" name="grab"/>
    </lexUnit>
    <lexUnit status="FN1_Sent" POS="V" name="grasp.v" ID="114" lemmaID="16710" cBy="ChW" cDate="02/08/2001 01:27:37 PST Thu">
        <definition>COD: seize and hold firmly.</definition>
        <sentenceCount annotated="5" total="252"/>
        <lexeme order="1" headword="false" breakBefore="false" POS="V" name="grasp"/>
    </lexUnit>
    <lexUnit status="FN1_Sent" POS="V" name="grip.v" ID="115" lemmaID="16857" cBy="ChW" cDate="02/08/2001 01:27:37 PST Thu">
        <definition>COD: take and keep a firm hold of; grasp tightly.</definition>
        <sentenceCount annotated="5" total="273"/>
        <lexeme order="1" headword="false" breakBefore="false" POS="V" name="grip"/>
    </lexUnit>
    <lexUnit status="FN1_Sent" POS="V" name="knead.v" ID="116" lemmaID="21402" cBy="ChW" cDate="02/08/2001 01:27:37 PST Thu">
        <definition>FN: work (something) with the hands</definition>
        <sentenceCount annotated="44" total="101"/>
        <lexeme order="1" headword="false" breakBefore="false" POS="V" name="knead"/>
    </lexUnit>
    <lexUnit status="FN1_Sent" POS="V" name="massage.v" ID="117" lemmaID="23616" cBy="ChW" cDate="02/08/2001 01:27:37 PST Thu">
        <definition>FN: rub (muscles or joints) with the hands so as to relieve tension or pain.</definition>
        <sentenceCount annotated="24" total="152"/>
        <lexeme order="1" headword="false" breakBefore="false" POS="V" name="massage"/>
    </lexUnit>
    <lexUnit status="Finished_Initial" POS="V" name="nip.v" ID="118" lemmaID="25907" cBy="ChW" cDate="02/08/2001 01:27:37 PST Thu">
        <definition>COD: pinch, squeeze, or bite sharp</definition>
        <sentenceCount annotated="10" total="139"/>
        <lexeme order="1" headword="false" breakBefore="false" POS="V" name="nip"/>
    </lexUnit>
    <lexUnit status="FN1_Sent" POS="V" name="nudge.v" ID="119" lemmaID="26242" cBy="ChW" cDate="02/08/2001 01:27:37 PST Thu">
        <definition>FN: to poke or prod</definition>
        <sentenceCount annotated="15" total="153"/>
        <lexeme order="1" headword="false" breakBefore="false" POS="V" name="nudge"/>
    </lexUnit>
    <lexUnit status="Finished_Initial" POS="V" name="paw.v" ID="120" lemmaID="28115" cBy="ChW" cDate="02/08/2001 01:27:37 PST Thu">
        <definition>COD: feel or scrape with a paw or hoof. </definition>
        <sentenceCount annotated="14" total="97"/>
        <lexeme order="1" headword="false" breakBefore="false" POS="V" name="paw"/>
    </lexUnit>
    <lexUnit status="FN1_Sent" POS="V" name="pinch.v" ID="121" lemmaID="29043" cBy="ChW" cDate="02/08/2001 01:27:37 PST Thu">
        <definition>COD: grip (the flesh) tightly and sharply between finger and thumb. </definition>
        <sentenceCount annotated="27" total="163"/>
        <lexeme order="1" headword="false" breakBefore="false" POS="V" name="pinch"/>
    </lexUnit>
    <lexUnit status="Finished_Initial" POS="V" name="pull.v" ID="122" lemmaID="31106" cBy="ChW" cDate="02/08/2001 01:27:37 PST Thu">
        <definition>FN: to exert force on something towards oneself </definition>
        <sentenceCount annotated="17" total="292"/>
        <lexeme order="1" headword="false" breakBefore="false" POS="V" name="pull"/>
    </lexUnit>
    <lexUnit status="Finished_Initial" POS="V" name="push.v" ID="123" lemmaID="31272" cBy="ChW" cDate="02/08/2001 01:27:37 PST Thu">
        <definition>FN: exert force on something away from oneself</definition>
        <sentenceCount annotated="7" total="314"/>
        <lexeme order="1" headword="false" breakBefore="false" POS="V" name="push"/>
    </lexUnit>
    <lexUnit status="Finished_Initial" POS="V" name="seize.v" ID="124" lemmaID="34883" cBy="ChW" cDate="02/08/2001 01:27:38 PST Thu">
        <definition>COD: take hold of suddenly and forcibly. </definition>
        <sentenceCount annotated="26" total="289"/>
        <lexeme order="1" headword="false" breakBefore="false" POS="V" name="seize"/>
    </lexUnit>
    <lexUnit status="FN1_Sent" POS="V" name="squeeze.v" ID="125" lemmaID="37646" cBy="ChW" cDate="02/08/2001 01:27:38 PST Thu">
        <definition>COD: firmly press from opposite or all sides, typically with the fingers. </definition>
        <sentenceCount annotated="32" total="256"/>
        <lexeme order="1" headword="false" breakBefore="false" POS="V" name="squeeze"/>
    </lexUnit>
    <lexUnit status="Finished_Initial" POS="V" name="tug.v" ID="126" lemmaID="41452" cBy="ChW" cDate="02/08/2001 01:27:38 PST Thu">
        <definition>FN: to pull on something hard and suddenly   </definition>
        <sentenceCount annotated="41" total="207"/>
        <lexeme order="1" headword="false" breakBefore="false" POS="V" name="tug"/>
    </lexUnit>
    <lexUnit status="FN1_Sent" POS="V" name="tweak.v" ID="127" lemmaID="41584" cBy="ChW" cDate="02/08/2001 01:27:38 PST Thu">
        <definition>COD: twist or pull with a small but sharp movement.</definition>
        <sentenceCount annotated="8" total="71"/>
        <lexeme order="1" headword="false" breakBefore="false" POS="V" name="tweak"/>
    </lexUnit>
    <lexUnit status="Finished_Initial" POS="V" name="wring.v" ID="128" lemmaID="44584" cBy="ChW" cDate="02/08/2001 01:27:38 PST Thu">
        <definition>COD: squeeze (someone's hand) tightly. </definition>
        <sentenceCount annotated="14" total="131"/>
        <lexeme order="1" headword="false" breakBefore="false" POS="V" name="wring"/>
    </lexUnit>
    <lexUnit status="FN1_Sent" POS="V" name="yank.v" ID="129" lemmaID="44653" cBy="ChW" cDate="02/08/2001 01:27:38 PST Thu">
        <definition>FN: to tug on something causing it to move</definition>
        <sentenceCount annotated="9" total="45"/>
        <lexeme order="1" headword="false" breakBefore="false" POS="V" name="yank"/>
    </lexUnit>
    <lexUnit status="Finished_Initial" POS="V" name="fumble.v" ID="4881" lemmaID="15667" cBy="MJE" cDate="02/11/2002 03:13:47 PST Mon">
        <definition>COD:  use the hands clumsily while doing or handling something </definition>
        <sentenceCount annotated="12" total="145"/>
        <lexeme order="1" headword="false" breakBefore="false" POS="V" name="fumble"/>
    </lexUnit>
    <lexUnit status="Needs_SCs" POS="V" name="grope.v" ID="4882" lemmaID="16895" cBy="MJE" cDate="02/11/2002 03:38:45 PST Mon">
        <definition>COD: feel or fondle (someone) for sexual pleasure, especially against their will. </definition>
        <sentenceCount annotated="1" total="61"/>
        <lexeme order="1" headword="false" breakBefore="false" POS="V" name="grope"/>
    </lexUnit>
    <lexUnit status="Created" POS="N" name="stroke.n" ID="8189" lemmaID="38377" cBy="JKR" cDate="01/23/2003 04:46:19 PST Thu">
        <definition>COD:  move one's hand with gentle pressure over (a surface).</definition>
        <sentenceCount annotated="0" total="0"/>
        <lexeme order="1" headword="false" breakBefore="false" POS="N" name="stroke"/>
    </lexUnit>
    <lexUnit status="Needs_SCs" POS="V" name="rub.v" ID="8190" lemmaID="33678" cBy="JKR" cDate="01/23/2003 04:48:38 PST Thu">
        <definition>COD: apply firm pressure against the surface of, using a repeated back and forth motion</definition>
        <sentenceCount annotated="6" total="6"/>
        <lexeme order="1" headword="false" breakBefore="false" POS="V" name="rub"/>
    </lexUnit>
    <lexUnit status="Finished_Initial" POS="V" name="grab hold.v" ID="9197" lemmaID="48267" cBy="RLG" cDate="08/04/2003 03:15:03 PDT Mon">
        <definition>COD: grasp</definition>
        <sentenceCount annotated="20" total="89"/>
        <lexeme order="1" headword="true" breakBefore="false" POS="V" name="grab"/>
        <lexeme order="2" headword="false" breakBefore="true" POS="N" name="hold"/>
    </lexUnit>
    <lexUnit status="Created" POS="N" name="pull.n" ID="10910" lemmaID="31105" cBy="MJE" cDate="08/19/2004 05:33:34 PDT Thu">
        <definition>COD: an act of pulling something.</definition>
        <sentenceCount annotated="1" total="1"/>
        <lexeme order="1" headword="false" breakBefore="false" POS="N" name="pull"/>
    </lexUnit>
    <lexUnit status="Needs_SCs" POS="V" name="lick.v" ID="11002" lemmaID="22244" cBy="MJE" cDate="09/21/2004 11:50:16 PDT Tue">
        <definition>COD: pass the tongue over (something), typically in order to taste, moisten, or clean it.</definition>
        <sentenceCount annotated="3" total="4"/>
        <lexeme order="1" headword="false" breakBefore="false" POS="V" name="lick"/>
    </lexUnit>
    <lexUnit status="Created" POS="V" name="touch.v" ID="11003" lemmaID="40819" cBy="MJE" cDate="09/21/2004 11:54:34 PDT Tue">
        <definition>COD: bring one's hand or another part of one's body into contact with.</definition>
        <sentenceCount annotated="0" total="0"/>
        <lexeme order="1" headword="false" breakBefore="false" POS="V" name="touch"/>
    </lexUnit>
    <lexUnit status="Needs_SCs" POS="V" name="kiss.v" ID="11004" lemmaID="21369" cBy="MJE" cDate="09/21/2004 11:55:19 PDT Tue">
        <definition>COD: touch or caress with the lips as a sign of love, affection, or greeting.</definition>
        <sentenceCount annotated="4" total="4"/>
        <lexeme order="1" headword="false" breakBefore="false" POS="V" name="kiss"/>
    </lexUnit>
    <lexUnit status="Finished_Initial" POS="V" name="caress.v" ID="11005" lemmaID="5553" cBy="MJE" cDate="09/21/2004 11:56:23 PDT Tue">
        <definition>COD:  touch or stroke gently or lovingly.</definition>
        <sentenceCount annotated="21" total="169"/>
        <lexeme order="1" headword="false" breakBefore="false" POS="V" name="caress"/>
    </lexUnit>
    <lexUnit status="Created" POS="N" name="caress.n" ID="11006" lemmaID="5552" cBy="MJE" cDate="09/21/2004 11:56:42 PDT Tue">
        <definition>COD: a gentle or loving touch.</definition>
        <sentenceCount annotated="0" total="0"/>
        <lexeme order="1" headword="false" breakBefore="false" POS="N" name="caress"/>
    </lexUnit>
    <lexUnit status="New" POS="V" name="stroke.v" ID="11010" lemmaID="38378" cBy="MJE" cDate="09/21/2004 12:18:19 PDT Tue">
        <definition>COD: move one's hand with gentle pressure over (a surface).</definition>
        <sentenceCount annotated="0" total="164"/>
        <lexeme order="1" headword="false" breakBefore="false" POS="V" name="stroke"/>
    </lexUnit>
    <lexUnit status="Created" POS="V" name="diddle.v" ID="12787" lemmaID="10614" cBy="MJE" cDate="10/11/2005 04:52:53 PDT Tue">
        <definition>FN: to manipulate with the finger, usually irregularly</definition>
        <sentenceCount annotated="1" total="1"/>
        <lexeme order="1" headword="false" breakBefore="false" POS="V" name="diddle"/>
    </lexUnit>
    <lexUnit status="Created" POS="V" name="hold.v" ID="15043" lemmaID="45669" cBy="JKs" cDate="06/05/2008 05:02:25 PDT Thu">
        <definition>FN: to grasp, especially with one's hands or arms</definition>
        <sentenceCount annotated="0" total="0"/>
        <lexeme order="1" headword="false" breakBefore="false" POS="V" name="hold"/>
    </lexUnit>
    <lexUnit status="Finished_Initial" POS="V" name="tickle.v" ID="15086" lemmaID="40368" cBy="JKs" cDate="06/10/2008 10:53:06 PDT Tue">
        <definition>FN: touch lightly, often causing uncontrollable laughter and other reactions</definition>
        <sentenceCount annotated="20" total="160"/>
        <lexeme order="1" headword="false" breakBefore="false" POS="V" name="tickle"/>
    </lexUnit>
    <lexUnit status="Created" POS="V" name="handle.v" ID="15647" lemmaID="17357" cBy="RLG" cDate="02/22/2010 11:15:42 PST Mon">
        <definition>FN: hold (esp. said of merchandise).</definition>
        <sentenceCount annotated="0" total="0"/>
        <lexeme order="1" headword="false" breakBefore="false" POS="V" name="handle"/>
    </lexUnit>
    <lexUnit status="Created" POS="N" name="kiss.n" ID="17684" lemmaID="21368" cBy="WMcQ" cDate="08/21/2014 11:49:11 PDT Thu">
        <definition>FN: Touch or caress with the lips as a sign of love, care, or greeting</definition>
        <sentenceCount annotated="1" total="1"/>
        <lexeme order="1" headword="false" breakBefore="false" POS="N" name="kiss"/>
    </lexUnit>
</frame>