<?xml version="1.0" encoding="UTF-8" standalone="yes"?>
<?xml-stylesheet type="text/xsl" href="frame.xsl"?>
<frame cBy="JKR" cDate="06/29/2001 04:38:54 PDT Fri" name="Measure_mass" ID="147" xsi:schemaLocation="../schema/frame.xsd" xmlns="http://framenet.icsi.berkeley.edu" xmlns:xsi="http://www.w3.org/2001/XMLSchema-instance">
    <definition>&lt;def-root&gt;This frame is concerned with nouns that denote &lt;fen&gt;Unit&lt;/fen&gt;s of measurement for masses. The Frame Elements are &lt;fen&gt;Unit&lt;/fen&gt;, &lt;fen&gt;Count&lt;/fen&gt;,  and &lt;fen&gt;Stuff&lt;/fen&gt;.&lt;ex&gt;Jelena bought &lt;fex name="Count"&gt;three&lt;/fex&gt; &lt;t&gt;&lt;fex name="Unit"&gt;kilos&lt;/fex&gt;&lt;/t&gt; &lt;fex name="Stuff"&gt;of apples&lt;/fex&gt;.&lt;/ex&gt;&lt;ex&gt;Add &lt;fex name="Count"&gt;a&lt;/fex&gt; &lt;t&gt;&lt;fex name="Unit"&gt;pound&lt;/fex&gt;&lt;/t&gt; &lt;fex name="Stuff"&gt;of sugar&lt;/fex&gt;.&lt;/ex&gt;&lt;/def-root&gt;</definition>
    <semType name="Transparent Noun" ID="9"/>
    <FE bgColor="0000FF" fgColor="FFFFFF" coreType="Core" cBy="JKR" cDate="06/29/2001 05:11:07 PDT Fri" abbrev="" name="Count" ID="1171">
        <definition>&lt;def-root&gt;The number of &lt;fen&gt;Unit&lt;/fen&gt;s of the measured mass.&lt;ex&gt;Serena found &lt;fex name="Count"&gt;two&lt;/fex&gt; &lt;t&gt;&lt;fex name="Unit"&gt;pounds&lt;/fex&gt;&lt;/t&gt; &lt;fex name="Stuff"&gt;of sugar&lt;/fex&gt; in the freezer.&lt;/ex&gt;&lt;/def-root&gt;</definition>
    </FE>
    <FE bgColor="006400" fgColor="FFFFFF" coreType="Core" cBy="JKR" cDate="06/29/2001 05:14:44 PDT Fri" abbrev="" name="Unit" ID="1172">
        <definition>&lt;def-root&gt;The standardized quantity in terms of which other quantities of the same kind are  measured.&lt;ex&gt;Take &lt;fex name="Count"&gt;two&lt;/fex&gt; &lt;t&gt;&lt;fex name="Unit"&gt;grams&lt;/fex&gt;&lt;/t&gt; &lt;fex name="Stuff"&gt;DNI&lt;/fex&gt; every day before and after dinner.&lt;/ex&gt;
&lt;/def-root&gt;</definition>
    </FE>
    <FE bgColor="FF0000" fgColor="FFFFFF" coreType="Core" cBy="JKR" cDate="06/29/2001 05:15:45 PDT Fri" abbrev="" name="Stuff" ID="1173">
        <definition>&lt;def-root&gt;The &lt;fen&gt;Stuff&lt;/fen&gt; whose weight is being measured.&lt;ex&gt;Sue bought &lt;fex name="Count"&gt;three&lt;/fex&gt; &lt;t&gt;&lt;fex name="Unit"&gt;kilos&lt;/fex&gt;&lt;/t&gt; &lt;fex name="Stuff"&gt;of cat food&lt;/fex&gt; on sale.&lt;/ex&gt;
&lt;/def-root&gt;</definition>
    </FE>
    <frameRelation type="Inherits from">
        <relatedFrame ID="1686">Measures</relatedFrame>
    </frameRelation>
    <frameRelation type="Is Inherited by"/>
    <frameRelation type="Perspective on"/>
    <frameRelation type="Is Perspectivized in"/>
    <frameRelation type="Uses"/>
    <frameRelation type="Is Used by"/>
    <frameRelation type="Subframe of"/>
    <frameRelation type="Has Subframe(s)"/>
    <frameRelation type="Precedes"/>
    <frameRelation type="Is Preceded by"/>
    <frameRelation type="Is Inchoative of"/>
    <frameRelation type="Is Causative of"/>
    <frameRelation type="See also"/>
    <lexUnit status="Finished_Initial" POS="N" name="kilo.n" ID="2804" lemmaID="21311" cBy="JKR" cDate="06/29/2001 05:18:03 PDT Fri">
        <definition>COD: a kilogram</definition>
        <sentenceCount annotated="13" total="78"/>
        <lexeme order="1" headword="false" breakBefore="false" POS="N" name="kilo"/>
        <semType name="Transparent Noun" ID="9"/>
    </lexUnit>
    <lexUnit status="Finished_Initial" POS="N" name="kilogram.n" ID="2805" lemmaID="21313" cBy="JKR" cDate="06/29/2001 05:18:17 PDT Fri">
        <definition>COD: the SI unit of mass, equal to 1,000 grams (approximately 2.205 lb) and equivalent to the international standard kept at Sevres near Paris</definition>
        <sentenceCount annotated="14" total="64"/>
        <lexeme order="1" headword="false" breakBefore="false" POS="N" name="kilogram"/>
        <semType name="Transparent Noun" ID="9"/>
    </lexUnit>
    <lexUnit status="Finished_Initial" POS="N" name="gram.n" ID="2806" lemmaID="16652" cBy="JKR" cDate="06/29/2001 05:18:35 PDT Fri">
        <definition>COD: a metric unit of mass equal to one thousandth of a kilogram</definition>
        <sentenceCount annotated="16" total="71"/>
        <lexeme order="1" headword="false" breakBefore="false" POS="N" name="gram"/>
        <semType name="Transparent Noun" ID="9"/>
    </lexUnit>
    <lexUnit status="Finished_Initial" POS="N" name="ton.n" ID="2807" lemmaID="40662" cBy="JKR" cDate="06/29/2001 05:18:50 PDT Fri">
        <definition>COD: a unit of weight equal to 2,000 lb avoirdupois (907.19 kg)</definition>
        <sentenceCount annotated="56" total="207"/>
        <lexeme order="1" headword="false" breakBefore="false" POS="N" name="ton"/>
        <semType name="Transparent Noun" ID="9"/>
    </lexUnit>
    <lexUnit status="Finished_Initial" POS="N" name="pound.n" ID="2808" lemmaID="29973" cBy="JKR" cDate="06/29/2001 05:19:11 PDT Fri">
        <definition>COD: a unit of weight equal to 16 oz avoirdupois (0.4536 kg), or 12 oz troy (0.3732 kg)</definition>
        <sentenceCount annotated="15" total="111"/>
        <lexeme order="1" headword="false" breakBefore="false" POS="N" name="pound"/>
        <semType name="Transparent Noun" ID="9"/>
    </lexUnit>
    <lexUnit status="Finished_Initial" POS="N" name="ounce.n" ID="2810" lemmaID="27039" cBy="JKR" cDate="06/29/2001 05:25:51 PDT Fri">
        <definition>COD: a unit of weight of one sixteenth of a pound avoirdupois (approximately 28 grams)</definition>
        <sentenceCount annotated="14" total="75"/>
        <lexeme order="1" headword="false" breakBefore="false" POS="N" name="ounce"/>
        <semType name="Transparent Noun" ID="9"/>
    </lexUnit>
    <lexUnit status="Finished_Initial" POS="N" name="milligram.n" ID="2811" lemmaID="24319" cBy="JKR" cDate="06/29/2001 06:07:41 PDT Fri">
        <definition>COD: also milligramme abbrev.: mg [Measure] n</definition>
        <sentenceCount annotated="11" total="33"/>
        <lexeme order="1" headword="false" breakBefore="false" POS="N" name="milligram"/>
        <semType name="Transparent Noun" ID="9"/>
    </lexUnit>
    <lexUnit status="Created" POS="N" name="metric ton.n" ID="12406" lemmaID="50154" cBy="RLG" cDate="07/05/2005 03:23:59 PDT Tue">
        <definition>COD: a unit of weight equal to 1,000 kilograms (2,205 lb).</definition>
        <sentenceCount annotated="9" total="9"/>
        <lexeme order="1" headword="false" breakBefore="false" POS="A" name="metric"/>
        <lexeme order="2" headword="true" breakBefore="false" POS="N" name="ton"/>
    </lexUnit>
</frame>