<?xml version="1.0" encoding="UTF-8" standalone="yes"?>
<?xml-stylesheet type="text/xsl" href="frame.xsl"?>
<frame cBy="KmG" cDate="01/30/2008 04:23:42 PST Wed" name="Medium" ID="2005" xsi:schemaLocation="../schema/frame.xsd" xmlns="http://framenet.icsi.berkeley.edu" xmlns:xsi="http://www.w3.org/2001/XMLSchema-instance">
    <definition>&lt;def-root&gt;Words in this frame describe a relationship in which an &lt;fen&gt;Item&lt;/fen&gt; is expressed through a &lt;fen&gt;Text&lt;/fen&gt;.
&lt;ex&gt;&lt;fex name="Item"&gt;The act of murder is rampant&lt;/fex&gt; &lt;t&gt;in&lt;/t&gt; &lt;fex name="Text"&gt;the Bible&lt;/fex&gt;.&lt;/ex&gt;

&lt;ex&gt;&lt;t&gt;In&lt;/t&gt; &lt;fex name="Text"&gt;his State of the Union Address&lt;/fex&gt;, &lt;fex name="Item"&gt;President Bush committed our nation to achieving three great goals of our time&lt;/fex&gt;.&lt;/ex&gt;

&lt;ex&gt;&lt;fex name="Item"&gt;Linnaeus&lt;/fex&gt; &lt;t&gt;in&lt;/t&gt; &lt;fex name="Text"&gt;his writings&lt;/fex&gt; &lt;fex name="Frequency"&gt;often&lt;/fex&gt; &lt;fex name="Item"&gt;quotes his great predecessor&lt;/fex&gt;.&lt;/ex&gt;&lt;/def-root&gt;</definition>
    <FE bgColor="FF0000" fgColor="FFFFFF" coreType="Core" cBy="KmG" cDate="01/30/2008 04:24:03 PST Wed" abbrev="Tex" name="Text" ID="12092">
        <definition>&lt;def-root&gt;The written source, body of work, or linguistic utterance in which the &lt;fen&gt;Item&lt;/fen&gt; is found/expressed. &lt;/def-root&gt;</definition>
    </FE>
    <FE bgColor="0000FF" fgColor="FFFFFF" coreType="Core" cBy="KmG" cDate="01/30/2008 04:25:57 PST Wed" abbrev="Ite" name="Item" ID="12093">
        <definition>&lt;def-root&gt;The piece of information or expression that is contained within the &lt;fen&gt;Text&lt;/fen&gt;. &lt;/def-root&gt;</definition>
    </FE>
    <FE bgColor="800080" fgColor="FFFFFF" coreType="Peripheral" cBy="KmG" cDate="01/30/2008 04:27:00 PST Wed" abbrev="Fre" name="Frequency" ID="12094">
        <definition>&lt;def-root&gt;How often the &lt;fen&gt;Item&lt;/fen&gt; appears in the &lt;fen&gt;Text&lt;/fen&gt;. 

&lt;ex&gt;&lt;fex name="Frequency"&gt;Everyday&lt;/fex&gt; &lt;t&gt;in&lt;/t&gt; &lt;fex name="Text"&gt;the newspaper&lt;/fex&gt; &lt;fex name="Item"&gt;there are articles relating to science and technology&lt;/fex&gt;.&lt;/ex&gt;&lt;/def-root&gt;</definition>
    </FE>
    <FE bgColor="FFA500" fgColor="FFFFFF" coreType="Peripheral" cBy="KmG" cDate="01/30/2008 04:28:08 PST Wed" abbrev="Tim" name="Time" ID="12095">
        <definition>&lt;def-root&gt;When the &lt;fen&gt;Item&lt;/fen&gt; appears in the &lt;fen&gt;Text&lt;/fen&gt;.



&lt;/def-root&gt;</definition>
    </FE>
    <frameRelation type="Inherits from"/>
    <frameRelation type="Is Inherited by"/>
    <frameRelation type="Perspective on"/>
    <frameRelation type="Is Perspectivized in"/>
    <frameRelation type="Uses">
        <relatedFrame ID="298">Text</relatedFrame>
    </frameRelation>
    <frameRelation type="Is Used by"/>
    <frameRelation type="Subframe of"/>
    <frameRelation type="Has Subframe(s)"/>
    <frameRelation type="Precedes"/>
    <frameRelation type="Is Preceded by"/>
    <frameRelation type="Is Inchoative of"/>
    <frameRelation type="Is Causative of"/>
    <frameRelation type="See also"/>
    <lexUnit status="Needs_SCs" POS="PREP" name="in.prep" ID="14755" lemmaID="50235" cBy="KmG" cDate="01/30/2008 04:29:45 PST Wed">
        <definition>FN: found within</definition>
        <sentenceCount annotated="3" total="57"/>
        <lexeme order="1" headword="true" breakBefore="false" POS="PREP" name="in"/>
    </lexUnit>
</frame>