<?xml version="1.0" encoding="UTF-8" standalone="yes"?>
<?xml-stylesheet type="text/xsl" href="frame.xsl"?>
<frame cBy="JKR" cDate="03/09/2004 02:24:43 PST Tue" name="Membership" ID="1026" xsi:schemaLocation="../schema/frame.xsd" xmlns="http://framenet.icsi.berkeley.edu" xmlns:xsi="http://www.w3.org/2001/XMLSchema-instance">
    <definition>&lt;def-root&gt;A &lt;fen&gt;Member&lt;/fen&gt; is semi-permanently part of a socially constructed &lt;fen&gt;Group&lt;/fen&gt;.


&lt;ex&gt;&lt;fex name="mm"&gt;Victor&lt;/fex&gt; &lt;m&gt;is&lt;/m&gt; &lt;t&gt;part&lt;/t&gt; &lt;fex name="Group"&gt;of the Red Crescent&lt;/fex&gt;&lt;/ex&gt;&lt;/def-root&gt;</definition>
    <FE bgColor="FF0000" fgColor="FFFFFF" coreType="Core" cBy="JKR" cDate="03/09/2004 02:26:31 PST Tue" abbrev="mm" name="Member" ID="6119">
        <definition>&lt;def-root&gt;The person who belongs to a &lt;fen&gt;Group&lt;/fen&gt;.

&lt;ex&gt;Two &lt;t&gt;&lt;fex name="Member"&gt;members&lt;/fex&gt;&lt;/t&gt; of the Red Cross were here about a donation &lt;/ex&gt;&lt;/def-root&gt;</definition>
    </FE>
    <FE bgColor="0000FF" fgColor="FFFFFF" coreType="Core" cBy="JKR" cDate="03/09/2004 02:28:11 PST Tue" abbrev="" name="Group" ID="6120">
        <definition>&lt;def-root&gt;A set of people standing in a semi-permanent relationship together.&lt;/def-root&gt;</definition>
    </FE>
    <FE bgColor="A52A2A" fgColor="FFFFFF" coreType="Peripheral" cBy="JKR" cDate="03/09/2004 02:32:52 PST Tue" abbrev="std" name="Standing" ID="6121">
        <definition>&lt;def-root&gt;An indication of the &lt;fen&gt;Member&lt;/fen&gt;'s status within the &lt;fen&gt;Group&lt;/fen&gt;.


&lt;ex&gt;Bill is a &lt;fex name="std"&gt;full&lt;/fex&gt; &lt;t&gt;member&lt;/t&gt; of the Elks.&lt;/ex&gt;&lt;/def-root&gt;</definition>
    </FE>
    <FE bgColor="FF69B4" fgColor="FFFFFF" coreType="Peripheral" cBy="RLG" cDate="03/13/2007 11:04:40 PDT Tue" abbrev="man" name="Manner" ID="11171">
        <definition>&lt;def-root&gt;Any description of the inclusion event which is not covered by more specific FEs, including secondary effects (quietly, loudly), and general descriptions comparing events (the same way). &lt;/def-root&gt;</definition>
    </FE>
    <FE bgColor="FFA500" fgColor="FFFFFF" coreType="Peripheral" cBy="RLG" cDate="03/13/2007 11:04:59 PDT Tue" abbrev="tim" name="Time" ID="11172">
        <definition>&lt;def-root&gt;The time at which the &lt;fen&gt;Member&lt;/fen&gt; is a member of the &lt;fen&gt;Group&lt;/fen&gt;.&lt;/def-root&gt;</definition>
    </FE>
    <FE bgColor="008000" fgColor="FFFFFF" coreType="Peripheral" cBy="RLG" cDate="03/13/2007 11:06:34 PDT Tue" abbrev="pla" name="Place" ID="11173">
        <definition>&lt;def-root&gt;The location where the membership relationship holds.&lt;/def-root&gt;</definition>
    </FE>
    <frameRelation type="Inherits from">
        <relatedFrame ID="1818">Be_subset_of</relatedFrame>
    </frameRelation>
    <frameRelation type="Is Inherited by"/>
    <frameRelation type="Perspective on"/>
    <frameRelation type="Is Perspectivized in"/>
    <frameRelation type="Uses"/>
    <frameRelation type="Is Used by">
        <relatedFrame ID="1131">Exclude_member</relatedFrame>
        <relatedFrame ID="2670">Member_of_military</relatedFrame>
    </frameRelation>
    <frameRelation type="Subframe of"/>
    <frameRelation type="Has Subframe(s)"/>
    <frameRelation type="Precedes"/>
    <frameRelation type="Is Preceded by"/>
    <frameRelation type="Is Inchoative of"/>
    <frameRelation type="Is Causative of"/>
    <frameRelation type="See also"/>
    <lexUnit status="Finished_Initial" incorporatedFE="Member" POS="N" name="member.n" ID="10279" lemmaID="23936" cBy="JKR" cDate="03/09/2004 02:50:08 PST Tue">
        <definition>COD: a person, country, or organization belonging to a group, society, or team</definition>
        <sentenceCount annotated="86" total="851"/>
        <lexeme order="1" headword="false" breakBefore="false" POS="N" name="member"/>
    </lexUnit>
    <lexUnit status="Needs_SCs" POS="V" name="belong.v" ID="10280" lemmaID="3328" cBy="JKR" cDate="03/09/2004 02:51:36 PST Tue">
        <definition>COD: be a member of.</definition>
        <sentenceCount annotated="18" total="64"/>
        <lexeme order="1" headword="false" breakBefore="false" POS="V" name="belong"/>
    </lexUnit>
    <lexUnit status="Needs_SCs" POS="N" name="part.n" ID="10281" lemmaID="48891" cBy="JKR" cDate="03/09/2004 02:53:20 PST Tue">
        <definition>FN: belonging to (a group or organization)</definition>
        <sentenceCount annotated="27" total="161"/>
        <lexeme order="1" headword="true" breakBefore="false" POS="N" name="part"/>
    </lexUnit>
    <lexUnit status="Finished_Initial" POS="N" name="membership [status].n" ID="10283" lemmaID="23937" cBy="JKR" cDate="03/09/2004 03:05:31 PST Tue">
        <definition>FN: the state of being a member</definition>
        <sentenceCount annotated="47" total="365"/>
        <lexeme order="1" headword="false" breakBefore="false" POS="N" name="membership"/>
    </lexUnit>
    <lexUnit status="Finished_Initial" POS="N" name="membership.n" ID="10284" lemmaID="23937" cBy="JKR" cDate="03/09/2004 03:08:00 PST Tue">
        <definition>FN: the body of members</definition>
        <sentenceCount annotated="45" total="330"/>
        <lexeme order="1" headword="false" breakBefore="false" POS="N" name="membership"/>
    </lexUnit>
    <lexUnit status="Finished_Initial" POS="A" name="associated.a" ID="13177" lemmaID="49889" cBy="RLG" cDate="04/19/2006 09:08:31 PDT Wed">
        <definition>FN: be a member of an organization.</definition>
        <sentenceCount annotated="11" total="148"/>
        <lexeme order="1" headword="true" breakBefore="false" POS="A" name="associated"/>
    </lexUnit>
</frame>