<?xml version="1.0" encoding="UTF-8" standalone="yes"?>
<?xml-stylesheet type="text/xsl" href="frame.xsl"?>
<frame cBy="KmG" cDate="03/31/2008 04:39:01 PDT Mon" name="Mental_stimulus_exp_focus" ID="2044" xsi:schemaLocation="../schema/frame.xsd" xmlns="http://framenet.icsi.berkeley.edu" xmlns:xsi="http://www.w3.org/2001/XMLSchema-instance">
    <definition>&lt;def-root&gt;An &lt;fen&gt;Experiencer&lt;/fen&gt; has an emotion as caused by a &lt;fex name="Stimulus"&gt;Stimulus&lt;/fex&gt; or concerning a &lt;fen&gt;Topic&lt;/fen&gt;. 

&lt;ex&gt;I fall asleep hours later to the sound of their &lt;t&gt;engrossed&lt;/t&gt; &lt;fex name="Expressor"&gt;murmuring&lt;/fex&gt;.&lt;/ex&gt;

&lt;ex&gt;&lt;fex name="Experiencer"&gt;Most of these great lords&lt;/fex&gt; are &lt;fex name="Degree"&gt;downright&lt;/fex&gt; &lt;t&gt;infatuated&lt;/t&gt; &lt;fex name="Stimulus"&gt;with Italy&lt;/fex&gt;.&lt;/ex&gt;&lt;/def-root&gt;</definition>
    <FE bgColor="800080" fgColor="FFFFFF" coreType="Core" cBy="KmG" cDate="03/31/2008 04:39:01 PDT Mon" abbrev="Exp" name="Experiencer" ID="12411">
        <definition>&lt;def-root&gt;The &lt;fen&gt;Experiencer&lt;/fen&gt; is the person or sentient entity that experiences or feels the emotions.


&lt;/def-root&gt;</definition>
        <semType name="Sentient" ID="5"/>
    </FE>
    <FE bgColor="FFA500" fgColor="FFFFFF" coreType="Core" cBy="KmG" cDate="03/31/2008 04:39:01 PDT Mon" abbrev="Top" name="Topic" ID="12412">
        <definition>&lt;def-root&gt;The &lt;fen&gt;Topic&lt;/fen&gt; is the general area in which the emotion occurs.  It indicates a range of possible &lt;fen&gt;Stimulus&lt;/fen&gt;.


&lt;/def-root&gt;</definition>
    </FE>
    <FE bgColor="FF0000" fgColor="FFFFFF" coreType="Core" cBy="KmG" cDate="03/31/2008 04:39:01 PDT Mon" abbrev="Stim" name="Stimulus" ID="12413">
        <definition>&lt;def-root&gt;The &lt;fen&gt;Stimulus&lt;/fen&gt; is the person, event, or state of affairs that evokes the emotional response in the &lt;fen&gt;Experiencer&lt;/fen&gt;.

&lt;/def-root&gt;</definition>
    </FE>
    <FE bgColor="FF69B4" fgColor="FFFFFF" coreType="Peripheral" cBy="KmG" cDate="03/31/2008 04:39:01 PDT Mon" abbrev="Degr" name="Degree" ID="12414">
        <definition>&lt;def-root&gt;The extent to which the &lt;fen&gt;Experiencer&lt;/fen&gt;'s emotion deviates from the norm for the emotion.
&lt;/def-root&gt;</definition>
        <semType name="Degree" ID="172"/>
    </FE>
    <FE bgColor="0000FF" fgColor="FFFFFF" coreType="Extra-Thematic" cBy="KmG" cDate="03/31/2008 04:39:01 PDT Mon" abbrev="ET" name="Empathy_target" ID="12415">
        <definition>&lt;def-root&gt;The &lt;fen&gt;Empathy_target&lt;/fen&gt; is the individual or individuals with which the &lt;fen&gt;Experiencer&lt;/fen&gt; identifies emotionally and thus shares their emotional response.
&lt;/def-root&gt;</definition>
    </FE>
    <FE bgColor="00008B" fgColor="FFFFFF" coreType="Extra-Thematic" cBy="KmG" cDate="03/31/2008 04:39:01 PDT Mon" abbrev="Exp" name="Explanation" ID="12417">
        <definition>&lt;def-root&gt;The &lt;fen&gt;Explanation&lt;/fen&gt; is the explanation for why the &lt;fen&gt;Stimulus&lt;/fen&gt; evokes a certain emotional response.
&lt;/def-root&gt;</definition>
        <semType name="State_of_affairs" ID="177"/>
    </FE>
    <FE bgColor="00BFFF" fgColor="FFFFFF" coreType="Extra-Thematic" cBy="KmG" cDate="03/31/2008 04:39:01 PDT Mon" abbrev="cir" name="Circumstances" ID="12418">
        <definition>&lt;def-root&gt;The &lt;fen&gt;Circumstances&lt;/fen&gt; is the condition(s) under which the &lt;fen&gt;Stimulus&lt;/fen&gt; evokes its response.  In some cases it may appear without an explicit &lt;fen&gt;Stimulus&lt;/fen&gt;.  Quite often in such cases, the &lt;fen&gt;Stimulus&lt;/fen&gt; can be inferred from the &lt;fen&gt;Circumstances&lt;/fen&gt; 
&lt;/def-root&gt;</definition>
    </FE>
    <FE bgColor="9F79EE" fgColor="FFFFFF" coreType="Core" cBy="KmG" cDate="03/31/2008 04:39:01 PDT Mon" abbrev="State" name="State" ID="12419">
        <definition>&lt;def-root&gt;The &lt;fen&gt;State&lt;/fen&gt; is the abstract noun that describes a more lasting experience by the &lt;fen&gt;Experiencer&lt;/fen&gt;.


&lt;/def-root&gt;</definition>
    </FE>
    <FE bgColor="2E8B57" fgColor="FFFFFF" coreType="Peripheral" cBy="KmG" cDate="03/31/2008 04:39:01 PDT Mon" abbrev="Par" name="Parameter" ID="12421">
        <definition>&lt;def-root&gt;The &lt;fen&gt;Parameter&lt;/fen&gt; is a domain in which the &lt;fen&gt;Experiencer&lt;/fen&gt; experiences the &lt;fen&gt;Stimulus&lt;/fen&gt;.&lt;/def-root&gt;</definition>
    </FE>
    <FE bgColor="FF00FF" fgColor="FFFFFF" coreType="Peripheral" cBy="KmG" cDate="03/31/2008 04:39:01 PDT Mon" abbrev="Man" name="Manner" ID="12422">
        <definition>&lt;def-root&gt;Any description of the way in which the &lt;fen&gt;Experiencer&lt;/fen&gt; experiences the &lt;fen&gt;Stimulus&lt;/fen&gt; which is not covered by more specific FEs, including secondary effects (&lt;ment&gt;quietly, loudly&lt;/ment&gt;), and general descriptions comparing events (&lt;ment&gt;the same way&lt;/ment&gt;).  &lt;fen&gt;Manner&lt;/fen&gt; may also describe a state of the &lt;fen&gt;Experiencer&lt;/fen&gt; that affects the details of the emotional experience.

&lt;/def-root&gt;</definition>
        <semType name="Manner" ID="173"/>
    </FE>
    <FE bgColor="7CCD73" fgColor="FFFFFF" coreType="Peripheral" cBy="KmG" cDate="04/07/2008 03:29:38 PDT Mon" abbrev="Tim" name="Time" ID="12463">
        <definition>&lt;def-root&gt;The Time when the &lt;fen&gt;Experiencer&lt;/fen&gt; is has a feeling about the &lt;fen&gt;Stimulus&lt;/fen&gt;.&lt;/def-root&gt;</definition>
    </FE>
    <FE bgColor="006400" fgColor="FFFFFF" coreType="Core" cBy="KmG" cDate="04/07/2008 03:33:47 PDT Mon" abbrev="Exp" name="Expressor" ID="12464">
        <definition>&lt;def-root&gt;The body part, gesture, or other expression of the &lt;fen&gt;Experiencer&lt;/fen&gt; that reflects his or her emotional state.  They describe a presentation of the experience or emotion denoted by the adjective or noun.&lt;/def-root&gt;</definition>
    </FE>
    <FE bgColor="7FFF00" fgColor="000000" coreType="Peripheral" cBy="JKs" cDate="04/18/2008 11:54:56 PDT Fri" abbrev="" name="Duration" ID="12558">
        <definition>&lt;def-root&gt;The &lt;fen&gt;Duration&lt;/fen&gt; is the amount of time for which the &lt;fen&gt;Experiencer&lt;/fen&gt; is affected by the &lt;fen&gt;Stimulus&lt;/fen&gt;, &lt;fen&gt;Topic&lt;/fen&gt;, or &lt;fen&gt;State&lt;/fen&gt;.&lt;/def-root &gt;</definition>
    </FE>
    <FEcoreSet>
        <memberFE name="Topic" ID="12412"/>
        <memberFE name="Stimulus" ID="12413"/>
    </FEcoreSet>
    <FEcoreSet>
        <memberFE name="State" ID="12419"/>
        <memberFE name="Expressor" ID="12464"/>
        <memberFE name="Experiencer" ID="12411"/>
    </FEcoreSet>
    <frameRelation type="Inherits from">
        <relatedFrame ID="48">Experiencer_focus</relatedFrame>
    </frameRelation>
    <frameRelation type="Is Inherited by"/>
    <frameRelation type="Perspective on">
        <relatedFrame ID="2045">Emotions_of_mental_activity</relatedFrame>
    </frameRelation>
    <frameRelation type="Is Perspectivized in"/>
    <frameRelation type="Uses"/>
    <frameRelation type="Is Used by"/>
    <frameRelation type="Subframe of"/>
    <frameRelation type="Has Subframe(s)"/>
    <frameRelation type="Precedes"/>
    <frameRelation type="Is Preceded by"/>
    <frameRelation type="Is Inchoative of"/>
    <frameRelation type="Is Causative of"/>
    <frameRelation type="See also"/>
    <lexUnit status="Created" POS="A" name="interested.a" ID="14894" lemmaID="20317" cBy="KmG" cDate="03/31/2008 05:09:22 PDT Mon">
        <definition>FN: having an interest in something</definition>
        <sentenceCount annotated="0" total="0"/>
        <lexeme order="1" headword="false" breakBefore="false" POS="A" name="interested"/>
    </lexUnit>
    <lexUnit status="Created" POS="A" name="smitten.a" ID="14895" lemmaID="36526" cBy="KmG" cDate="03/31/2008 05:09:36 PDT Mon">
        <definition>FN: fondness for</definition>
        <sentenceCount annotated="0" total="0"/>
        <lexeme order="1" headword="false" breakBefore="false" POS="A" name="smitten"/>
    </lexUnit>
    <lexUnit status="Created" POS="A" name="fascinated.a" ID="14896" lemmaID="45932" cBy="KmG" cDate="03/31/2008 05:10:17 PDT Mon">
        <definition>FN: having fascination </definition>
        <sentenceCount annotated="0" total="0"/>
        <lexeme order="1" headword="false" breakBefore="false" POS="A" name="fascinated"/>
    </lexUnit>
    <lexUnit status="Finished_Initial" POS="A" name="infatuated.a" ID="14901" lemmaID="19822" cBy="KmG" cDate="04/01/2008 02:11:48 PDT Tue">
        <definition>FN: having intense and ridiculous fondness for something</definition>
        <sentenceCount annotated="6" total="42"/>
        <lexeme order="1" headword="false" breakBefore="false" POS="A" name="infatuated"/>
    </lexUnit>
    <lexUnit status="Created" POS="A" name="enthralled.a" ID="14902" lemmaID="12856" cBy="KmG" cDate="04/01/2008 02:12:44 PDT Tue">
        <definition>FN: fascinated; beguiled</definition>
        <sentenceCount annotated="0" total="0"/>
        <lexeme order="1" headword="false" breakBefore="false" POS="A" name="enthralled"/>
    </lexUnit>
    <lexUnit status="Created" POS="A" name="captivated.a" ID="14903" lemmaID="50858" cBy="KmG" cDate="04/01/2008 02:13:40 PDT Tue">
        <definition>FN: intensly attracted to and held by</definition>
        <sentenceCount annotated="0" total="0"/>
        <lexeme order="1" headword="true" breakBefore="false" POS="A" name="captivated"/>
    </lexUnit>
    <lexUnit status="Created" POS="A" name="engrossed.a" ID="14904" lemmaID="50859" cBy="KmG" cDate="04/01/2008 02:14:34 PDT Tue">
        <definition>FN: wrapped up in with complete attention</definition>
        <sentenceCount annotated="0" total="0"/>
        <lexeme order="1" headword="true" breakBefore="false" POS="A" name="engrossed"/>
    </lexUnit>
    <lexUnit status="Created" POS="A" name="absorbed.a" ID="14905" lemmaID="48866" cBy="KmG" cDate="04/01/2008 02:28:40 PDT Tue">
        <definition>FN: totally focused in on</definition>
        <sentenceCount annotated="1" total="1"/>
        <lexeme order="1" headword="true" breakBefore="false" POS="A" name="absorbed"/>
    </lexUnit>
    <lexUnit status="Created" POS="A" name="lost (in).a" ID="14906" lemmaID="50860" cBy="KmG" cDate="04/01/2008 02:44:31 PDT Tue">
        <definition>FN: totally absorbed by</definition>
        <sentenceCount annotated="1" total="1"/>
        <lexeme order="1" headword="true" breakBefore="false" POS="A" name="lost"/>
    </lexUnit>
    <lexUnit status="Created" POS="A" name="wrapped up (in).a" ID="14907" lemmaID="48873" cBy="KmG" cDate="04/01/2008 02:45:36 PDT Tue">
        <definition>FN: distracted and busy with</definition>
        <sentenceCount annotated="0" total="0"/>
        <lexeme order="1" headword="true" breakBefore="false" POS="A" name="wrapped"/>
        <lexeme order="2" headword="false" breakBefore="false" POS="ADV" name="up"/>
    </lexUnit>
    <lexUnit status="Finished_Initial" POS="A" name="curious.a" ID="16021" lemmaID="9285" cBy="MLC" cDate="08/13/2010 04:15:31 PDT Fri">
        <definition>FN: interested or inquisitive (about something)</definition>
        <sentenceCount annotated="31" total="31"/>
        <lexeme order="1" headword="false" breakBefore="false" POS="A" name="curious"/>
    </lexUnit>
    <lexUnit status="Finished_Initial" POS="A" name="suspicious.a" ID="16033" lemmaID="39040" cBy="MLC" cDate="08/24/2010 01:42:00 PDT Tue">
        <definition>FN: the idea or impression that something or someone is of a questionable, dishonest, or dangerous nature.</definition>
        <sentenceCount annotated="34" total="34"/>
        <lexeme order="1" headword="false" breakBefore="false" POS="A" name="suspicious"/>
    </lexUnit>
</frame>