<?xml version="1.0" encoding="UTF-8" standalone="yes"?>
<?xml-stylesheet type="text/xsl" href="frame.xsl"?>
<frame cBy="KmG" cDate="04/02/2008 04:14:21 PDT Wed" name="Mental_stimulus_stimulus_focus" ID="2046" xsi:schemaLocation="../schema/frame.xsd" xmlns="http://framenet.icsi.berkeley.edu" xmlns:xsi="http://www.w3.org/2001/XMLSchema-instance">
    <definition>&lt;def-root&gt;A &lt;fen&gt;Stimulus&lt;/fen&gt; serves to bring about an emotion of mental stimulation in an &lt;fen&gt;Experiencer&lt;/fen&gt;.

&lt;ex&gt;You will not easily find a &lt;fex name="Degree"&gt;more&lt;/fex&gt; &lt;t&gt;absorbing&lt;/t&gt; &lt;fex name="Stimulus"&gt;box-set of piano discs&lt;/fex&gt;.&lt;/ex&gt;

&lt;ex&gt;&lt;fex name="Stimulus"&gt;New classes of free radical&lt;/fex&gt; are &lt;fex name="Degree"&gt;particularly&lt;/fex&gt; &lt;t&gt;interesting&lt;/t&gt; &lt;fex name="Experiencer"&gt;to chemists&lt;/fex&gt;.&lt;/ex&gt;&lt;/def-root&gt;</definition>
    <FE bgColor="800080" fgColor="FFFFFF" coreType="Core" cBy="KmG" cDate="04/02/2008 04:14:21 PDT Wed" abbrev="Exp" name="Experiencer" ID="12437">
        <definition>&lt;def-root&gt;The &lt;fen&gt;Experiencer&lt;/fen&gt; is the person or sentient entity that experiences or feels the emotions.


&lt;/def-root&gt;</definition>
        <semType name="Sentient" ID="5"/>
    </FE>
    <FE bgColor="FF0000" fgColor="FFFFFF" coreType="Core" cBy="KmG" cDate="04/02/2008 04:14:21 PDT Wed" abbrev="Stim" name="Stimulus" ID="12439">
        <definition>&lt;def-root&gt;The &lt;fen&gt;Stimulus&lt;/fen&gt; is the person, event, or state of affairs that evokes the emotional response in the &lt;fen&gt;Experiencer&lt;/fen&gt;.



&lt;/def-root&gt;</definition>
    </FE>
    <FE bgColor="FF69B4" fgColor="FFFFFF" coreType="Peripheral" cBy="KmG" cDate="04/02/2008 04:14:21 PDT Wed" abbrev="Degr" name="Degree" ID="12440">
        <definition>&lt;def-root&gt;The extent to which the &lt;fen&gt;Experiencer&lt;/fen&gt;'s emotion deviates from the norm for the emotion.
&lt;/def-root&gt;</definition>
        <semType name="Degree" ID="172"/>
    </FE>
    <FE bgColor="0000FF" fgColor="FFFFFF" coreType="Extra-Thematic" cBy="KmG" cDate="04/02/2008 04:14:21 PDT Wed" abbrev="ET" name="Empathy_target" ID="12441">
        <definition>&lt;def-root&gt;The &lt;fen&gt;Empathy_target&lt;/fen&gt; is the individual or individuals with which the &lt;fen&gt;Experiencer&lt;/fen&gt; identifies emotionally and thus shares their emotional response.
&lt;/def-root&gt;</definition>
    </FE>
    <FE bgColor="00008B" fgColor="FFFFFF" coreType="Extra-Thematic" cBy="KmG" cDate="04/02/2008 04:14:21 PDT Wed" abbrev="Exp" name="Explanation" ID="12443">
        <definition>&lt;def-root&gt;The &lt;fen&gt;Explanation&lt;/fen&gt; is the explanation for why the &lt;fen&gt;Stimulus&lt;/fen&gt; evokes a certain emotional response.
&lt;/def-root&gt;</definition>
        <semType name="State_of_affairs" ID="177"/>
    </FE>
    <FE bgColor="00BFFF" fgColor="FFFFFF" coreType="Extra-Thematic" cBy="KmG" cDate="04/02/2008 04:14:21 PDT Wed" abbrev="cir" name="Circumstances" ID="12444">
        <definition>&lt;def-root&gt;The &lt;fen&gt;Circumstances&lt;/fen&gt; is the condition(s) under which the &lt;fen&gt;Stimulus&lt;/fen&gt; evokes its response.  In some cases it may appear without an explicit &lt;fen&gt;Stimulus&lt;/fen&gt;.  Quite often in such cases, the &lt;fen&gt;Stimulus&lt;/fen&gt; can be inferred from the &lt;fen&gt;Circumstances&lt;/fen&gt; 
&lt;/def-root&gt;</definition>
    </FE>
    <FE bgColor="2E8B57" fgColor="FFFFFF" coreType="Peripheral" cBy="KmG" cDate="04/02/2008 04:14:21 PDT Wed" abbrev="Par" name="Parameter" ID="12447">
        <definition>&lt;def-root&gt;The &lt;fen&gt;Parameter&lt;/fen&gt; is a domain in which the &lt;fen&gt;Experiencer&lt;/fen&gt; experiences the &lt;fen&gt;Stimulus&lt;/fen&gt;.&lt;/def-root&gt;</definition>
    </FE>
    <FE bgColor="FF00FF" fgColor="FFFFFF" coreType="Peripheral" cBy="KmG" cDate="04/02/2008 04:14:21 PDT Wed" abbrev="Man" name="Manner" ID="12448">
        <definition>&lt;def-root&gt;Any description of the way in which the &lt;fen&gt;Experiencer&lt;/fen&gt; experiences the &lt;fen&gt;Stimulus&lt;/fen&gt; which is not covered by more specific FEs, including secondary effects (&lt;ment&gt;quietly, loudly&lt;/ment&gt;), and general descriptions comparing events (&lt;ment&gt;the same way&lt;/ment&gt;).  &lt;fen&gt;Manner&lt;/fen&gt; may also describe a state of the &lt;fen&gt;Experiencer&lt;/fen&gt; that affects the details of the emotional experience.

&lt;/def-root&gt;</definition>
        <semType name="Manner" ID="173"/>
    </FE>
    <FE bgColor="FFFF00" fgColor="00008B" coreType="Peripheral" cBy="KmG" cDate="04/08/2008 02:48:28 PDT Tue" abbrev="Tim" name="Time" ID="12470">
        <definition>&lt;def-root&gt;The &lt;fen&gt;Time&lt;/fen&gt; when the &lt;fen&gt;Experiencer&lt;/fen&gt;  can be described as having said emotion.&lt;/def-root&gt;</definition>
    </FE>
    <FE bgColor="FFA500" fgColor="000000" coreType="Extra-Thematic" cBy="JKs" cDate="04/15/2008 01:20:21 PDT Tue" abbrev="" name="Frequency" ID="12538">
        <definition>&lt;def-root&gt;How often the Stimulus &lt;fen&gt;Stimulus&lt;/fen&gt; affects the &lt;fen&gt;Experiencer&lt;/fen&gt;.&lt;/def-root&gt;</definition>
    </FE>
    <frameRelation type="Inherits from"/>
    <frameRelation type="Is Inherited by"/>
    <frameRelation type="Perspective on">
        <relatedFrame ID="2045">Emotions_of_mental_activity</relatedFrame>
    </frameRelation>
    <frameRelation type="Is Perspectivized in"/>
    <frameRelation type="Uses"/>
    <frameRelation type="Is Used by"/>
    <frameRelation type="Subframe of"/>
    <frameRelation type="Has Subframe(s)"/>
    <frameRelation type="Precedes"/>
    <frameRelation type="Is Preceded by"/>
    <frameRelation type="Is Inchoative of"/>
    <frameRelation type="Is Causative of"/>
    <frameRelation type="See also"/>
    <lexUnit status="Finished_Initial" POS="A" name="interesting.a" ID="14920" lemmaID="20320" cBy="KmG" cDate="04/02/2008 04:16:13 PDT Wed">
        <definition>FN: arousing curiosity</definition>
        <sentenceCount annotated="24" total="277"/>
        <lexeme order="1" headword="false" breakBefore="false" POS="A" name="interesting"/>
    </lexUnit>
    <lexUnit status="Finished_Initial" POS="A" name="fascinating.a" ID="14921" lemmaID="13978" cBy="KmG" cDate="04/02/2008 04:16:30 PDT Wed">
        <definition>FN: very interesting</definition>
        <sentenceCount annotated="19" total="164"/>
        <lexeme order="1" headword="false" breakBefore="false" POS="A" name="fascinating"/>
    </lexUnit>
    <lexUnit status="Created" POS="A" name="enthralling.a" ID="14922" lemmaID="12857" cBy="KmG" cDate="04/02/2008 04:16:46 PDT Wed">
        <definition>FN: capturing the attention of</definition>
        <sentenceCount annotated="1" total="1"/>
        <lexeme order="1" headword="false" breakBefore="false" POS="A" name="enthralling"/>
    </lexUnit>
    <lexUnit status="Finished_Initial" POS="A" name="captivating.a" ID="14923" lemmaID="45791" cBy="KmG" cDate="04/02/2008 04:16:56 PDT Wed">
        <definition>FN: attracting and holding the interest of</definition>
        <sentenceCount annotated="7" total="32"/>
        <lexeme order="1" headword="false" breakBefore="false" POS="A" name="captivating"/>
    </lexUnit>
    <lexUnit status="Created" POS="A" name="absorbing.a" ID="14924" lemmaID="203" cBy="KmG" cDate="04/02/2008 04:17:16 PDT Wed">
        <definition>FN: engrossing; capturing the attention of</definition>
        <sentenceCount annotated="0" total="0"/>
        <lexeme order="1" headword="false" breakBefore="false" POS="A" name="absorbing"/>
    </lexUnit>
    <lexUnit status="Created" POS="A" name="engrossing.a" ID="14925" lemmaID="12777" cBy="KmG" cDate="04/02/2008 04:17:28 PDT Wed">
        <definition>FN: consuming all one's attention</definition>
        <sentenceCount annotated="0" total="0"/>
        <lexeme order="1" headword="false" breakBefore="false" POS="A" name="engrossing"/>
    </lexUnit>
</frame>