<?xml version="1.0" encoding="UTF-8" standalone="yes"?>
<?xml-stylesheet type="text/xsl" href="frame.xsl"?>
<frame cBy="RLG" cDate="07/12/2006 02:45:06 PDT Wed" name="Money" ID="1761" xsi:schemaLocation="../schema/frame.xsd" xmlns="http://framenet.icsi.berkeley.edu" xmlns:xsi="http://www.w3.org/2001/XMLSchema-instance">
    <definition>&lt;def-root&gt;&lt;fen&gt;Money&lt;/fen&gt; is a medium used for exchanging goods and services. It is in most cases issued by a government (its &lt;fen&gt;Creator&lt;/fen&gt;) in the form of coins and banknotes. Particular amounts of it may have a designated or planned &lt;fen&gt;Use&lt;/fen&gt;, or may have come from some &lt;fen&gt;Origin&lt;/fen&gt;.

&lt;ex&gt;The &lt;fex name="mon"&gt;&lt;t&gt;money&lt;/t&gt;&lt;/fex&gt; &lt;fex name="Inherent_purpose"&gt;for our daughter's college education&lt;/fex&gt; is currently earning interest in a savings account.&lt;/ex&gt;

&lt;ex&gt;The entire project ended up being funded with &lt;fex name="cre"&gt;Swiss&lt;/fex&gt; &lt;fex name="mon"&gt;&lt;t&gt;funds&lt;/t&gt;&lt;/fex&gt;.&lt;/ex&gt;

&lt;ex&gt;The use of &lt;fex name="Material"&gt;paper&lt;/fex&gt; &lt;fex name="mon"&gt;&lt;t&gt;money&lt;/t&gt;&lt;/fex&gt; really caught on in Europe in the 1700s&lt;/ex&gt;&lt;/def-root&gt;</definition>
    <FE bgColor="2E8B57" fgColor="FFFFFF" coreType="Core" cBy="RLG" cDate="07/12/2006 02:45:06 PDT Wed" abbrev="mon" name="Money" ID="10360">
        <definition>&lt;def-root&gt;&lt;fen&gt;Money&lt;/fen&gt; is used as a medium of exchange.&lt;/def-root&gt;</definition>
    </FE>
    <FE bgColor="9400D3" fgColor="FFFFFF" coreType="Extra-Thematic" cBy="RLG" cDate="07/12/2006 02:45:07 PDT Wed" abbrev="Inh" name="Inherent_purpose" ID="10361">
        <definition>&lt;def-root&gt;The use for which the &lt;fen&gt;Money&lt;/fen&gt; is intended or designed.&lt;/def-root&gt;</definition>
    </FE>
    <FE bgColor="FF0000" fgColor="FFFFFF" coreType="Extra-Thematic" cBy="RLG" cDate="07/12/2006 02:45:07 PDT Wed" abbrev="cre" name="Creator" ID="10362">
        <definition>&lt;def-root&gt;The government (or possibly other organization) that mints, issues and guarantees the legal use of the &lt;fen&gt;Money&lt;/fen&gt;.&lt;/def-root&gt;</definition>
    </FE>
    <FE bgColor="FFA500" fgColor="FFFFFF" coreType="Extra-Thematic" cBy="RLG" cDate="07/12/2006 02:45:07 PDT Wed" abbrev="tim" name="Time_of_creation" ID="10363">
        <definition>&lt;def-root&gt;The time at which an &lt;fen&gt;Money&lt;/fen&gt; comes into existence or begins to be circulated.&lt;/def-root&gt;</definition>
    </FE>
    <FE bgColor="008000" fgColor="FFFFFF" coreType="Extra-Thematic" cBy="RLG" cDate="07/12/2006 02:45:07 PDT Wed" abbrev="nam" name="Name" ID="10364">
        <definition>&lt;def-root&gt;The term used to refer to the &lt;fen&gt;Money&lt;/fen&gt;.&lt;/def-root&gt;</definition>
    </FE>
    <FE bgColor="00008B" fgColor="FFFFFF" coreType="Extra-Thematic" cBy="RLG" cDate="07/12/2006 02:45:07 PDT Wed" abbrev="typ" name="Type" ID="10365">
        <definition>&lt;def-root&gt;An indication of the subtype of &lt;fen&gt;Money&lt;/fen&gt;.&lt;/def-root&gt;</definition>
    </FE>
    <FE bgColor="A9A9A9" fgColor="FFFFFF" coreType="Extra-Thematic" cBy="RLG" cDate="07/12/2006 02:45:07 PDT Wed" abbrev="mat" name="Material" ID="10366">
        <definition>&lt;def-root&gt;Any indication of what makes up the &lt;fen&gt;Money&lt;/fen&gt;, including components, ingredients, etc.&lt;/def-root&gt;</definition>
    </FE>
    <FE bgColor="A52A2A" fgColor="FFFFFF" coreType="Extra-Thematic" cBy="RLG" cDate="07/12/2006 03:29:53 PDT Wed" abbrev="ori" name="Origin" ID="10367">
        <definition>&lt;def-root&gt;The process or means by which the &lt;t&gt;Money&lt;/t&gt; comes to be possessed.

&lt;ex&gt;It turns out that the company used &lt;fex name="ori"&gt;drug&lt;/fex&gt; &lt;fex name="mon"&gt;&lt;t&gt;money&lt;/t&gt;&lt;/fex&gt; to develop this regionv&lt;/ex&gt;&lt;/def-root&gt;</definition>
    </FE>
    <FE bgColor="FF00FF" fgColor="FFFFFF" coreType="Extra-Thematic" cBy="RLG" cDate="07/12/2006 03:32:20 PDT Wed" abbrev="pos" name="Possessor" ID="10368">
        <definition>&lt;def-root&gt;The &lt;fen&gt;Possessor&lt;/fen&gt; has control over the use the &lt;fen&gt;Money&lt;/fen&gt;.

&lt;ex&gt;They managed to scam him out of most of &lt;fex name="pos"&gt;his&lt;/fex&gt; &lt;fex name="mon"&gt;&lt;t&gt;cash&lt;/t&gt;&lt;/fex&gt;.&lt;/ex&gt;&lt;/def-root&gt;</definition>
    </FE>
    <frameRelation type="Inherits from">
        <relatedFrame ID="421">Artifact</relatedFrame>
    </frameRelation>
    <frameRelation type="Is Inherited by"/>
    <frameRelation type="Perspective on"/>
    <frameRelation type="Is Perspectivized in"/>
    <frameRelation type="Uses"/>
    <frameRelation type="Is Used by"/>
    <frameRelation type="Subframe of"/>
    <frameRelation type="Has Subframe(s)"/>
    <frameRelation type="Precedes"/>
    <frameRelation type="Is Preceded by"/>
    <frameRelation type="Is Inchoative of"/>
    <frameRelation type="Is Causative of"/>
    <frameRelation type="See also"/>
    <lexUnit status="Created" POS="N" name="money.n" ID="13361" lemmaID="24769" cBy="RLG" cDate="07/12/2006 03:40:16 PDT Wed">
        <definition>COD: a medium of exchange in the form of coins and banknotes.</definition>
        <sentenceCount annotated="34" total="34"/>
        <lexeme order="1" headword="false" breakBefore="false" POS="N" name="money"/>
    </lexUnit>
    <lexUnit status="Needs_SCs" POS="N" name="cash.n" ID="13362" lemmaID="5658" cBy="RLG" cDate="07/12/2006 03:44:35 PDT Wed">
        <definition>COD: money in coins or notes.</definition>
        <sentenceCount annotated="5" total="94"/>
        <lexeme order="1" headword="false" breakBefore="false" POS="N" name="cash"/>
    </lexUnit>
    <lexUnit status="Created" POS="N" name="funds.n" ID="13363" lemmaID="15693" cBy="RLG" cDate="07/12/2006 03:47:19 PDT Wed">
        <definition>COD: financial resources.</definition>
        <sentenceCount annotated="3" total="3"/>
        <lexeme order="1" headword="false" breakBefore="false" POS="N" name="funds"/>
    </lexUnit>
    <lexUnit status="Created" POS="N" name="dough.n" ID="13364" lemmaID="11587" cBy="RLG" cDate="07/12/2006 03:47:55 PDT Wed">
        <definition>FN: money (informal).</definition>
        <sentenceCount annotated="0" total="0"/>
        <lexeme order="1" headword="false" breakBefore="false" POS="N" name="dough"/>
    </lexUnit>
    <lexUnit status="Created" POS="N" name="capital.n" ID="13365" lemmaID="50400" cBy="RLG" cDate="07/12/2006 03:56:17 PDT Wed">
        <definition>COD: wealth owned by a person or organization or invested, lent, or borrowed.</definition>
        <sentenceCount annotated="1" total="1"/>
        <lexeme order="1" headword="true" breakBefore="false" POS="N" name="capital"/>
    </lexUnit>
    <lexUnit status="Created" POS="N" name="dinero.n" ID="13366" lemmaID="50401" cBy="RLG" cDate="07/12/2006 03:56:54 PDT Wed">
        <definition>COD: money.</definition>
        <sentenceCount annotated="0" total="0"/>
        <lexeme order="1" headword="true" breakBefore="false" POS="N" name="dinero"/>
    </lexUnit>
    <lexUnit status="Created" POS="N" name="sterling.n" ID="14990" lemmaID="50890" cBy="JKs" cDate="05/12/2008 12:50:37 PDT Mon">
        <definition>FN: money, esp. in the U.K.</definition>
        <sentenceCount annotated="0" total="0"/>
        <lexeme order="1" headword="true" breakBefore="false" POS="N" name="sterling"/>
    </lexUnit>
</frame>