<?xml version="1.0" encoding="UTF-8" standalone="yes"?>
<?xml-stylesheet type="text/xsl" href="frame.xsl"?>
<frame cBy="MJE" cDate="02/21/2015 12:10:56 PST Sat" name="Negative_conditional" ID="2904" xsi:schemaLocation="../schema/frame.xsd" xmlns="http://framenet.icsi.berkeley.edu" xmlns:xsi="http://www.w3.org/2001/XMLSchema-instance">
    <definition>&lt;def-root&gt;A &lt;fen&gt;Anti_consequence&lt;/fen&gt; is presented as not occurring if the &lt;fen&gt;Profiled_possibility&lt;/fen&gt; occurs.

&lt;ex&gt;&lt;t&gt;Unless&lt;/t&gt; &lt;fex name="Profiled_possibility"&gt;we try harder&lt;/fex&gt; , &lt;fex name="Anti_consequence"&gt;we 're gonna lose an opportunity here&lt;/fex&gt; .&lt;/ex&gt;&lt;/def-root&gt;</definition>
    <FE bgColor="00008B" fgColor="FFFFFF" coreType="Core" cBy="MJE" cDate="02/21/2015 12:10:56 PST Sat" abbrev="" name="Profiled_possibility" ID="16294">
        <definition>&lt;def-root&gt;The situation presented explicitly as a possibility, contrasting with the implicit Negated_possibility.&lt;/def-root&gt;</definition>
    </FE>
    <FE bgColor="008000" fgColor="FFFFFF" coreType="Core" cBy="MJE" cDate="02/21/2015 12:10:56 PST Sat" abbrev="" name="Anti_consequence" ID="16297">
        <definition>&lt;def-root&gt;The situation that follows as a result of the Negated_possibility, and is not expected to occur if the &lt;fen&gt;Profiled_possibility&lt;/fen&gt; holds.&lt;/def-root&gt;</definition>
    </FE>
    <frameRelation type="Inherits from"/>
    <frameRelation type="Is Inherited by"/>
    <frameRelation type="Perspective on">
        <relatedFrame ID="2902">Conditional_scenario</relatedFrame>
    </frameRelation>
    <frameRelation type="Is Perspectivized in"/>
    <frameRelation type="Uses"/>
    <frameRelation type="Is Used by"/>
    <frameRelation type="Subframe of"/>
    <frameRelation type="Has Subframe(s)"/>
    <frameRelation type="Precedes"/>
    <frameRelation type="Is Preceded by"/>
    <frameRelation type="Is Inchoative of"/>
    <frameRelation type="Is Causative of"/>
    <frameRelation type="See also"/>
    <lexUnit status="Finished_Initial" POS="SCON" name="unless.scon" ID="17835" lemmaID="51813" cBy="MJE" cDate="02/21/2015 12:19:31 PST Sat">
        <definition>FN: (of a possible situation) occurring if (a possibility) does not occur.</definition>
        <sentenceCount annotated="138" total="523"/>
        <lexeme order="1" headword="true" breakBefore="false" POS="SCON" name="unless"/>
    </lexUnit>
    <lexUnit status="Created" incorporatedFE="Profiled_possibility" POS="ADV" name="otherwise.adv" ID="18040" lemmaID="27028" cBy="MJE" cDate="05/26/2015 11:51:01 PDT Tue">
        <definition>FN: if the previously mentioned event does not occur or had not occurred.</definition>
        <sentenceCount annotated="0" total="0"/>
        <lexeme order="1" headword="false" breakBefore="false" POS="ADV" name="otherwise"/>
    </lexUnit>
</frame>