<?xml version="1.0" encoding="UTF-8" standalone="yes"?>
<?xml-stylesheet type="text/xsl" href="frame.xsl"?>
<frame cBy="AlK" cDate="03/08/2010 04:02:36 PST Mon" name="Non-commutative_process" ID="2246" xsi:schemaLocation="../schema/frame.xsd" xmlns="http://framenet.icsi.berkeley.edu" xmlns:xsi="http://www.w3.org/2001/XMLSchema-instance">
    <definition>&lt;def-root&gt;LUs in this frame describe a non-commutative process (as opposed to a generic statement) of arithmetic, e.g. subtraction and division, involving two numbers, labeled &lt;fen&gt;Term_1&lt;/fen&gt; and &lt;fen&gt;Term_2&lt;/fen&gt;.  Because of the non-commutative nature of these processes, &lt;fen&gt;Term_1&lt;/fen&gt; and &lt;fen&gt;Term_2&lt;/fen&gt; are not separated on a grammatical basis but rather on a mathematical basis (see FE definitions). When referencing the process, the numbers can be vague and are often omitted through indefinite null instantiation.

&lt;ex&gt;&lt;fex name="Calculator"&gt;I&lt;/fex&gt; &lt;t&gt;divided&lt;/t&gt; &lt;fex name="Term_1"&gt;x&lt;/fex&gt; &lt;fex name="Term_2"&gt;by y&lt;/fex&gt;.&lt;/ex&gt;&lt;/def-root&gt;</definition>
    <FE bgColor="0000FF" fgColor="FFFFFF" coreType="Core" cBy="AnW" cDate="03/08/2010 04:59:14 PST Mon" abbrev="t1" name="Term_1" ID="13704">
        <definition>&lt;def-root&gt;&lt;fen&gt;Term_1&lt;/fen&gt; is the first operand in the non-commutative arithmetic that is modified by &lt;fen&gt;Term_2&lt;/fen&gt; (e.g. subtracted by or divided by &lt;fen&gt;Term_2&lt;/fen&gt;).&lt;/def-root&gt;</definition>
    </FE>
    <FE bgColor="FF0000" fgColor="FFFFFF" coreType="Core" cBy="AnW" cDate="03/08/2010 04:59:57 PST Mon" abbrev="t2" name="Term_2" ID="13708">
        <definition>&lt;def-root&gt;&lt;fen&gt;Term_2&lt;/fen&gt; is the second operand of the non-commutative arithmetic which modifies &lt;fen&gt;Term_1&lt;/fen&gt; (e.g. subtracts from or divides &lt;fen&gt;Term_1&lt;/fen&gt;).&lt;/def-root&gt;</definition>
    </FE>
    <FE bgColor="800080" fgColor="FFFFFF" coreType="Peripheral" cBy="AnW" cDate="03/08/2010 05:48:55 PST Mon" abbrev="calc" name="Calculator" ID="13715">
        <definition>&lt;def-root&gt;The &lt;fen&gt;Calculator&lt;/fen&gt; is the agentive entity that combines &lt;fen&gt;Term_1&lt;/fen&gt; and &lt;fen&gt;Term_2&lt;/fen&gt;.&lt;/def-root&gt;</definition>
    </FE>
    <frameRelation type="Inherits from"/>
    <frameRelation type="Is Inherited by"/>
    <frameRelation type="Perspective on">
        <relatedFrame ID="2236">Arithmetic_non-commutative</relatedFrame>
    </frameRelation>
    <frameRelation type="Is Perspectivized in"/>
    <frameRelation type="Uses"/>
    <frameRelation type="Is Used by"/>
    <frameRelation type="Subframe of"/>
    <frameRelation type="Has Subframe(s)"/>
    <frameRelation type="Precedes"/>
    <frameRelation type="Is Preceded by"/>
    <frameRelation type="Is Inchoative of"/>
    <frameRelation type="Is Causative of"/>
    <frameRelation type="See also"/>
    <lexUnit status="Created" POS="V" name="subtract.v" ID="15684" lemmaID="38627" cBy="AnW" cDate="03/09/2010 02:14:17 PST Tue">
        <definition>COD: take away (a number or amount) from another to calculate the difference</definition>
        <sentenceCount annotated="0" total="0"/>
        <lexeme order="1" headword="false" breakBefore="false" POS="V" name="subtract"/>
    </lexUnit>
    <lexUnit status="New" POS="V" name="divide.v" ID="15685" lemmaID="11302" cBy="AnW" cDate="03/09/2010 02:16:11 PST Tue">
        <definition>COD: find how many times (a number) contains another</definition>
        <sentenceCount annotated="0" total="90"/>
        <lexeme order="1" headword="false" breakBefore="false" POS="V" name="divide"/>
    </lexUnit>
    <lexUnit status="Created" POS="N" name="subtraction.n" ID="15686" lemmaID="38628" cBy="AnW" cDate="03/09/2010 02:17:17 PST Tue">
        <definition>FN: the process of finding the difference between two numbers</definition>
        <sentenceCount annotated="0" total="0"/>
        <lexeme order="1" headword="false" breakBefore="false" POS="N" name="subtraction"/>
    </lexUnit>
    <lexUnit status="Created" POS="N" name="division.n" ID="15687" lemmaID="11317" cBy="AnW" cDate="03/09/2010 02:17:31 PST Tue">
        <definition>COD: the process of dividing a matrix, vector, or another quantity by another under specific rules to obtain a quotient</definition>
        <sentenceCount annotated="0" total="0"/>
        <lexeme order="1" headword="false" breakBefore="false" POS="N" name="division"/>
    </lexUnit>
    <lexUnit status="Created" POS="V" name="take away.v" ID="15688" lemmaID="51084" cBy="AnW" cDate="03/09/2010 02:21:32 PST Tue">
        <definition>FN: to subtract</definition>
        <sentenceCount annotated="0" total="0"/>
        <lexeme order="1" headword="true" breakBefore="false" POS="V" name="take"/>
        <lexeme order="2" headword="false" breakBefore="false" POS="ADV" name="away"/>
    </lexUnit>
</frame>