<?xml version="1.0" encoding="UTF-8" standalone="yes"?>
<?xml-stylesheet type="text/xsl" href="frame.xsl"?>
<frame cBy="CFB" cDate="04/10/2005 07:01:06 PDT Sun" name="Occupy_rank" ID="1379" xsi:schemaLocation="../schema/frame.xsd" xmlns="http://framenet.icsi.berkeley.edu" xmlns:xsi="http://www.w3.org/2001/XMLSchema-instance">
    <definition>&lt;def-root&gt;This frame is about &lt;fen&gt;Item&lt;/fen&gt;s in the state of occupying a certain &lt;fen&gt;Rank&lt;/fen&gt; within a hierarchy.

&lt;ex&gt;&lt;fex name="Item"&gt;He&lt;/fex&gt; &lt;t&gt;ranks&lt;/t&gt; &lt;fex name="Rank"&gt;second&lt;/fex&gt; &lt;fex name="com"&gt;in his class&lt;/fex&gt; &lt;fex name="dim"&gt;in mathematics&lt;/fex&gt;.&lt;/ex&gt;&lt;/def-root&gt;</definition>
    <semType name="State" ID="77"/>
    <FE bgColor="9400D3" fgColor="FFFFFF" coreType="Core" cBy="CFB" cDate="04/10/2005 07:03:07 PDT Sun" abbrev="" name="Rank" ID="7729">
        <definition>&lt;def-root&gt;The &lt;fen&gt;Rank&lt;/fen&gt; which the &lt;fen&gt;Item&lt;/fen&gt; occupies.&lt;/def-root&gt;</definition>
    </FE>
    <FE bgColor="FF0000" fgColor="FFFFFF" coreType="Core" cBy="CFB" cDate="04/10/2005 10:43:22 PDT Sun" abbrev="" name="Item" ID="7730">
        <definition>&lt;def-root&gt;The Item which occupies the Rank in the hierarchy.&lt;/def-root&gt;</definition>
    </FE>
    <FE bgColor="EEE8AA" fgColor="000000" coreType="Core" cBy="CFB" cDate="04/10/2005 10:50:18 PDT Sun" abbrev="dim" name="Dimension" ID="7731">
        <definition>&lt;def-root&gt;The dimension along which the ranking is defined.  
&lt;ex&gt;He &lt;t&gt;ranks&lt;/t&gt; second in his class &lt;fex name="Dimension"&gt;in mathematics&lt;/fex&gt;.&lt;/ex&gt;&lt;/def-root&gt;</definition>
    </FE>
    <FE bgColor="FFA500" fgColor="FFFFFF" coreType="Peripheral" cBy="CFB" cDate="04/10/2005 10:59:25 PDT Sun" abbrev="" name="Time" ID="7732">
        <definition>&lt;def-root&gt;The time at which/period over which the &lt;fen&gt;Item&lt;/fen&gt; occupies the &lt;fen&gt;Rank&lt;/fen&gt;
&lt;ex&gt;Jim &lt;t&gt;ranked&lt;/t&gt; as thirty-second degree Mason &lt;fex name="Time"&gt;in 1970&lt;/fex&gt;.&lt;/ex&gt;
&lt;/def-root&gt;</definition>
        <semType name="Time" ID="141"/>
    </FE>
    <FE bgColor="008000" fgColor="FFFFFF" coreType="Peripheral" cBy="RLG" cDate="04/11/2005 10:53:39 PDT Mon" abbrev="com" name="Comparison_set" ID="7741">
        <definition>&lt;def-root&gt;The Comparison_set is the set of entities ranked in a hierarchy.  The &lt;fen&gt;Item&lt;/fen&gt; is a member of the set.

&lt;ex&gt;He &lt;t&gt;ranks&lt;/t&gt; highest &lt;fex name="com"&gt;among his peers&lt;/fex&gt; in the field of basket weaving.&lt;/ex&gt;&lt;/def-root&gt;</definition>
    </FE>
    <frameRelation type="Inherits from"/>
    <frameRelation type="Is Inherited by"/>
    <frameRelation type="Perspective on"/>
    <frameRelation type="Is Perspectivized in"/>
    <frameRelation type="Uses">
        <relatedFrame ID="1377">Rank</relatedFrame>
    </frameRelation>
    <frameRelation type="Is Used by"/>
    <frameRelation type="Subframe of"/>
    <frameRelation type="Has Subframe(s)"/>
    <frameRelation type="Precedes"/>
    <frameRelation type="Is Preceded by"/>
    <frameRelation type="Is Inchoative of"/>
    <frameRelation type="Is Causative of"/>
    <frameRelation type="See also"/>
    <lexUnit status="Finished_Initial" POS="V" name="rank.v" ID="11811" lemmaID="31796" cBy="CFB" cDate="04/10/2005 11:07:22 PDT Sun">
        <definition>FN: to occupy a (given) rank in a hierarchy.</definition>
        <sentenceCount annotated="21" total="213"/>
        <lexeme order="1" headword="false" breakBefore="false" POS="V" name="rank"/>
    </lexUnit>
    <lexUnit status="Finished_Initial" POS="V" name="stand.v" ID="11814" lemmaID="37785" cBy="RLG" cDate="04/11/2005 11:20:04 PDT Mon">
        <definition>FN: to be at a specified level or rank in a hierarchy.</definition>
        <sentenceCount annotated="8" total="165"/>
        <lexeme order="1" headword="false" breakBefore="false" POS="V" name="stand"/>
    </lexUnit>
    <lexUnit status="Finished_Initial" POS="A" name="top.a" ID="14577" lemmaID="40714" cBy="KmG" cDate="10/24/2007 02:02:34 PDT Wed">
        <definition>FN: the uppermost ranking</definition>
        <sentenceCount annotated="25" total="202"/>
        <lexeme order="1" headword="false" breakBefore="false" POS="A" name="top"/>
    </lexUnit>
</frame>