<?xml version="1.0" encoding="UTF-8" standalone="yes"?>
<?xml-stylesheet type="text/xsl" href="frame.xsl"?>
<frame cBy="JKR" cDate="06/15/2005 07:10:26 PDT Wed" name="Operating_a_system" ID="1495" xsi:schemaLocation="../schema/frame.xsd" xmlns="http://framenet.icsi.berkeley.edu" xmlns:xsi="http://www.w3.org/2001/XMLSchema-instance">
    <definition>&lt;def-root&gt;An &lt;fen&gt;Operator&lt;/fen&gt; manipulates the substructure of a &lt;fen&gt;System&lt;/fen&gt; such that the &lt;fen&gt;System&lt;/fen&gt; performs the function it was created for.

This frame differs from the Using frame in that this frame does not profile the purpose of an agent but rather their manipulation of an entity (&lt;fen&gt;System&lt;/fen&gt;/Instrument). In the case of using, the Agent need not manipulate the Instrument at all, as in: &lt;ment&gt;Mrs. Adams used the room as a place to hang the family laundry to dry&lt;/ment&gt;.


&lt;ex&gt;This true story of domestic bliss was related to me by &lt;fex name="Operator"&gt;a friend of mine&lt;/fex&gt; &lt;fex name="Operator"&gt;who&lt;/fex&gt; for a time &lt;t&gt;operated&lt;/t&gt; &lt;fex name="System"&gt;a bar&lt;/fex&gt; &lt;fex name="Place"&gt;in San Francisco&lt;/fex&gt;.&lt;/ex&gt;

&lt;ex&gt;A California man has plead guilty to federal charges that &lt;fex name="Operator"&gt;he&lt;/fex&gt; &lt;t&gt;ran&lt;/t&gt; &lt;fex name="System"&gt;a pyramid scam which defrauded nearly 7000 investors.&lt;/fex&gt;&lt;/ex&gt;
&lt;/def-root&gt;</definition>
    <FE bgColor="0000FF" fgColor="FFFFFF" coreType="Core" cBy="JKR" cDate="06/15/2005 07:10:26 PDT Wed" abbrev="sys" name="System" ID="8165">
        <definition>&lt;def-root&gt;The entity that  the &lt;fen&gt;Operator&lt;/fen&gt; gets to perform its intended function.


&lt;ex&gt;Robert Faye, who has &lt;t&gt;run&lt;/t&gt; &lt;fex name="sys"&gt;the organization&lt;/fex&gt; since its inception in 1991, said all the money the group has raised has been properly distributed.&lt;/ex&gt;&lt;/def-root&gt;</definition>
        <semType name="Physical_entity" ID="70"/>
    </FE>
    <FE bgColor="FF0000" fgColor="FFFFFF" coreType="Core" cBy="JKR" cDate="06/15/2005 07:10:26 PDT Wed" abbrev="ope" name="Operator" ID="8166">
        <definition>&lt;def-root&gt;The invididual who manipulates the substructure of the &lt;fen&gt;System&lt;/fen&gt;.

&lt;ex&gt;&lt;fex name="ope"&gt;WELS Kingdom Workers&lt;/fex&gt; &lt;t&gt;operates&lt;/t&gt; this program for students interested in doing ministry for a summer job.&lt;/ex&gt;&lt;/def-root&gt;</definition>
        <semType name="Sentient" ID="5"/>
    </FE>
    <FE bgColor="008000" fgColor="FFFFFF" coreType="Peripheral" cBy="JKR" cDate="06/15/2005 07:10:26 PDT Wed" abbrev="Place" name="Place" ID="8167">
        <definition>&lt;def-root&gt;This FE identifies the place where the &lt;fen&gt;Operator&lt;/fen&gt; runs the &lt;fen&gt;System&lt;/fen&gt;.

&lt;ex&gt;North Korea &lt;t&gt;Operates&lt;/t&gt; a Restaurant &lt;fex name="Place"&gt;in Vietnam&lt;/fex&gt;.&lt;/ex&gt;&lt;/def-root&gt;</definition>
        <semType name="Locative_relation" ID="182"/>
    </FE>
    <FE bgColor="800080" fgColor="FFFFFF" coreType="Peripheral" cBy="JKR" cDate="06/15/2005 07:10:26 PDT Wed" abbrev="pur" name="Purpose" ID="8168">
        <definition>&lt;def-root&gt;
This FE identifies the purpose for which an &lt;fen&gt;Operator&lt;/fen&gt; runs the &lt;fen&gt;System&lt;/fen&gt;.

&lt;ex&gt;The City &lt;t&gt;operates&lt;/t&gt; the system &lt;fex name="pur"&gt;to ensure high quality water at competitive rates&lt;/fex&gt;.&lt;/ex&gt;

&lt;/def-root&gt;</definition>
        <semType name="State_of_affairs" ID="177"/>
    </FE>
    <FE bgColor="FFA500" fgColor="FFFFFF" coreType="Peripheral" cBy="JKR" cDate="06/15/2005 07:10:26 PDT Wed" abbrev="Time" name="Time" ID="8169">
        <definition>&lt;def-root&gt;This FE identifies the time when the &lt;fen&gt;Operator&lt;/fen&gt; runs the &lt;fen&gt;System&lt;/fen&gt;.

&lt;ex&gt;This guaranteed donation to the charity was begun by Eric Von Stroh, Mike Cioli
and Andrew Seligson, the three men who &lt;t&gt;ran&lt;/t&gt; the business &lt;fex name="Time"&gt;last year&lt;/fex&gt;.&lt;/ex&gt;&lt;/def-root&gt;</definition>
        <semType name="Time" ID="141"/>
    </FE>
    <FE bgColor="FF69B4" fgColor="FFFFFF" coreType="Peripheral" cBy="JKR" cDate="06/15/2005 07:10:26 PDT Wed" abbrev="Means" name="Means" ID="8170">
        <definition>&lt;def-root&gt;This FE identifies the Means by which an Operator runs the System.


&lt;ex&gt;By the end of the film you'll be marveling at Buster's dexterity while he &lt;t&gt;operates&lt;/t&gt;
the steamboat &lt;fex name="Means"&gt;by climbing up and over or jumping down and around the ship&lt;/fex&gt;.&lt;/ex&gt;&lt;/def-root&gt;</definition>
        <semType name="State_of_affairs" ID="177"/>
    </FE>
    <FE bgColor="FF00FF" fgColor="FFFFFF" coreType="Peripheral" cBy="JKR" cDate="06/15/2005 07:10:26 PDT Wed" abbrev="Mnr" name="Manner" ID="8171">
        <definition>&lt;def-root&gt;Any description of the running of the &lt;fen&gt;System&lt;/fen&gt;  which is not covered by more specific FEs, including secondary effects (&lt;ment&gt;quietly, loudly&lt;/ment&gt;), and general descriptions comparing events (&lt;ment&gt;the same way&lt;/ment&gt;). In addition, it may indicate salient characteristics of an &lt;fen&gt;Operator&lt;/fen&gt; that also affect the action (&lt;ment&gt;presumptuously, coldly, deliberately, eagerly, carefully&lt;/ment&gt;). 

&lt;ex&gt;The farm is owned and &lt;fex name="Mnr"&gt;carefully&lt;/fex&gt; &lt;t&gt;operated&lt;/t&gt; by John and Janice Maloney in Newberry Springs, California.&lt;/ex&gt;
&lt;/def-root&gt;</definition>
        <semType name="Manner" ID="173"/>
    </FE>
    <FE bgColor="1E90FF" fgColor="FFFFFF" coreType="Peripheral" cBy="JKR" cDate="06/15/2005 08:06:35 PDT Wed" abbrev="dur" name="Duration" ID="8174">
        <definition>&lt;def-root&gt;&lt;fen&gt;Duration&lt;/fen&gt; denotes the length of the time interval in which the &lt;fen&gt;Operator&lt;/fen&gt; runs the &lt;fen&gt;System&lt;/fen&gt;.

&lt;ex&gt;The vendor has &lt;t&gt;operated&lt;/t&gt; this business &lt;fex name="dur"&gt;for the last 7 years&lt;/fex&gt;.&lt;/ex&gt;&lt;/def-root&gt;</definition>
        <semType name="Duration" ID="142"/>
    </FE>
    <frameRelation type="Inherits from">
        <relatedFrame ID="1141">Using</relatedFrame>
    </frameRelation>
    <frameRelation type="Is Inherited by">
        <relatedFrame ID="65">Operate_vehicle</relatedFrame>
    </frameRelation>
    <frameRelation type="Perspective on"/>
    <frameRelation type="Is Perspectivized in"/>
    <frameRelation type="Uses"/>
    <frameRelation type="Is Used by">
        <relatedFrame ID="1301">Operational_testing</relatedFrame>
    </frameRelation>
    <frameRelation type="Subframe of"/>
    <frameRelation type="Has Subframe(s)"/>
    <frameRelation type="Precedes"/>
    <frameRelation type="Is Preceded by"/>
    <frameRelation type="Is Inchoative of"/>
    <frameRelation type="Is Causative of"/>
    <frameRelation type="See also">
        <relatedFrame ID="1141">Using</relatedFrame>
    </frameRelation>
    <lexUnit status="Finished_Initial" POS="V" name="operate.v" ID="12214" lemmaID="26809" cBy="JKR" cDate="06/15/2005 07:42:58 PDT Wed">
        <definition>FN: control the functioning of (a device, system, or institution)</definition>
        <sentenceCount annotated="30" total="257"/>
        <lexeme order="1" headword="false" breakBefore="false" POS="V" name="operate"/>
    </lexUnit>
    <lexUnit status="New" POS="V" name="run.v" ID="12215" lemmaID="33776" cBy="JKR" cDate="06/15/2005 07:48:12 PDT Wed">
        <definition>FN: cause to be in operation</definition>
        <sentenceCount annotated="5" total="241"/>
        <lexeme order="1" headword="false" breakBefore="false" POS="V" name="run"/>
    </lexUnit>
    <lexUnit status="Finished_Initial" POS="V" name="manage.v" ID="13844" lemmaID="23317" cBy="MJE" cDate="02/25/2007 03:43:01 PST Sun">
        <definition>COD: be in charge of; run.</definition>
        <sentenceCount annotated="21" total="197"/>
        <lexeme order="1" headword="false" breakBefore="false" POS="V" name="manage"/>
    </lexUnit>
</frame>