<?xml version="1.0" encoding="UTF-8" standalone="yes"?>
<?xml-stylesheet type="text/xsl" href="frame.xsl"?>
<frame cBy="AlK" cDate="03/17/2010 11:39:57 PDT Wed" name="Optical_image" ID="2261" xsi:schemaLocation="../schema/frame.xsd" xmlns="http://framenet.icsi.berkeley.edu" xmlns:xsi="http://www.w3.org/2001/XMLSchema-instance">
    <definition>&lt;def-root&gt;This frame describes non-artifact &lt;fen&gt;Image&lt;/fen&gt;s resulting from an interation between light and some kind of matter, usually a &lt;fen&gt;Source&lt;/fen&gt; entity.

&lt;ex&gt;I could see &lt;fex name="Source"&gt;John's&lt;/fex&gt; &lt;fex name="Image"&gt;&lt;t&gt;silhouette&lt;/t&gt;&lt;/fex&gt; in the corner as I entered the dimly lit room.&lt;/ex&gt;&lt;/def-root&gt;</definition>
    <FE bgColor="FF0000" fgColor="FFFFFF" coreType="Core" cBy="AnW" cDate="07/15/2010 02:02:06 PDT Thu" abbrev="img" name="Image" ID="14001">
        <definition>&lt;def-root&gt;The optical representation of the &lt;fen&gt;Source&lt;/fen&gt;.&lt;/def-root&gt;</definition>
    </FE>
    <FE bgColor="0000FF" fgColor="FFFFFF" coreType="Core" cBy="AnW" cDate="07/15/2010 02:09:33 PDT Thu" abbrev="sou" name="Source" ID="14002">
        <definition>&lt;def-root&gt;The entity from which the &lt;fen&gt;Image&lt;/fen&gt;'s form is based on.&lt;/def-root&gt;</definition>
    </FE>
    <frameRelation type="Inherits from"/>
    <frameRelation type="Is Inherited by"/>
    <frameRelation type="Perspective on"/>
    <frameRelation type="Is Perspectivized in"/>
    <frameRelation type="Uses"/>
    <frameRelation type="Is Used by"/>
    <frameRelation type="Subframe of"/>
    <frameRelation type="Has Subframe(s)"/>
    <frameRelation type="Precedes"/>
    <frameRelation type="Is Preceded by"/>
    <frameRelation type="Is Inchoative of"/>
    <frameRelation type="Is Causative of"/>
    <frameRelation type="See also"/>
    <lexUnit status="Created" POS="N" name="image.n" ID="15876" lemmaID="19008" cBy="AnW" cDate="07/15/2010 02:03:08 PDT Thu">
        <definition>FN: an optical pattern resembling an entity</definition>
        <sentenceCount annotated="0" total="0"/>
        <lexeme order="1" headword="false" breakBefore="false" POS="N" name="image"/>
    </lexUnit>
    <lexUnit status="Created" POS="N" name="silhouette.n" ID="15877" lemmaID="35904" cBy="AnW" cDate="07/15/2010 02:04:40 PDT Thu">
        <definition>COD: the dark shape and outline of someone or something visible in restricted light against a brighter background</definition>
        <sentenceCount annotated="0" total="0"/>
        <lexeme order="1" headword="false" breakBefore="false" POS="N" name="silhouette"/>
    </lexUnit>
    <lexUnit status="Created" POS="N" name="shadow.n" ID="15878" lemmaID="35317" cBy="AnW" cDate="07/15/2010 02:06:45 PDT Thu">
        <definition>COD: a dark area or shape produced by a body coming between light rays and a surface</definition>
        <sentenceCount annotated="0" total="0"/>
        <lexeme order="1" headword="false" breakBefore="false" POS="N" name="shadow"/>
    </lexUnit>
</frame>