<?xml version="1.0" encoding="UTF-8" standalone="yes"?>
<?xml-stylesheet type="text/xsl" href="frame.xsl"?>
<frame cBy="JKR" cDate="06/26/2001 12:09:55 PDT Tue" name="Part_whole" ID="140" xsi:schemaLocation="../schema/frame.xsd" xmlns="http://framenet.icsi.berkeley.edu" xmlns:xsi="http://www.w3.org/2001/XMLSchema-instance">
    <definition>&lt;def-root&gt;This frame is concerned with nouns denoting a part or parts of a &lt;fen&gt;Whole&lt;/fen&gt; entity . The &lt;fen&gt;Part&lt;/fen&gt; is not defined relative to the &lt;fen&gt;Whole&lt;/fen&gt;'s orientation, center, or edge and is not ordered.  We also annotate properties of the &lt;fen&gt;Part&lt;/fen&gt;, e.g. relating to its size.

&lt;ex&gt;Kim forgot a &lt;fex name="Part_prop"&gt;large&lt;/fex&gt; &lt;t&gt;&lt;fex name="Part"&gt;part&lt;/fex&gt;&lt;/t&gt; &lt;fex name="Whole"&gt;of the story&lt;/fex&gt;.&lt;/ex&gt;

&lt;ex&gt;Abby ate only the &lt;fex name="Orientation"&gt;top&lt;/fex&gt; &lt;t&gt;&lt;fex name="Part"&gt;half&lt;/fex&gt;&lt;/t&gt; &lt;fex name="Whole"&gt;of the cake&lt;/fex&gt;.&lt;/ex&gt;&lt;/def-root&gt;</definition>
    <semType name="Transparent Noun" ID="9"/>
    <FE bgColor="0000FF" fgColor="FFFFFF" coreType="Core" cBy="JKR" cDate="06/26/2001 12:13:13 PDT Tue" abbrev="" name="Part" ID="1088">
        <definition>&lt;def-root&gt;A &lt;fen&gt;Part&lt;/fen&gt; of a larger &lt;fen&gt;Whole&lt;/fen&gt;.&lt;ex&gt;Sergey had  &lt;t&gt;&lt;fex name="Part"&gt;half&lt;/fex&gt;&lt;/t&gt; of the pizza for breakfast.&lt;/ex&gt;&lt;/def-root&gt;</definition>
    </FE>
    <FE bgColor="FF0000" fgColor="FFFFFF" coreType="Core" cBy="JKR" cDate="06/26/2001 12:16:28 PDT Tue" abbrev="" name="Whole" ID="1089">
        <definition>&lt;def-root&gt;An undivided entity having all its &lt;fen&gt;Part&lt;/fen&gt;s. &lt;ex&gt;Sergey had  &lt;t&gt;half&lt;/t&gt; &lt;fex name="Whole"&gt;of the pizza&lt;/fex&gt; for breakfast.&lt;/ex&gt;&lt;/def-root&gt;</definition>
    </FE>
    <FE bgColor="008000" fgColor="FFFFFF" coreType="Extra-Thematic" cBy="JKR" cDate="06/26/2001 12:17:42 PDT Tue" abbrev="part" name="Part_prop" ID="1090">
        <definition>&lt;def-root&gt;A property relating to the &lt;fen&gt;Part&lt;/fen&gt; of a &lt;fen&gt;Whole&lt;/fen&gt;.&lt;ex&gt;Sue painted a &lt;fex name="Part_prop"&gt;big&lt;/fex&gt; &lt;t&gt;&lt;fex name="Part"&gt;section&lt;/fex&gt;&lt;/t&gt; &lt;fex name="Whole"&gt;of the room&lt;/fex&gt;.&lt;/ex&gt;&lt;/def-root&gt;</definition>
    </FE>
    <FE bgColor="A52A2A" fgColor="FFFFFF" coreType="Extra-Thematic" cBy="ACW" cDate="05/30/2002 12:20:35 PDT Thu" abbrev="Orientation" name="Orientation" ID="2869">
        <definition>&lt;def-root&gt;This is a property of the &lt;fen&gt;Part&lt;/fen&gt; that determines the portion of the &lt;fen&gt;Part&lt;/fen&gt;.

&lt;ex&gt;Abby ate only the &lt;fex name="Orientation"&gt;top&lt;/fex&gt; &lt;t&gt;&lt;fex name="Part"&gt;half&lt;/fex&gt;&lt;/t&gt; &lt;fex name="Whole"&gt;of the cake&lt;/fex&gt; . &lt;/ex&gt;&lt;/def-root&gt;</definition>
    </FE>
    <FE bgColor="1E90FF" fgColor="FFFFFF" coreType="Extra-Thematic" cBy="AlK" cDate="11/19/2010 03:47:04 PST Fri" abbrev="" name="System" ID="14281">
        <definition>&lt;def-root&gt;A system of organization of the &lt;fen&gt;Part&lt;/fen&gt;s within the &lt;fen&gt;Whole&lt;/fen&gt;, of which a &lt;fen&gt;Part&lt;/fen&gt; is identified with a &lt;fen&gt;Name&lt;/fen&gt; .&lt;/def-root&gt;</definition>
    </FE>
    <FE bgColor="00BFFF" fgColor="FFFFFF" coreType="Extra-Thematic" cBy="AlK" cDate="11/19/2010 03:48:53 PST Fri" abbrev="Nam" name="Name" ID="14282">
        <definition>&lt;def-root&gt;A label applied to a &lt;fen&gt;Part&lt;/fen&gt; of a &lt;fen&gt;Whole&lt;/fen&gt; in order to identify the &lt;fen&gt;Part&lt;/fen&gt; within some &lt;fen&gt;System&lt;/fen&gt;.&lt;/def-root&gt;</definition>
    </FE>
    <frameRelation type="Inherits from">
        <relatedFrame ID="142">Part_piece</relatedFrame>
    </frameRelation>
    <frameRelation type="Is Inherited by">
        <relatedFrame ID="970">Shaped_part</relatedFrame>
        <relatedFrame ID="143">Part_orientational</relatedFrame>
        <relatedFrame ID="330">Part_edge</relatedFrame>
        <relatedFrame ID="327">Part_inner_outer</relatedFrame>
        <relatedFrame ID="331">Part_ordered_segments</relatedFrame>
        <relatedFrame ID="1000">Rest</relatedFrame>
        <relatedFrame ID="2426">Vehicle_subpart</relatedFrame>
        <relatedFrame ID="2588">Temporary_group</relatedFrame>
    </frameRelation>
    <frameRelation type="Perspective on"/>
    <frameRelation type="Is Perspectivized in"/>
    <frameRelation type="Uses"/>
    <frameRelation type="Is Used by">
        <relatedFrame ID="1153">Inclusion</relatedFrame>
        <relatedFrame ID="1534">Completeness</relatedFrame>
    </frameRelation>
    <frameRelation type="Subframe of"/>
    <frameRelation type="Has Subframe(s)"/>
    <frameRelation type="Precedes"/>
    <frameRelation type="Is Preceded by"/>
    <frameRelation type="Is Inchoative of"/>
    <frameRelation type="Is Causative of"/>
    <frameRelation type="See also"/>
    <lexUnit status="Finished_Initial" POS="N" name="part.n" ID="2784" lemmaID="27891" cBy="JKR" cDate="06/27/2001 05:03:44 PDT Wed">
        <definition>COD: a piece or segment of something which combined with others makes up the whole. </definition>
        <sentenceCount annotated="168" total="481"/>
        <lexeme order="1" headword="false" breakBefore="false" POS="N" name="part"/>
        <semType name="Transparent Noun" ID="9"/>
    </lexUnit>
    <lexUnit status="Created" POS="N" name="fragment.n" ID="2785" lemmaID="15301" cBy="JKR" cDate="06/27/2001 05:03:56 PDT Wed">
        <definition>COD: a small part broken off or detached. </definition>
        <sentenceCount annotated="0" total="0"/>
        <lexeme order="1" headword="false" breakBefore="false" POS="N" name="fragment"/>
        <semType name="Transparent Noun" ID="9"/>
    </lexUnit>
    <lexUnit status="Finished_Initial" POS="N" name="half.n" ID="5882" lemmaID="17243" cBy="ACW" cDate="05/30/2002 12:15:37 PDT Thu">
        <definition>COD: either of two equal or corresponding parts into which something is or can be divided. </definition>
        <sentenceCount annotated="49" total="285"/>
        <lexeme order="1" headword="false" breakBefore="false" POS="N" name="half"/>
        <semType name="Transparent Noun" ID="9"/>
    </lexUnit>
    <lexUnit status="Finished_Initial" POS="N" name="segment.n" ID="5883" lemmaID="34868" cBy="ACW" cDate="05/30/2002 12:33:49 PDT Thu">
        <definition>COD: each of the parts into which something is or may be divided</definition>
        <sentenceCount annotated="28" total="264"/>
        <lexeme order="1" headword="false" breakBefore="false" POS="N" name="segment"/>
        <semType name="Transparent Noun" ID="9"/>
    </lexUnit>
    <lexUnit status="Finished_Initial" POS="N" name="section.n" ID="5903" lemmaID="34795" cBy="ACW" cDate="05/30/2002 04:33:14 PDT Thu">
        <definition>COD: any of the more or less distinct parts into which something is or may be divided or from which it is made up. </definition>
        <sentenceCount annotated="33" total="373"/>
        <lexeme order="1" headword="false" breakBefore="false" POS="N" name="section"/>
        <semType name="Transparent Noun" ID="9"/>
    </lexUnit>
    <lexUnit status="Created" POS="N" name="eighth.n" ID="10303" lemmaID="12353" cBy="TRn" cDate="03/11/2004 03:09:30 PST Thu">
        <definition>FN: one of eight parts.</definition>
        <sentenceCount annotated="0" total="0"/>
        <lexeme order="1" headword="false" breakBefore="false" POS="N" name="eighth"/>
    </lexUnit>
    <lexUnit status="Created" POS="N" name="fifth.n" ID="10304" lemmaID="14309" cBy="TRn" cDate="03/11/2004 03:17:17 PST Thu">
        <definition>FN: one of five parts.</definition>
        <sentenceCount annotated="0" total="0"/>
        <lexeme order="1" headword="false" breakBefore="false" POS="N" name="fifth"/>
    </lexUnit>
    <lexUnit status="Created" POS="N" name="hundredth.n" ID="10305" lemmaID="18672" cBy="TRn" cDate="03/11/2004 03:17:53 PST Thu">
        <definition>FN: one of one hundred parts.</definition>
        <sentenceCount annotated="0" total="0"/>
        <lexeme order="1" headword="false" breakBefore="false" POS="N" name="hundredth"/>
    </lexUnit>
    <lexUnit status="Created" POS="N" name="third.n" ID="10306" lemmaID="40169" cBy="TRn" cDate="03/11/2004 03:18:47 PST Thu">
        <definition>FN: one of three parts.</definition>
        <sentenceCount annotated="2" total="2"/>
        <lexeme order="1" headword="false" breakBefore="false" POS="N" name="third"/>
    </lexUnit>
    <lexUnit status="Created" POS="N" name="quarter.n" ID="10307" lemmaID="31435" cBy="TRn" cDate="03/11/2004 03:19:35 PST Thu">
        <definition>FN: one of four parts.</definition>
        <sentenceCount annotated="1" total="1"/>
        <lexeme order="1" headword="false" breakBefore="false" POS="N" name="quarter"/>
    </lexUnit>
    <lexUnit status="Created" POS="N" name="tenth.n" ID="10308" lemmaID="39877" cBy="TRn" cDate="03/11/2004 03:20:16 PST Thu">
        <definition>FN: one of ten parts.</definition>
        <sentenceCount annotated="0" total="0"/>
        <lexeme order="1" headword="false" breakBefore="false" POS="N" name="tenth"/>
    </lexUnit>
    <lexUnit status="Created" POS="N" name="portion.n" ID="12653" lemmaID="29822" cBy="RLG" cDate="08/22/2005 11:04:13 PDT Mon">
        <definition>COD: a part or a share.</definition>
        <sentenceCount annotated="5" total="5"/>
        <lexeme order="1" headword="false" breakBefore="false" POS="N" name="portion"/>
    </lexUnit>
    <lexUnit status="Insufficient_Attestations" POS="N" name="development.n" ID="16853" lemmaID="10480" cBy="CVa" cDate="01/19/2012 10:38:07 PST Thu">
        <definition>FN: the section of a piece of music where the major musical themes come together</definition>
        <sentenceCount annotated="0" total="0"/>
        <lexeme order="1" headword="false" breakBefore="false" POS="N" name="development"/>
    </lexUnit>
</frame>