<?xml version="1.0" encoding="UTF-8" standalone="yes"?>
<?xml-stylesheet type="text/xsl" href="frame.xsl"?>
<frame cBy="JKR" cDate="06/27/2001 08:02:45 PDT Wed" name="Part_piece" ID="142" xsi:schemaLocation="../schema/frame.xsd" xmlns="http://framenet.icsi.berkeley.edu" xmlns:xsi="http://www.w3.org/2001/XMLSchema-instance">
    <definition>&lt;def-root&gt;This frame is concerned with transparent nouns denoting a &lt;fen&gt;Piece&lt;/fen&gt; of a &lt;fen&gt;Substance&lt;/fen&gt;. Also present is &lt;fen&gt;Piece_prop&lt;/fen&gt; which is a property of the &lt;fen&gt;Piece&lt;/fen&gt;, e.g. relating to its size.

&lt;ex&gt;Kim ate a &lt;fex name="Piece_prop"&gt;tiny&lt;/fex&gt; &lt;t&gt;&lt;fex name="Piece"&gt;morsel&lt;/fex&gt;&lt;/t&gt; &lt;fex name="Substance"&gt;of cake &lt;/fex&gt;&lt;/ex&gt;.

&lt;/def-root&gt;</definition>
    <FE bgColor="0000FF" fgColor="FFFFFF" coreType="Core" cBy="JKR" cDate="06/27/2001 08:02:45 PDT Wed" abbrev="Piece" name="Piece" ID="1106">
        <definition>&lt;def-root&gt;A &lt;fen&gt;Piece&lt;/fen&gt; made of a substance.&lt;ex&gt;Sergey had a few &lt;t&gt;&lt;fex name="Piece"&gt;morsels&lt;/fex&gt;&lt;/t&gt; &lt;fex name="Substance"&gt;of bread&lt;/fex&gt; for breakfast.&lt;/ex&gt; The specific whole entity from which the &lt;fen&gt;Piece&lt;/fen&gt; comes is not specified. Thus, the following sentence is not in frame: &lt;ment&gt;A piece of the TV fell of the floor.&lt;/ment&gt;&lt;/def-root&gt;</definition>
    </FE>
    <FE bgColor="008000" fgColor="FFFFFF" coreType="Extra-Thematic" cBy="JKR" cDate="06/27/2001 08:02:45 PDT Wed" abbrev="" name="Piece_prop" ID="1107">
        <definition>&lt;def-root&gt;A property relating to the &lt;fen&gt;Piece&lt;/fen&gt;.&lt;ex&gt;Sue had a &lt;fex name="Piece_prop"&gt;big&lt;/fex&gt; &lt;t&gt;&lt;fex name="Piece"&gt;piece&lt;/fex&gt;&lt;/t&gt; &lt;fex name="Substance"&gt;of cake&lt;/fex&gt;.&lt;/ex&gt;&lt;/def-root&gt;</definition>
    </FE>
    <FE bgColor="FF0000" fgColor="FFFFFF" coreType="Core" cBy="JKR" cDate="06/27/2001 08:02:45 PDT Wed" abbrev="Substance" name="Substance" ID="1108">
        <definition>&lt;def-root&gt;The &lt;fen&gt;Substance&lt;/fen&gt; is what the &lt;fen&gt;Piece&lt;/fen&gt; is made of and may describe the type of larger whole from which it came.&lt;ex&gt;Sue ate a &lt;fex name="Piece_prop"&gt;big&lt;/fex&gt; &lt;t&gt;&lt;fex name="Piece"&gt;piece&lt;/fex&gt;&lt;/t&gt; &lt;fex name="Substance"&gt;of cake&lt;/fex&gt;.&lt;/ex&gt;&lt;/def-root&gt;</definition>
    </FE>
    <frameRelation type="Inherits from">
        <relatedFrame ID="1822">Being_included</relatedFrame>
    </frameRelation>
    <frameRelation type="Is Inherited by">
        <relatedFrame ID="140">Part_whole</relatedFrame>
    </frameRelation>
    <frameRelation type="Perspective on">
        <relatedFrame ID="1830">Wholes_and_parts</relatedFrame>
    </frameRelation>
    <frameRelation type="Is Perspectivized in"/>
    <frameRelation type="Uses"/>
    <frameRelation type="Is Used by"/>
    <frameRelation type="Subframe of"/>
    <frameRelation type="Has Subframe(s)"/>
    <frameRelation type="Precedes"/>
    <frameRelation type="Is Preceded by"/>
    <frameRelation type="Is Inchoative of"/>
    <frameRelation type="Is Causative of"/>
    <frameRelation type="See also"/>
    <lexUnit status="Finished_Initial" POS="N" name="scrap.n" ID="2758" lemmaID="34531" cBy="JKR" cDate="06/27/2001 08:06:08 PDT Wed">
        <definition>COD: a small piece or amount of something, especially one that is left over after the greater part has been used</definition>
        <sentenceCount annotated="36" total="157"/>
        <lexeme order="1" headword="false" breakBefore="false" POS="N" name="scrap"/>
    </lexUnit>
    <lexUnit status="Finished_Initial" POS="N" name="sliver.n" ID="2759" lemmaID="36383" cBy="JKR" cDate="06/27/2001 08:06:19 PDT Wed">
        <definition>COD: a small, narrow, sharp piece cut or split off a larger piece</definition>
        <sentenceCount annotated="22" total="91"/>
        <lexeme order="1" headword="false" breakBefore="false" POS="N" name="sliver"/>
    </lexUnit>
    <lexUnit status="Finished_Initial" POS="N" name="shred.n" ID="2761" lemmaID="35707" cBy="JKR" cDate="06/27/2001 08:07:05 PDT Wed">
        <definition>COD: often with neg. a very small amount</definition>
        <sentenceCount annotated="15" total="82"/>
        <lexeme order="1" headword="false" breakBefore="false" POS="N" name="shred"/>
    </lexUnit>
    <lexUnit status="Finished_Initial" POS="N" name="snippet.n" ID="2762" lemmaID="36653" cBy="JKR" cDate="06/27/2001 08:07:14 PDT Wed">
        <definition>COD: a small piece or brief extract</definition>
        <sentenceCount annotated="16" total="79"/>
        <lexeme order="1" headword="false" breakBefore="false" POS="N" name="snippet"/>
    </lexUnit>
    <lexUnit status="Finished_Initial" POS="N" name="hunk.n" ID="2763" lemmaID="18681" cBy="JKR" cDate="06/27/2001 08:07:27 PDT Wed">
        <definition>COD: a large piece cut or broken from something larger</definition>
        <sentenceCount annotated="15" total="63"/>
        <lexeme order="1" headword="false" breakBefore="false" POS="N" name="hunk"/>
    </lexUnit>
    <lexUnit status="Finished_Initial" POS="N" name="chunk.n" ID="2764" lemmaID="6489" cBy="JKR" cDate="06/27/2001 08:07:36 PDT Wed">
        <definition>COD: a thick, solid piece</definition>
        <sentenceCount annotated="32" total="180"/>
        <lexeme order="1" headword="false" breakBefore="false" POS="N" name="chunk"/>
    </lexUnit>
    <lexUnit status="Finished_Initial" POS="N" name="smidgen.n" ID="2765" lemmaID="44957" cBy="JKR" cDate="06/27/2001 08:12:57 PDT Wed">
        <definition>COD: a tiny amount</definition>
        <sentenceCount annotated="4" total="9"/>
        <lexeme order="1" headword="false" breakBefore="false" POS="N" name="smidgen"/>
    </lexUnit>
    <lexUnit status="Finished_Initial" POS="N" name="chip.n" ID="2769" lemmaID="6348" cBy="JKR" cDate="06/27/2001 08:34:17 PDT Wed">
        <definition>COD: a small, thin piece removed in the course of chopping, cutting, or breaking a hard material</definition>
        <sentenceCount annotated="8" total="121"/>
        <lexeme order="1" headword="false" breakBefore="false" POS="N" name="chip"/>
    </lexUnit>
    <lexUnit status="Finished_Initial" POS="N" name="shard.n" ID="2770" lemmaID="35396" cBy="JKR" cDate="06/27/2001 08:36:08 PDT Wed">
        <definition>COD: a sharp piece of broken ceramic, metal, glass, etc. </definition>
        <sentenceCount annotated="17" total="103"/>
        <lexeme order="1" headword="false" breakBefore="false" POS="N" name="shard"/>
    </lexUnit>
    <lexUnit status="Finished_Initial" POS="N" name="morsel.n" ID="2771" lemmaID="24963" cBy="JKR" cDate="06/27/2001 10:46:59 PDT Wed">
        <definition>COD: a small piece of food; a mouthful</definition>
        <sentenceCount annotated="25" total="77"/>
        <lexeme order="1" headword="false" breakBefore="false" POS="N" name="morsel"/>
    </lexUnit>
    <lexUnit status="Finished_Initial" POS="N" name="piece.n" ID="2786" lemmaID="28932" cBy="JKR" cDate="06/27/2001 05:04:33 PDT Wed">
        <definition>COD: a portion of an object or of material produced by cutting, tearing, or breaking the whole. </definition>
        <sentenceCount annotated="52" total="328"/>
        <lexeme order="1" headword="false" breakBefore="false" POS="N" name="piece"/>
    </lexUnit>
    <lexUnit status="Finished_Initial" POS="N" name="slice.n" ID="5835" lemmaID="36328" cBy="ACW" cDate="05/29/2002 12:44:34 PDT Wed">
        <definition>COD: a thin, broad piece of food cut from a larger portion. </definition>
        <sentenceCount annotated="40" total="285"/>
        <lexeme order="1" headword="false" breakBefore="false" POS="N" name="slice"/>
    </lexUnit>
    <lexUnit status="Finished_Initial" POS="N" name="lump.n" ID="5868" lemmaID="22960" cBy="ACW" cDate="05/30/2002 10:42:10 PDT Thu">
        <definition>COD: a compact mass, especially one without a definite or regular shape. </definition>
        <sentenceCount annotated="33" total="324"/>
        <lexeme order="1" headword="false" breakBefore="false" POS="N" name="lump"/>
    </lexUnit>
    <lexUnit status="Finished_Initial" POS="N" name="flake.n" ID="5869" lemmaID="14587" cBy="ACW" cDate="05/30/2002 10:44:53 PDT Thu">
        <definition>COD: a small, flat, very thin piece of something. </definition>
        <sentenceCount annotated="26" total="191"/>
        <lexeme order="1" headword="false" breakBefore="false" POS="N" name="flake"/>
    </lexUnit>
    <lexUnit status="Finished_Initial" POS="N" name="fragment.n" ID="5904" lemmaID="15301" cBy="ACW" cDate="05/30/2002 04:37:52 PDT Thu">
        <definition>COD: a small part broken off or detached</definition>
        <sentenceCount annotated="37" total="253"/>
        <lexeme order="1" headword="false" breakBefore="false" POS="N" name="fragment"/>
    </lexUnit>
    <lexUnit status="Finished_Initial" POS="N" name="clump.n" ID="5999" lemmaID="6921" cBy="ACW" cDate="06/05/2002 11:33:37 PDT Wed">
        <definition>COD: a compacted mass or lump of something. </definition>
        <sentenceCount annotated="38" total="176"/>
        <lexeme order="1" headword="false" breakBefore="false" POS="N" name="clump"/>
    </lexUnit>
    <lexUnit status="Finished_Initial" POS="N" name="clod.n" ID="6014" lemmaID="6839" cBy="ACW" cDate="06/05/2002 03:07:41 PDT Wed">
        <definition>COD: a lump </definition>
        <sentenceCount annotated="9" total="53"/>
        <lexeme order="1" headword="false" breakBefore="false" POS="N" name="clod"/>
    </lexUnit>
    <lexUnit status="Created" POS="N" name="board (computer).n" ID="16599" lemmaID="3998" cBy="PKe" cDate="09/12/2011 05:22:04 PDT Mon">
        <definition>FN: A flat, manufactured silicon chip made for use in computers.</definition>
        <sentenceCount annotated="1" total="1"/>
        <lexeme order="1" headword="false" breakBefore="false" POS="N" name="board"/>
    </lexUnit>
</frame>