<?xml version="1.0" encoding="UTF-8" standalone="yes"?>
<?xml-stylesheet type="text/xsl" href="frame.xsl"?>
<frame cBy="JKR" cDate="03/04/2004 04:04:49 PST Thu" name="Partitive" ID="1010" xsi:schemaLocation="../schema/frame.xsd" xmlns="http://framenet.icsi.berkeley.edu" xmlns:xsi="http://www.w3.org/2001/XMLSchema-instance">
    <definition>&lt;def-root&gt;A &lt;fen&gt;Subset&lt;/fen&gt; is profiled against the &lt;fen&gt;Group&lt;/fen&gt; it belongs to. The &lt;fen&gt;Subset&lt;/fen&gt; may consist of a single member. Frequently, the &lt;fen&gt;Group&lt;/fen&gt; is actually a generic sample of a full population, and the &lt;fen&gt;Subset&lt;/fen&gt; is  representative of the relative proportion.

&lt;ex&gt;&lt;t&gt;Of&lt;/t&gt; &lt;fex name="Group"&gt;all scenes that evoke rural England&lt;/fex&gt;, &lt;fex name="Subset"&gt;this&lt;/fex&gt; is one of the loveliest.&lt;/ex&gt;

&lt;ex&gt; As of 5:30 p.m. Moscow time, &lt;fex name="Subset"&gt;23&lt;/fex&gt; &lt;t&gt;out&lt;/t&gt; &lt;t&gt;of&lt;/t&gt; &lt;fex name="Group"&gt;46 miners stranded in the Zapadnaya-Kapitalnaya mine&lt;/fex&gt; have been rescued&lt;/ex&gt;

&lt;ex&gt;&lt;fex name="Subset"&gt;1.5&lt;/fex&gt; &lt;t&gt;out&lt;/t&gt; &lt;t&gt;of&lt;/t&gt;  &lt;fex name="Group"&gt;10 respondents&lt;/fex&gt; preferred Shrub over Ferry&lt;/ex&gt;

&lt;/def-root&gt;</definition>
    <FE bgColor="0000FF" fgColor="FFFFFF" coreType="Core" cBy="JKR" cDate="03/04/2004 04:04:49 PST Thu" abbrev="Sub" name="Subset" ID="6000">
        <definition>&lt;def-root&gt;A &lt;fen&gt;Subset&lt;/fen&gt; belonging to  the &lt;fen&gt;Group&lt;/fen&gt;.&lt;/def-root&gt;</definition>
    </FE>
    <FE bgColor="800080" fgColor="FFFFFF" coreType="Core" cBy="JKR" cDate="03/04/2004 04:04:49 PST Thu" abbrev="Ent2" name="Group" ID="6001">
        <definition>&lt;def-root&gt;The &lt;fen&gt;Group&lt;/fen&gt; of entities which includes the &lt;fen&gt;Subset&lt;/fen&gt;.&lt;/def-root&gt;</definition>
    </FE>
    <frameRelation type="Inherits from">
        <relatedFrame ID="248">Relation</relatedFrame>
    </frameRelation>
    <frameRelation type="Is Inherited by"/>
    <frameRelation type="Perspective on"/>
    <frameRelation type="Is Perspectivized in"/>
    <frameRelation type="Uses"/>
    <frameRelation type="Is Used by"/>
    <frameRelation type="Subframe of"/>
    <frameRelation type="Has Subframe(s)"/>
    <frameRelation type="Precedes"/>
    <frameRelation type="Is Preceded by"/>
    <frameRelation type="Is Inchoative of"/>
    <frameRelation type="Is Causative of"/>
    <frameRelation type="See also"/>
    <lexUnit status="Needs_SCs" POS="PREP" name="of.prep" ID="10190" lemmaID="26546" cBy="JKR" cDate="03/04/2004 04:28:49 PST Thu">
        <definition>FN: expressing the relationship between a subset and a group</definition>
        <sentenceCount annotated="87" total="230"/>
        <lexeme order="1" headword="false" breakBefore="false" POS="PREP" name="of"/>
    </lexUnit>
    <lexUnit status="Created" POS="PREP" name="out of.prep" ID="10191" lemmaID="48801" cBy="JKR" cDate="03/04/2004 04:33:15 PST Thu">
        <definition>FN: expressing the relationship between some members and a group</definition>
        <sentenceCount annotated="3" total="3"/>
        <lexeme order="1" headword="false" breakBefore="false" POS="ADV" name="out"/>
        <lexeme order="2" headword="true" breakBefore="false" POS="PREP" name="of"/>
    </lexUnit>
</frame>