<?xml version="1.0" encoding="UTF-8" standalone="yes"?>
<?xml-stylesheet type="text/xsl" href="frame.xsl"?>
<frame cBy="ChW" cDate="02/07/2001 04:12:15 PST Wed" name="Path_shape" ID="61" xsi:schemaLocation="../schema/frame.xsd" xmlns="http://framenet.icsi.berkeley.edu" xmlns:xsi="http://www.w3.org/2001/XMLSchema-instance">
    <definition>&lt;def-root&gt;The words in this frame describe the "fictive" motion of a stationary &lt;fen&gt;Road&lt;/fen&gt;.

Some of the targets cast the scene primarily in terms of the &lt;fen&gt;Path_shape&lt;/fen&gt;: 
&lt;ex&gt;&lt;fex name="Road"&gt;The long mountain road&lt;/fex&gt; &lt;t&gt;meandered&lt;/t&gt; &lt;fex name="Area"&gt;through the woods&lt;/fex&gt;.&lt;/ex&gt;

Some of the words in this frame imply a &lt;fen&gt;Source&lt;/fen&gt; or &lt;fen&gt;Goal&lt;/fen&gt; which is expressed by a direct object: 
&lt;ex&gt;&lt;fex name="Road"&gt;The path&lt;/fex&gt; &lt;t&gt;entered&lt;/t&gt; &lt;fex name="Goal"&gt;the garden&lt;/fex&gt; &lt;fex name="Place"&gt;on the west side&lt;/fex&gt;.&lt;/ex&gt;

Other members of the frame refer to a &lt;fen&gt;Direction&lt;/fen&gt;:
&lt;ex&gt;Then &lt;fex name="Road"&gt;the path&lt;/fex&gt; &lt;t&gt;bears&lt;/t&gt; &lt;fex name="dir"&gt;a little to the right&lt;/fex&gt;.&lt;/ex&gt;

Yet others indicate a &lt;fen&gt;Path&lt;/fen&gt; which requires mention of a landmark: 
&lt;ex&gt;&lt;fex name="Road"&gt;The otherwise arrow-straight highway&lt;/fex&gt; veers north and &lt;t&gt;skirts&lt;/t&gt; &lt;fex name="Path"&gt;the lake&lt;/fex&gt;.&lt;/ex&gt;&lt;/def-root&gt;</definition>
    <FE bgColor="006400" fgColor="FFFFFF" coreType="Core" cBy="ChW" cDate="02/07/2001 04:12:15 PST Wed" abbrev="Src" name="Source" ID="266">
        <definition>&lt;def-root&gt;Any expression which implies a definite starting-point of the &lt;fen&gt;Road&lt;/fen&gt;. In prepositional phrases, the prepositional object expresses the starting point of motion. In particles, the starting point of motion is understood from context. 

&lt;ex&gt;The Way &lt;t&gt;descends&lt;/t&gt; &lt;fex name="Source"&gt;from the City of the Peak&lt;/fex&gt; through a dense forest.&lt;/ex&gt;&lt;/def-root&gt;</definition>
        <semType name="Source" ID="151"/>
        <excludesFE name="Area" ID="272"/>
    </FE>
    <FE bgColor="0000FF" fgColor="FFFFFF" coreType="Core" cBy="ChW" cDate="02/07/2001 04:12:15 PST Wed" abbrev="Path" name="Path" ID="267">
        <definition>&lt;def-root&gt;The trajectory that would be followed by one moving on the &lt;fen&gt;Road&lt;/fen&gt;.

&lt;ex&gt;Valencia &lt;t&gt;angles&lt;/t&gt; &lt;fex name="Path"&gt;across the number streets&lt;/fex&gt;.&lt;/ex&gt;&lt;/def-root&gt;</definition>
        <excludesFE name="Area" ID="272"/>
    </FE>
    <FE bgColor="00BFFF" fgColor="FFFFFF" coreType="Core" cBy="ChW" cDate="02/07/2001 04:12:15 PST Wed" abbrev="Goal" name="Goal" ID="268">
        <definition>&lt;def-root&gt;Any expression which tells where the fictive mover travelling along a &lt;fen&gt;Road&lt;/fen&gt; would end up. 

&lt;ex&gt;&lt;fex name="Goal"&gt;Where&lt;/fex&gt; does Interstate 80 &lt;t&gt;enter&lt;/t&gt; the city ?&lt;/ex&gt;&lt;/def-root&gt;</definition>
        <semType name="Goal" ID="153"/>
        <excludesFE name="Area" ID="272"/>
    </FE>
    <FE bgColor="FFA500" fgColor="FFFFFF" coreType="Core" cBy="ChW" cDate="02/07/2001 04:12:15 PST Wed" abbrev="Road" name="Road" ID="269">
        <definition>&lt;def-root&gt;A physical path that a virtual moving entity can be imagined to travel along.
&lt;fex name="Road"&gt;The bike trail&lt;/fex&gt; &lt;t&gt;zigzagged&lt;/t&gt; through the woods. &lt;/def-root&gt;</definition>
    </FE>
    <FE bgColor="FF00FF" fgColor="FFFFFF" coreType="Peripheral" cBy="ChW" cDate="02/07/2001 04:12:15 PST Wed" abbrev="Manr" name="Manner" ID="270">
        <definition>&lt;def-root&gt;Any expression which describes a property of motion which is not directly related to the trajectory of motion expresses the frame element &lt;fen&gt;Manner&lt;/fen&gt;. Descriptions of the kind of motion a hypothetical mover would have (including steadiness, grace, and general comparisons) count as &lt;fen&gt;Manner&lt;/fen&gt; expressions.  

&lt;ex&gt;Drifting clouds lent a mystical touch while the narrow road &lt;t&gt;twisted&lt;/t&gt; &lt;fex name="Manner"&gt;crazily&lt;/fex&gt; through ancient stone villages on the valley floor.&lt;/ex&gt;&lt;/def-root&gt;</definition>
        <semType name="Manner" ID="173"/>
    </FE>
    <FE bgColor="FFFF00" fgColor="000000" coreType="Peripheral" cBy="ChW" cDate="02/07/2001 04:12:16 PST Wed" abbrev="Dist" name="Distance" ID="271">
        <definition>&lt;def-root&gt;Any expression which characterizes the extent of motion expresses the frame element &lt;fen&gt;Distance&lt;/fen&gt;. 

&lt;ex&gt;The thin line of dirt and gravel &lt;t&gt;wound&lt;/t&gt; &lt;fex name="Distance"&gt;another ten miles&lt;/fex&gt; and on into the Ozarks before it petered out completely.&lt;/ex&gt;&lt;/def-root&gt;</definition>
    </FE>
    <FE bgColor="800080" fgColor="FFFFFF" coreType="Core" cBy="ChW" cDate="02/07/2001 04:12:16 PST Wed" abbrev="Area" name="Area" ID="272">
        <definition>&lt;def-root&gt;This frame element is used for expressions which describe a general area in which motion takes place when the motion is understood to be irregular and not to consist of a single linear path.  

&lt;ex&gt;The paths &lt;t&gt;crisscrossed&lt;/t&gt; &lt;fex name="Area"&gt;the desert&lt;/fex&gt;.&lt;/ex&gt;

Note that this FE should not be used for any locational modifier which would occur just as naturally with a non-motion predicate, like speech.

&lt;/def-root&gt;</definition>
    </FE>
    <FE bgColor="FF69B4" fgColor="FFFFFF" coreType="Extra-Thematic" cBy="MJE" cDate="09/17/2001 05:57:52 PDT Mon" abbrev="Degr" name="Degree" ID="1910">
        <definition>&lt;def-root&gt;Extent to which the described configuration deviates from the norm for a &lt;fen&gt;Road&lt;/fen&gt;.

&lt;ex&gt;The road &lt;t&gt;bent&lt;/t&gt; &lt;fex name="Degree"&gt;slightly&lt;/fex&gt; before resuming its long, straight march to the sea .&lt;/ex&gt;
&lt;/def-root&gt;</definition>
        <semType name="Degree" ID="172"/>
    </FE>
    <FE bgColor="A52A2A" fgColor="FFFFFF" coreType="Peripheral" cBy="MJE" cDate="09/17/2001 05:57:52 PDT Mon" abbrev="Mns" name="Means" ID="1913">
        <definition>&lt;def-root&gt;An state of affairs involving the &lt;fen&gt;Road&lt;/fen&gt; that allows the &lt;fen&gt;Road&lt;/fen&gt; to be in the specified configuration.

&lt;ex&gt;As the Condell Road the route &lt;t&gt;skirts&lt;/t&gt; the northside of Limerick &lt;fex name="Means"&gt;by passing through Westfield's bird sanctuary on the north bank of the River Shannon&lt;/fex&gt;.&lt;/ex&gt;&lt;/def-root&gt;</definition>
        <semType name="State_of_affairs" ID="177"/>
    </FE>
    <FE bgColor="808080" fgColor="FFFFFF" coreType="Extra-Thematic" cBy="MJE" cDate="09/17/2001 05:59:12 PDT Mon" abbrev="Result" name="Result" ID="1916">
        <definition>&lt;def-root&gt;Result of an event&lt;/def-root&gt;</definition>
    </FE>
    <FE bgColor="9400D3" fgColor="FFFFFF" coreType="Peripheral" cBy="MJE" cDate="09/17/2001 05:59:26 PDT Mon" abbrev="Spd" name="Speed" ID="1917">
        <definition>&lt;def-root&gt;The &lt;fen&gt;Speed&lt;/fen&gt; is the rate at which an imaginary traveler on the &lt;fen&gt;Road&lt;/fen&gt; would move.

&lt;ex&gt;The road &lt;fex name="Speed"&gt;quickly&lt;/fex&gt; &lt;t&gt;drops&lt;/t&gt; after passing the final turn.&lt;/ex&gt;&lt;/def-root&gt;</definition>
        <semType name="Speed" ID="234"/>
    </FE>
    <FE bgColor="9400D3" fgColor="FFFFFF" coreType="Extra-Thematic" cBy="MJE" cDate="09/17/2001 06:02:49 PDT Mon" abbrev="Dep-Und" name="Depictive" ID="1920">
        <definition>&lt;def-root&gt;Depictive phrase describing the character of the &lt;fen&gt;Road&lt;/fen&gt;.

&lt;ex&gt;The trail &lt;t&gt;snaked&lt;/t&gt; down the mountainside, &lt;fex name="Dep-Und"&gt;arduous and nearly impassable&lt;/fex&gt;.&lt;/ex&gt;

&lt;/def-root&gt;</definition>
    </FE>
    <FE bgColor="008000" fgColor="FFFFFF" coreType="Peripheral" cBy="ACW" cDate="07/30/2003 10:10:02 PDT Wed" abbrev="" name="Place" ID="4861">
        <definition>&lt;def-root&gt;The &lt;fen&gt;Place&lt;/fen&gt; is where the motion (which is specified by a &lt;fen&gt;Source&lt;/fen&gt;, &lt;fen&gt;Path&lt;/fen&gt; or &lt;fen&gt;Goal&lt;/fen&gt;) is located.

&lt;ex&gt;&lt;fex name="Place"&gt;In the mountains&lt;/fex&gt;, Highway 60 &lt;t&gt;winds&lt;/t&gt; and swerves a lot, so we lost a couple of hours from my estimate.&lt;/ex&gt;&lt;/def-root&gt;</definition>
        <semType name="Locative_relation" ID="182"/>
    </FE>
    <FE bgColor="90876C" fgColor="FFFFFF" coreType="Core" cBy="RLG" cDate="08/22/2003 04:10:44 PDT Fri" abbrev="PS" name="Path_shape" ID="4970">
        <definition>&lt;def-root&gt;The configuration formed by the entire &lt;fen&gt;Path&lt;/fen&gt; along the &lt;fen&gt;Road&lt;/fen&gt;.
&lt;ex&gt;The cavern &lt;t&gt;descended&lt;/t&gt; &lt;fex name="PS"&gt;in a spiral&lt;/fex&gt;.&lt;/ex&gt;&lt;/def-root&gt;</definition>
    </FE>
    <FE bgColor="9F79EE" fgColor="FFFFFF" coreType="Core" cBy="MJE" cDate="11/17/2004 09:29:11 PST Wed" abbrev="dir" name="Direction" ID="7230">
        <definition>&lt;def-root&gt;The direction in which a "fictive" mover would travel along a &lt;fen&gt;Road&lt;/fen&gt;.

&lt;ex&gt;The pass &lt;t&gt;dips&lt;/t&gt; &lt;fex name="dir"&gt;down&lt;/fex&gt; about 2000 feet, and then &lt;fex name="dir"&gt;back up&lt;/fex&gt; again.&lt;/ex&gt;&lt;/def-root&gt;</definition>
        <excludesFE name="Area" ID="272"/>
    </FE>
    <FE bgColor="A9A9A9" fgColor="FFFFFF" coreType="Peripheral" cBy="frr" cDate="11/18/2004 05:30:41 PST Thu" abbrev="tim" name="Time" ID="7240">
        <definition>&lt;def-root&gt;The time when the fictive motion takes place.  This may describe the time when the &lt;fen&gt;Road&lt;/fen&gt; or a particular piece of the &lt;fen&gt;Road&lt;/fen&gt; existed, or it may implicitly describe the time when an actual motion event occurred on the &lt;fen&gt;Road&lt;/fen&gt;.

&lt;ex&gt;&lt;fex name="tim"&gt;Thousands of years ago&lt;/fex&gt;, the Roman roads &lt;t&gt;criss-crossed&lt;/t&gt; this landscape.&lt;/ex&gt;
&lt;ex&gt;&lt;fex name="tim"&gt;After it reached the edge of the forest&lt;/fex&gt;, the road &lt;t&gt;slanted&lt;/t&gt; upwards and grew rough.&lt;/ex&gt;&lt;/def-root&gt;</definition>
        <semType name="Time" ID="141"/>
    </FE>
    <FE bgColor="90876C" fgColor="000000" coreType="Extra-Thematic" cBy="kml" cDate="11/22/2004 11:37:35 PST Mon" abbrev="Purp" name="Purpose" ID="7299">
        <definition>&lt;def-root&gt;The state-of-affairs that the &lt;fen&gt;Road&lt;/fen&gt; brings about by being in a particular configuration.

&lt;ex&gt;The road&lt;t&gt;wound&lt;/t&gt; around &lt;fex name="Purp"&gt;in order to circumvent the house.&lt;/fex&gt;.&lt;/ex&gt;&lt;/def-root&gt;</definition>
        <semType name="State_of_affairs" ID="177"/>
    </FE>
    <FEcoreSet>
        <memberFE name="Direction" ID="7230"/>
        <memberFE name="Source" ID="266"/>
        <memberFE name="Path" ID="267"/>
        <memberFE name="Goal" ID="268"/>
    </FEcoreSet>
    <frameRelation type="Inherits from"/>
    <frameRelation type="Is Inherited by"/>
    <frameRelation type="Perspective on"/>
    <frameRelation type="Is Perspectivized in"/>
    <frameRelation type="Uses">
        <relatedFrame ID="199">Locative_relation</relatedFrame>
    </frameRelation>
    <frameRelation type="Is Used by">
        <relatedFrame ID="1310">Traversing</relatedFrame>
    </frameRelation>
    <frameRelation type="Subframe of"/>
    <frameRelation type="Has Subframe(s)"/>
    <frameRelation type="Precedes"/>
    <frameRelation type="Is Preceded by"/>
    <frameRelation type="Is Inchoative of"/>
    <frameRelation type="Is Causative of"/>
    <frameRelation type="See also"/>
    <lexUnit status="FN1_Sent" POS="V" name="angle.v" ID="1054" lemmaID="1391" cBy="ChW" cDate="02/08/2001 01:29:08 PST Thu">
        <definition>FN: to move at an angle (linear incline in comparison to some point)</definition>
        <sentenceCount annotated="6" total="130"/>
        <lexeme order="1" headword="false" breakBefore="false" POS="V" name="angle"/>
    </lexUnit>
    <lexUnit status="Needs_SCs" POS="V" name="bear.v" ID="1055" lemmaID="3106" cBy="ChW" cDate="02/08/2001 01:29:08 PST Thu">
        <definition>FN: to turn (as a path) in a specified direction</definition>
        <sentenceCount annotated="3" total="718"/>
        <lexeme order="1" headword="false" breakBefore="false" POS="V" name="bear"/>
    </lexUnit>
    <lexUnit status="FN1_Sent" incorporatedFE="Path_shape" POS="V" name="crisscross.v" ID="1056" lemmaID="8968" cBy="ChW" cDate="02/08/2001 01:29:08 PST Thu">
        <definition>COD: move or travel around (a place) by going back and forth repeatedly</definition>
        <sentenceCount annotated="8" total="15"/>
        <lexeme order="1" headword="false" breakBefore="false" POS="V" name="crisscross"/>
    </lexUnit>
    <lexUnit status="FN1_Sent" POS="V" name="cross.v" ID="1057" lemmaID="9016" cBy="ChW" cDate="02/08/2001 01:29:08 PST Thu">
        <definition>COD: move to the other side of; move in an opposite or different direction</definition>
        <sentenceCount annotated="16" total="679"/>
        <lexeme order="1" headword="false" breakBefore="false" POS="V" name="cross"/>
    </lexUnit>
    <lexUnit status="FN1_Sent" POS="V" name="descend.v" ID="1058" lemmaID="10312" cBy="ChW" cDate="02/08/2001 01:29:08 PST Thu">
        <definition>FN: to proceed downward as a path</definition>
        <sentenceCount annotated="23" total="322"/>
        <lexeme order="1" headword="false" breakBefore="false" POS="V" name="descend"/>
    </lexUnit>
    <lexUnit status="FN1_Sent" POS="V" name="dip.v" ID="1059" lemmaID="10732" cBy="ChW" cDate="02/08/2001 01:29:09 PST Thu">
        <definition>FN: to slope downwards</definition>
        <sentenceCount annotated="17" total="346"/>
        <lexeme order="1" headword="false" breakBefore="false" POS="V" name="dip"/>
    </lexUnit>
    <lexUnit status="FN1_Sent" POS="V" name="drop.v" ID="1060" lemmaID="11821" cBy="ChW" cDate="02/08/2001 01:29:09 PST Thu">
        <definition>COD: fall vertically</definition>
        <sentenceCount annotated="18" total="1120"/>
        <lexeme order="1" headword="false" breakBefore="false" POS="V" name="drop"/>
    </lexUnit>
    <lexUnit status="FN1_Sent" POS="V" name="edge.v" ID="1061" lemmaID="12216" cBy="ChW" cDate="02/08/2001 01:29:09 PST Thu">
        <definition>FN: to proceed along the perimeter of something, as a path</definition>
        <sentenceCount annotated="18" total="418"/>
        <lexeme order="1" headword="false" breakBefore="false" POS="V" name="edge"/>
    </lexUnit>
    <lexUnit status="Needs_SCs" POS="V" name="emerge.v" ID="1062" lemmaID="12579" cBy="ChW" cDate="02/08/2001 01:29:09 PST Thu">
        <definition>COD: become gradually visible or apparent</definition>
        <sentenceCount annotated="3" total="3"/>
        <lexeme order="1" headword="false" breakBefore="false" POS="V" name="emerge"/>
    </lexUnit>
    <lexUnit status="Needs_SCs" POS="V" name="exit.v" ID="1063" lemmaID="13483" cBy="ChW" cDate="02/08/2001 01:29:09 PST Thu">
        <definition>COD: go out of or leave a place</definition>
        <sentenceCount annotated="1" total="1"/>
        <lexeme order="1" headword="false" breakBefore="false" POS="V" name="exit"/>
    </lexUnit>
    <lexUnit status="Insufficient_Attestations" POS="V" name="leave.v" ID="1064" lemmaID="21967" cBy="ChW" cDate="02/08/2001 01:29:10 PST Thu">
        <definition>FN: to lead away from</definition>
        <sentenceCount annotated="2" total="1133"/>
        <lexeme order="1" headword="false" breakBefore="false" POS="V" name="leave"/>
    </lexUnit>
    <lexUnit status="Finished_Initial" POS="V" name="meander.v" ID="1065" lemmaID="23797" cBy="ChW" cDate="02/08/2001 01:29:10 PST Thu">
        <definition>COD: follow a winding course, or wander aimlessly. </definition>
        <sentenceCount annotated="10" total="50"/>
        <lexeme order="1" headword="false" breakBefore="false" POS="V" name="meander"/>
    </lexUnit>
    <lexUnit status="FN1_Sent" POS="V" name="reach.v" ID="1068" lemmaID="31956" cBy="ChW" cDate="02/08/2001 01:29:10 PST Thu">
        <definition>FN: to extend to a destination</definition>
        <sentenceCount annotated="36" total="1198"/>
        <lexeme order="1" headword="false" breakBefore="false" POS="V" name="reach"/>
    </lexUnit>
    <lexUnit status="FN1_Sent" POS="V" name="rise.v" ID="1069" lemmaID="33335" cBy="ChW" cDate="02/08/2001 01:29:10 PST Thu">
        <definition>FN: to slope upward</definition>
        <sentenceCount annotated="14" total="782"/>
        <lexeme order="1" headword="false" breakBefore="false" POS="V" name="rise"/>
    </lexUnit>
    <lexUnit status="FN1_Sent" incorporatedFE="Path_shape" POS="V" name="skirt.v" ID="1070" lemmaID="36173" cBy="ChW" cDate="02/08/2001 01:29:11 PST Thu">
        <definition>FN: to lead around the edge of something</definition>
        <sentenceCount annotated="9" total="193"/>
        <lexeme order="1" headword="false" breakBefore="false" POS="V" name="skirt"/>
    </lexUnit>
    <lexUnit status="FN1_Sent" incorporatedFE="Path_shape" POS="V" name="slant.v" ID="1071" lemmaID="36239" cBy="ChW" cDate="02/08/2001 01:29:11 PST Thu">
        <definition>FN: to slope or lean in a certain direction</definition>
        <sentenceCount annotated="14" total="137"/>
        <lexeme order="1" headword="false" breakBefore="false" POS="V" name="slant"/>
    </lexUnit>
    <lexUnit status="FN1_Sent" incorporatedFE="Path_shape" POS="V" name="snake.v" ID="1072" lemmaID="36591" cBy="ChW" cDate="02/08/2001 01:29:11 PST Thu">
        <definition>FN: to twist (as a path)</definition>
        <sentenceCount annotated="22" total="189"/>
        <lexeme order="1" headword="false" breakBefore="false" POS="V" name="snake"/>
    </lexUnit>
    <lexUnit status="Insufficient_Attestations" incorporatedFE="Path_shape" POS="V" name="swerve.v" ID="1073" lemmaID="39149" cBy="ChW" cDate="02/08/2001 01:29:11 PST Thu">
        <definition>COD: abruptly diverge or from a straight course</definition>
        <sentenceCount annotated="3" total="113"/>
        <lexeme order="1" headword="false" breakBefore="false" POS="V" name="swerve"/>
    </lexUnit>
    <lexUnit status="FN1_Sent" incorporatedFE="Path_shape" POS="V" name="swing.v" ID="1074" lemmaID="39170" cBy="ChW" cDate="02/08/2001 01:29:11 PST Thu">
        <definition>FN: to proceed (as a path) changing direction suddenly</definition>
        <sentenceCount annotated="8" total="775"/>
        <lexeme order="1" headword="false" breakBefore="false" POS="V" name="swing"/>
    </lexUnit>
    <lexUnit status="FN1_Sent" POS="V" name="traverse.v" ID="1075" lemmaID="41107" cBy="ChW" cDate="02/08/2001 01:29:11 PST Thu">
        <definition>COD: move back and forth or sideways.</definition>
        <sentenceCount annotated="10" total="112"/>
        <lexeme order="1" headword="false" breakBefore="false" POS="V" name="traverse"/>
    </lexUnit>
    <lexUnit status="FN1_Sent" POS="V" name="veer.v" ID="1076" lemmaID="42769" cBy="ChW" cDate="02/08/2001 01:29:11 PST Thu">
        <definition>COD: change direction suddenly.</definition>
        <sentenceCount annotated="6" total="165"/>
        <lexeme order="1" headword="false" breakBefore="false" POS="V" name="veer"/>
    </lexUnit>
    <lexUnit status="FN1_Sent" incorporatedFE="Path_shape" POS="V" name="weave.v" ID="1077" lemmaID="43657" cBy="ChW" cDate="02/08/2001 01:29:11 PST Thu">
        <definition>COD: move from side to side to progress around obstructions.</definition>
        <sentenceCount annotated="8" total="371"/>
        <lexeme order="1" headword="false" breakBefore="false" POS="V" name="weave"/>
    </lexUnit>
    <lexUnit status="FN1_Sent" incorporatedFE="Path_shape" POS="V" name="wind.v" ID="1078" lemmaID="44207" cBy="ChW" cDate="02/08/2001 01:29:11 PST Thu">
        <definition>FN: to lead (as a path) in a twisting course </definition>
        <sentenceCount annotated="39" total="613"/>
        <lexeme order="1" headword="false" breakBefore="false" POS="V" name="wind"/>
    </lexUnit>
    <lexUnit status="FN1_Sent" incorporatedFE="Path_shape" POS="V" name="zigzag.v" ID="1079" lemmaID="44816" cBy="ChW" cDate="02/08/2001 01:29:12 PST Thu">
        <definition>FN: to lead in a back and forth pattern while also proceeding forward</definition>
        <sentenceCount annotated="8" total="28"/>
        <lexeme order="1" headword="false" breakBefore="false" POS="V" name="zigzag"/>
    </lexUnit>
    <lexUnit status="Needs_SCs" incorporatedFE="Path_shape" POS="V" name="undulate.v" ID="5034" lemmaID="42057" cBy="KCo" cDate="02/26/2002 04:49:04 PST Tue">
        <definition>FN: to proceed (as a path) with a smooth, wave-like pattern</definition>
        <sentenceCount annotated="2" total="53"/>
        <lexeme order="1" headword="false" breakBefore="false" POS="V" name="undulate"/>
    </lexUnit>
    <lexUnit status="Finished_Initial" POS="A" name="winding.a" ID="5036" lemmaID="44218" cBy="KCo" cDate="02/26/2002 05:13:08 PST Tue">
        <definition>COD: a twisting movement or course. </definition>
        <sentenceCount annotated="18" total="117"/>
        <lexeme order="1" headword="false" breakBefore="false" POS="A" name="winding"/>
    </lexUnit>
    <lexUnit status="Finished_Initial" incorporatedFE="Path_shape" POS="A" name="twisting.a" ID="5037" lemmaID="45490" cBy="KCo" cDate="02/26/2002 05:21:15 PST Tue">
        <definition>FN: a windy movement or course.</definition>
        <sentenceCount annotated="8" total="99"/>
        <lexeme order="1" headword="false" breakBefore="false" POS="A" name="twisting"/>
    </lexUnit>
    <lexUnit status="Finished_Initial" POS="A" name="windy.a" ID="5038" lemmaID="44237" cBy="KCo" cDate="02/26/2002 05:23:02 PST Tue">
        <definition>COD: (of a road or river) following a winding course.</definition>
        <sentenceCount annotated="4" total="65"/>
        <lexeme order="1" headword="false" breakBefore="false" POS="A" name="windy"/>
    </lexUnit>
    <lexUnit status="Needs_SCs" incorporatedFE="Path_shape" POS="A" name="twisty.a" ID="5040" lemmaID="41640" cBy="KCo" cDate="02/26/2002 05:29:17 PST Tue">
        <definition>FN: having a shape that turns of bends in different directions.</definition>
        <sentenceCount annotated="3" total="13"/>
        <lexeme order="1" headword="false" breakBefore="false" POS="A" name="twisty"/>
    </lexUnit>
    <lexUnit status="Finished_Initial" POS="V" name="ascend.v" ID="5050" lemmaID="2048" cBy="MJE" cDate="02/27/2002 04:59:15 PST Wed">
        <definition>COD: go up; climb or rise. </definition>
        <sentenceCount annotated="4" total="158"/>
        <lexeme order="1" headword="false" breakBefore="false" POS="V" name="ascend"/>
    </lexUnit>
    <lexUnit status="In_Use" POS="N" name="ascent.n" ID="5051" lemmaID="2054" cBy="MJE" cDate="02/27/2002 04:59:36 PST Wed">
        <definition>COD: an upward slope. </definition>
        <sentenceCount annotated="6" total="218"/>
        <lexeme order="1" headword="false" breakBefore="false" POS="N" name="ascent"/>
    </lexUnit>
    <lexUnit status="Finished_Initial" POS="V" name="bend.v" ID="5052" lemmaID="3348" cBy="MJE" cDate="02/27/2002 04:59:55 PST Wed">
        <definition>COD: deviate from a straight line.</definition>
        <sentenceCount annotated="4" total="139"/>
        <lexeme order="1" headword="false" breakBefore="false" POS="V" name="bend"/>
    </lexUnit>
    <lexUnit status="Finished_Initial" POS="N" name="descent.n" ID="5053" lemmaID="10315" cBy="MJE" cDate="02/27/2002 05:00:21 PST Wed">
        <definition>COD: a downward slope. </definition>
        <sentenceCount annotated="22" total="198"/>
        <lexeme order="1" headword="false" breakBefore="false" POS="N" name="descent"/>
    </lexUnit>
    <lexUnit status="Created" POS="V" name="dive.v" ID="5054" lemmaID="11278" cBy="MJE" cDate="02/27/2002 05:00:50 PST Wed">
        <definition>COD: plunge steeply downwards through the air.</definition>
        <sentenceCount annotated="0" total="0"/>
        <lexeme order="1" headword="false" breakBefore="false" POS="V" name="dive"/>
    </lexUnit>
    <lexUnit status="Created" POS="N" name="emergence.n" ID="5055" lemmaID="12580" cBy="MJE" cDate="02/27/2002 05:01:19 PST Wed">
        <definition>FN: the act or instance of coming out (of a dark place) gradually</definition>
        <sentenceCount annotated="0" total="0"/>
        <lexeme order="1" headword="false" breakBefore="false" POS="N" name="emergence"/>
    </lexUnit>
    <lexUnit status="Needs_SCs" POS="V" name="crest.v" ID="5727" lemmaID="8914" cBy="MJE" cDate="05/03/2002 02:58:26 PDT Fri">
        <definition>FN: to end at the top of an area such as a mountain or hill</definition>
        <sentenceCount annotated="0" total="18"/>
        <lexeme order="1" headword="false" breakBefore="false" POS="V" name="crest"/>
    </lexUnit>
    <lexUnit status="Created" incorporatedFE="Path_shape" POS="V" name="round.v" ID="8397" lemmaID="33608" cBy="MJE" cDate="03/04/2003 01:47:52 PST Tue">
        <definition>COD:  pass and go round.</definition>
        <sentenceCount annotated="0" total="0"/>
        <lexeme order="1" headword="false" breakBefore="false" POS="V" name="round"/>
    </lexUnit>
    <lexUnit status="Created" POS="V" name="enter.v" ID="9285" lemmaID="12844" cBy="MRLP" cDate="08/14/2003 05:09:30 PDT Thu">
        <definition>FN: of a road, river, etc., move into an area</definition>
        <sentenceCount annotated="0" total="0"/>
        <lexeme order="1" headword="false" breakBefore="false" POS="V" name="enter"/>
    </lexUnit>
    <lexUnit status="Created" POS="V" name="pass.v" ID="10920" lemmaID="27946" cBy="JKR" cDate="08/19/2004 07:22:26 PDT Thu">
        <definition>FN: to lead past an entity</definition>
        <sentenceCount annotated="0" total="0"/>
        <lexeme order="1" headword="false" breakBefore="false" POS="V" name="pass"/>
    </lexUnit>
    <lexUnit status="Needs_SCs" POS="V" name="ford.v" ID="11971" lemmaID="15034" cBy="JKR" cDate="04/27/2005 07:45:10 PDT Wed">
        <definition>COD: cross at a ford.</definition>
        <sentenceCount annotated="3" total="3"/>
        <lexeme order="1" headword="false" breakBefore="false" POS="V" name="ford"/>
    </lexUnit>
    <lexUnit status="Created" incorporatedFE="Path_shape" POS="V" name="twist.v" ID="13087" lemmaID="41638" cBy="MJE" cDate="01/23/2006 11:40:41 PST Mon">
        <definition>COD:  take or have a winding course</definition>
        <sentenceCount annotated="0" total="0"/>
        <lexeme order="1" headword="false" breakBefore="false" POS="V" name="twist"/>
    </lexUnit>
    <lexUnit status="Created" POS="V" name="run.v" ID="17740" lemmaID="33776" cBy="WMcQ" cDate="11/13/2014 11:31:20 PST Thu">
        <definition>FN: to pass through, not stopping at any midpoint</definition>
        <sentenceCount annotated="1" total="1"/>
        <lexeme order="1" headword="false" breakBefore="false" POS="V" name="run"/>
    </lexUnit>
</frame>