<?xml version="1.0" encoding="UTF-8" standalone="yes"?>
<?xml-stylesheet type="text/xsl" href="frame.xsl"?>
<frame cBy="CFB" cDate="05/08/2009 09:49:43 PDT Fri" name="Pattern" ID="2133" xsi:schemaLocation="../schema/frame.xsd" xmlns="http://framenet.icsi.berkeley.edu" xmlns:xsi="http://www.w3.org/2001/XMLSchema-instance">
    <definition>&lt;def-root&gt;This frame describes the interrelation of a collection of &lt;fen&gt;Entities&lt;/fen&gt;; they may be physical entities or shapes in a recognizable configuration, a pattern of events, or a relation among abstract entities.  The pattern is not the individual &lt;fen&gt;Entities&lt;/fen&gt; nor the set of &lt;fen&gt;Entities&lt;/fen&gt;, but an abstraction of their interrelations, as a gestalt.

&lt;ex&gt;The Cougers are playing in a &lt;fex name="Name"&gt;Wing-T&lt;/fex&gt; &lt;t&gt;formation&lt;/t&gt; tonight.&lt;/ex&gt;
&lt;ex&gt;The auditors noticed a &lt;fex name="Descriptor"&gt;suspicious&lt;/fex&gt; &lt;t&gt;pattern&lt;/t&gt; &lt;fex name="Entities"&gt;of withdrawals from the maintenance account&lt;/fex&gt; .&lt;/ex&gt;
&lt;ex&gt;The digits of irrational numbers do not repeat in any kind of &lt;t&gt;pattern&lt;/t&gt;&lt;/ex&gt;
&lt;/def-root&gt;</definition>
    <FE bgColor="0000FF" fgColor="FFFFFF" coreType="Core" cBy="CFB" cDate="05/08/2009 10:26:05 PDT Fri" abbrev="Ents" name="Entities" ID="13169">
        <definition>&lt;def-root&gt;The entities whose interrelations form the pattern.&lt;/def-root&gt;</definition>
    </FE>
    <FE bgColor="FF0000" fgColor="FFFFFF" coreType="Peripheral" cBy="CFB" cDate="05/08/2009 10:27:59 PDT Fri" abbrev="Name" name="Name" ID="13170">
        <definition>&lt;def-root&gt;The name of the pattern, such as "wing-T".&lt;/def-root&gt;</definition>
    </FE>
    <FE bgColor="00008B" fgColor="FFFF00" coreType="Peripheral" cBy="CFB" cDate="05/08/2009 10:30:48 PDT Fri" abbrev="Desc" name="Descriptor" ID="13171">
        <definition>&lt;def-root&gt;A descriptor of the pattern, such as "regular".&lt;/def-root&gt;</definition>
    </FE>
    <frameRelation type="Inherits from"/>
    <frameRelation type="Is Inherited by"/>
    <frameRelation type="Perspective on"/>
    <frameRelation type="Is Perspectivized in"/>
    <frameRelation type="Uses"/>
    <frameRelation type="Is Used by"/>
    <frameRelation type="Subframe of"/>
    <frameRelation type="Has Subframe(s)"/>
    <frameRelation type="Precedes"/>
    <frameRelation type="Is Preceded by"/>
    <frameRelation type="Is Inchoative of"/>
    <frameRelation type="Is Causative of"/>
    <frameRelation type="See also"/>
    <lexUnit status="Needs_SCs" POS="N" name="pattern.n" ID="15335" lemmaID="28093" cBy="CFB" cDate="05/08/2009 10:34:36 PDT Fri">
        <definition>FN: a configuration of entities, concrete or abstract</definition>
        <sentenceCount annotated="7" total="127"/>
        <lexeme order="1" headword="false" breakBefore="false" POS="N" name="pattern"/>
    </lexUnit>
    <lexUnit status="Created" POS="N" name="formation.n" ID="15336" lemmaID="15144" cBy="CFB" cDate="05/08/2009 10:36:39 PDT Fri">
        <definition>FN: an arrangement of entities forming a recognizable shape</definition>
        <sentenceCount annotated="1" total="1"/>
        <lexeme order="1" headword="false" breakBefore="false" POS="N" name="formation"/>
    </lexUnit>
</frame>