<?xml version="1.0" encoding="UTF-8" standalone="yes"?>
<?xml-stylesheet type="text/xsl" href="frame.xsl"?>
<frame cBy="JKR" cDate="04/08/2004 06:12:56 PDT Thu" name="People_by_vocation" ID="1071" xsi:schemaLocation="../schema/frame.xsd" xmlns="http://framenet.icsi.berkeley.edu" xmlns:xsi="http://www.w3.org/2001/XMLSchema-instance">
    <definition>&lt;def-root&gt;This frame contains  words for Individuals as viewed in terms of their vocation. 

The &lt;fen&gt;Person&lt;/fen&gt; is conceived of as independent of other specific individuals with whom they have relationships and independent of their participation in any particular activity. They may have a &lt;fen&gt;Descriptor&lt;/fen&gt;, &lt;fen&gt;Origin&lt;/fen&gt;, &lt;fen&gt;Persistent_characteristic&lt;/fen&gt;, or &lt;fen&gt;Ethnicity&lt;/fen&gt;. A specific &lt;fen&gt;Age&lt;/fen&gt; may sometimes be specified as well.

&lt;ex&gt;&lt;fex name="Person"&gt;Humphrey Bogart&lt;/fex&gt; was a &lt;fex name="Descriptor"&gt;great&lt;/fex&gt; &lt;t&gt;actor&lt;/t&gt;.&lt;/ex&gt;&lt;/def-root&gt;</definition>
    <FE bgColor="0000FF" fgColor="FFFFFF" coreType="Peripheral" cBy="JKR" cDate="04/08/2004 06:12:56 PDT Thu" abbrev="Ori" name="Origin" ID="6262">
        <definition>&lt;def-root&gt;The &lt;fen&gt;Origin&lt;/fen&gt; is the place where the &lt;fen&gt;Person&lt;/fen&gt; was born or lived a salient part of her or his life.&lt;/def-root&gt;</definition>
    </FE>
    <FE bgColor="FF0000" fgColor="FFFFFF" coreType="Core" cBy="JKR" cDate="04/08/2004 06:12:56 PDT Thu" abbrev="Person" name="Person" ID="6263">
        <definition>&lt;def-root&gt;The &lt;fen&gt;Person&lt;/fen&gt; is the human being.&lt;/def-root&gt;</definition>
        <semType name="Human" ID="80"/>
    </FE>
    <FE bgColor="006400" fgColor="FFFFFF" coreType="Extra-Thematic" cBy="JKR" cDate="04/08/2004 06:12:56 PDT Thu" abbrev="Pers_char" name="Persistent_characteristic" ID="6264">
        <definition>&lt;def-root&gt;The &lt;fen&gt;Persistent_characteristic&lt;/fen&gt; is a physiological characteristic or personality trait of the &lt;fen&gt;Person&lt;/fen&gt; which is concieved of as persisting over time.&lt;/def-root&gt;</definition>
    </FE>
    <FE bgColor="00BFFF" fgColor="FFFFFF" coreType="Extra-Thematic" cBy="JKR" cDate="04/08/2004 06:12:56 PDT Thu" abbrev="Desc" name="Descriptor" ID="6265">
        <definition>&lt;def-root&gt;The &lt;fen&gt;Descriptor&lt;/fen&gt; is a temporary condition of the &lt;fen&gt;Person&lt;/fen&gt;.&lt;/def-root&gt;</definition>
    </FE>
    <FE bgColor="00008B" fgColor="FFFFFF" coreType="Peripheral" cBy="JKR" cDate="04/08/2004 06:12:56 PDT Thu" abbrev="Age" name="Age" ID="6266">
        <definition>&lt;def-root&gt;The &lt;fen&gt;Age&lt;/fen&gt; is the length of time the &lt;fen&gt;Person&lt;/fen&gt; has been alive.&lt;/def-root&gt;</definition>
    </FE>
    <FE bgColor="800080" fgColor="FFFFFF" coreType="Peripheral" cBy="JKR" cDate="04/08/2004 06:12:56 PDT Thu" abbrev="Eth" name="Ethnicity" ID="6267">
        <definition>&lt;def-root&gt;The &lt;fen&gt;Ethnicity&lt;/fen&gt; is the religious, racial, national, socio-economic or cultural group to which the &lt;fen&gt;Person&lt;/fen&gt; belongs.&lt;/def-root&gt;</definition>
    </FE>
    <FE bgColor="FFA500" fgColor="000000" coreType="Extra-Thematic" cBy="JKR" cDate="04/08/2004 06:12:56 PDT Thu" abbrev="coa" name="Context_of_acquaintance" ID="6268">
        <definition>&lt;def-root&gt;An expression indicating the context with which the &lt;fen&gt;Person&lt;/fen&gt; is associated.

&lt;ex&gt;Is she the &lt;t&gt;actress&lt;/t&gt; &lt;fex name="coa"&gt;from the movie we saw last night&lt;/fex&gt;?&lt;/ex&gt;&lt;/def-root&gt;</definition>
    </FE>
    <FE bgColor="7CCD7C" fgColor="FFFFFF" coreType="Peripheral" cBy="JKR" cDate="04/08/2004 06:33:42 PDT Thu" abbrev="rnk" name="Rank" ID="6269">
        <definition>&lt;def-root&gt;&lt;fen&gt;Rank&lt;/fen&gt; is the position in a hierarchy that a &lt;fen&gt;Person&lt;/fen&gt; occupies within an organization.
 	
&lt;ex&gt;Robin is the &lt;fex name="rnk"&gt;head&lt;/fex&gt; &lt;t&gt;waitress&lt;/t&gt; at La Notte.&lt;/ex&gt;
 &lt;/def-root&gt;</definition>
    </FE>
    <FE bgColor="FF00FF" fgColor="FFFFFF" coreType="Peripheral" cBy="JKR" cDate="04/08/2004 06:47:01 PDT Thu" abbrev="poe" name="Place_of_employment" ID="6272">
        <definition>&lt;def-root&gt;This FE identifies the Place where the &lt;fen&gt;Person&lt;/fen&gt; works.&lt;/def-root&gt;</definition>
    </FE>
    <FE bgColor="1E90FF" fgColor="FFFFFF" coreType="Peripheral" cBy="JKR" cDate="04/08/2004 06:49:23 PDT Thu" abbrev="" name="Employer" ID="6273">
        <definition>&lt;def-root&gt;The &lt;fen&gt;Employer&lt;/fen&gt; gives compensation to an &lt;fen&gt;Person&lt;/fen&gt; for their work.&lt;/def-root&gt;</definition>
    </FE>
    <FE bgColor="A52A2A" fgColor="FFFFFF" coreType="Peripheral" cBy="JKR" cDate="04/08/2004 06:51:38 PDT Thu" abbrev="typ" name="Type" ID="6274">
        <definition>&lt;def-root&gt;This FE identifies the &lt;fen&gt;Type&lt;/fen&gt; of the vocation that the &lt;fen&gt;Person&lt;/fen&gt; practices.&lt;/def-root&gt;</definition>
    </FE>
    <FE bgColor="9400D3" fgColor="FFFFFF" coreType="Peripheral" cBy="JKR" cDate="04/09/2004 03:41:50 PDT Fri" abbrev="com" name="Compensation" ID="6280">
        <definition>&lt;def-root&gt;The &lt;fen&gt;Compensation&lt;/fen&gt; is the payment that the &lt;fen&gt;Person&lt;/fen&gt; receives for performing a task.&lt;/def-root&gt;</definition>
    </FE>
    <FE bgColor="FF00FF" fgColor="FFFFFF" coreType="Peripheral" cBy="JKR" cDate="04/09/2004 03:54:06 PDT Fri" abbrev="cb" name="Contract_basis" ID="6281">
        <definition>&lt;def-root&gt;The &lt;fen&gt;Contract_basis&lt;/fen&gt; describes the conditions of employment with respect to permanency, hours per time period, or payment basis.

&lt;ex&gt;Smithers is a &lt;fex name="cb"&gt;half-time&lt;/fex&gt; &lt;t&gt;clerk&lt;/t&gt; for Procteur et Gamble &lt;/ex&gt;&lt;/def-root&gt;</definition>
    </FE>
    <frameRelation type="Inherits from">
        <relatedFrame ID="304">People</relatedFrame>
    </frameRelation>
    <frameRelation type="Is Inherited by">
        <relatedFrame ID="1080">Performers</relatedFrame>
        <relatedFrame ID="255">Medical_professionals</relatedFrame>
        <relatedFrame ID="2670">Member_of_military</relatedFrame>
        <relatedFrame ID="2678">Representative</relatedFrame>
    </frameRelation>
    <frameRelation type="Perspective on"/>
    <frameRelation type="Is Perspectivized in"/>
    <frameRelation type="Uses"/>
    <frameRelation type="Is Used by"/>
    <frameRelation type="Subframe of"/>
    <frameRelation type="Has Subframe(s)"/>
    <frameRelation type="Precedes"/>
    <frameRelation type="Is Preceded by"/>
    <frameRelation type="Is Inchoative of"/>
    <frameRelation type="Is Causative of"/>
    <frameRelation type="See also"/>
    <lexUnit status="Created" POS="N" name="politician.n" ID="10397" lemmaID="29612" cBy="JKR" cDate="04/08/2004 06:28:56 PDT Thu">
        <definition>COD: a person who is professionally involved in politics, especially as a holder of an elected office</definition>
        <sentenceCount annotated="4" total="4"/>
        <lexeme order="1" headword="false" breakBefore="false" POS="N" name="politician"/>
    </lexUnit>
    <lexUnit status="Created" POS="N" name="farmer.n" ID="10398" lemmaID="13955" cBy="JKR" cDate="04/08/2004 06:29:34 PDT Thu">
        <definition>COD: a person who owns or manages a farm.</definition>
        <sentenceCount annotated="1" total="1"/>
        <lexeme order="1" headword="false" breakBefore="false" POS="N" name="farmer"/>
    </lexUnit>
    <lexUnit status="Created" POS="N" name="attendant.n" ID="10399" lemmaID="2294" cBy="JKR" cDate="04/08/2004 06:38:36 PDT Thu">
        <definition>COD:  person employed to provide a service to the public.</definition>
        <sentenceCount annotated="39" total="190"/>
        <lexeme order="1" headword="false" breakBefore="false" POS="N" name="attendant"/>
    </lexUnit>
    <lexUnit status="Created" POS="N" name="clerk.n" ID="10400" lemmaID="6762" cBy="JKR" cDate="04/08/2004 07:03:15 PDT Thu">
        <definition>COD: a person employed in an office or bank to keep records or accounts and to undertake other routine administrative duties.</definition>
        <sentenceCount annotated="48" total="384"/>
        <lexeme order="1" headword="false" breakBefore="false" POS="N" name="clerk"/>
    </lexUnit>
    <lexUnit status="Created" POS="N" name="consultant.n" ID="10410" lemmaID="8000" cBy="JKR" cDate="04/09/2004 03:31:34 PDT Fri">
        <definition>COD: a person who provides expert advice professionally.</definition>
        <sentenceCount annotated="44" total="466"/>
        <lexeme order="1" headword="false" breakBefore="false" POS="N" name="consultant"/>
    </lexUnit>
    <lexUnit status="Created" POS="N" name="gardener.n" ID="10411" lemmaID="15914" cBy="JKR" cDate="04/09/2004 04:00:57 PDT Fri">
        <definition>FN: somebody who works on the planting and upkeep of gardens, parks, etc.</definition>
        <sentenceCount annotated="32" total="209"/>
        <lexeme order="1" headword="false" breakBefore="false" POS="N" name="gardener"/>
    </lexUnit>
    <lexUnit status="Created" POS="N" name="lawyer.n" ID="10412" lemmaID="21866" cBy="JKR" cDate="04/09/2004 04:32:35 PDT Fri">
        <definition>COD: a person who practises or studies law, especially (in the UK) a solicitor or a barrister or (in the US) an attorney. </definition>
        <sentenceCount annotated="53" total="331"/>
        <lexeme order="1" headword="false" breakBefore="false" POS="N" name="lawyer"/>
    </lexUnit>
    <lexUnit status="Created" POS="N" name="maid.n" ID="10413" lemmaID="23167" cBy="JKR" cDate="04/09/2004 05:47:09 PDT Fri">
        <definition>COD: a female domestic servant.</definition>
        <sentenceCount annotated="38" total="260"/>
        <lexeme order="1" headword="false" breakBefore="false" POS="N" name="maid"/>
    </lexUnit>
    <lexUnit status="Created" POS="N" name="manager.n" ID="10414" lemmaID="23321" cBy="JKR" cDate="04/09/2004 05:50:59 PDT Fri">
        <definition>COD: a person who manages an organization or group of staff.</definition>
        <sentenceCount annotated="48" total="727"/>
        <lexeme order="1" headword="false" breakBefore="false" POS="N" name="manager"/>
    </lexUnit>
    <lexUnit status="Created" POS="N" name="professor.n" ID="10415" lemmaID="30604" cBy="JKR" cDate="04/09/2004 05:53:24 PDT Fri">
        <definition>COD: a university teacher. </definition>
        <sentenceCount annotated="46" total="356"/>
        <lexeme order="1" headword="false" breakBefore="false" POS="N" name="professor"/>
    </lexUnit>
    <lexUnit status="Created" POS="N" name="receptionist.n" ID="10416" lemmaID="32104" cBy="JKR" cDate="04/09/2004 05:53:47 PDT Fri">
        <definition>COD: a person who greets and deals with clients and visitors to a surgery, office, hotel, etc</definition>
        <sentenceCount annotated="27" total="151"/>
        <lexeme order="1" headword="false" breakBefore="false" POS="N" name="receptionist"/>
    </lexUnit>
    <lexUnit status="Created" POS="N" name="salesman.n" ID="10417" lemmaID="33995" cBy="JKR" cDate="04/09/2004 05:54:01 PDT Fri">
        <definition>COD: a person whose job involves selling or promoting commercial products</definition>
        <sentenceCount annotated="33" total="223"/>
        <lexeme order="1" headword="false" breakBefore="false" POS="N" name="salesman"/>
    </lexUnit>
    <lexUnit status="Created" POS="N" name="servant.n" ID="10418" lemmaID="35194" cBy="JKR" cDate="04/09/2004 05:55:50 PDT Fri">
        <definition>COD: a person employed to perform duties for others, especially in a house on domestic duties or as a personal attendant.</definition>
        <sentenceCount annotated="58" total="444"/>
        <lexeme order="1" headword="false" breakBefore="false" POS="N" name="servant"/>
    </lexUnit>
    <lexUnit status="Created" POS="N" name="waiter.n" ID="10419" lemmaID="43349" cBy="JKR" cDate="04/09/2004 05:56:42 PDT Fri">
        <definition>COD: a man whose job is to serve customers at their tables in a restaurant</definition>
        <sentenceCount annotated="0" total="0"/>
        <lexeme order="1" headword="false" breakBefore="false" POS="N" name="waiter"/>
    </lexUnit>
    <lexUnit status="Created" POS="N" name="carpenter.n" ID="10420" lemmaID="5595" cBy="JKR" cDate="04/09/2004 06:25:48 PDT Fri">
        <definition>COD: a person who makes wooden objects and structures</definition>
        <sentenceCount annotated="0" total="0"/>
        <lexeme order="1" headword="false" breakBefore="false" POS="N" name="carpenter"/>
    </lexUnit>
    <lexUnit status="Finished_Initial" POS="N" name="scientist.n" ID="10626" lemmaID="34444" cBy="JKR" cDate="06/28/2004 06:52:53 PDT Mon">
        <definition>COD: a person who is studying or has expert knowledge of one or more of the natural or physical sciences.</definition>
        <sentenceCount annotated="52" total="192"/>
        <lexeme order="1" headword="false" breakBefore="false" POS="N" name="scientist"/>
    </lexUnit>
    <lexUnit status="Created" POS="N" name="private eye.n" ID="10731" lemmaID="49321" cBy="JKR" cDate="07/03/2004 05:41:15 PDT Sat">
        <definition>COD: a private detective</definition>
        <sentenceCount annotated="0" total="0"/>
        <lexeme order="1" headword="false" breakBefore="false" POS="A" name="private"/>
        <lexeme order="2" headword="true" breakBefore="false" POS="N" name="eye"/>
    </lexUnit>
    <lexUnit status="Created" POS="N" name="actress.n" ID="11294" lemmaID="418" cBy="MiL" cDate="11/23/2004 01:38:37 PST Tue">
        <definition>FN: a woman employed performing fictional roles in play,  film, television, etc.</definition>
        <sentenceCount annotated="0" total="0"/>
        <lexeme order="1" headword="false" breakBefore="false" POS="N" name="actress"/>
    </lexUnit>
    <lexUnit status="Created" POS="N" name="waitress.n" ID="11295" lemmaID="43350" cBy="MiL" cDate="11/23/2004 01:46:45 PST Tue">
        <definition>COD: a woman whose job is to serve customers at their tables in a restaurant.</definition>
        <sentenceCount annotated="1" total="1"/>
        <lexeme order="1" headword="false" breakBefore="false" POS="N" name="waitress"/>
    </lexUnit>
    <lexUnit status="Created" POS="N" name="technician.n" ID="12250" lemmaID="39694" cBy="RLG" cDate="06/21/2005 02:57:55 PDT Tue">
        <definition>COD: a person employed to look after technical equipment or do practical work in a laboratory.</definition>
        <sentenceCount annotated="7" total="7"/>
        <lexeme order="1" headword="false" breakBefore="false" POS="N" name="technician"/>
    </lexUnit>
    <lexUnit status="Created" POS="N" name="toxicologist.n" ID="12421" lemmaID="40884" cBy="RLG" cDate="07/08/2005 12:49:33 PDT Fri">
        <definition>FN: a person employed in the field of the study of poisons.</definition>
        <sentenceCount annotated="1" total="1"/>
        <lexeme order="1" headword="false" breakBefore="false" POS="N" name="toxicologist"/>
    </lexUnit>
    <lexUnit status="Created" POS="N" name="engineer.n" ID="12621" lemmaID="12765" cBy="JKR" cDate="08/10/2005 04:04:09 PDT Wed">
        <definition>COD: a person qualified in engineering.  </definition>
        <sentenceCount annotated="1" total="1"/>
        <lexeme order="1" headword="false" breakBefore="false" POS="N" name="engineer"/>
    </lexUnit>
    <lexUnit status="Created" POS="N" name="double agent.n" ID="12648" lemmaID="50217" cBy="MiL" cDate="08/18/2005 04:43:53 PDT Thu">
        <definition>COD: an agent who pretends to act as a spy for one country while in fact acting for its enemy.</definition>
        <sentenceCount annotated="1" total="1"/>
        <lexeme order="1" headword="true" breakBefore="false" POS="A" name="double"/>
        <lexeme order="2" headword="false" breakBefore="false" POS="N" name="agent"/>
    </lexUnit>
    <lexUnit status="Created" POS="N" name="researcher.n" ID="13293" lemmaID="32813" cBy="MiL" cDate="06/21/2006 12:48:39 PDT Wed">
        <definition>COD: someone whose job is to conduct research.</definition>
        <sentenceCount annotated="6" total="6"/>
        <lexeme order="1" headword="false" breakBefore="false" POS="N" name="researcher"/>
    </lexUnit>
    <lexUnit status="Created" POS="N" name="archaeologist.n" ID="13499" lemmaID="1850" cBy="RLG" cDate="08/18/2006 04:10:14 PDT Fri">
        <definition>FN: a person who professionally studies human history and history by examining physical artifacts.</definition>
        <sentenceCount annotated="2" total="2"/>
        <lexeme order="1" headword="false" breakBefore="false" POS="N" name="archaeologist"/>
    </lexUnit>
    <lexUnit status="Created" POS="A" name="professional.a" ID="13849" lemmaID="30601" cBy="MJE" cDate="02/25/2007 04:18:11 PST Sun">
        <definition>COD: of, relating to, or belonging to a profession.</definition>
        <sentenceCount annotated="1" total="1"/>
        <lexeme order="1" headword="false" breakBefore="false" POS="A" name="professional"/>
    </lexUnit>
    <lexUnit status="Created" POS="N" name="agent.n" ID="14688" lemmaID="782" cBy="JKs" cDate="01/23/2008 03:28:41 PST Wed">
        <definition>FN: a person who represents another person or organization</definition>
        <sentenceCount annotated="1" total="1"/>
        <lexeme order="1" headword="false" breakBefore="false" POS="N" name="agent"/>
    </lexUnit>
    <lexUnit status="Created" POS="N" name="journalist.n" ID="14708" lemmaID="21060" cBy="JKs" cDate="01/25/2008 01:20:07 PST Fri">
        <definition>FN: a person who works in the field of journalism - news, some forms of photography, etc.</definition>
        <sentenceCount annotated="0" total="0"/>
        <lexeme order="1" headword="false" breakBefore="false" POS="N" name="journalist"/>
    </lexUnit>
    <lexUnit status="Created" POS="N" name="judge.n" ID="14709" lemmaID="21101" cBy="JKs" cDate="01/25/2008 01:29:26 PST Fri">
        <definition>FN: one who presides over a courtroom and makes decisions brought to the court of law</definition>
        <sentenceCount annotated="2" total="2"/>
        <lexeme order="1" headword="false" breakBefore="false" POS="N" name="judge"/>
    </lexUnit>
    <lexUnit status="Created" POS="N" name="mechanic.n" ID="14714" lemmaID="50805" cBy="JKs" cDate="01/25/2008 02:36:29 PST Fri">
        <definition>FN: a repairman that works on various kinds of machinery</definition>
        <sentenceCount annotated="0" total="0"/>
        <lexeme order="1" headword="true" breakBefore="false" POS="N" name="mechanic"/>
    </lexUnit>
    <lexUnit status="Created" POS="N" name="oilman.n" ID="14722" lemmaID="50811" cBy="JKs" cDate="01/25/2008 03:34:20 PST Fri">
        <definition>FN: one who works in the oil-extraction industry</definition>
        <sentenceCount annotated="0" total="0"/>
        <lexeme order="1" headword="true" breakBefore="false" POS="N" name="oilman"/>
    </lexUnit>
    <lexUnit status="Created" POS="N" name="reporter.n" ID="14725" lemmaID="32712" cBy="JKs" cDate="01/25/2008 04:11:46 PST Fri">
        <definition>FN: a person who reports news, as in journalism</definition>
        <sentenceCount annotated="0" total="0"/>
        <lexeme order="1" headword="false" breakBefore="false" POS="N" name="reporter"/>
    </lexUnit>
    <lexUnit status="Created" POS="N" name="scholar.n" ID="14727" lemmaID="34414" cBy="JKs" cDate="01/25/2008 04:17:16 PST Fri">
        <definition>FN: a person who studies professionally within a certain field</definition>
        <sentenceCount annotated="0" total="0"/>
        <lexeme order="1" headword="false" breakBefore="false" POS="N" name="scholar"/>
    </lexUnit>
    <lexUnit status="Created" POS="N" name="veterinarian.n" ID="14732" lemmaID="50814" cBy="JKs" cDate="01/25/2008 04:33:06 PST Fri">
        <definition>FN: a person who specializes in animal medicine</definition>
        <sentenceCount annotated="1" total="1"/>
        <lexeme order="1" headword="true" breakBefore="false" POS="N" name="veterinarian"/>
    </lexUnit>
    <lexUnit status="Created" POS="N" name="trader.n" ID="14736" lemmaID="40914" cBy="JKs" cDate="01/28/2008 03:03:57 PST Mon">
        <definition>FN: a person who professionally trades a commodity</definition>
        <sentenceCount annotated="3" total="3"/>
        <lexeme order="1" headword="false" breakBefore="false" POS="N" name="trader"/>
    </lexUnit>
    <lexUnit status="Created" POS="N" name="mole.n" ID="14757" lemmaID="24723" cBy="JKs" cDate="02/01/2008 11:29:24 PST Fri">
        <definition>FN: a person who works as a spy, often with a complex fake identity behind enemy lines</definition>
        <sentenceCount annotated="0" total="0"/>
        <lexeme order="1" headword="false" breakBefore="false" POS="N" name="mole"/>
    </lexUnit>
    <lexUnit status="Created" POS="N" name="spy.n" ID="14758" lemmaID="50821" cBy="JKs" cDate="02/01/2008 11:32:22 PST Fri">
        <definition>FN: a person who works as a secret agent in order to obtain information, sabotage infrastructure, etc.</definition>
        <sentenceCount annotated="1" total="1"/>
        <lexeme order="1" headword="true" breakBefore="false" POS="N" name="spy"/>
    </lexUnit>
    <lexUnit status="Created" POS="N" name="businessperson.n" ID="14853" lemmaID="50841" cBy="JKs" cDate="03/10/2008 02:59:12 PDT Mon">
        <definition>FN: one who works in some form of business</definition>
        <sentenceCount annotated="1" total="1"/>
        <lexeme order="1" headword="true" breakBefore="false" POS="N" name="businessman"/>
    </lexUnit>
    <lexUnit status="Created" POS="N" name="speculator.n" ID="14884" lemmaID="37258" cBy="JKs" cDate="03/31/2008 03:12:07 PDT Mon">
        <definition>FN: one who invests money into something (e.g. land, commodities, stocks) and profits from the fluctuation of prices</definition>
        <sentenceCount annotated="0" total="0"/>
        <lexeme order="1" headword="false" breakBefore="false" POS="N" name="speculator"/>
    </lexUnit>
    <lexUnit status="Created" POS="N" name="architect.n" ID="15222" lemmaID="1870" cBy="JKs" cDate="08/01/2008 10:11:23 PDT Fri">
        <definition>FN: a person who designs and builds buildings</definition>
        <sentenceCount annotated="0" total="0"/>
        <lexeme order="1" headword="false" breakBefore="false" POS="N" name="architect"/>
    </lexUnit>
    <lexUnit status="Created" POS="N" name="plain-clothes man.n" ID="15524" lemmaID="51036" cBy="RLG" cDate="09/25/2009 09:58:37 PDT Fri">
        <definition>FN: a law enforcement officer wearing plain (not police uniform) clothing.</definition>
        <sentenceCount annotated="0" total="0"/>
        <lexeme order="1" headword="false" breakBefore="false" POS="N" name="plain-clothes"/>
        <lexeme order="2" headword="true" breakBefore="false" POS="N" name="man"/>
    </lexUnit>
    <lexUnit status="Created" POS="N" name="magistrate.n" ID="15973" lemmaID="23128" cBy="MJE" cDate="07/30/2010 07:21:11 PDT Fri">
        <definition>FN: an official who presides of court proceedings and, in many cases, decides them.</definition>
        <sentenceCount annotated="1" total="1"/>
        <lexeme order="1" headword="false" breakBefore="false" POS="N" name="magistrate"/>
    </lexUnit>
    <lexUnit status="Finished_Initial" POS="N" name="officer.n" ID="16020" lemmaID="26573" cBy="AlK" cDate="08/12/2010 05:19:45 PDT Thu">
        <definition>FN: a member of a governmental institution tasked with collecting information and protecting public safety</definition>
        <sentenceCount annotated="33" total="33"/>
        <lexeme order="1" headword="false" breakBefore="false" POS="N" name="officer"/>
    </lexUnit>
    <lexUnit status="Created" POS="N" name="police officer.n" ID="16041" lemmaID="51220" cBy="AlK" cDate="08/25/2010 04:50:57 PDT Wed">
        <definition>FN: an employee of a law enforcement institution </definition>
        <sentenceCount annotated="0" total="0"/>
        <lexeme order="1" headword="false" breakBefore="false" POS="N" name="police"/>
        <lexeme order="2" headword="true" breakBefore="false" POS="N" name="officer"/>
    </lexUnit>
    <lexUnit status="Created" POS="N" name="spokesperson.n" ID="16453" lemmaID="51339" cBy="RLG" cDate="08/03/2011 09:58:15 PDT Wed">
        <definition>FN: a person who makes statements and responds to questions on behalf of an individual or organization.</definition>
        <sentenceCount annotated="0" total="0"/>
        <lexeme order="1" headword="true" breakBefore="false" POS="N" name="spokesperson"/>
    </lexUnit>
    <lexUnit status="Created" POS="N" name="spokesman.n" ID="16454" lemmaID="37441" cBy="RLG" cDate="08/03/2011 09:59:13 PDT Wed">
        <definition>FN: a male who makes statements and responds to questions on behalf of an individual or organization.</definition>
        <sentenceCount annotated="0" total="0"/>
        <lexeme order="1" headword="false" breakBefore="false" POS="N" name="spokesman"/>
    </lexUnit>
    <lexUnit status="Created" POS="N" name="spokeswoman.n" ID="16455" lemmaID="37442" cBy="RLG" cDate="08/03/2011 09:59:53 PDT Wed">
        <definition>FN: a woman who makes statements and responds to questions on behalf of an individual or organization.</definition>
        <sentenceCount annotated="0" total="0"/>
        <lexeme order="1" headword="false" breakBefore="false" POS="N" name="spokeswoman"/>
    </lexUnit>
    <lexUnit status="Created" POS="N" name="policeman.n" ID="16591" lemmaID="29592" cBy="RLG" cDate="09/07/2011 08:41:12 PDT Wed">
        <definition>FN: police officer.</definition>
        <sentenceCount annotated="0" total="0"/>
        <lexeme order="1" headword="false" breakBefore="false" POS="N" name="policeman"/>
    </lexUnit>
    <lexUnit status="Created" POS="N" name="bodyguard.n" ID="16611" lemmaID="4045" cBy="RLG" cDate="09/16/2011 11:44:25 PDT Fri">
        <definition>FN: an person who provides protection for another.</definition>
        <sentenceCount annotated="0" total="0"/>
        <lexeme order="1" headword="false" breakBefore="false" POS="N" name="bodyguard"/>
    </lexUnit>
    <lexUnit status="Created" POS="N" name="police.n" ID="16622" lemmaID="29590" cBy="RLG" cDate="09/21/2011 01:23:08 PDT Wed">
        <definition>FN: one or more police officers or agents of a police department.</definition>
        <sentenceCount annotated="0" total="0"/>
        <lexeme order="1" headword="false" breakBefore="false" POS="N" name="police"/>
    </lexUnit>
    <lexUnit status="Created" POS="N" name="tailor.n" ID="16643" lemmaID="39400" cBy="CVa" cDate="09/28/2011 05:59:04 PDT Wed">
        <definition>FN: a person who makes or modifies clothing </definition>
        <sentenceCount annotated="1" total="1"/>
        <lexeme order="1" headword="false" breakBefore="false" POS="N" name="tailor"/>
    </lexUnit>
    <lexUnit status="Created" POS="N" name="correspondent.n" ID="17250" lemmaID="8440" cBy="RyC" cDate="01/22/2013 04:30:19 PST Tue">
        <definition>COD: a journalist reporting on a particular subject or from a particular country.</definition>
        <sentenceCount annotated="0" total="0"/>
        <lexeme order="1" headword="false" breakBefore="false" POS="N" name="correspondent"/>
    </lexUnit>
    <lexUnit status="Created" POS="N" name="cook.n" ID="17268" lemmaID="8244" cBy="CVa" cDate="01/23/2013 12:41:58 PST Wed">
        <definition>FN: a person who prepares food as a means of employment</definition>
        <sentenceCount annotated="0" total="0"/>
        <lexeme order="1" headword="false" breakBefore="false" POS="N" name="cook"/>
    </lexUnit>
    <lexUnit status="Created" POS="N" name="manservant.n" ID="17290" lemmaID="23415" cBy="CVa" cDate="01/23/2013 03:15:04 PST Wed">
        <definition>FN: a male who is employed to do tasks (such as household chores) for someone else</definition>
        <sentenceCount annotated="0" total="0"/>
        <lexeme order="1" headword="false" breakBefore="false" POS="N" name="manservant"/>
    </lexUnit>
</frame>