<?xml version="1.0" encoding="UTF-8" standalone="yes"?>
<?xml-stylesheet type="text/xsl" href="frame.xsl"?>
<frame cBy="JKR" cDate="02/20/2004 06:07:14 PST Fri" name="People_by_origin" ID="974" xsi:schemaLocation="../schema/frame.xsd" xmlns="http://framenet.icsi.berkeley.edu" xmlns:xsi="http://www.w3.org/2001/XMLSchema-instance">
    <definition>&lt;def-root&gt;This frame contains  words for individuals, i.e. humans, with respect to their &lt;fen&gt;Origin&lt;/fen&gt;. The &lt;fen&gt;Origin&lt;/fen&gt; is generally incorporated, but may occasionally be specified separately.  The &lt;fen&gt;Person&lt;/fen&gt; is conceived of as independent of other specific individuals with whom they have relationships and independent of their participation in any particular activity. They may have an &lt;fen&gt;Age&lt;/fen&gt;, &lt;fen&gt;Descriptor&lt;/fen&gt;, &lt;fen&gt;Persistent_characteristic&lt;/fen&gt;, or &lt;fen&gt;Ethnicity&lt;/fen&gt;. 

&lt;ex&gt;&lt;fex name="Person"&gt;I&lt;/fex&gt;'m a &lt;fex name="Descriptor"&gt;proud&lt;/fex&gt; &lt;t&gt;Brit&lt;/t&gt;.&lt;/ex&gt;&lt;/def-root&gt;</definition>
    <FE bgColor="0000FF" fgColor="FFFFFF" coreType="Core" cBy="JKR" cDate="02/20/2004 06:07:14 PST Fri" abbrev="Ori" name="Origin" ID="5943">
        <definition>&lt;def-root&gt;The &lt;fen&gt;Origin&lt;/fen&gt; is the place where the &lt;fen&gt;Person&lt;/fen&gt; was born or lived a salient part of her or his life.  In this frame, it is generally incorporated in the lexical item, but may be separately specified as in the following:

&lt;ex&gt;&lt;t&gt;Foreigners&lt;/t&gt; &lt;fex name="Ori"&gt;from Japan&lt;/fex&gt; get short shrift around here.&lt;/ex&gt;&lt;/def-root&gt;</definition>
    </FE>
    <FE bgColor="FF0000" fgColor="FFFFFF" coreType="Core" cBy="JKR" cDate="02/20/2004 06:07:14 PST Fri" abbrev="Person" name="Person" ID="5944">
        <definition>&lt;def-root&gt;The &lt;fen&gt;Person&lt;/fen&gt; is the human being whose &lt;fen&gt;Origin&lt;/fen&gt; is specified.&lt;/def-root&gt;</definition>
        <semType name="Human" ID="80"/>
    </FE>
    <FE bgColor="006400" fgColor="FFFFFF" coreType="Peripheral" cBy="JKR" cDate="02/20/2004 06:07:14 PST Fri" abbrev="Pers_char" name="Persistent_characteristic" ID="5945">
        <definition>&lt;def-root&gt;The &lt;fen&gt;Persistent_characteristic&lt;/fen&gt; is a physiological characteristic or personality trait of the &lt;fen&gt;Person&lt;/fen&gt; which is concieved of as persisting over time.

&lt;ex&gt;The &lt;fex name="Pers_char"&gt;swarthy&lt;/fex&gt; &lt;t&gt;Frenchman&lt;/t&gt; appeared at his elbow, smiling.&lt;/ex&gt;&lt;/def-root&gt;</definition>
    </FE>
    <FE bgColor="00BFFF" fgColor="FFFFFF" coreType="Peripheral" cBy="JKR" cDate="02/20/2004 06:07:14 PST Fri" abbrev="Desc" name="Descriptor" ID="5946">
        <definition>&lt;def-root&gt;The &lt;fen&gt;Descriptor&lt;/fen&gt; is a temporary condition of the &lt;fen&gt;Person&lt;/fen&gt;.&lt;/def-root&gt;</definition>
    </FE>
    <FE bgColor="00008B" fgColor="FFFFFF" coreType="Peripheral" cBy="JKR" cDate="02/20/2004 06:07:14 PST Fri" abbrev="Age" name="Age" ID="5947">
        <definition>&lt;def-root&gt;The &lt;fen&gt;Age&lt;/fen&gt; is the length of time the &lt;fen&gt;Person&lt;/fen&gt; has been alive.&lt;/def-root&gt;</definition>
    </FE>
    <FE bgColor="800080" fgColor="FFFFFF" coreType="Peripheral" cBy="JKR" cDate="02/20/2004 06:07:14 PST Fri" abbrev="Eth" name="Ethnicity" ID="5948">
        <definition>&lt;def-root&gt;The &lt;fen&gt;Ethnicity&lt;/fen&gt; is the religious, racial, national, socio-economic or cultural group to which the &lt;fen&gt;Person&lt;/fen&gt; belongs.&lt;/def-root&gt;</definition>
    </FE>
    <FE bgColor="FFA500" fgColor="000000" coreType="Peripheral" cBy="JKR" cDate="02/20/2004 06:07:14 PST Fri" abbrev="coa" name="Context_of_acquaintance" ID="5949">
        <definition>&lt;def-root&gt;An expression indicating the context with which the &lt;fen&gt;Person&lt;/fen&gt; is associated.

&lt;ex&gt;Would you believe it? That &lt;t&gt;Frenchman&lt;/t&gt; &lt;fex name="coa"&gt;from the subway&lt;/fex&gt; is back again!&lt;/ex&gt;&lt;/def-root&gt;</definition>
    </FE>
    <frameRelation type="Inherits from">
        <relatedFrame ID="304">People</relatedFrame>
    </frameRelation>
    <frameRelation type="Is Inherited by"/>
    <frameRelation type="Perspective on"/>
    <frameRelation type="Is Perspectivized in"/>
    <frameRelation type="Uses">
        <relatedFrame ID="1103">Origin</relatedFrame>
    </frameRelation>
    <frameRelation type="Is Used by"/>
    <frameRelation type="Subframe of"/>
    <frameRelation type="Has Subframe(s)"/>
    <frameRelation type="Precedes"/>
    <frameRelation type="Is Preceded by"/>
    <frameRelation type="Is Inchoative of"/>
    <frameRelation type="Is Causative of"/>
    <frameRelation type="See also"/>
    <lexUnit status="Created" incorporatedFE="Origin" POS="N" name="Mexican.n" ID="10089" lemmaID="24152" cBy="JKR" cDate="02/20/2004 06:28:45 PST Fri">
        <definition>COD: a native or inhabitant of Mexico.</definition>
        <sentenceCount annotated="0" total="0"/>
        <lexeme order="1" headword="false" breakBefore="false" POS="N" name="mexican"/>
    </lexUnit>
    <lexUnit status="Finished_Initial" incorporatedFE="Origin" POS="N" name="New Yorker.n" ID="10090" lemmaID="48700" cBy="JKR" cDate="02/20/2004 06:33:38 PST Fri">
        <definition>COD: a native or inhabitant of the state or city of New York.</definition>
        <sentenceCount annotated="8" total="60"/>
        <lexeme order="1" headword="false" breakBefore="false" POS="A" name="New"/>
        <lexeme order="2" headword="true" breakBefore="false" POS="N" name="Yorker"/>
    </lexUnit>
    <lexUnit status="Finished_Initial" incorporatedFE="Origin" POS="N" name="Frenchman.n" ID="10091" lemmaID="15425" cBy="JKR" cDate="02/20/2004 06:35:23 PST Fri">
        <definition>COD: a man who is French by birth or descent.</definition>
        <sentenceCount annotated="28" total="180"/>
        <lexeme order="1" headword="false" breakBefore="false" POS="N" name="frenchman"/>
    </lexUnit>
    <lexUnit status="Created" incorporatedFE="Origin" POS="N" name="English.n" ID="10092" lemmaID="12768" cBy="JKR" cDate="02/20/2004 06:38:22 PST Fri">
        <definition>FN: the natives or inhabitants of England or (more broadly) Great Britain.</definition>
        <sentenceCount annotated="2" total="2"/>
        <lexeme order="1" headword="false" breakBefore="false" POS="N" name="english"/>
    </lexUnit>
    <lexUnit status="Finished_Initial" incorporatedFE="Origin" POS="N" name="foreigner.n" ID="10093" lemmaID="15064" cBy="JKR" cDate="02/20/2004 06:42:06 PST Fri">
        <definition>COD: a person born in or coming from a foreign country.</definition>
        <sentenceCount annotated="44" total="287"/>
        <lexeme order="1" headword="false" breakBefore="false" POS="N" name="foreigner"/>
    </lexUnit>
    <lexUnit status="Created" incorporatedFE="Origin" POS="N" name="American.n" ID="10094" lemmaID="1231" cBy="JKR" cDate="02/20/2004 06:44:03 PST Fri">
        <definition>COD: a native or citizen of the United States.</definition>
        <sentenceCount annotated="6" total="7"/>
        <lexeme order="1" headword="false" breakBefore="false" POS="N" name="american"/>
    </lexUnit>
    <lexUnit status="Created" incorporatedFE="Origin" POS="N" name="American [N and S Am].n" ID="10095" lemmaID="1231" cBy="JKR" cDate="02/20/2004 06:45:30 PST Fri">
        <definition>COD: a native or inhabitant of any of the countries of North, South, or Central America.</definition>
        <sentenceCount annotated="1" total="1"/>
        <lexeme order="1" headword="false" breakBefore="false" POS="N" name="american"/>
    </lexUnit>
    <lexUnit status="Finished_Initial" incorporatedFE="Origin" POS="N" name="Frenchwoman.n" ID="10096" lemmaID="15427" cBy="JKR" cDate="02/20/2004 06:49:32 PST Fri">
        <definition>COD: a woman who is French by birth or descent.</definition>
        <sentenceCount annotated="9" total="34"/>
        <lexeme order="1" headword="false" breakBefore="false" POS="N" name="frenchwoman"/>
    </lexUnit>
    <lexUnit status="Created" incorporatedFE="Origin" POS="N" name="Frenchy.n" ID="10097" lemmaID="48707" cBy="JKR" cDate="02/20/2004 06:52:17 PST Fri">
        <definition>COD: a French person.</definition>
        <sentenceCount annotated="0" total="0"/>
        <lexeme order="1" headword="true" breakBefore="false" POS="N" name="Frenchy"/>
    </lexUnit>
    <lexUnit status="Finished_Initial" incorporatedFE="Origin" POS="N" name="Kraut.n" ID="10098" lemmaID="48708" cBy="JKR" cDate="02/20/2004 06:55:14 PST Fri">
        <definition>COD: a German</definition>
        <sentenceCount annotated="5" total="8"/>
        <lexeme order="1" headword="true" breakBefore="false" POS="N" name="kraut"/>
        <semType name="Negative_judgment" ID="14"/>
    </lexUnit>
    <lexUnit status="Finished_Initial" incorporatedFE="Origin" POS="N" name="Brit.n" ID="10396" lemmaID="49006" cBy="JKR" cDate="04/08/2004 06:27:23 PDT Thu">
        <definition>COD: a British person</definition>
        <sentenceCount annotated="8" total="68"/>
        <lexeme order="1" headword="true" breakBefore="false" POS="N" name="Brit"/>
    </lexUnit>
    <lexUnit status="Insufficient_Attestations" incorporatedFE="Origin" POS="N" name="Denverite.n" ID="10545" lemmaID="49135" cBy="JKR" cDate="05/25/2004 07:52:07 PDT Tue">
        <definition>FN: a person from Denver</definition>
        <sentenceCount annotated="0" total="0"/>
        <lexeme order="1" headword="true" breakBefore="false" POS="N" name="Denverite"/>
    </lexUnit>
    <lexUnit status="Created" incorporatedFE="Origin" POS="N" name="Chicagoan.n" ID="10546" lemmaID="49136" cBy="JKR" cDate="05/25/2004 07:56:36 PDT Tue">
        <definition>FN: a person from Chicago.</definition>
        <sentenceCount annotated="0" total="0"/>
        <lexeme order="1" headword="true" breakBefore="false" POS="N" name="Chicagoan"/>
    </lexUnit>
    <lexUnit status="Created" incorporatedFE="Origin" POS="N" name="Californian.n" ID="10547" lemmaID="49137" cBy="JKR" cDate="05/25/2004 07:57:56 PDT Tue">
        <definition>FN: a person from California</definition>
        <sentenceCount annotated="1" total="1"/>
        <lexeme order="1" headword="true" breakBefore="false" POS="N" name="Californian"/>
    </lexUnit>
    <lexUnit status="Created" POS="N" name="Iranian.n" ID="13744" lemmaID="20595" cBy="KmG" cDate="02/13/2007 12:07:57 PST Tue">
        <definition>FN: a native or citizen of the Iran.</definition>
        <sentenceCount annotated="1" total="1"/>
        <lexeme order="1" headword="false" breakBefore="false" POS="N" name="iranian"/>
    </lexUnit>
    <lexUnit status="Created" POS="N" name="Irish.n" ID="13886" lemmaID="20614" cBy="KmG" cDate="02/27/2007 05:25:28 PST Tue">
        <definition>FN: a native or citizen of Ireland. 


</definition>
        <sentenceCount annotated="2" total="2"/>
        <lexeme order="1" headword="false" breakBefore="false" POS="N" name="irish"/>
    </lexUnit>
    <lexUnit status="Created" POS="N" name="Dubliner.n" ID="13958" lemmaID="50544" cBy="KmG" cDate="03/13/2007 10:38:54 PDT Tue">
        <definition>FN: A person from or residing in Dublin. </definition>
        <sentenceCount annotated="1" total="1"/>
        <lexeme order="1" headword="true" breakBefore="false" POS="N" name="Dubliner"/>
    </lexUnit>
    <lexUnit status="Created" POS="N" name="Persian.n" ID="13987" lemmaID="28559" cBy="KmG" cDate="03/15/2007 01:18:32 PDT Thu">
        <definition>FN: One from Persia.</definition>
        <sentenceCount annotated="1" total="1"/>
        <lexeme order="1" headword="false" breakBefore="false" POS="N" name="persian"/>
    </lexUnit>
    <lexUnit status="Created" POS="N" name="Greek.n" ID="14013" lemmaID="16781" cBy="KmG" cDate="03/21/2007 10:41:25 PDT Wed">
        <definition>COD: a Greek-speaking native of one of the ancient city states of Greece and the eastern Mediterranean.


</definition>
        <sentenceCount annotated="4" total="4"/>
        <lexeme order="1" headword="false" breakBefore="false" POS="N" name="greek"/>
    </lexUnit>
    <lexUnit status="Created" POS="N" name="Turk.n" ID="14016" lemmaID="41519" cBy="KmG" cDate="03/21/2007 11:23:32 PDT Wed">
        <definition>COD: a member of any of the ancient peoples who spoke Turkic languages, including the Seljuks and Ottomans.</definition>
        <sentenceCount annotated="1" total="1"/>
        <lexeme order="1" headword="false" breakBefore="false" POS="N" name="turk"/>
    </lexUnit>
    <lexUnit status="Created" POS="N" name="italian.n" ID="14017" lemmaID="20733" cBy="KmG" cDate="03/21/2007 03:39:17 PDT Wed">
        <definition>COD: a native or national of Italy, or a person of Italian descent.</definition>
        <sentenceCount annotated="1" total="1"/>
        <lexeme order="1" headword="false" breakBefore="false" POS="N" name="italian"/>
    </lexUnit>
    <lexUnit status="Created" POS="N" name="ottoman.n" ID="14018" lemmaID="27033" cBy="KmG" cDate="03/21/2007 03:50:38 PDT Wed">
        <definition>COD: a Turk, especially of the Ottoman period.  </definition>
        <sentenceCount annotated="2" total="2"/>
        <lexeme order="1" headword="false" breakBefore="false" POS="N" name="ottoman"/>
    </lexUnit>
    <lexUnit status="Created" POS="N" name="german.n" ID="14019" lemmaID="16148" cBy="KmG" cDate="03/21/2007 03:56:51 PDT Wed">
        <definition>COD: a native or national of Germany, or a person of German descent.</definition>
        <sentenceCount annotated="3" total="3"/>
        <lexeme order="1" headword="false" breakBefore="false" POS="N" name="german"/>
    </lexUnit>
    <lexUnit status="Created" POS="N" name="Indian [American].n" ID="14315" lemmaID="50642" cBy="KmG" cDate="04/02/2007 03:25:52 PDT Mon">
        <definition>COD: an American Indian.  </definition>
        <sentenceCount annotated="0" total="0"/>
        <lexeme order="1" headword="true" breakBefore="false" POS="N" name="Indian((American))"/>
    </lexUnit>
    <lexUnit status="Created" POS="N" name="englishwoman.n" ID="17277" lemmaID="12771" cBy="CVa" cDate="01/23/2013 01:23:01 PST Wed">
        <definition>FN: a female who is from England</definition>
        <sentenceCount annotated="0" total="0"/>
        <lexeme order="1" headword="false" breakBefore="false" POS="N" name="englishwoman"/>
    </lexUnit>
</frame>