<?xml version="1.0" encoding="UTF-8" standalone="yes"?>
<?xml-stylesheet type="text/xsl" href="frame.xsl"?>
<frame cBy="JKR" cDate="03/08/2004 02:34:13 PST Mon" name="People_by_jurisdiction" ID="1023" xsi:schemaLocation="../schema/frame.xsd" xmlns="http://framenet.icsi.berkeley.edu" xmlns:xsi="http://www.w3.org/2001/XMLSchema-instance">
    <definition>&lt;def-root&gt;This frame contains words for individuals, i.e. humans, who are governed by virtue of being registered in a certain &lt;fen&gt;Jurisdiction&lt;/fen&gt;. Alternatively, they may be conceptualized with respect to their  governance by a political or religious &lt;fen&gt;Authority&lt;/fen&gt;  They may have an &lt;fen&gt;Age&lt;/fen&gt;, &lt;fen&gt;Descriptor&lt;/fen&gt;, &lt;fen&gt;Persistent_characteristic&lt;/fen&gt;, or &lt;fen&gt;Ethnicity&lt;/fen&gt;.

&lt;ex&gt;A &lt;fex name="Ethnicity"&gt;Somali&lt;/fex&gt; &lt;t&gt;national&lt;/t&gt; entered our office.&lt;/ex&gt;&lt;/def-root&gt;</definition>
    <FE bgColor="0000FF" fgColor="FFFFFF" coreType="Peripheral" cBy="JKR" cDate="03/08/2004 02:34:13 PST Mon" abbrev="Ori" name="Jurisdiction" ID="6088">
        <definition>&lt;def-root&gt;The &lt;fen&gt;Jurisdiction&lt;/fen&gt; is the place where the &lt;fen&gt;Person&lt;/fen&gt; typically resides and by whose &lt;fen&gt;Authority&lt;/fen&gt; he is governed.&lt;/def-root&gt;</definition>
    </FE>
    <FE bgColor="FF0000" fgColor="FFFFFF" coreType="Core" cBy="JKR" cDate="03/08/2004 02:34:13 PST Mon" abbrev="Person" name="Person" ID="6089">
        <definition>&lt;def-root&gt;The &lt;fen&gt;Person&lt;/fen&gt; is the human being.&lt;/def-root&gt;</definition>
        <semType name="Human" ID="80"/>
    </FE>
    <FE bgColor="006400" fgColor="FFFFFF" coreType="Peripheral" cBy="JKR" cDate="03/08/2004 02:34:13 PST Mon" abbrev="Pers_char" name="Persistent_characteristic" ID="6090">
        <definition>&lt;def-root&gt;The &lt;fen&gt;Persistent_characteristic&lt;/fen&gt; is a physiological characteristic or personality trait of the &lt;fen&gt;Person&lt;/fen&gt; which is concieved of as persisting over time.&lt;/def-root&gt;</definition>
    </FE>
    <FE bgColor="00BFFF" fgColor="FFFFFF" coreType="Peripheral" cBy="JKR" cDate="03/08/2004 02:34:13 PST Mon" abbrev="Desc" name="Descriptor" ID="6091">
        <definition>&lt;def-root&gt;The &lt;fen&gt;Descriptor&lt;/fen&gt; is a temporary condition of the &lt;fen&gt;Person&lt;/fen&gt;.&lt;/def-root&gt;</definition>
    </FE>
    <FE bgColor="00008B" fgColor="FFFFFF" coreType="Peripheral" cBy="JKR" cDate="03/08/2004 02:34:13 PST Mon" abbrev="Age" name="Age" ID="6092">
        <definition>&lt;def-root&gt;The &lt;fen&gt;Age&lt;/fen&gt; is the length of time the &lt;fen&gt;Person&lt;/fen&gt; has been alive.&lt;/def-root&gt;</definition>
    </FE>
    <FE bgColor="800080" fgColor="FFFFFF" coreType="Peripheral" cBy="JKR" cDate="03/08/2004 02:34:13 PST Mon" abbrev="Eth" name="Ethnicity" ID="6093">
        <definition>&lt;def-root&gt;The &lt;fen&gt;Ethnicity&lt;/fen&gt; is the religious, racial, national, socio-economic or cultural group to which the &lt;fen&gt;Person&lt;/fen&gt; belongs.&lt;/def-root&gt;</definition>
    </FE>
    <FE bgColor="FFA500" fgColor="FFFFFF" coreType="Peripheral" cBy="JKR" cDate="03/08/2004 02:51:29 PST Mon" abbrev="" name="Authority" ID="6095">
        <definition>&lt;def-root&gt;The politically or religiously legitimated persons who govern the &lt;fen&gt;Jurisdiction&lt;/fen&gt;.&lt;/def-root&gt;</definition>
    </FE>
    <frameRelation type="Inherits from">
        <relatedFrame ID="304">People</relatedFrame>
    </frameRelation>
    <frameRelation type="Is Inherited by"/>
    <frameRelation type="Perspective on"/>
    <frameRelation type="Is Perspectivized in"/>
    <frameRelation type="Uses">
        <relatedFrame ID="195">Political_locales</relatedFrame>
    </frameRelation>
    <frameRelation type="Is Used by"/>
    <frameRelation type="Subframe of"/>
    <frameRelation type="Has Subframe(s)"/>
    <frameRelation type="Precedes"/>
    <frameRelation type="Is Preceded by"/>
    <frameRelation type="Is Inchoative of"/>
    <frameRelation type="Is Causative of"/>
    <frameRelation type="See also"/>
    <lexUnit status="Needs_SCs" POS="N" name="citizen.n" ID="10245" lemmaID="6585" cBy="JKR" cDate="03/08/2004 02:57:12 PST Mon">
        <definition>FN: a legally recognized subject of a political jurisdiction, typically a nation</definition>
        <sentenceCount annotated="9" total="147"/>
        <lexeme order="1" headword="false" breakBefore="false" POS="N" name="citizen"/>
    </lexUnit>
    <lexUnit status="Created" POS="N" name="parishioner.n" ID="10246" lemmaID="27839" cBy="JKR" cDate="03/08/2004 02:57:47 PST Mon">
        <definition>FN: a person who belongs to a particular Church parish</definition>
        <sentenceCount annotated="1" total="1"/>
        <lexeme order="1" headword="false" breakBefore="false" POS="N" name="parishioner"/>
    </lexUnit>
    <lexUnit status="Created" POS="N" name="national.n" ID="10248" lemmaID="25467" cBy="JKR" cDate="03/08/2004 03:00:18 PST Mon">
        <definition>COD: a citizen of a particular country.</definition>
        <sentenceCount annotated="0" total="0"/>
        <lexeme order="1" headword="false" breakBefore="false" POS="N" name="national"/>
    </lexUnit>
    <lexUnit status="Created" POS="N" name="subject.n" ID="10249" lemmaID="38523" cBy="JKR" cDate="03/08/2004 03:01:39 PST Mon">
        <definition>COD: a member of a state owing allegiance to its monarch or supreme ruler</definition>
        <sentenceCount annotated="1" total="1"/>
        <lexeme order="1" headword="false" breakBefore="false" POS="N" name="subject"/>
    </lexUnit>
    <lexUnit status="Created" POS="N" name="citizenry.n" ID="10252" lemmaID="6586" cBy="JKR" cDate="03/08/2004 03:07:44 PST Mon">
        <definition>FN: a whole body of citizens</definition>
        <sentenceCount annotated="0" total="0"/>
        <lexeme order="1" headword="false" breakBefore="false" POS="N" name="citizenry"/>
    </lexUnit>
</frame>