<?xml version="1.0" encoding="UTF-8" standalone="yes"?>
<?xml-stylesheet type="text/xsl" href="frame.xsl"?>
<frame cBy="MJE" cDate="09/26/2002 06:07:43 PDT Thu" name="Performing_arts" ID="405" xsi:schemaLocation="../schema/frame.xsd" xmlns="http://framenet.icsi.berkeley.edu" xmlns:xsi="http://www.w3.org/2001/XMLSchema-instance">
    <definition>&lt;def-root&gt;The &lt;fen&gt;Performer&lt;/fen&gt;s, together with behind the scenes &lt;fen&gt;Personnel&lt;/fen&gt;, execute a &lt;fen&gt;Performance&lt;/fen&gt; according to a &lt;fen&gt;Script&lt;/fen&gt; and/or &lt;fen&gt;Score&lt;/fen&gt;.  The purpose of the &lt;fen&gt;Performance&lt;/fen&gt; is to create an experience for an &lt;fen&gt;Audience&lt;/fen&gt;, who then judge its merits.  &lt;fen&gt;Performance&lt;/fen&gt;s may be in many different &lt;fen&gt;Medium&lt;/fen&gt;s and be of various &lt;fen&gt;Type&lt;/fen&gt;s.  
This frame is very elaborate in modern society and there are a number of traditions and practices typically (but not necessarily) related to &lt;fen&gt;Performance&lt;/fen&gt;s:
      The &lt;fen&gt;Performance&lt;/fen&gt; is preceded by many practice sessions in which the &lt;fen&gt;Performer&lt;/fen&gt;s and other &lt;fen&gt;Personnel&lt;/fen&gt; attempt to improve the quality and/or fidelity of their individual and collective performances to the Script and/or Score.  
      The &lt;fen&gt;Audience&lt;/fen&gt; members pay a fee to experience the &lt;fen&gt;Performance&lt;/fen&gt;.
      The &lt;fen&gt;Performer&lt;/fen&gt;s (and &lt;fen&gt;Personnel&lt;/fen&gt;) receive payment for contributing to the &lt;fen&gt;Performance&lt;/fen&gt;.
      Often there are other individuals involved in the specifically financial aspects of the &lt;fen&gt;Performance&lt;/fen&gt; and &lt;fen&gt;Performer&lt;/fen&gt;s.
      Critics act as part of the &lt;fen&gt;Audience&lt;/fen&gt; and then write reviews that evaluate the merits of the &lt;fen&gt;Performance&lt;/fen&gt;, describing the &lt;fen&gt;Performance&lt;/fen&gt; to other potential &lt;fen&gt;Audience&lt;/fen&gt; members.
      Due to the high quality of previous &lt;fen&gt;Performance&lt;/fen&gt;s, &lt;fen&gt;Performer&lt;/fen&gt;s can become famous, i.e. well known and liked.  Those who like them particularly well become fans of the &lt;fen&gt;Performer&lt;/fen&gt;.  (Shared with writers...)&lt;/def-root&gt;</definition>
    <semType name="Non-perspectivalized_frame" ID="52"/>
    <FE bgColor="0000FF" fgColor="FFFFFF" coreType="Core" cBy="MJE" cDate="09/26/2002 06:34:42 PDT Thu" abbrev="Perfer" name="Performer" ID="3735">
        <definition>&lt;def-root&gt;The &lt;fen&gt;Performer&lt;/fen&gt; provides an experience for the &lt;fen&gt;Audience&lt;/fen&gt;.&lt;/def-root&gt;</definition>
    </FE>
    <FE bgColor="FF0000" fgColor="FFFFFF" coreType="Core" cBy="MJE" cDate="09/26/2002 06:39:25 PDT Thu" abbrev="Psnl" name="Personnel" ID="3736">
        <definition>&lt;def-root&gt;The &lt;fen&gt;Personnel&lt;/fen&gt;, including writers, producers, stage hands, key grips, etc., contribute to the &lt;fen&gt;Performance&lt;/fen&gt; without actually being directly perceived by the &lt;fen&gt;Audience&lt;/fen&gt;.&lt;/def-root&gt;</definition>
    </FE>
    <FE bgColor="006400" fgColor="FFFFFF" coreType="Core" cBy="MJE" cDate="09/26/2002 06:40:54 PDT Thu" abbrev="Aud" name="Audience" ID="3737">
        <definition>&lt;def-root&gt;The &lt;fen&gt;Audience&lt;/fen&gt; experiences the &lt;fen&gt;Performance&lt;/fen&gt;.&lt;/def-root&gt;</definition>
    </FE>
    <FE bgColor="800080" fgColor="FFFFFF" coreType="Core" cBy="MJE" cDate="09/26/2002 06:42:58 PDT Thu" abbrev="Perance" name="Performance" ID="3738">
        <definition>&lt;def-root&gt;The experience generated by the &lt;fen&gt;Performer&lt;/fen&gt;s and perceived by the &lt;fen&gt;Audience&lt;/fen&gt; .&lt;/def-root&gt;</definition>
    </FE>
    <FE bgColor="9400D3" fgColor="FFFFFF" coreType="Core" cBy="MJE" cDate="09/26/2002 07:01:39 PDT Thu" abbrev="Scpt" name="Script" ID="3741">
        <definition>&lt;def-root&gt;The (usually written) directions which instruct the &lt;fen&gt;Performer&lt;/fen&gt;s on what actions to perform, when, and how.  It has many different names depending on the &lt;fen&gt;Type&lt;/fen&gt; of &lt;fen&gt;Performance&lt;/fen&gt; including &lt;ment&gt;script&lt;/ment&gt;, &lt;ment&gt;screenplay&lt;/ment&gt;, &lt;ment&gt;libretto&lt;/ment&gt;, &lt;ment&gt;book&lt;/ment&gt;, and &lt;ment&gt;choreography&lt;/ment&gt;.&lt;/def-root&gt;</definition>
    </FE>
    <FE bgColor="FF69B4" fgColor="FFFFFF" coreType="Core" cBy="MJE" cDate="09/26/2002 07:03:47 PDT Thu" abbrev="Scr" name="Score" ID="3742">
        <definition>&lt;def-root&gt;The &lt;fen&gt;Score&lt;/fen&gt; may be performed in the &lt;fen&gt;Performance&lt;/fen&gt;, either in isolation or accompanying actions and speech.&lt;/def-root&gt;</definition>
    </FE>
    <FE bgColor="9F79EE" fgColor="FFFFFF" coreType="Core" cBy="MJE" cDate="09/26/2002 07:04:25 PDT Thu" abbrev="Typ" name="Type" ID="3743">
        <definition>&lt;def-root&gt;This FE indicates the &lt;fen&gt;Type&lt;/fen&gt; of &lt;fen&gt;Performance&lt;/fen&gt;, including &lt;ment&gt;dance&lt;/ment&gt;, &lt;ment&gt;theater&lt;/ment&gt;, &lt;ment&gt;film&lt;/ment&gt;, etc.
&lt;/def-root&gt;</definition>
    </FE>
    <FE bgColor="00BFFF" fgColor="FFFFFF" coreType="Core" cBy="MJE" cDate="09/26/2002 07:06:45 PDT Thu" abbrev="Medium" name="Medium" ID="3744">
        <definition>&lt;def-root&gt;&lt;fen&gt;Medium&lt;/fen&gt; is the physical entity or channel used by the &lt;fen&gt;Performer&lt;/fen&gt; to transmit the &lt;fen&gt;Performance&lt;/fen&gt; to the &lt;fen&gt;Audience&lt;/fen&gt;.&lt;/def-root&gt;</definition>
    </FE>
    <frameRelation type="Inherits from"/>
    <frameRelation type="Is Inherited by"/>
    <frameRelation type="Perspective on"/>
    <frameRelation type="Is Perspectivized in"/>
    <frameRelation type="Uses"/>
    <frameRelation type="Is Used by">
        <relatedFrame ID="413">Performers_and_roles</relatedFrame>
        <relatedFrame ID="409">Behind_the_scenes</relatedFrame>
    </frameRelation>
    <frameRelation type="Subframe of"/>
    <frameRelation type="Has Subframe(s)"/>
    <frameRelation type="Precedes"/>
    <frameRelation type="Is Preceded by"/>
    <frameRelation type="Is Inchoative of"/>
    <frameRelation type="Is Causative of"/>
    <frameRelation type="See also"/>
    <lexUnit status="Created" POS="N" name="music.n" ID="13846" lemmaID="25269" cBy="MJE" cDate="02/25/2007 04:01:11 PST Sun">
        <definition>COD: the art or science of combining vocal or instrumental sounds (or both) to produce beauty of form, harmony, and expression of emotion.

</definition>
        <sentenceCount annotated="4" total="4"/>
        <lexeme order="1" headword="false" breakBefore="false" POS="N" name="music"/>
    </lexUnit>
    <lexUnit status="Created" POS="N" name="performance.n" ID="13848" lemmaID="28443" cBy="MJE" cDate="02/25/2007 04:12:57 PST Sun">
        <definition>COD: an act of performing a play, concert, or other form of entertainment.</definition>
        <sentenceCount annotated="2" total="2"/>
        <lexeme order="1" headword="false" breakBefore="false" POS="N" name="performance"/>
    </lexUnit>
    <lexUnit status="Created" POS="N" name="play.n" ID="14194" lemmaID="29308" cBy="KmG" cDate="03/28/2007 02:05:22 PDT Wed">
        <definition>COD: a dramatic work for the stage or to be broadcast.</definition>
        <sentenceCount annotated="0" total="0"/>
        <lexeme order="1" headword="false" breakBefore="false" POS="N" name="play"/>
    </lexUnit>
</frame>