<?xml version="1.0" encoding="UTF-8" standalone="yes"?>
<?xml-stylesheet type="text/xsl" href="frame.xsl"?>
<frame cBy="JKR" cDate="04/09/2004 04:38:50 PDT Fri" name="Performers" ID="1080" xsi:schemaLocation="../schema/frame.xsd" xmlns="http://framenet.icsi.berkeley.edu" xmlns:xsi="http://www.w3.org/2001/XMLSchema-instance">
    <definition>&lt;def-root&gt;This frame contains words for Individuals as viewed in terms of their participation in artistic performances. 

The &lt;fen&gt;Person&lt;/fen&gt; is conceived of as independent of other specific individuals with whom they have relationships. They may have a &lt;fen&gt;Descriptor&lt;/fen&gt;, &lt;fen&gt;Origin&lt;/fen&gt;, &lt;fen&gt;Persistent_characteristic&lt;/fen&gt;, or &lt;fen&gt;Ethnicity&lt;/fen&gt;. A specific &lt;fen&gt;Age&lt;/fen&gt; may sometimes be specified as well.

&lt;ex&gt;&lt;fex name="Person"&gt;Smithers&lt;/fex&gt; is an &lt;t&gt;actor&lt;/t&gt;.&lt;/ex&gt;&lt;/def-root&gt;</definition>
    <FE bgColor="0000FF" fgColor="FFFFFF" coreType="Peripheral" cBy="JKR" cDate="04/09/2004 04:38:50 PDT Fri" abbrev="Ori" name="Origin" ID="6282">
        <definition>&lt;def-root&gt;The &lt;fen&gt;Origin&lt;/fen&gt; is the place where the &lt;fen&gt;Person&lt;/fen&gt; was born or lived a salient part of her or his life.

&lt;ex&gt;Sir Alec Guiness was a &lt;fex name="Ori"&gt;British&lt;/fex&gt; &lt;t&gt;actor&lt;/t&gt; until his death.&lt;/ex&gt;&lt;/def-root&gt;</definition>
    </FE>
    <FE bgColor="FF0000" fgColor="FFFFFF" coreType="Core" cBy="JKR" cDate="04/09/2004 04:38:50 PDT Fri" abbrev="Person" name="Person" ID="6283">
        <definition>&lt;def-root&gt;The &lt;fen&gt;Person&lt;/fen&gt; is the human being.

&lt;ex&gt;&lt;fex name="Person"&gt;Smithers&lt;/fex&gt; is a brilliant &lt;t&gt;actor&lt;/t&gt;.&lt;/ex&gt; 

&lt;ex&gt;That &lt;t&gt;actor&lt;/t&gt; was terrible.&lt;/ex&gt;

(Note that the Person FE is incorporated in the LU actor.n, so the FE need not be explicitly marked unless an overy Person is named.)&lt;/def-root&gt;</definition>
        <semType name="Human" ID="80"/>
    </FE>
    <FE bgColor="006400" fgColor="FFFFFF" coreType="Peripheral" cBy="JKR" cDate="04/09/2004 04:38:51 PDT Fri" abbrev="psc" name="Persistent_characteristic" ID="6284">
        <definition>&lt;def-root&gt;The &lt;fen&gt;Persistent_characteristic&lt;/fen&gt; is a physiological characteristic or personality trait of the &lt;fen&gt;Person&lt;/fen&gt; which is conceived of as persisting over time.

&lt;ex&gt;Billy Throb is a  &lt;fex name="psc"&gt;swarthy&lt;/fex&gt; &lt;t&gt;actor&lt;/t&gt; who frequently plays in scary movies.&lt;/ex&gt;&lt;/def-root&gt;</definition>
    </FE>
    <FE bgColor="00BFFF" fgColor="FFFFFF" coreType="Peripheral" cBy="JKR" cDate="04/09/2004 04:38:51 PDT Fri" abbrev="desc" name="Descriptor" ID="6285">
        <definition>&lt;def-root&gt;The &lt;fen&gt;Descriptor&lt;/fen&gt; is a temporary condition of the &lt;fen&gt;Person&lt;/fen&gt;.

&lt;ex&gt;Hundreds of &lt;fex name="desc"&gt;angry&lt;/fex&gt; &lt;t&gt;actors&lt;/t&gt; were protesting against the new contract&lt;/ex&gt;&lt;/def-root&gt;</definition>
    </FE>
    <FE bgColor="00008B" fgColor="FFFFFF" coreType="Peripheral" cBy="JKR" cDate="04/09/2004 04:38:51 PDT Fri" abbrev="age" name="Age" ID="6286">
        <definition>&lt;def-root&gt;The &lt;fen&gt;Age&lt;/fen&gt; is the length of time the &lt;fen&gt;Person&lt;/fen&gt; has been alive.

&lt;ex&gt;I need help with the name of an &lt;fex name="age"&gt;old&lt;/fex&gt; &lt;t&gt;actor&lt;/t&gt;&lt;/ex&gt;&lt;/def-root&gt;</definition>
    </FE>
    <FE bgColor="800080" fgColor="FFFFFF" coreType="Peripheral" cBy="JKR" cDate="04/09/2004 04:38:51 PDT Fri" abbrev="eth" name="Ethnicity" ID="6287">
        <definition>&lt;def-root&gt;The &lt;fen&gt;Ethnicity&lt;/fen&gt; is the religious, racial, national, socio-economic or cultural group to which the &lt;fen&gt;Person&lt;/fen&gt; belongs.

&lt;ex&gt;She's one of the most famous &lt;fex name="eth"&gt;black&lt;/fex&gt; &lt;t&gt;actresses&lt;/t&gt; around today&lt;/ex&gt;&lt;/def-root&gt;</definition>
    </FE>
    <FE bgColor="FFA500" fgColor="000000" coreType="Peripheral" cBy="JKR" cDate="04/09/2004 04:38:51 PDT Fri" abbrev="coa" name="Context_of_acquaintance" ID="6288">
        <definition>&lt;def-root&gt;An expression indicating the context with which the &lt;fen&gt;Person&lt;/fen&gt; is associated.

&lt;ex&gt;Is she the &lt;t&gt;actress&lt;/t&gt; &lt;fex name="coa"&gt;from the movie we saw last night&lt;/fex&gt;?&lt;/ex&gt;&lt;/def-root&gt;</definition>
    </FE>
    <FE bgColor="7CCD7C" fgColor="FFFFFF" coreType="Peripheral" cBy="JKR" cDate="04/09/2004 04:38:51 PDT Fri" abbrev="rnk" name="Rank" ID="6289">
        <definition>&lt;def-root&gt;&lt;fen&gt;Rank&lt;/fen&gt; is the position in a hierarchy that a &lt;fen&gt;Person&lt;/fen&gt; occupies within a performance.
 	
&lt;ex&gt;Robin is the &lt;fex name="rnk"&gt;lead&lt;/fex&gt; &lt;t&gt;actress&lt;/t&gt; in La Notte.&lt;/ex&gt;
 &lt;/def-root&gt;</definition>
    </FE>
    <FE bgColor="FF00FF" fgColor="FFFFFF" coreType="Peripheral" cBy="JKR" cDate="04/09/2004 04:38:51 PDT Fri" abbrev="poe" name="Place_of_employment" ID="6291">
        <definition>&lt;def-root&gt;This FE identifies the Place where the &lt;fen&gt;Person&lt;/fen&gt; works.

&lt;ex&gt;&lt;t&gt;Actors&lt;/t&gt; &lt;fex name="poe"&gt;at the Theater on the Square&lt;/fex&gt; went on strike&lt;/ex&gt;&lt;/def-root&gt;</definition>
    </FE>
    <FE bgColor="1E90FF" fgColor="FFFFFF" coreType="Peripheral" cBy="JKR" cDate="04/09/2004 04:38:51 PDT Fri" abbrev="emp" name="Employer" ID="6292">
        <definition>&lt;def-root&gt;The &lt;fen&gt;Employer&lt;/fen&gt; gives compensation to an &lt;fen&gt;Person&lt;/fen&gt; for their work.

&lt;ex&gt;Margaret's fortunes improved in 1949 when she joined a host of young &lt;fex name="emp"&gt;MGM&lt;/fex&gt; &lt;t&gt;actresses&lt;/t&gt;&lt;/ex&gt;&lt;/def-root&gt;</definition>
    </FE>
    <FE bgColor="A52A2A" fgColor="FFFFFF" coreType="Peripheral" cBy="JKR" cDate="04/09/2004 04:38:51 PDT Fri" abbrev="typ" name="Type" ID="6293">
        <definition>&lt;def-root&gt;This FE identifies the &lt;fen&gt;Type&lt;/fen&gt; of performer the &lt;fen&gt;Person&lt;/fen&gt; is.


&lt;ex&gt;Smithers is a &lt;fex name="typ"&gt;stage&lt;/fex&gt; &lt;t&gt;actor&lt;/t&gt;&lt;/ex&gt;&lt;/def-root&gt;</definition>
    </FE>
    <FE bgColor="9400D3" fgColor="FFFFFF" coreType="Peripheral" cBy="JKR" cDate="04/09/2004 04:38:51 PDT Fri" abbrev="com" name="Compensation" ID="6294">
        <definition>&lt;def-root&gt;The &lt;fen&gt;Compensation&lt;/fen&gt; is the payment that the &lt;fen&gt;Person&lt;/fen&gt; receives for performing a task.

&lt;ex&gt;Barney Smith is a &lt;fex name="com"&gt;highly-paid&lt;/fex&gt; &lt;t&gt;actor&lt;/t&gt;&lt;/ex&gt;&lt;/def-root&gt;</definition>
    </FE>
    <FE bgColor="FF00FF" fgColor="FFFFFF" coreType="Peripheral" cBy="JKR" cDate="04/09/2004 04:38:51 PDT Fri" abbrev="cb" name="Contract_basis" ID="6295">
        <definition>&lt;def-root&gt;The &lt;fen&gt;Contract_basis&lt;/fen&gt; describes the conditions of employment with respect to permanency, hours per time period, or payment basis.

&lt;ex&gt;Smithers is a &lt;fex name="cb"&gt;part-time&lt;/fex&gt; &lt;t&gt;actor&lt;/t&gt; at the National Theater &lt;/ex&gt;&lt;/def-root&gt;</definition>
    </FE>
    <frameRelation type="Inherits from">
        <relatedFrame ID="1071">People_by_vocation</relatedFrame>
    </frameRelation>
    <frameRelation type="Is Inherited by"/>
    <frameRelation type="Perspective on"/>
    <frameRelation type="Is Perspectivized in"/>
    <frameRelation type="Uses">
        <relatedFrame ID="413">Performers_and_roles</relatedFrame>
    </frameRelation>
    <frameRelation type="Is Used by"/>
    <frameRelation type="Subframe of"/>
    <frameRelation type="Has Subframe(s)"/>
    <frameRelation type="Precedes"/>
    <frameRelation type="Is Preceded by"/>
    <frameRelation type="Is Inchoative of"/>
    <frameRelation type="Is Causative of"/>
    <frameRelation type="See also"/>
    <lexUnit status="Created" POS="N" name="actress.n" ID="10473" lemmaID="418" cBy="JKR" cDate="05/03/2004 02:54:48 PDT Mon">
        <definition>FN: a woman who performs a role in a theatrical performance</definition>
        <sentenceCount annotated="0" total="0"/>
        <lexeme order="1" headword="false" breakBefore="false" POS="N" name="actress"/>
    </lexUnit>
    <lexUnit status="Created" POS="N" name="actor.n" ID="10474" lemmaID="417" cBy="JKR" cDate="05/03/2004 02:56:20 PDT Mon">
        <definition>FN: a person who performs a role in a theatrical performance</definition>
        <sentenceCount annotated="0" total="0"/>
        <lexeme order="1" headword="false" breakBefore="false" POS="N" name="actor"/>
    </lexUnit>
    <lexUnit status="Needs_SCs" POS="N" name="player.n" ID="13427" lemmaID="29318" cBy="RLG" cDate="08/08/2006 02:48:12 PDT Tue">
        <definition>COD: an actor.</definition>
        <sentenceCount annotated="7" total="218"/>
        <lexeme order="1" headword="false" breakBefore="false" POS="N" name="player"/>
    </lexUnit>
    <lexUnit status="Created" POS="N" name="musician.n" ID="14680" lemmaID="25273" cBy="JKs" cDate="01/23/2008 02:14:41 PST Wed">
        <definition>FN: a person who plays music in a concert</definition>
        <sentenceCount annotated="0" total="0"/>
        <lexeme order="1" headword="false" breakBefore="false" POS="N" name="musician"/>
    </lexUnit>
</frame>