<?xml version="1.0" encoding="UTF-8" standalone="yes"?>
<?xml-stylesheet type="text/xsl" href="frame.xsl"?>
<frame cBy="HCB" cDate="05/31/2001 02:56:06 PDT Thu" name="Piracy" ID="123" xsi:schemaLocation="../schema/frame.xsd" xmlns="http://framenet.icsi.berkeley.edu" xmlns:xsi="http://www.w3.org/2001/XMLSchema-instance">
    <definition>&lt;def-root&gt;The words in this frame describe situations in which a &lt;fen&gt;Perpetrator&lt;/fen&gt; forcibly seizes control over a &lt;fen&gt;Victim&lt;/fen&gt;'s &lt;fen&gt;Vehicle&lt;/fen&gt; to gain some end. 
&lt;ex&gt;&lt;/ex&gt;
&lt;ex&gt;&lt;fex name="Perp"&gt;French farmers&lt;/fex&gt; have &lt;t&gt;hijacked&lt;/t&gt; &lt;fex name="Vehicle"&gt;a lorry&lt;/fex&gt; and destroyed its load of strawberries.&lt;/ex&gt;

&lt;ex&gt;But &lt;fex name="Perp"&gt;attackers&lt;/fex&gt; have &lt;t&gt;hijacked&lt;/t&gt; &lt;fex name="Vehicle"&gt;cars waiting at traffic lights and road junctions&lt;/fex&gt; &lt;fex name="Means"&gt;by simply opening the passenger door, jumping in and forcing the driver to a more deserted area&lt;/fex&gt;.&lt;/ex&gt;&lt;/def-root&gt;</definition>
    <FE bgColor="FF0000" fgColor="FFFFFF" coreType="Core" cBy="HCB" cDate="05/31/2001 03:00:46 PDT Thu" abbrev="Perp" name="Perpetrator" ID="659">
        <definition>&lt;def-root&gt;This is the person (or other agent) who forcibly seizes control over a vehicle to gain some end.&lt;/def-root&gt;</definition>
        <semType name="Sentient" ID="5"/>
    </FE>
    <FE bgColor="00008B" fgColor="FFFFFF" coreType="Core" cBy="HCB" cDate="05/31/2001 03:04:52 PDT Thu" abbrev="Veh" name="Vehicle" ID="660">
        <definition>&lt;def-root&gt;This is the means of transportation which gets under the control of the perpetrator. Example: The terrorists hijacked &lt;fex name="Vehicle"&gt;the plane&lt;/fex&gt;.&lt;/def-root&gt;</definition>
    </FE>
    <FE bgColor="800080" fgColor="FFFFFF" coreType="Core" cBy="HCB" cDate="05/31/2001 03:16:42 PDT Thu" abbrev="Vic" name="Victim" ID="661">
        <definition>&lt;def-root&gt;This FE describes the people that are suffering as a result of the &lt;fen&gt;Perpetrator&lt;/fen&gt;'s action. 
&lt;ex&gt;The rebels skyjacked a plane &lt;fex name="Victim"&gt;with 89 passangers&lt;/fex&gt;.&lt;/ex&gt;&lt;/def-root&gt;</definition>
        <semType name="Sentient" ID="5"/>
    </FE>
    <FE bgColor="FF69B4" fgColor="FFFFFF" coreType="Peripheral" cBy="HCB" cDate="05/31/2001 03:17:06 PDT Thu" abbrev="Degr" name="Degree" ID="662">
        <definition>&lt;def-root&gt;Degree to which event occurs&lt;/def-root&gt;</definition>
        <semType name="Degree" ID="172"/>
    </FE>
    <FE bgColor="FFFFFF" fgColor="FF0000" coreType="Peripheral" cBy="HCB" cDate="05/31/2001 03:17:06 PDT Thu" abbrev="Evnt" name="Event" ID="665">
        <definition>&lt;def-root&gt;The unlawful seizure of a &lt;fen&gt;Vehicle&lt;/fen&gt; by a &lt;fen&gt;Perpetrator&lt;/fen&gt;.&lt;/def-root&gt;</definition>
        <semType name="State_of_affairs" ID="177"/>
    </FE>
    <FE bgColor="FF00FF" fgColor="FFFFFF" coreType="Peripheral" cBy="HCB" cDate="05/31/2001 03:17:06 PDT Thu" abbrev="Manr" name="Manner" ID="666">
        <definition>&lt;def-root&gt;Manner of performing an action&lt;/def-root&gt;</definition>
        <semType name="Manner" ID="173"/>
    </FE>
    <FE bgColor="0000FF" fgColor="FFFFFF" coreType="Peripheral" cBy="HCB" cDate="05/31/2001 03:17:06 PDT Thu" abbrev="Means" name="Means" ID="667">
        <definition>&lt;def-root&gt;An act performed by the &lt;fen&gt;Perpetrator&lt;/fen&gt; by which the seizure of the &lt;fen&gt;Vehicle&lt;/fen&gt; is accomplished.&lt;/def-root&gt;</definition>
        <semType name="State_of_affairs" ID="177"/>
    </FE>
    <FE bgColor="FFFF00" fgColor="000000" coreType="Peripheral" cBy="HCB" cDate="05/31/2001 03:18:57 PDT Thu" abbrev="Duration" name="Duration" ID="670">
        <definition>&lt;def-root&gt;The amount of time for which a state holds or a process is ongoing.&lt;/def-root&gt;</definition>
        <semType name="Duration" ID="142"/>
    </FE>
    <FE bgColor="FFA500" fgColor="FFFFFF" coreType="Peripheral" cBy="HCB" cDate="05/31/2001 03:18:57 PDT Thu" abbrev="Place" name="Place" ID="672">
        <definition>&lt;def-root&gt;Where the event takes place.&lt;/def-root&gt;</definition>
        <semType name="Locative_relation" ID="182"/>
    </FE>
    <FE bgColor="7CCD7C" fgColor="000000" coreType="Peripheral" cBy="HCB" cDate="05/31/2001 03:18:57 PDT Thu" abbrev="" name="Time" ID="673">
        <definition>&lt;def-root&gt;When the event occurs.&lt;/def-root&gt;</definition>
        <semType name="Time" ID="141"/>
    </FE>
    <FE bgColor="00BFFF" fgColor="FFFFFF" coreType="Peripheral" cBy="HCB" cDate="05/31/2001 03:20:27 PDT Thu" abbrev="Goal" name="Goal" ID="674">
        <definition>&lt;def-root&gt;This is the place to which the vehicle is directed.&lt;/def-root&gt;</definition>
        <semType name="Goal" ID="153"/>
    </FE>
    <FE bgColor="006400" fgColor="FFFFFF" coreType="Peripheral" cBy="HCB" cDate="05/31/2001 03:22:29 PDT Thu" abbrev="Src" name="Source" ID="675">
        <definition>&lt;def-root&gt;This is the place from which the vehicle is taken away.&lt;/def-root&gt;</definition>
        <semType name="Source" ID="151"/>
    </FE>
    <FE bgColor="9400D3" fgColor="FFFFFF" coreType="Peripheral" cBy="MJE" cDate="06/11/2003 01:55:37 PDT Wed" abbrev="" name="Purpose" ID="4615">
        <definition>&lt;def-root&gt;The action that the &lt;fen&gt;Perpetrator&lt;/fen&gt; is trying to accomplish by piracy.

&lt;ex&gt;We have &lt;t&gt;hijacked&lt;/t&gt; this plane &lt;fex name="Purpose"&gt;just to show how easy it is&lt;/fex&gt;.&lt;/ex&gt;&lt;/def-root&gt;</definition>
        <semType name="State_of_affairs" ID="177"/>
    </FE>
    <FE bgColor="90876C" fgColor="FFFFFF" coreType="Extra-Thematic" cBy="MJE" cDate="06/11/2003 02:02:04 PDT Wed" abbrev="exp" name="Explanation" ID="4616">
        <definition>&lt;def-root&gt;The situation that the &lt;fen&gt;Perpetrator&lt;/fen&gt; had in mind which lead to the decision to perpetrate the particular act of piracy.

&lt;ex&gt;He &lt;t&gt;carjacked&lt;/t&gt; the Lincoln Towncar instead &lt;fex name="exp"&gt;because it looked ritzier&lt;/fex&gt;.&lt;/ex&gt;&lt;/def-root&gt;</definition>
        <semType name="State_of_affairs" ID="177"/>
    </FE>
    <FE bgColor="A52A2A" fgColor="FFFFFF" coreType="Peripheral" cBy="Hay" cDate="10/02/2003 11:37:01 PDT Thu" abbrev="Inst" name="Instrument" ID="5428">
        <definition>&lt;def-root&gt;An object that the &lt;fen&gt;Perpetrator&lt;/fen&gt; uses in taking control of the &lt;fen&gt;Vehicle&lt;/fen&gt;.

&lt;ex&gt;The plane was &lt;t&gt;hijacked&lt;/t&gt; &lt;fex name="Instrument"&gt;with knives&lt;/fex&gt;&lt;/ex&gt;&lt;/def-root&gt;</definition>
        <semType name="Physical_entity" ID="70"/>
    </FE>
    <FE bgColor="0000FF" fgColor="FFFFFF" coreType="Extra-Thematic" cBy="Hay" cDate="10/02/2003 11:40:55 PDT Thu" abbrev="Freq" name="Frequency" ID="5466">
        <definition>&lt;def-root&gt;The number of times that the &lt;t&gt;Vehicle&lt;/t&gt; is seized in acts of piracy.

&lt;ex&gt;The ferry that Kenneth was on was &lt;t&gt;hijacked&lt;/t&gt; &lt;fex name="Frequency"&gt;twice&lt;/fex&gt; in three days&lt;/ex&gt;&lt;/def-root&gt;</definition>
    </FE>
    <FEcoreSet>
        <memberFE name="Vehicle" ID="660"/>
        <memberFE name="Victim" ID="661"/>
    </FEcoreSet>
    <frameRelation type="Inherits from">
        <relatedFrame ID="700">Committing_crime</relatedFrame>
        <relatedFrame ID="198">Intentionally_act</relatedFrame>
    </frameRelation>
    <frameRelation type="Is Inherited by"/>
    <frameRelation type="Perspective on"/>
    <frameRelation type="Is Perspectivized in"/>
    <frameRelation type="Uses">
        <relatedFrame ID="65">Operate_vehicle</relatedFrame>
    </frameRelation>
    <frameRelation type="Is Used by"/>
    <frameRelation type="Subframe of"/>
    <frameRelation type="Has Subframe(s)"/>
    <frameRelation type="Precedes"/>
    <frameRelation type="Is Preceded by"/>
    <frameRelation type="Is Inchoative of"/>
    <frameRelation type="Is Causative of"/>
    <frameRelation type="See also"/>
    <lexUnit status="Finished_Initial" POS="V" name="hijack.v" ID="2471" lemmaID="44920" cBy="HCB" cDate="05/31/2001 03:26:53 PDT Thu">
        <definition>COD: illegally seize control of (an aircraft, ship, or vehicle) while in transit. </definition>
        <sentenceCount annotated="58" total="161"/>
        <lexeme order="1" headword="false" breakBefore="false" POS="V" name="hijack"/>
    </lexUnit>
    <lexUnit status="Finished_Initial" POS="N" name="hijacking.n" ID="2472" lemmaID="18086" cBy="HCB" cDate="05/31/2001 03:58:58 PDT Thu">
        <definition>FN: the act or instance of being illegally seized (as an aircraft, ship, or vehicle) while in transit</definition>
        <sentenceCount annotated="12" total="22"/>
        <lexeme order="1" headword="false" breakBefore="false" POS="N" name="hijacking"/>
    </lexUnit>
    <lexUnit status="Finished_Initial" POS="N" name="hijacker.n" ID="2473" lemmaID="44921" cBy="HCB" cDate="05/31/2001 04:10:48 PDT Thu">
        <definition>FN: one who illegally seizes control of (an aircraft, ship, or vehicle) while in transit</definition>
        <sentenceCount annotated="22" total="38"/>
        <lexeme order="1" headword="false" breakBefore="false" POS="N" name="hijacker"/>
    </lexUnit>
    <lexUnit status="Finished_Initial" POS="N" name="carjacking.n" ID="2474" lemmaID="44922" cBy="HCB" cDate="05/31/2001 04:15:21 PDT Thu">
        <definition>COD: the action of stealing a car after violently ejecting its driver. </definition>
        <sentenceCount annotated="6" total="34"/>
        <lexeme order="1" headword="false" breakBefore="false" POS="N" name="carjacking"/>
    </lexUnit>
    <lexUnit status="Finished_Initial" POS="A" name="hijacked.a" ID="2475" lemmaID="44923" cBy="HCB" cDate="05/31/2001 04:17:52 PDT Thu">
        <definition>FN: having been illegally seized (as an aircraft, ship, or vehicle) while in transit</definition>
        <sentenceCount annotated="9" total="14"/>
        <lexeme order="1" headword="false" breakBefore="false" POS="A" name="hijacked"/>
    </lexUnit>
    <lexUnit status="Finished_Initial" POS="N" name="piracy.n" ID="2476" lemmaID="29116" cBy="HCB" cDate="05/31/2001 04:29:05 PDT Thu">
        <definition>COD: the practice of attacking and robbing ships at sea, or a similar practice in other contexts, especially hijacking. </definition>
        <sentenceCount annotated="13" total="60"/>
        <lexeme order="1" headword="false" breakBefore="false" POS="N" name="piracy"/>
    </lexUnit>
    <lexUnit status="Created" POS="V" name="pirate.v" ID="4805" lemmaID="29119" cBy="MJE" cDate="02/04/2002 04:25:15 PST Mon">
        <definition>COD: rob or plunder (a ship). </definition>
        <sentenceCount annotated="1" total="1"/>
        <lexeme order="1" headword="false" breakBefore="false" POS="V" name="pirate"/>
    </lexUnit>
    <lexUnit status="Created" POS="V" name="carjack.v" ID="11297" lemmaID="49731" cBy="MiL" cDate="11/23/2004 02:17:14 PST Tue">
        <definition>FN: steal someone's car while they are driving it. </definition>
        <sentenceCount annotated="0" total="0"/>
        <lexeme order="1" headword="true" breakBefore="false" POS="V" name="carjack"/>
    </lexUnit>
</frame>