<?xml version="1.0" encoding="UTF-8" standalone="yes"?>
<?xml-stylesheet type="text/xsl" href="frame.xsl"?>
<frame cBy="WMcQ" cDate="09/09/2014 12:08:04 PDT Tue" name="Plants" ID="2850" xsi:schemaLocation="../schema/frame.xsd" xmlns="http://framenet.icsi.berkeley.edu" xmlns:xsi="http://www.w3.org/2001/XMLSchema-instance">
    <definition>&lt;def-root&gt;The LUs in this frame refer to biological entities other than human beings and animals, which are labeled by the FE &lt;fen&gt;Plant&lt;/fen&gt;.&lt;/def-root&gt;</definition>
    <FE bgColor="008000" fgColor="FFD700" coreType="Core" cBy="WMcQ" cDate="09/09/2014 12:09:17 PDT Tue" abbrev="" name="Plant" ID="16193">
        <definition>&lt;def-root&gt;The living organism belonging to the kingdom Plantae.&lt;/def-root&gt;</definition>
    </FE>
    <FE bgColor="9400D3" fgColor="FFFFFF" coreType="Peripheral" cBy="WMcQ" cDate="09/09/2014 12:25:41 PDT Tue" abbrev="" name="Characteristic" ID="16194">
        <definition>&lt;def-root&gt;A quality of the &lt;fen&gt;Plant&lt;/fen&gt;.&lt;/def-root&gt;</definition>
    </FE>
    <FE bgColor="FF69B4" fgColor="FFFFFF" coreType="Peripheral" cBy="WMcQ" cDate="09/09/2014 12:26:44 PDT Tue" abbrev="" name="Descriptor" ID="16195">
        <definition>&lt;def-root&gt;A characterization of the &lt;fen&gt;Plant&lt;/fen&gt; not covered by another frame element.&lt;/def-root&gt;</definition>
    </FE>
    <FE bgColor="008000" fgColor="FFFFFF" coreType="Peripheral" cBy="WMcQ" cDate="09/09/2014 12:27:15 PDT Tue" abbrev="" name="Origin" ID="16196">
        <definition>&lt;def-root&gt;The location from which the &lt;fen&gt;Plant&lt;/fen&gt; originated.&lt;/def-root&gt;</definition>
    </FE>
    <frameRelation type="Inherits from">
        <relatedFrame ID="2567">Biological_entity</relatedFrame>
    </frameRelation>
    <frameRelation type="Is Inherited by"/>
    <frameRelation type="Perspective on"/>
    <frameRelation type="Is Perspectivized in"/>
    <frameRelation type="Uses"/>
    <frameRelation type="Is Used by"/>
    <frameRelation type="Subframe of"/>
    <frameRelation type="Has Subframe(s)"/>
    <frameRelation type="Precedes"/>
    <frameRelation type="Is Preceded by"/>
    <frameRelation type="Is Inchoative of"/>
    <frameRelation type="Is Causative of"/>
    <frameRelation type="See also"/>
    <lexUnit status="Created" POS="N" name="tree.n" ID="17698" lemmaID="41145" cBy="WMcQ" cDate="09/09/2014 12:29:49 PDT Tue">
        <definition>FN: A perennial plant with an elongated stem (or "trunk") as well as branches and leaves in most species.</definition>
        <sentenceCount annotated="1" total="1"/>
        <lexeme order="1" headword="false" breakBefore="false" POS="N" name="tree"/>
    </lexUnit>
    <lexUnit status="Created" POS="N" name="weed.n" ID="18052" lemmaID="51911" cBy="WMcQ" cDate="06/15/2015 12:26:58 PDT Mon">
        <definition>FN: a plant which is considered to be unwanted or undesirable in certain sitations</definition>
        <sentenceCount annotated="0" total="0"/>
        <lexeme order="1" headword="true" breakBefore="false" POS="N" name="weed"/>
    </lexUnit>
</frame>