<?xml version="1.0" encoding="UTF-8" standalone="yes"?>
<?xml-stylesheet type="text/xsl" href="frame.xsl"?>
<frame cBy="MLC" cDate="02/23/2011 11:43:49 PST Wed" name="Political_actions" ID="2482" xsi:schemaLocation="../schema/frame.xsd" xmlns="http://framenet.icsi.berkeley.edu" xmlns:xsi="http://www.w3.org/2001/XMLSchema-instance">
    <definition>&lt;def-root&gt;A less-powerful person or group of people (the &lt;fen&gt;Activists&lt;/fen&gt;) engages in an activity aimed to inconvenience or weaken a more powerful person or group (the &lt;fen&gt;Institution&lt;/fen&gt;) to seek redress, in the form of a series of &lt;fen&gt;Demands&lt;/fen&gt;, for the wrondgoings committed by the Instituion. 
&lt;ex&gt;&lt;fex name="Activists"&gt; The workers&lt;/fex&gt; were &lt;t&gt;striking&lt;/t&gt; &lt;fex name="Demands"&gt;for better wages and better benefits&lt;/fex&gt;.&lt;/ex&gt;
&lt;ex&gt;The &lt;t&gt;strike&lt;/t&gt; against &lt;fex name="Institution"&gt;the corporation&lt;/fex&gt; &lt;fex name="Duration"&gt;lasted for 6 weeks&lt;/fex&gt;. &lt;/ex&gt;&lt;/def-root&gt;</definition>
    <FE bgColor="FF0000" fgColor="FFFFFF" coreType="Core" cBy="MLC" cDate="02/23/2011 12:31:14 PST Wed" abbrev="Act" name="Activists" ID="14322">
        <definition>&lt;def-root&gt;The person or group of people that act out against the &lt;fen&gt;Institution&lt;/fen&gt; in an attempt to have their &lt;fen&gt;Demands&lt;/fen&gt; fullfilled. &lt;/def-root&gt;</definition>
        <semType name="Sentient" ID="5"/>
    </FE>
    <FE bgColor="0000FF" fgColor="FFFFFF" coreType="Core" cBy="MLC" cDate="02/23/2011 12:48:32 PST Wed" abbrev="Inst" name="Institution" ID="14323">
        <definition>&lt;def-root&gt;The &lt;fen&gt;Institution&lt;/fen&gt; is the company, factory, political party / institution, or entity that yields authority over the &lt;fen&gt;Activists&lt;/fen&gt;.&lt;/def-root&gt;</definition>
    </FE>
    <FE bgColor="800080" fgColor="FFFFFF" coreType="Core" cBy="MLC" cDate="02/23/2011 12:58:14 PST Wed" abbrev="Dem" name="Demands" ID="14324">
        <definition>&lt;def-root&gt;The &lt;fen&gt;Demands&lt;/fen&gt; are the guarantee(s) given by the &lt;fen&gt;Institution&lt;/fen&gt; to the &lt;fen&gt;Activists&lt;/fen&gt; that act to correct or address the issues or state of affairs that were grievous to the &lt;fen&gt;Activists&lt;/fen&gt;. &lt;/def-root&gt;</definition>
    </FE>
    <FE bgColor="EEE8AA" fgColor="000000" coreType="Peripheral" cBy="MLC" cDate="02/23/2011 01:09:56 PST Wed" abbrev="Dur" name="Duration" ID="14325">
        <definition>&lt;def-root&gt;The &lt;fen&gt;Duration&lt;/fen&gt; is the length of time that the political action takes to be resolved. &lt;/def-root&gt;</definition>
        <semType name="Duration" ID="142"/>
    </FE>
    <FE bgColor="FFFF00" fgColor="000000" coreType="Peripheral" cBy="MLC" cDate="02/23/2011 01:12:15 PST Wed" abbrev="" name="Manner" ID="14326">
        <definition>&lt;def-root&gt;The &lt;fen&gt;Manner&lt;/fen&gt; in which the political action is carried out. &lt;/def-root&gt;</definition>
    </FE>
    <FE bgColor="7FFF00" fgColor="000000" coreType="Peripheral" cBy="MLC" cDate="02/23/2011 01:13:04 PST Wed" abbrev="" name="Means" ID="14327">
        <definition>&lt;def-root&gt;The &lt;fen&gt;Means&lt;/fen&gt; by which the &lt;fen&gt;Activists&lt;/fen&gt; carry out the political action. &lt;/def-root&gt;</definition>
    </FE>
    <FE bgColor="9400D3" fgColor="FFFFFF" coreType="Peripheral" cBy="MLC" cDate="02/23/2011 01:31:38 PST Wed" abbrev="" name="Place" ID="14329">
        <definition>&lt;def-root&gt;The &lt;fen&gt;Place&lt;/fen&gt; is the location where the political action occurs. &lt;/def-root&gt;</definition>
    </FE>
    <FE bgColor="808080" fgColor="000000" coreType="Peripheral" cBy="MLC" cDate="03/03/2011 01:04:37 PST Thu" abbrev="" name="Type" ID="14343">
        <definition>&lt;def-root&gt;This FE is the subtype of the general category of action taken by the &lt;fen&gt;Activists&lt;/fen&gt; against the &lt;fen&gt;Institution&lt;/fen&gt;.  

&lt;ex&gt;The &lt;fex name="Type"&gt;hunger&lt;/fex&gt; &lt;t&gt;strike&lt;/t&gt; lasted for three weeks.&lt;/ex&gt;
&lt;/def-root&gt;</definition>
    </FE>
    <FE bgColor="FFA500" fgColor="FFFFFF" coreType="Extra-Thematic" cBy="MLC" cDate="03/09/2011 01:32:36 PST Wed" abbrev="Res" name="Result" ID="14361">
        <definition>&lt;def-root&gt;The result of the event in which the &lt;fen&gt;Activists&lt;/fen&gt; act against the &lt;fen&gt;Institution&lt;/fen&gt;. &lt;/def-root&gt;</definition>
    </FE>
    <frameRelation type="Inherits from"/>
    <frameRelation type="Is Inherited by"/>
    <frameRelation type="Perspective on"/>
    <frameRelation type="Is Perspectivized in"/>
    <frameRelation type="Uses"/>
    <frameRelation type="Is Used by"/>
    <frameRelation type="Subframe of"/>
    <frameRelation type="Has Subframe(s)"/>
    <frameRelation type="Precedes"/>
    <frameRelation type="Is Preceded by"/>
    <frameRelation type="Is Inchoative of"/>
    <frameRelation type="Is Causative of"/>
    <frameRelation type="See also"/>
    <lexUnit status="Created" POS="V" name="strike.v" ID="16230" lemmaID="38350" cBy="MLC" cDate="02/23/2011 01:42:28 PST Wed">
        <definition>FN: (of a less powerful group) to carry out an activity intended to change the actions or policies of a more powerful group or organization, usually involving disruption of the normal funtions of the more powerful group</definition>
        <sentenceCount annotated="1" total="1"/>
        <lexeme order="1" headword="false" breakBefore="false" POS="V" name="strike"/>
    </lexUnit>
    <lexUnit status="Created" POS="N" name="strike.n" ID="16231" lemmaID="38349" cBy="MLC" cDate="02/23/2011 02:04:36 PST Wed">
        <definition>FN: an activity carried out by a less powerful group intended to change the actions or policies of a more powerful group or organization, usually involving disruption of the normal functions of the more powerful group</definition>
        <sentenceCount annotated="25" total="26"/>
        <lexeme order="1" headword="false" breakBefore="false" POS="N" name="strike"/>
    </lexUnit>
    <lexUnit status="Created" POS="N" name="walk-out.n" ID="16232" lemmaID="43371" cBy="MLC" cDate="02/23/2011 02:05:03 PST Wed">
        <definition>FN: a strike action in which workers or students abruptly leave their normal posts. (See Political_actions.strike.n)</definition>
        <sentenceCount annotated="0" total="0"/>
        <lexeme order="1" headword="false" breakBefore="false" POS="N" name="walk-out"/>
    </lexUnit>
</frame>