<?xml version="1.0" encoding="UTF-8" standalone="yes"?>
<?xml-stylesheet type="text/xsl" href="frame.xsl"?>
<frame cBy="MJE" cDate="08/08/2001 09:00:03 PDT Wed" name="Political_locales" ID="195" xsi:schemaLocation="../schema/frame.xsd" xmlns="http://framenet.icsi.berkeley.edu" xmlns:xsi="http://www.w3.org/2001/XMLSchema-instance">
    <definition>&lt;def-root&gt;This frame covers words that name Locations as defined politically, or administratively.

&lt;ex&gt;&lt;fex name="Name"&gt;Berkeley&lt;/fex&gt; is a &lt;fex name="Descriptor"&gt;wonderful&lt;/fex&gt; &lt;fex name="Locale"&gt;&lt;t&gt;city&lt;/t&gt;&lt;/fex&gt;.&lt;/ex&gt;&lt;/def-root&gt;</definition>
    <FE bgColor="006400" fgColor="FFFFFF" coreType="Peripheral" cBy="MJE" cDate="08/10/2001 05:01:49 PDT Fri" abbrev="Constp" name="Constituent_parts" ID="1580">
        <definition>&lt;def-root&gt;The materials or &lt;fen&gt;Constituent_parts&lt;/fen&gt; that make up a &lt;fen&gt;Locale&lt;/fen&gt;.  
&lt;ex&gt;New York is a &lt;t&gt;city&lt;/t&gt; &lt;fex name="Constp"&gt;of glass and steel&lt;/fex&gt;&lt;/ex&gt;&lt;/def-root&gt;</definition>
    </FE>
    <FE bgColor="FF0000" fgColor="FFFFFF" coreType="Peripheral" cBy="MJE" cDate="08/10/2001 05:01:49 PDT Fri" abbrev="ContP" name="Container_possessor" ID="1581">
        <definition>&lt;def-root&gt;The location that the &lt;fen&gt;Locale&lt;/fen&gt; is a part of.
&lt;ex&gt;John spent several years wandering the &lt;t&gt;villages&lt;/t&gt; &lt;fex name="ContP"&gt;of Romania&lt;/fex&gt;.&lt;/ex&gt;
&lt;/def-root&gt;</definition>
    </FE>
    <FE bgColor="00008B" fgColor="FFFFFF" coreType="Core" cBy="MJE" cDate="08/10/2001 05:01:49 PDT Fri" abbrev="Lcl" name="Locale" ID="1583">
        <definition>&lt;def-root&gt;A stable bounded area.  It is typically the designation of the nouns of Locale-derived frames.

&lt;ex&gt;There used to be a forest in that &lt;fex name="Lcl"&gt;&lt;t&gt;city&lt;/t&gt;&lt;/fex&gt;&lt;/ex&gt;&lt;/def-root&gt;</definition>
        <semType name="Location" ID="54"/>
    </FE>
    <FE bgColor="A52A2A" fgColor="FFFFFF" coreType="Peripheral" cBy="MJE" cDate="08/13/2001 11:31:52 PDT Mon" abbrev="Name" name="Name" ID="1599">
        <definition>&lt;def-root&gt;ULTIMATELY TO BE REPLACED BY MULTIWORD TARGETS (in almost all cases).  This FE is used for the Names of Locales.


&lt;ex&gt;The &lt;t&gt;city&lt;/t&gt; &lt;fex name="Name"&gt;of Paris&lt;/fex&gt;&lt;/ex&gt;
&lt;ex&gt;The &lt;t&gt;town&lt;/t&gt; &lt;fex name="Name"&gt;of Smithersville&lt;/fex&gt;&lt;/ex&gt;&lt;/def-root&gt;</definition>
    </FE>
    <FE bgColor="0000FF" fgColor="FFFFFF" coreType="Peripheral" cBy="MJE" cDate="08/13/2001 11:53:49 PDT Mon" abbrev="RelLoc" name="Relative_location" ID="1602">
        <definition>&lt;def-root&gt;A place that a Locale is located with respect to.

&lt;ex&gt;All the &lt;t&gt;cities&lt;/t&gt; &lt;fex name="RelLoc"&gt;near the San Francisco bay&lt;/fex&gt; are large.&lt;/ex&gt;&lt;/def-root&gt;</definition>
        <semType name="Locative_relation" ID="182"/>
    </FE>
    <FE bgColor="FFA500" fgColor="FFFFFF" coreType="Peripheral" cBy="MJE" cDate="09/28/2004 12:14:27 PDT Tue" abbrev="des" name="Descriptor" ID="7151">
        <definition>&lt;def-root&gt;Any description, characteristic, or property of the &lt;fen&gt;Locale&lt;/fen&gt; which is not covered by more specific FEs.

&lt;ex&gt;He ruled the &lt;fex name="des"&gt;largest&lt;/fex&gt; &lt;t&gt;kingdom&lt;/t&gt; &lt;fex name="des"&gt;that ever existed&lt;/fex&gt;.&lt;/ex&gt;&lt;/def-root&gt;</definition>
    </FE>
    <FE bgColor="7CCD7C" fgColor="FFFFFF" coreType="Peripheral" cBy="JKR" cDate="11/03/2004 05:44:44 PST Wed" abbrev="pop" name="Population" ID="7205">
        <definition>&lt;def-root&gt;The people living in the jurisdiction of the locale.

&lt;ex&gt;Stawiski was a &lt;t&gt;city&lt;/t&gt; &lt;fex name="pop"&gt;of laborers&lt;/fex&gt;, of whom can be said ?You shall eat your bread by the sweat of your brow? &lt;/ex&gt;&lt;/def-root&gt;</definition>
    </FE>
    <frameRelation type="Inherits from">
        <relatedFrame ID="2171">Locale_by_ownership</relatedFrame>
    </frameRelation>
    <frameRelation type="Is Inherited by">
        <relatedFrame ID="1483">Foreign_or_domestic_country</relatedFrame>
        <relatedFrame ID="1883">Relational_political_locales</relatedFrame>
    </frameRelation>
    <frameRelation type="Perspective on"/>
    <frameRelation type="Is Perspectivized in"/>
    <frameRelation type="Uses">
        <relatedFrame ID="73">Leadership</relatedFrame>
    </frameRelation>
    <frameRelation type="Is Used by">
        <relatedFrame ID="1572">Economy</relatedFrame>
        <relatedFrame ID="1023">People_by_jurisdiction</relatedFrame>
    </frameRelation>
    <frameRelation type="Subframe of"/>
    <frameRelation type="Has Subframe(s)"/>
    <frameRelation type="Precedes"/>
    <frameRelation type="Is Preceded by"/>
    <frameRelation type="Is Inchoative of"/>
    <frameRelation type="Is Causative of"/>
    <frameRelation type="See also"/>
    <lexUnit status="Finished_X-Gov" POS="N" name="barony.n" ID="3681" lemmaID="2938" cBy="MJE" cDate="08/08/2001 09:02:01 PDT Wed">
        <definition>COD: the rank and estates of a baron. </definition>
        <sentenceCount annotated="6" total="32"/>
        <lexeme order="1" headword="false" breakBefore="false" POS="N" name="barony"/>
    </lexUnit>
    <lexUnit status="Created" POS="N" name="territory.n" ID="3682" lemmaID="39931" cBy="MJE" cDate="08/09/2001 07:47:54 PDT Thu">
        <definition>COD: an area under the jurisdiction of a ruler or state. </definition>
        <sentenceCount annotated="19" total="19"/>
        <lexeme order="1" headword="false" breakBefore="false" POS="N" name="territory"/>
    </lexUnit>
    <lexUnit status="Finished_Initial" POS="N" name="country.n" ID="3683" lemmaID="8624" cBy="MJE" cDate="08/09/2001 07:50:29 PDT Thu">
        <definition>COD: a nation with its own government, occupying a particular territory. </definition>
        <sentenceCount annotated="127" total="320"/>
        <lexeme order="1" headword="false" breakBefore="false" POS="N" name="country"/>
    </lexUnit>
    <lexUnit status="Created" POS="N" name="province.n" ID="3684" lemmaID="30908" cBy="MJE" cDate="08/09/2001 07:51:38 PDT Thu">
        <definition>COD: a principal administrative division of a country or empire. </definition>
        <sentenceCount annotated="5" total="5"/>
        <lexeme order="1" headword="false" breakBefore="false" POS="N" name="province"/>
    </lexUnit>
    <lexUnit status="Created" POS="N" name="duchy.n" ID="3685" lemmaID="11893" cBy="MJE" cDate="08/09/2001 07:51:56 PDT Thu">
        <definition>COD: the territory of a duke or duchess. </definition>
        <sentenceCount annotated="0" total="0"/>
        <lexeme order="1" headword="false" breakBefore="false" POS="N" name="duchy"/>
    </lexUnit>
    <lexUnit status="Finished_X-Gov" POS="N" name="viscountcy.n" ID="3686" lemmaID="43118" cBy="MJE" cDate="08/09/2001 07:52:20 PDT Thu">
        <definition>FN: the jurisdiction of a viscount</definition>
        <sentenceCount annotated="1" total="4"/>
        <lexeme order="1" headword="false" breakBefore="false" POS="N" name="viscountcy"/>
    </lexUnit>
    <lexUnit status="Created" POS="N" name="county.n" ID="3687" lemmaID="8631" cBy="MJE" cDate="08/09/2001 07:52:36 PDT Thu">
        <definition>COD: a political and administrative division of a state.</definition>
        <sentenceCount annotated="3" total="3"/>
        <lexeme order="1" headword="false" breakBefore="false" POS="N" name="county"/>
    </lexUnit>
    <lexUnit status="Rules_Defined" POS="N" name="state (sovereign).n" ID="3688" lemmaID="37851" cBy="MJE" cDate="08/09/2001 07:52:58 PDT Thu">
        <definition>COD: a nation or territory considered as an organized political community under one government. </definition>
        <sentenceCount annotated="40" total="40"/>
        <lexeme order="1" headword="false" breakBefore="false" POS="N" name="state"/>
    </lexUnit>
    <lexUnit status="Created" POS="N" name="principality.n" ID="3689" lemmaID="30463" cBy="MJE" cDate="08/09/2001 07:53:32 PDT Thu">
        <definition>COD: a state ruled by a prince. </definition>
        <sentenceCount annotated="0" total="0"/>
        <lexeme order="1" headword="false" breakBefore="false" POS="N" name="principality"/>
    </lexUnit>
    <lexUnit status="Created" POS="N" name="borough.n" ID="3690" lemmaID="4243" cBy="MJE" cDate="08/09/2001 07:53:51 PDT Thu">
        <definition>COD: a town (as distinct from a city) with a corporation and privileges granted by a royal charter. </definition>
        <sentenceCount annotated="0" total="0"/>
        <lexeme order="1" headword="false" breakBefore="false" POS="N" name="borough"/>
    </lexUnit>
    <lexUnit status="Rules_Defined" POS="N" name="town.n" ID="3691" lemmaID="40871" cBy="MJE" cDate="08/09/2001 07:54:15 PDT Thu">
        <definition>COD: a built-up area with a name, defined boundaries, and local government, that is larger than a village and generally smaller than a city. </definition>
        <sentenceCount annotated="35" total="35"/>
        <lexeme order="1" headword="false" breakBefore="false" POS="N" name="town"/>
    </lexUnit>
    <lexUnit status="Created" POS="N" name="realm.n" ID="3692" lemmaID="32011" cBy="MJE" cDate="08/09/2001 07:55:21 PDT Thu">
        <definition>COD: a kingdom. </definition>
        <sentenceCount annotated="1" total="1"/>
        <lexeme order="1" headword="false" breakBefore="false" POS="N" name="realm"/>
    </lexUnit>
    <lexUnit status="Created" POS="N" name="kingdom.n" ID="3693" lemmaID="21342" cBy="MJE" cDate="08/09/2001 07:55:38 PDT Thu">
        <definition>COD: a country, state, or territory ruled by a king or queen. </definition>
        <sentenceCount annotated="7" total="8"/>
        <lexeme order="1" headword="false" breakBefore="false" POS="N" name="kingdom"/>
    </lexUnit>
    <lexUnit status="Finished_X-Gov" POS="N" name="municipality.n" ID="3699" lemmaID="25225" cBy="MJE" cDate="08/09/2001 08:54:30 PDT Thu">
        <definition>COD: a town or district that has local government. </definition>
        <sentenceCount annotated="7" total="91"/>
        <lexeme order="1" headword="false" breakBefore="false" POS="N" name="municipality"/>
    </lexUnit>
    <lexUnit status="Finished_X-Gov" POS="N" name="metropolis.n" ID="3700" lemmaID="24143" cBy="MJE" cDate="08/09/2001 08:55:17 PDT Thu">
        <definition>COD: the capital city of a country, or a large and busy city. </definition>
        <sentenceCount annotated="11" total="131"/>
        <lexeme order="1" headword="false" breakBefore="false" POS="N" name="metropolis"/>
    </lexUnit>
    <lexUnit status="Finished_X-Gov" POS="N" name="megalopolis.n" ID="3701" lemmaID="45096" cBy="MJE" cDate="08/09/2001 08:57:00 PDT Thu">
        <definition>COD: a very large, heavily populated city or urban complex</definition>
        <sentenceCount annotated="2" total="5"/>
        <lexeme order="1" headword="false" breakBefore="false" POS="N" name="megalopolis"/>
    </lexUnit>
    <lexUnit status="Rules_Defined" POS="N" name="city.n" ID="3764" lemmaID="6593" cBy="MJE" cDate="08/13/2001 01:54:13 PDT Mon">
        <definition>COD: a municipal centre incorporated by the state or province, or a town created a city by charter and containing a cathedral.</definition>
        <sentenceCount annotated="107" total="107"/>
        <lexeme order="1" headword="false" breakBefore="false" POS="N" name="city"/>
    </lexUnit>
    <lexUnit status="Created" POS="N" name="world.n" ID="10179" lemmaID="44493" cBy="JKR" cDate="03/03/2004 04:56:56 PST Wed">
        <definition>COD: the earth with all its countries and peoples</definition>
        <sentenceCount annotated="49" total="50"/>
        <lexeme order="1" headword="false" breakBefore="false" POS="N" name="world"/>
    </lexUnit>
    <lexUnit status="Created" POS="A" name="federal.a" ID="10234" lemmaID="14105" cBy="TRn" cDate="03/08/2004 02:24:45 PST Mon">
        <definition>COD: having or relating to a system of government in which several states form a unity but remain independent in internal affairs</definition>
        <sentenceCount annotated="14" total="14"/>
        <lexeme order="1" headword="false" breakBefore="false" POS="A" name="federal"/>
    </lexUnit>
    <lexUnit status="Created" POS="A" name="global.a" ID="10235" lemmaID="16359" cBy="TRn" cDate="03/08/2004 02:25:42 PST Mon">
        <definition>COD: of or relating to the whole world; worldwide.</definition>
        <sentenceCount annotated="3" total="3"/>
        <lexeme order="1" headword="false" breakBefore="false" POS="A" name="global"/>
    </lexUnit>
    <lexUnit status="Rules_Defined" POS="N" name="parish.n" ID="10236" lemmaID="27838" cBy="JKR" cDate="03/08/2004 02:26:47 PST Mon">
        <definition>COD: (in the Christian Church) a small administrative district with its own church and clergy.  as modifier</definition>
        <sentenceCount annotated="2" total="2"/>
        <lexeme order="1" headword="false" breakBefore="false" POS="N" name="parish"/>
    </lexUnit>
    <lexUnit status="Created" POS="N" name="diocese.n" ID="10237" lemmaID="10729" cBy="JKR" cDate="03/08/2004 02:27:45 PST Mon">
        <definition>COD: a district under the pastoral care of a bishop in the Christian Church.</definition>
        <sentenceCount annotated="1" total="1"/>
        <lexeme order="1" headword="false" breakBefore="false" POS="N" name="diocese"/>
    </lexUnit>
    <lexUnit status="Created" POS="A" name="international.a" ID="10238" lemmaID="20368" cBy="TRn" cDate="03/08/2004 02:29:17 PST Mon">
        <definition>FN: pertaining to multiple nations.</definition>
        <sentenceCount annotated="37" total="37"/>
        <lexeme order="1" headword="false" breakBefore="false" POS="A" name="international"/>
    </lexUnit>
    <lexUnit status="Created" POS="A" name="local.a" ID="10239" lemmaID="22610" cBy="TRn" cDate="03/08/2004 02:31:33 PST Mon">
        <definition>COD: relating or restricted to a particular area or one's neighbourhood.</definition>
        <sentenceCount annotated="29" total="29"/>
        <lexeme order="1" headword="false" breakBefore="false" POS="A" name="local"/>
    </lexUnit>
    <lexUnit status="Created" POS="N" name="locality.n" ID="10240" lemmaID="22613" cBy="TRn" cDate="03/08/2004 02:32:33 PST Mon">
        <definition>COD: an area or neighbourhood.</definition>
        <sentenceCount annotated="4" total="4"/>
        <lexeme order="1" headword="false" breakBefore="false" POS="N" name="locality"/>
    </lexUnit>
    <lexUnit status="Created" POS="A" name="municipal.a" ID="10242" lemmaID="25224" cBy="TRn" cDate="03/08/2004 02:33:54 PST Mon">
        <definition>COD: of or relating to a municipality.</definition>
        <sentenceCount annotated="0" total="0"/>
        <lexeme order="1" headword="false" breakBefore="false" POS="A" name="municipal"/>
    </lexUnit>
    <lexUnit status="Created" POS="A" name="national.a" ID="10243" lemmaID="25468" cBy="TRn" cDate="03/08/2004 02:35:19 PST Mon">
        <definition>COD: owned, controlled, or financially supported by the federal government</definition>
        <sentenceCount annotated="37" total="37"/>
        <lexeme order="1" headword="false" breakBefore="false" POS="A" name="national"/>
    </lexUnit>
    <lexUnit status="Created" POS="N" name="empire.n" ID="11051" lemmaID="12622" cBy="MJE" cDate="09/28/2004 12:25:07 PDT Tue">
        <definition>COD: an extensive group of states ruled over by a single monarch, an oligarchy, or a sovereign state</definition>
        <sentenceCount annotated="25" total="25"/>
        <lexeme order="1" headword="false" breakBefore="false" POS="N" name="empire"/>
    </lexUnit>
    <lexUnit status="Created" POS="N" name="village.n" ID="11299" lemmaID="43037" cBy="MiL" cDate="11/23/2004 02:46:22 PST Tue">
        <definition>COD: a small municipality with limited corporate powers.</definition>
        <sentenceCount annotated="19" total="20"/>
        <lexeme order="1" headword="false" breakBefore="false" POS="N" name="village"/>
    </lexUnit>
    <lexUnit status="Finished_Initial" POS="N" name="nation.n" ID="12775" lemmaID="25466" cBy="MJE" cDate="10/11/2005 02:14:13 PDT Tue">
        <definition>COD: a large aggregate of people united by common descent, culture, or language, inhabiting a particular state or territory.</definition>
        <sentenceCount annotated="36" total="186"/>
        <lexeme order="1" headword="false" breakBefore="false" POS="N" name="nation"/>
    </lexUnit>
    <lexUnit status="Created" POS="N" name="commonwealth.n" ID="13503" lemmaID="7389" cBy="RLG" cDate="08/18/2006 04:34:17 PDT Fri">
        <definition>COD: an independent state or community, especially a democratic republic.</definition>
        <sentenceCount annotated="1" total="1"/>
        <lexeme order="1" headword="false" breakBefore="false" POS="N" name="commonwealth"/>
    </lexUnit>
    <lexUnit status="Created" POS="ADV" name="internationally.adv" ID="13543" lemmaID="20375" cBy="RLG" cDate="08/23/2006 11:27:56 PDT Wed">
        <definition>FN: in multiple nations.</definition>
        <sentenceCount annotated="1" total="1"/>
        <lexeme order="1" headword="false" breakBefore="false" POS="ADV" name="internationally"/>
    </lexUnit>
    <lexUnit status="Created" POS="A" name="multinational.a" ID="13951" lemmaID="50542" cBy="RLG" cDate="03/12/2007 01:59:30 PDT Mon">
        <definition>COD: including or involving several countries or nationalities.</definition>
        <sentenceCount annotated="2" total="2"/>
        <lexeme order="1" headword="true" breakBefore="false" POS="A" name="multinational"/>
    </lexUnit>
    <lexUnit status="Created" POS="N" name="city-state.n" ID="13986" lemmaID="50551" cBy="KmG" cDate="03/15/2007 10:07:46 PDT Thu">
        <definition>COD: a city and surrounding territory that forms an independent state.</definition>
        <sentenceCount annotated="3" total="3"/>
        <lexeme order="1" headword="true" breakBefore="false" POS="N" name="city-state"/>
    </lexUnit>
    <lexUnit status="Created" POS="N" name="district.n" ID="14551" lemmaID="11245" cBy="KmG" cDate="10/24/2007 11:40:39 PDT Wed">
        <definition>FN: a region of a city marked off by the local government to designate its special representation or administrative status.</definition>
        <sentenceCount annotated="10" total="10"/>
        <lexeme order="1" headword="false" breakBefore="false" POS="N" name="district"/>
    </lexUnit>
    <lexUnit status="Created" POS="N" name="fiefdom.n" ID="14834" lemmaID="50836" cBy="JKs" cDate="03/05/2008 02:08:20 PST Wed">
        <definition>FN: a portion of land granted to an allegiant person by a lord in the system of feudalism</definition>
        <sentenceCount annotated="1" total="1"/>
        <lexeme order="1" headword="true" breakBefore="false" POS="N" name="fiefdom"/>
    </lexUnit>
    <lexUnit status="Created" POS="N" name="jurisdiction.n" ID="14983" lemmaID="50879" cBy="JKs" cDate="04/29/2008 02:43:24 PDT Tue">
        <definition>FN: the area in which a given political entity has power</definition>
        <sentenceCount annotated="0" total="0"/>
        <lexeme order="1" headword="true" breakBefore="false" POS="N" name="jurisdiction"/>
    </lexUnit>
    <lexUnit status="Finished_Initial" POS="N" name="land.n" ID="15330" lemmaID="21646" cBy="JKs" cDate="05/07/2009 01:30:25 PDT Thu">
        <definition>FN: territory controlled by a government</definition>
        <sentenceCount annotated="35" total="108"/>
        <lexeme order="1" headword="false" breakBefore="false" POS="N" name="land"/>
    </lexUnit>
    <lexUnit status="Created" POS="N" name="state (internal).n" ID="16339" lemmaID="37851" cBy="MLC" cDate="05/19/2011 12:58:17 PDT Thu">
        <definition>COD: an organized political community or area forming part of a federal republic. </definition>
        <sentenceCount annotated="41" total="41"/>
        <lexeme order="1" headword="false" breakBefore="false" POS="N" name="state"/>
    </lexUnit>
    <lexUnit status="Created" POS="A" name="provincial.a" ID="16445" lemmaID="30912" cBy="RLG" cDate="08/02/2011 11:57:51 PDT Tue">
        <definition>FN: pertaining to a province.</definition>
        <sentenceCount annotated="0" total="0"/>
        <lexeme order="1" headword="false" breakBefore="false" POS="A" name="provincial"/>
    </lexUnit>
    <lexUnit status="Created" POS="A" name="territorial.a" ID="16771" lemmaID="39930" cBy="RLG" cDate="11/03/2011 02:42:26 PDT Thu">
        <definition>FN: of or relating to a political territory.</definition>
        <sentenceCount annotated="0" total="0"/>
        <lexeme order="1" headword="false" breakBefore="false" POS="A" name="territorial"/>
    </lexUnit>
    <lexUnit status="Created" POS="N" name="township.n" ID="17639" lemmaID="40875" cBy="CVa" cDate="07/21/2014 10:46:11 PDT Mon">
        <definition>FN: a region of a county with varying degrees of autonomy, depending on which state it belongs to </definition>
        <sentenceCount annotated="1" total="1"/>
        <lexeme order="1" headword="false" breakBefore="false" POS="N" name="township"/>
    </lexUnit>
</frame>