<?xml version="1.0" encoding="UTF-8" standalone="yes"?>
<?xml-stylesheet type="text/xsl" href="frame.xsl"?>
<frame cBy="MJE" cDate="05/02/2002 05:30:07 PDT Thu" name="Precipitation" ID="314" xsi:schemaLocation="../schema/frame.xsd" xmlns="http://framenet.icsi.berkeley.edu" xmlns:xsi="http://www.w3.org/2001/XMLSchema-instance">
    <definition>&lt;def-root&gt;Water in some solid or liquid form (the &lt;fen&gt;Precipitation&lt;/fen&gt;) falls from the sky at a particular &lt;fen&gt;Place&lt;/fen&gt; and &lt;fen&gt;Time&lt;/fen&gt;, lasting for a particular &lt;fen&gt;Duration&lt;/fen&gt;.  The &lt;fen&gt;Rate&lt;/fen&gt; or &lt;fen&gt;Quantity&lt;/fen&gt; of precipitation may also be indicated.

&lt;ex&gt;It &lt;t&gt;rained&lt;/t&gt; &lt;fex name="Place"&gt;in Berkeley&lt;/fex&gt; &lt;fex name="Time"&gt;yesterday&lt;/fex&gt;.&lt;/ex&gt;&lt;/def-root&gt;</definition>
    <FE bgColor="FF0000" fgColor="FFFFFF" coreType="Core" cBy="MJE" cDate="05/02/2002 05:38:31 PDT Thu" abbrev="Precipitation" name="Precipitation" ID="2733">
        <definition>&lt;def-root&gt;The water in liquid or solid form that falls from the sky is the Precipitation. This FE is incorporated in many LUs in this frame.&lt;/def-root&gt;</definition>
    </FE>
    <FE bgColor="00BFFF" fgColor="FFFFFF" coreType="Peripheral" cBy="MJE" cDate="05/02/2002 05:40:23 PDT Thu" abbrev="Rate" name="Rate" ID="2734">
        <definition>&lt;def-root&gt;The Quantity of Precipitation that falls within a certain Duration.
&lt;ex&gt;It &lt;t&gt;rains&lt;/t&gt; &lt;fex name="Rate"&gt;only half an inch per year&lt;/fex&gt; around here.&lt;/ex&gt;&lt;/def-root&gt;</definition>
    </FE>
    <FE bgColor="0000FF" fgColor="FFFFFF" coreType="Peripheral" cBy="MJE" cDate="05/02/2002 05:41:37 PDT Thu" abbrev="Quantity" name="Quantity" ID="2735">
        <definition>&lt;def-root&gt;The Quantity is the amount of Precipitation that has fallen in a precipitation event or events.  It is usually measured as the height that the Precipitation attains if prevented from further movement.
&lt;ex&gt;It &lt;t&gt;rained&lt;/t&gt; &lt;fex name="Quantity"&gt;six inches&lt;/fex&gt; last night.&lt;/ex&gt;&lt;/def-root&gt;</definition>
        <semType name="Quantity" ID="59"/>
    </FE>
    <FE bgColor="00008B" fgColor="FFFFFF" coreType="Core" cBy="MJE" cDate="05/02/2002 05:49:20 PDT Thu" abbrev="Place" name="Place" ID="2736">
        <definition>&lt;def-root&gt;The area which experiences precipitation.&lt;/def-root&gt;</definition>
        <semType name="Locative_relation" ID="182"/>
    </FE>
    <FE bgColor="9F79EE" fgColor="FFFFFF" coreType="Peripheral" cBy="MJE" cDate="05/02/2002 05:49:23 PDT Thu" abbrev="Dur" name="Duration" ID="2737">
        <definition>&lt;def-root&gt;The amount of time for which the precipitation event lasts.&lt;/def-root&gt;</definition>
        <semType name="Duration" ID="142"/>
    </FE>
    <FE bgColor="FFA500" fgColor="FFFFFF" coreType="Core" cBy="MJE" cDate="05/02/2002 05:49:41 PDT Thu" abbrev="Time" name="Time" ID="2738">
        <definition>&lt;def-root&gt;When the event occurs.
&lt;ex&gt;It will probably be &lt;t&gt;raining&lt;/t&gt; &lt;fex name="Time"&gt;at five o'clock&lt;/fex&gt;.&lt;/ex&gt;&lt;/def-root&gt;</definition>
        <semType name="Time" ID="141"/>
    </FE>
    <FE bgColor="008000" fgColor="FFFFFF" coreType="Extra-Thematic" cBy="MJE" cDate="05/02/2002 05:49:52 PDT Thu" abbrev="Exp" name="Explanation" ID="2739">
        <definition>&lt;def-root&gt;The &lt;fex name="Explanation"&gt;Explanation&lt;/fex&gt; is the reason for the precipitation event.
&lt;ex&gt;It &lt;t&gt;rains&lt;/t&gt; &lt;fex name="Explanation"&gt;because of high humidity&lt;/fex&gt;.&lt;/ex&gt;&lt;/def-root&gt;</definition>
    </FE>
    <FE bgColor="FF00FF" fgColor="FFFFFF" coreType="Peripheral" cBy="MJE" cDate="05/02/2002 05:50:05 PDT Thu" abbrev="Manr" name="Manner" ID="2740">
        <definition>&lt;def-root&gt;The way in which the precipitation falls.
&lt;ex&gt;It &lt;t&gt;drizzled&lt;/t&gt; &lt;fex name="Manner"&gt;softly&lt;/fex&gt;.&lt;/ex&gt;&lt;/def-root&gt;</definition>
        <semType name="Manner" ID="173"/>
    </FE>
    <FE bgColor="006400" fgColor="FFFFFF" coreType="Peripheral" cBy="KCo" cDate="05/03/2002 02:43:23 PDT Fri" abbrev="Temp" name="Temperature" ID="2741">
        <definition>&lt;def-root&gt;This FE identifies the temperature of the precipitation.
&lt;ex&gt;I was standing in the &lt;fex name="Temperature"&gt;cool&lt;/fex&gt; &lt;t&gt;drizzle&lt;/t&gt;.&lt;/ex&gt;
&lt;/def-root&gt;</definition>
        <semType name="Temperature" ID="233"/>
    </FE>
    <FE bgColor="7CCD73" fgColor="FFFFFF" coreType="Extra-Thematic" cBy="KmG" cDate="11/20/2006 02:32:22 PST Mon" abbrev="" name="Frequency" ID="10842">
        <definition>&lt;def-root&gt;This frame element is defined as the number of times an event occurs per some unit of time. &lt;/def-root&gt;</definition>
    </FE>
    <frameRelation type="Inherits from">
        <relatedFrame ID="233">Process</relatedFrame>
    </frameRelation>
    <frameRelation type="Is Inherited by"/>
    <frameRelation type="Perspective on"/>
    <frameRelation type="Is Perspectivized in"/>
    <frameRelation type="Uses"/>
    <frameRelation type="Is Used by"/>
    <frameRelation type="Subframe of">
        <relatedFrame ID="303">Weather</relatedFrame>
    </frameRelation>
    <frameRelation type="Has Subframe(s)"/>
    <frameRelation type="Precedes"/>
    <frameRelation type="Is Preceded by"/>
    <frameRelation type="Is Inchoative of"/>
    <frameRelation type="Is Causative of"/>
    <frameRelation type="See also"/>
    <lexUnit status="Created" incorporatedFE="Precipitation" POS="N" name="rain.n" ID="5697" lemmaID="31721" cBy="MJE" cDate="05/02/2002 05:58:44 PDT Thu">
        <definition>COD: the condensed moisture of the atmosphere falling visibly in separate drops. </definition>
        <sentenceCount annotated="1" total="2"/>
        <lexeme order="1" headword="false" breakBefore="false" POS="N" name="rain"/>
    </lexUnit>
    <lexUnit status="Finished_Initial" incorporatedFE="Precipitation" POS="V" name="rain.v" ID="5698" lemmaID="31722" cBy="MJE" cDate="05/02/2002 05:59:05 PDT Thu">
        <definition>COD: rain falls.</definition>
        <sentenceCount annotated="30" total="191"/>
        <lexeme order="1" headword="false" breakBefore="false" POS="V" name="rain"/>
    </lexUnit>
    <lexUnit status="Created" incorporatedFE="Precipitation" POS="N" name="rain event.n" ID="5699" lemmaID="31721" cBy="MJE" cDate="05/02/2002 06:00:24 PDT Thu">
        <definition>FN: the overall event (e.g., storm) in which rain is falling to the ground</definition>
        <sentenceCount annotated="1" total="1"/>
        <lexeme order="1" headword="false" breakBefore="false" POS="N" name="rain"/>
    </lexUnit>
    <lexUnit status="Finished_Initial" incorporatedFE="Precipitation" POS="V" name="snow.v" ID="5700" lemmaID="36694" cBy="MJE" cDate="05/02/2002 06:00:38 PDT Thu">
        <definition>COD: snow falls. </definition>
        <sentenceCount annotated="11" total="92"/>
        <lexeme order="1" headword="false" breakBefore="false" POS="V" name="snow"/>
    </lexUnit>
    <lexUnit status="Created" incorporatedFE="Precipitation" POS="N" name="snow.n" ID="5701" lemmaID="36693" cBy="MJE" cDate="05/02/2002 06:00:53 PDT Thu">
        <definition>COD: atmospheric water vapour frozen into ice crystals and falling in light white flakes or lying on the ground as a white layer. </definition>
        <sentenceCount annotated="0" total="1"/>
        <lexeme order="1" headword="false" breakBefore="false" POS="N" name="snow"/>
    </lexUnit>
    <lexUnit status="Finished_Initial" POS="N" name="snowfall.n" ID="5702" lemmaID="36705" cBy="MJE" cDate="05/02/2002 06:01:05 PDT Thu">
        <definition>COD: a fall of snow. </definition>
        <sentenceCount annotated="6" total="42"/>
        <lexeme order="1" headword="false" breakBefore="false" POS="N" name="snowfall"/>
    </lexUnit>
    <lexUnit status="Created" POS="N" name="rainfall.n" ID="5703" lemmaID="31726" cBy="MJE" cDate="05/02/2002 06:01:16 PDT Thu">
        <definition>COD: the fall of rain. </definition>
        <sentenceCount annotated="0" total="0"/>
        <lexeme order="1" headword="false" breakBefore="false" POS="N" name="rainfall"/>
    </lexUnit>
    <lexUnit status="Finished_Initial" incorporatedFE="Precipitation" POS="V" name="drizzle.v" ID="5704" lemmaID="11806" cBy="MJE" cDate="05/02/2002 06:01:31 PDT Thu">
        <definition>COD: rain lightly. </definition>
        <sentenceCount annotated="7" total="25"/>
        <lexeme order="1" headword="false" breakBefore="false" POS="V" name="drizzle"/>
    </lexUnit>
    <lexUnit status="Finished_Initial" incorporatedFE="Precipitation" POS="N" name="drizzle.n" ID="5705" lemmaID="11805" cBy="MJE" cDate="05/02/2002 06:01:41 PDT Thu">
        <definition>COD: light rain falling in very fine drops. </definition>
        <sentenceCount annotated="19" total="133"/>
        <lexeme order="1" headword="false" breakBefore="false" POS="N" name="drizzle"/>
    </lexUnit>
    <lexUnit status="Needs_SCs" incorporatedFE="Precipitation" POS="V" name="sleet.v" ID="5706" lemmaID="36312" cBy="MJE" cDate="05/02/2002 06:01:53 PDT Thu">
        <definition>COD: sleet falls. </definition>
        <sentenceCount annotated="2" total="10"/>
        <lexeme order="1" headword="false" breakBefore="false" POS="V" name="sleet"/>
    </lexUnit>
    <lexUnit status="Finished_Initial" incorporatedFE="Precipitation" POS="N" name="sleet.n" ID="5707" lemmaID="36311" cBy="MJE" cDate="05/02/2002 06:02:07 PDT Thu">
        <definition>COD: rain containing some ice, or snow melting as it falls. </definition>
        <sentenceCount annotated="9" total="88"/>
        <lexeme order="1" headword="false" breakBefore="false" POS="N" name="sleet"/>
    </lexUnit>
    <lexUnit status="Finished_Initial" incorporatedFE="Precipitation" POS="N" name="downpour.n" ID="5708" lemmaID="11626" cBy="MJE" cDate="05/02/2002 06:03:32 PDT Thu">
        <definition>COD: a heavy fall of rain. </definition>
        <sentenceCount annotated="7" total="113"/>
        <lexeme order="1" headword="false" breakBefore="false" POS="N" name="downpour"/>
    </lexUnit>
    <lexUnit status="Finished_Initial" incorporatedFE="Precipitation" POS="N" name="hail.n" ID="5710" lemmaID="17203" cBy="MJE" cDate="05/02/2002 06:04:20 PDT Thu">
        <definition>COD: pellets of frozen rain falling in showers from cumulonimbus clouds. </definition>
        <sentenceCount annotated="7" total="55"/>
        <lexeme order="1" headword="false" breakBefore="false" POS="N" name="hail"/>
    </lexUnit>
    <lexUnit status="Needs_SCs" incorporatedFE="Precipitation" POS="V" name="hail.v" ID="5711" lemmaID="17204" cBy="MJE" cDate="05/02/2002 06:04:31 PDT Thu">
        <definition>COD: hail falls. </definition>
        <sentenceCount annotated="2" total="51"/>
        <lexeme order="1" headword="false" breakBefore="false" POS="V" name="hail"/>
    </lexUnit>
    <lexUnit status="Created" incorporatedFE="Precipitation" POS="N" name="precipitation.n" ID="5712" lemmaID="30089" cBy="MJE" cDate="05/02/2002 06:04:48 PDT Thu">
        <definition>COD: rain, snow, sleet, or hail that falls to or condenses on the ground.</definition>
        <sentenceCount annotated="0" total="0"/>
        <lexeme order="1" headword="false" breakBefore="false" POS="N" name="precipitation"/>
    </lexUnit>
    <lexUnit status="Created" incorporatedFE="Precipitation" POS="N" name="precipitation event.n" ID="5713" lemmaID="30089" cBy="MJE" cDate="05/02/2002 06:05:08 PDT Thu">
        <definition>FN: the overall event (e.g., storm) in which rain, snow, sleet, or hail is falling to the ground</definition>
        <sentenceCount annotated="0" total="0"/>
        <lexeme order="1" headword="false" breakBefore="false" POS="N" name="precipitation"/>
    </lexUnit>
    <lexUnit status="Finished_Initial" POS="N" name="shower.n" ID="5714" lemmaID="35690" cBy="MJE" cDate="05/02/2002 06:05:31 PDT Thu">
        <definition>COD: a brief and usually light fall of rain or snow.</definition>
        <sentenceCount annotated="24" total="273"/>
        <lexeme order="1" headword="false" breakBefore="false" POS="N" name="shower"/>
    </lexUnit>
    <lexUnit status="Created" POS="N" name="torrent.n" ID="5715" lemmaID="40778" cBy="MJE" cDate="05/02/2002 06:05:45 PDT Thu">
        <definition>COD: a strong and fast-moving stream of water or other liquid</definition>
        <sentenceCount annotated="0" total="0"/>
        <lexeme order="1" headword="false" breakBefore="false" POS="N" name="torrent"/>
    </lexUnit>
    <lexUnit status="Insufficient_Attestations" POS="V" name="sprinkle.v" ID="5716" lemmaID="37545" cBy="MJE" cDate="05/02/2002 06:06:16 PDT Thu">
        <definition>COD: rain very lightly. </definition>
        <sentenceCount annotated="0" total="52"/>
        <lexeme order="1" headword="false" breakBefore="false" POS="V" name="sprinkle"/>
    </lexUnit>
    <lexUnit status="Finished_Initial" POS="A" name="torrential.a" ID="6876" lemmaID="40779" cBy="MJE" cDate="07/26/2002 06:51:15 PDT Fri">
        <definition>FN: strong, plentiful and fast-moving, as a torrent</definition>
        <sentenceCount annotated="12" total="127"/>
        <lexeme order="1" headword="false" breakBefore="false" POS="A" name="torrential"/>
    </lexUnit>
    <lexUnit status="Created" POS="V" name="shower.v" ID="15054" lemmaID="35691" cBy="JKs" cDate="06/06/2008 10:16:08 PDT Fri">
        <definition>FN: rain briefly and lightly</definition>
        <sentenceCount annotated="0" total="0"/>
        <lexeme order="1" headword="false" breakBefore="false" POS="V" name="shower"/>
    </lexUnit>
    <lexUnit status="Created" incorporatedFE="Precipitation" POS="N" name="snow event.n" ID="15264" lemmaID="50960" cBy="JKs" cDate="11/25/2008 02:58:41 PST Tue">
        <definition>FN: the overall event in which snow falls from the sky</definition>
        <sentenceCount annotated="1" total="1"/>
        <lexeme order="1" headword="true" breakBefore="false" POS="N" name="snow_event"/>
    </lexUnit>
</frame>