<?xml version="1.0" encoding="UTF-8" standalone="yes"?>
<?xml-stylesheet type="text/xsl" href="frame.xsl"?>
<frame cBy="JKR" cDate="11/22/2002 02:43:02 PST Fri" name="Predicting" ID="425" xsi:schemaLocation="../schema/frame.xsd" xmlns="http://framenet.icsi.berkeley.edu" xmlns:xsi="http://www.w3.org/2001/XMLSchema-instance">
    <definition>&lt;def-root&gt;A &lt;fen&gt;Speaker&lt;/fen&gt; states or makes known a future &lt;fen&gt;Eventuality&lt;/fen&gt; on the basis of some &lt;fen&gt;Evidence&lt;/fen&gt;.

&lt;ex&gt; &lt;fex name="Speaker"&gt;The Weather Centre&lt;/fex&gt; &lt;t&gt;predicted&lt;/t&gt;  &lt;fex name="Eventuality"&gt;that it would be warmer but wet for the weekend&lt;/fex&gt;.&lt;/ex&gt;
&lt;ex&gt; &lt;fex name="Speaker"&gt;The OECD&lt;/fex&gt; &lt;t&gt;forecast&lt;/t&gt; &lt;fex name="Eventuality"&gt;that UK interest rates would be 13 per cent by the end of 1989&lt;/fex&gt;.&lt;/ex&gt;
&lt;ex&gt;&lt;fex name="Speaker"&gt;Another seer who&lt;/fex&gt; &lt;t&gt;forecast&lt;/t&gt; &lt;fex name="Eventuality"&gt;a Tory majority&lt;/fex&gt; -- without compromising his impartiality -- was Sir Robin Day .&lt;/ex&gt;
&lt;ex&gt;&lt;fex name="Eventuality"&gt;The European market&lt;/fex&gt; is  &lt;t&gt;forecast&lt;/t&gt; &lt;fex name="Eventuality"&gt;to grow 18.1% by the end of next fiscal year&lt;/fex&gt;.&lt;/ex&gt;&lt;/def-root&gt;</definition>
    <FE bgColor="FF0000" fgColor="FFFFFF" coreType="Core" cBy="JKR" cDate="11/22/2002 04:46:35 PST Fri" abbrev="Speaker" name="Speaker" ID="3914">
        <definition>&lt;def-root&gt;The &lt;fen&gt;Speaker&lt;/fen&gt; makes a prediction.

&lt;ex&gt;The institute &lt;t&gt;forecast&lt;/t&gt; an increase in leisure spending of 15 per cent.&lt;/ex&gt;&lt;/def-root&gt;</definition>
        <semType name="Sentient" ID="5"/>
    </FE>
    <FE bgColor="00BFFF" fgColor="FFFFFF" coreType="Core" cBy="JKR" cDate="11/22/2002 04:48:08 PST Fri" abbrev="Eventuality" name="Eventuality" ID="3915">
        <definition>&lt;def-root&gt;This FE marks expressions that indicate an event or state that is predicted to occur or hold at a future time. A single &lt;fen&gt;Eventuality&lt;/fen&gt; may be expressed discontinuously in a raising construction. This FE is also used for expressions that denote entities with variable attributes about which the &lt;fen&gt;Speaker&lt;/fen&gt; makes predictions. 

&lt;ex&gt; &lt;t&gt;Predicting&lt;/t&gt; &lt;fex name="Eventuality"&gt;the weather&lt;/fex&gt; is risky business.&lt;/ex&gt;
&lt;ex&gt;&lt;t&gt;Predicting&lt;/t&gt; &lt;fex name="Eventuality"&gt;the numbers of disabled elderly&lt;/fex&gt; into the future is problematic as it depends upon the projection forward of current patterns of disability .&lt;/ex&gt;
&lt;ex&gt; Wang&lt;t&gt;forecasts&lt;/t&gt; &lt;fex name="Eventuality"&gt;a 9 per cent increase in state revenue&lt;/fex&gt;&lt;/ex&gt;
&lt;ex&gt; &lt;fex name="Eventuality"&gt;The European market&lt;/fex&gt; is  &lt;t&gt;forecast&lt;/t&gt; &lt;fex name="Eventuality"&gt;to grow 18.1%&lt;/fex&gt;.&lt;/ex&gt;&lt;/def-root&gt;</definition>
    </FE>
    <FE bgColor="0000FF" fgColor="FFFFFF" coreType="Peripheral" cBy="JKR" cDate="11/22/2002 04:53:16 PST Fri" abbrev="Evidence" name="Evidence" ID="3916">
        <definition>&lt;def-root&gt;This Frame Element marks expressions that denote a set of facts on the basis of which the &lt;fen&gt;Speaker&lt;/fen&gt; makes the prediction.

&lt;ex&gt;Violence was  &lt;t&gt;predicted&lt;/t&gt; &lt;fex name="Evidence"&gt;on the basis of disorder at demonstrations in Paris&lt;/fex&gt;.&lt;/ex&gt;&lt;/def-root&gt;</definition>
    </FE>
    <FE bgColor="FFA500" fgColor="FFFFFF" coreType="Peripheral" cBy="JKR" cDate="11/26/2002 05:22:11 PST Tue" abbrev="Time" name="Time" ID="3923">
        <definition>&lt;def-root&gt;This FE identifies the &lt;fen&gt;Time&lt;/fen&gt; when the prediction is made.

&lt;ex&gt;John &lt;t&gt;predicted&lt;/t&gt; &lt;fex name="Time"&gt;last year&lt;/fex&gt; that he would be finished by October.&lt;/ex&gt;&lt;/def-root&gt;</definition>
        <semType name="Time" ID="141"/>
    </FE>
    <FE bgColor="008000" fgColor="FFFFFF" coreType="Peripheral" cBy="JKR" cDate="11/26/2002 05:24:06 PST Tue" abbrev="Place" name="Place" ID="3924">
        <definition>&lt;def-root&gt;The &lt;fen&gt;Place&lt;/fen&gt; where the &lt;fen&gt;Speaker&lt;/fen&gt; makes the prediction.

&lt;ex&gt; Greenman &lt;t&gt;predicted&lt;/t&gt; &lt;fex name="Place"&gt;at a small dinner party&lt;/fex&gt; that the market would rise again.&lt;/ex&gt;&lt;/def-root&gt;</definition>
        <semType name="Locative_relation" ID="182"/>
    </FE>
    <FE bgColor="FF00FF" fgColor="FFFFFF" coreType="Peripheral" cBy="JKR" cDate="11/27/2002 07:30:20 PST Wed" abbrev="Mnr" name="Manner" ID="3946">
        <definition>&lt;def-root&gt;&lt;fen&gt;Manner&lt;/fen&gt; marks any description of the &lt;fen&gt;Speaker&lt;/fen&gt;'s prediction making  that is not covered by more specific FEs. 

&lt;ex&gt;Smeagol &lt;fex name="Mnr"&gt;confidently&lt;/fex&gt; &lt;t&gt;predicted&lt;/t&gt; that he would win the race.&lt;/ex&gt;
&lt;ex&gt;One commentator &lt;fex name="Manner"&gt;rashly&lt;/fex&gt; &lt;t&gt;predicted&lt;/t&gt; that the fad for adaptions wouldn't last much longer&lt;/ex&gt;

Note that this FE does not cover modifiers such as 'correctly' or 'accurately'.&lt;/def-root&gt;</definition>
        <semType name="Manner" ID="173"/>
    </FE>
    <FE bgColor="00008B" fgColor="FFFFFF" coreType="Peripheral" cBy="JKR" cDate="11/27/2002 08:07:52 PST Wed" abbrev="Time_of_Eventuality" name="Time_of_eventuality" ID="3947">
        <definition>&lt;def-root&gt;This frame element marks expressions that indicate forwhat future time an &lt;fen&gt;Eventuality&lt;/fen&gt; is predicted.

&lt;ex&gt; Cocoa stocks reached a record 1.2m tonnes and a seventh year of surplus is &lt;t&gt;forecast&lt;/t&gt; &lt;fex name="Time_of_eventuality"&gt;for the year to September 1991&lt;/fex&gt;.&lt;/ex&gt;&lt;/def-root&gt;</definition>
    </FE>
    <FE bgColor="808080" fgColor="FFFFFF" coreType="Peripheral" cBy="RLG" cDate="12/03/2002 10:14:28 PST Tue" abbrev="Acc" name="Accuracy" ID="3950">
        <definition>&lt;def-root&gt;This FE indicates the &lt;fen&gt;Accuracy&lt;/fen&gt; of the prediction.
&lt;ex&gt;Compary president Randall Johnson &lt;t&gt;predicted&lt;/t&gt; &lt;fex name="Accuracy"&gt;correctly&lt;/fex&gt; that a major reworking of infrastructure would be necessary.&lt;/ex&gt;
&lt;ex&gt;It is hard to &lt;t&gt;forecast&lt;/t&gt; &lt;fex name="Accuracy"&gt;with a high degree of certainty&lt;/fex&gt; what the weather will be like past two or three days.&lt;/ex&gt;&lt;/def-root&gt;</definition>
    </FE>
    <FE bgColor="800080" fgColor="FFFFFF" coreType="Extra-Thematic" cBy="KmG" cDate="08/25/2006 01:52:30 PDT Fri" abbrev="" name="Descriptor" ID="10583">
        <definition>&lt;def-root&gt;This FE describes a characteristic of the &lt;fen&gt;Eventuality&lt;/fen&gt;. &lt;/def-root&gt;</definition>
    </FE>
    <FE bgColor="A52A2A" fgColor="FFFFFF" coreType="Core" cBy="RLG" cDate="05/25/2012 03:32:32 PDT Fri" abbrev="med" name="Medium" ID="15716">
        <definition>&lt;def-root&gt;The &lt;fen&gt;Medium&lt;/fen&gt; is the physical entity or channel used by the &lt;fen&gt;Speaker&lt;/fen&gt; to transmit the prediction.

&lt;ex&gt;The events that would occur over the next several years had been &lt;t&gt;predicted&lt;/t&gt; &lt;fex name="med"&gt;in the Bible&lt;/fex&gt;.&lt;/ex&gt;

&lt;ex&gt;&lt;fex name="med"&gt;Her texts&lt;/fex&gt; &lt;t&gt;predict&lt;/t&gt; the future.&lt;/ex&gt;&lt;/def-root&gt;</definition>
    </FE>
    <FE bgColor="006400" fgColor="FFFFFF" coreType="Core" cBy="RLG" cDate="05/25/2012 03:34:42 PDT Fri" abbrev="top" name="Topic" ID="15717">
        <definition>&lt;def-root&gt;The &lt;fen&gt;Topic&lt;/fen&gt; is the subject matter to which the prediction pertains. It is normally expressed as a PP Complement headed by &lt;m&gt;about&lt;/m&gt;.&lt;/def-root&gt;</definition>
    </FE>
    <FE bgColor="FF69B4" fgColor="FFFFFF" coreType="Peripheral" cBy="RLG" cDate="05/25/2012 03:35:45 PDT Fri" abbrev="mea" name="Means" ID="15718">
        <definition>&lt;def-root&gt;An act whereby the &lt;fen&gt;Speaker&lt;/fen&gt; makes a prediction.

&lt;ex&gt;My regular psychic &lt;t&gt;fortells&lt;/t&gt; my future &lt;fex name="mea"&gt;by examining the configuration of spent coffee grounds&lt;/fex&gt;.&lt;/ex&gt;&lt;/def-root&gt;</definition>
    </FE>
    <frameRelation type="Inherits from">
        <relatedFrame ID="43">Statement</relatedFrame>
    </frameRelation>
    <frameRelation type="Is Inherited by"/>
    <frameRelation type="Perspective on"/>
    <frameRelation type="Is Perspectivized in"/>
    <frameRelation type="Uses">
        <relatedFrame ID="26">Expectation</relatedFrame>
    </frameRelation>
    <frameRelation type="Is Used by"/>
    <frameRelation type="Subframe of"/>
    <frameRelation type="Has Subframe(s)"/>
    <frameRelation type="Precedes"/>
    <frameRelation type="Is Preceded by"/>
    <frameRelation type="Is Inchoative of"/>
    <frameRelation type="Is Causative of"/>
    <frameRelation type="See also"/>
    <lexUnit status="Finished_Initial" POS="V" name="predict.v" ID="7747" lemmaID="30132" cBy="JKR" cDate="11/22/2002 03:52:47 PST Fri">
        <definition>COD: state that (a specified event) will happen in the future</definition>
        <sentenceCount annotated="60" total="568"/>
        <lexeme order="1" headword="false" breakBefore="false" POS="V" name="predict"/>
    </lexUnit>
    <lexUnit status="Insufficient_Attestations" POS="V" name="vaticinate.v" ID="7748" lemmaID="46197" cBy="JKR" cDate="11/22/2002 03:54:17 PST Fri">
        <definition>COD: foretell the future</definition>
        <sentenceCount annotated="0" total="0"/>
        <lexeme order="1" headword="false" breakBefore="false" POS="V" name="vaticinate"/>
    </lexUnit>
    <lexUnit status="Finished_Initial" POS="V" name="forecast.v" ID="7749" lemmaID="15046" cBy="JKR" cDate="11/22/2002 03:54:47 PST Fri">
        <definition>COD: predict or estimate (a future event or trend).</definition>
        <sentenceCount annotated="52" total="346"/>
        <lexeme order="1" headword="false" breakBefore="false" POS="V" name="forecast"/>
    </lexUnit>
    <lexUnit status="Finished_Initial" POS="V" name="foretell.v" ID="7750" lemmaID="15094" cBy="JKR" cDate="11/22/2002 03:56:10 PST Fri">
        <definition>FN: to predict an event</definition>
        <sentenceCount annotated="10" total="65"/>
        <lexeme order="1" headword="false" breakBefore="false" POS="V" name="foretell"/>
    </lexUnit>
    <lexUnit status="Finished_Initial" POS="V" name="prophesy.v" ID="7751" lemmaID="30757" cBy="JKR" cDate="11/22/2002 03:56:33 PST Fri">
        <definition>FN: to predict as if by magic.</definition>
        <sentenceCount annotated="9" total="108"/>
        <lexeme order="1" headword="false" breakBefore="false" POS="V" name="prophesy"/>
    </lexUnit>
    <lexUnit status="Insufficient_Attestations" POS="V" name="prognosticate.v" ID="7752" lemmaID="30640" cBy="JKR" cDate="11/22/2002 03:58:20 PST Fri">
        <definition>COD: foretell; prophesy. </definition>
        <sentenceCount annotated="0" total="0"/>
        <lexeme order="1" headword="false" breakBefore="false" POS="V" name="prognosticate"/>
    </lexUnit>
    <lexUnit status="Insufficient_Attestations" POS="V" name="claim.v" ID="8251" lemmaID="6611" cBy="RLG" cDate="01/30/2003 04:27:25 PST Thu">
        <definition>COD: predict the result of (an election or a vote).</definition>
        <sentenceCount annotated="1" total="1"/>
        <lexeme order="1" headword="false" breakBefore="false" POS="V" name="claim"/>
    </lexUnit>
    <lexUnit status="Created" POS="V" name="soothsay.v" ID="9852" lemmaID="48512" cBy="JKR" cDate="10/20/2003 04:51:50 PDT Mon">
        <definition>FN: predict the future</definition>
        <sentenceCount annotated="0" total="0"/>
        <lexeme order="1" headword="true" breakBefore="false" POS="V" name="soothsay"/>
    </lexUnit>
    <lexUnit status="Finished_Initial" POS="N" name="prophecy.n" ID="13301" lemmaID="30756" cBy="MiL" cDate="06/21/2006 02:18:37 PDT Wed">
        <definition>COD: a prediction.</definition>
        <sentenceCount annotated="14" total="148"/>
        <lexeme order="1" headword="false" breakBefore="false" POS="N" name="prophecy"/>
    </lexUnit>
    <lexUnit status="Created" POS="N" name="prediction.n" ID="13481" lemmaID="30136" cBy="RLG" cDate="08/16/2006 03:52:01 PDT Wed">
        <definition>FN: the act of predicting a future event.</definition>
        <sentenceCount annotated="0" total="0"/>
        <lexeme order="1" headword="false" breakBefore="false" POS="N" name="prediction"/>
    </lexUnit>
</frame>