<?xml version="1.0" encoding="UTF-8" standalone="yes"?>
<?xml-stylesheet type="text/xsl" href="frame.xsl"?>
<frame cBy="ACW" cDate="05/31/2002 03:28:18 PDT Fri" name="Preserving" ID="339" xsi:schemaLocation="../schema/frame.xsd" xmlns="http://framenet.icsi.berkeley.edu" xmlns:xsi="http://www.w3.org/2001/XMLSchema-instance">
    <definition>&lt;def-root&gt;In this frame an  &lt;fen&gt;Agent&lt;/fen&gt; preserves a &lt;fen&gt;Patient&lt;/fen&gt; in order to prevent it from decaying.   A &lt;fen&gt;Medium&lt;/fen&gt; may be used.   &lt;ex&gt;&lt;fex name="Agent"&gt;Bill&lt;/fex&gt; &lt;t&gt;mummified&lt;/t&gt; &lt;fex name="Patient"&gt;John&lt;/fex&gt;.&lt;/ex&gt;  &lt;ex&gt;&lt;fex name="Agent"&gt;Tess&lt;/fex&gt; &lt;t&gt;pickled&lt;/t&gt; &lt;fex name="Patient"&gt;the beets&lt;/fex&gt;  &lt;fex name="Medium"&gt;in vinegar&lt;/fex&gt;.&lt;/ex&gt;  &lt;ex&gt;&lt;fex name="Agent"&gt;The Smiths&lt;/fex&gt; &lt;t&gt;dried&lt;/t&gt; &lt;fex name="Patient"&gt;the apples&lt;/fex&gt;.&lt;/ex&gt;&lt;/def-root&gt;</definition>
    <FE bgColor="FF0000" fgColor="FFFFFF" coreType="Core" cBy="ACW" cDate="05/31/2002 03:28:52 PDT Fri" abbrev="Agt" name="Agent" ID="2894">
        <definition>&lt;def-root&gt;The &lt;fen&gt;Agent&lt;/fen&gt; is the person performing the intentional act that leads to the preservation.&lt;ex&gt;&lt;fex name="Agt"&gt;Arlene&lt;/fex&gt; &lt;t&gt;pickled&lt;/t&gt; the cucumbers.&lt;/ex&gt;&lt;/def-root&gt;</definition>
        <semType name="Sentient" ID="5"/>
    </FE>
    <FE bgColor="00008B" fgColor="FFFFFF" coreType="Core" cBy="ACW" cDate="05/31/2002 03:32:01 PDT Fri" abbrev="Med" name="Medium" ID="2895">
        <definition>&lt;def-root&gt;&lt;fen&gt;Medium&lt;/fen&gt; is the substance in which the &lt;fen&gt;Patient&lt;/fen&gt; might be  submerged to be preserved. &lt;ex&gt;Tess &lt;t&gt;pickled&lt;/t&gt; the beets &lt;fex name="Medium"&gt;in vinegar&lt;/fex&gt;.&lt;/ex&gt;&lt;/def-root&gt;</definition>
    </FE>
    <FE bgColor="0000FF" fgColor="FFFFFF" coreType="Core" cBy="ACW" cDate="05/31/2002 03:33:04 PDT Fri" abbrev="Pat" name="Patient" ID="2896">
        <definition>&lt;def-root&gt;The &lt;fen&gt;Patient&lt;/fen&gt; is organic matter that undergoes the preservation.&lt;ex&gt;Tess &lt;t&gt;pickled&lt;/t&gt; &lt;fex name="Patient"&gt;the beets&lt;/fex&gt; in vinegar.&lt;/ex&gt;&lt;/def-root&gt;</definition>
    </FE>
    <FE bgColor="808080" fgColor="FFFFFF" coreType="Peripheral" cBy="ACW" cDate="05/31/2002 03:34:35 PDT Fri" abbrev="Ins" name="Instrument" ID="2897">
        <definition>&lt;def-root&gt;The &lt;fen&gt;Instrument&lt;/fen&gt; with which an an &lt;fen&gt;Agent&lt;/fen&gt; performs the Preserving.&lt;/def-root&gt;</definition>
        <semType name="Physical_entity" ID="70"/>
    </FE>
    <FE bgColor="FF69B4" fgColor="FFFFFF" coreType="Peripheral" cBy="ACW" cDate="05/31/2002 03:34:36 PDT Fri" abbrev="Means" name="Means" ID="2898">
        <definition>&lt;def-root&gt;The &lt;fen&gt;Means&lt;/fen&gt; by which the &lt;fen&gt;Agent&lt;/fen&gt; preserves the &lt;fen&gt;Patient&lt;/fen&gt;.&lt;ex&gt;Hannah &lt;t&gt;cured&lt;/t&gt; the shrimp &lt;fex name="Means"&gt;by injecting them with brine&lt;/fex&gt;.&lt;/ex&gt;&lt;ex&gt;This salami was &lt;t&gt;cured&lt;/t&gt; naturally &lt;fex name="Means"&gt;in salt&lt;/fex&gt;.&lt;/ex&gt;&lt;/def-root&gt;</definition>
        <semType name="State_of_affairs" ID="177"/>
    </FE>
    <FE bgColor="FF00FF" fgColor="FFFFFF" coreType="Peripheral" cBy="ACW" cDate="05/31/2002 03:34:38 PDT Fri" abbrev="Mnr" name="Manner" ID="2899">
        <definition>&lt;def-root&gt;The &lt;fen&gt;Manner&lt;/fen&gt; in which the &lt;fen&gt;Agent&lt;/fen&gt; preserves the &lt;fen&gt;Patient&lt;/fen&gt;.&lt;ex&gt;Jake &lt;fex name="Manner"&gt;painstakingly&lt;/fex&gt; &lt;t&gt;embalmed&lt;/t&gt; the next body.&lt;/ex&gt;&lt;/def-root&gt;</definition>
        <semType name="Manner" ID="173"/>
    </FE>
    <FE bgColor="008000" fgColor="FFFFFF" coreType="Peripheral" cBy="ACW" cDate="05/31/2002 03:34:40 PDT Fri" abbrev="Place" name="Place" ID="2900">
        <definition>&lt;def-root&gt;The &lt;fen&gt;Place&lt;/fen&gt; where the preserving occurs.&lt;ex&gt;Mr. Amber &lt;t&gt;embalmed&lt;/t&gt; the woman's body &lt;fex name="Place"&gt;in Turkey&lt;/fex&gt; in 1922.&lt;/ex&gt;&lt;/def-root&gt;</definition>
        <semType name="Locative_relation" ID="182"/>
    </FE>
    <FE bgColor="FFA500" fgColor="FFFFFF" coreType="Peripheral" cBy="ACW" cDate="05/31/2002 03:34:41 PDT Fri" abbrev="Time" name="Time" ID="2901">
        <definition>&lt;def-root&gt;The &lt;fen&gt;Time&lt;/fen&gt; when the &lt;fen&gt;Agent&lt;/fen&gt; preserves the &lt;fen&gt;Patient&lt;/fen&gt;.&lt;ex&gt;Mr. Amber &lt;t&gt;embalmed&lt;/t&gt; the woman in Turkey &lt;fex name="Time"&gt;in 1922&lt;/fex&gt;.&lt;/ex&gt;&lt;/def-root&gt;</definition>
        <semType name="Time" ID="141"/>
    </FE>
    <FE bgColor="9F79EE" fgColor="FFFFFF" coreType="Peripheral" cBy="ACW" cDate="05/31/2002 03:34:42 PDT Fri" abbrev="Purp" name="Purpose" ID="2902">
        <definition>&lt;def-root&gt;The &lt;fen&gt;Purpose&lt;/fen&gt; for which the &lt;fen&gt;Agent&lt;/fen&gt; preserves the &lt;fen&gt;Patient&lt;/fen&gt;.&lt;ex&gt;Jude &lt;t&gt;pickled&lt;/t&gt; the onions &lt;fex name="Purpose"&gt;to increase their potency&lt;/fex&gt;.&lt;/ex&gt;&lt;/def-root&gt;</definition>
        <semType name="State_of_affairs" ID="177"/>
    </FE>
    <FE bgColor="EEE8AA" fgColor="0000FF" coreType="Extra-Thematic" cBy="ACW" cDate="06/12/2002 09:29:28 PDT Wed" abbrev="Result" name="Result" ID="3025">
        <definition>&lt;def-root&gt;Result of an action.&lt;/def-root&gt;</definition>
    </FE>
    <FE bgColor="FFFF00" fgColor="000000" coreType="Peripheral" cBy="ACW" cDate="06/12/2002 10:08:06 PDT Wed" abbrev="Dur" name="Duration" ID="3027">
        <definition>&lt;def-root&gt;The amount of &lt;fen&gt;Time&lt;/fen&gt; for which the process of Preserving is ongoing.&lt;ex&gt;...oak &lt;t&gt;cured&lt;/t&gt; &lt;fex name="Dur"&gt;for eight years&lt;/fex&gt;.&lt;/ex&gt;&lt;/def-root&gt;</definition>
        <semType name="Duration" ID="142"/>
    </FE>
    <FE bgColor="800080" fgColor="FFFFFF" coreType="Extra-Thematic" cBy="ACW" cDate="06/12/2002 04:11:08 PDT Wed" abbrev="Depict" name="Depictive" ID="3032">
        <definition>&lt;def-root&gt;The &lt;fen&gt;Depictive&lt;/fen&gt; phrase describing one of the participants.&lt;ex&gt;The herring was &lt;t&gt;cured&lt;/t&gt; &lt;fex name="Depict"&gt;with its innards still inside it&lt;/fex&gt;.&lt;/ex&gt;&lt;/def-root&gt;</definition>
    </FE>
    <FE bgColor="FF69B4" fgColor="FFFFFF" coreType="Peripheral" cBy="Hay" cDate="10/02/2003 11:40:47 PDT Thu" abbrev="Degr" name="Degree" ID="5437">
        <definition>&lt;def-root&gt;The extent to which the &lt;fex name="Patient"&gt;Patient&lt;/fex&gt; is preserved from decaying.  &lt;ex&gt; The corpse had been &lt;t&gt;mummified&lt;/t&gt; &lt;fex name="Degree"&gt;completely&lt;/fex&gt;.&lt;/ex&gt;&lt;/def-root&gt;</definition>
        <semType name="Degree" ID="172"/>
    </FE>
    <frameRelation type="Inherits from">
        <relatedFrame ID="620">Processing_materials</relatedFrame>
    </frameRelation>
    <frameRelation type="Is Inherited by"/>
    <frameRelation type="Perspective on"/>
    <frameRelation type="Is Perspectivized in"/>
    <frameRelation type="Uses"/>
    <frameRelation type="Is Used by"/>
    <frameRelation type="Subframe of"/>
    <frameRelation type="Has Subframe(s)"/>
    <frameRelation type="Precedes"/>
    <frameRelation type="Is Preceded by"/>
    <frameRelation type="Is Inchoative of"/>
    <frameRelation type="Is Causative of"/>
    <frameRelation type="See also"/>
    <lexUnit status="Finished_Initial" POS="V" name="mummify.v" ID="5926" lemmaID="25216" cBy="ACW" cDate="05/31/2002 03:41:53 PDT Fri">
        <definition>COD: (especially in ancient Egypt) preserve (a body) as a mummy</definition>
        <sentenceCount annotated="5" total="41"/>
        <lexeme order="1" headword="false" breakBefore="false" POS="V" name="mummify"/>
    </lexUnit>
    <lexUnit status="Finished_Initial" incorporatedFE="Medium" POS="V" name="pickle.v" ID="5927" lemmaID="28906" cBy="ACW" cDate="05/31/2002 03:43:58 PDT Fri">
        <definition>COD: preserve (food) in pickle. </definition>
        <sentenceCount annotated="5" total="39"/>
        <lexeme order="1" headword="false" breakBefore="false" POS="V" name="pickle"/>
    </lexUnit>
    <lexUnit status="Finished_Initial" POS="V" name="embalm.v" ID="5928" lemmaID="12526" cBy="ACW" cDate="05/31/2002 03:45:19 PDT Fri">
        <definition>COD: preserve (a corpse) from decay, originally with spices and now usually by injection of a preservative.</definition>
        <sentenceCount annotated="6" total="45"/>
        <lexeme order="1" headword="false" breakBefore="false" POS="V" name="embalm"/>
    </lexUnit>
    <lexUnit status="Finished_Initial" incorporatedFE="Medium" POS="V" name="salt.v" ID="5929" lemmaID="34023" cBy="ACW" cDate="05/31/2002 03:49:33 PDT Fri">
        <definition>COD: preserve with salt.</definition>
        <sentenceCount annotated="6" total="41"/>
        <lexeme order="1" headword="false" breakBefore="false" POS="V" name="salt"/>
    </lexUnit>
    <lexUnit status="Finished_Initial" POS="V" name="cure.v" ID="5979" lemmaID="9275" cBy="ACW" cDate="06/04/2002 03:20:26 PDT Tue">
        <definition>COD: preserve (meat, fish, tobacco, or an animal skin) by salting, drying, or smoking. </definition>
        <sentenceCount annotated="14" total="183"/>
        <lexeme order="1" headword="false" breakBefore="false" POS="V" name="cure"/>
    </lexUnit>
    <lexUnit status="Finished_Initial" POS="N" name="mummification.n" ID="6035" lemmaID="25215" cBy="MJE" cDate="06/06/2002 12:07:02 PDT Thu">
        <definition>FN: the process of preserving s.t., usually a body, from decomposition.</definition>
        <sentenceCount annotated="6" total="12"/>
        <lexeme order="1" headword="false" breakBefore="false" POS="N" name="mummification"/>
    </lexUnit>
    <lexUnit status="Created" POS="N" name="preservation.n" ID="6037" lemmaID="30299" cBy="MJE" cDate="06/06/2002 12:17:50 PDT Thu">
        <definition>FN: the action of preventing (food) from decomposing.</definition>
        <sentenceCount annotated="3" total="3"/>
        <lexeme order="1" headword="false" breakBefore="false" POS="N" name="preservation"/>
    </lexUnit>
    <lexUnit status="Finished_Initial" POS="V" name="can.v" ID="6038" lemmaID="5322" cBy="MJE" cDate="06/06/2002 12:18:22 PDT Thu">
        <definition>COD: preserve in a can. </definition>
        <sentenceCount annotated="5" total="340"/>
        <lexeme order="1" headword="false" breakBefore="false" POS="V" name="can"/>
    </lexUnit>
    <lexUnit status="Finished_Initial" POS="V" name="preserve.v" ID="7027" lemmaID="30303" cBy="ACW" cDate="08/05/2002 12:56:51 PDT Mon">
        <definition>COD: treat (food) to prevent its decomposition or prepare (fruit) for long-term storage by boiling it with sugar. </definition>
        <sentenceCount annotated="13" total="271"/>
        <lexeme order="1" headword="false" breakBefore="false" POS="V" name="preserve"/>
    </lexUnit>
    <lexUnit status="Finished_Initial" POS="N" name="embalming.n" ID="7234" lemmaID="46092" cBy="ACW" cDate="08/14/2002 03:51:59 PDT Wed">
        <definition>FN: the act of preserving a body by injecting spices or other preservatives</definition>
        <sentenceCount annotated="8" total="52"/>
        <lexeme order="1" headword="false" breakBefore="false" POS="N" name="embalming"/>
    </lexUnit>
    <lexUnit status="Created" POS="V" name="dry.v" ID="11293" lemmaID="11869" cBy="RLG" cDate="11/23/2004 08:59:20 PST Tue">
        <definition>COD: preserve by evaporating the moisture from</definition>
        <sentenceCount annotated="2" total="2"/>
        <lexeme order="1" headword="false" breakBefore="false" POS="V" name="dry"/>
    </lexUnit>
</frame>