<?xml version="1.0" encoding="UTF-8" standalone="yes"?>
<?xml-stylesheet type="text/xsl" href="frame.xsl"?>
<frame cBy="ACW" cDate="01/20/2003 02:11:28 PST Mon" name="Preventing" ID="516" xsi:schemaLocation="../schema/frame.xsd" xmlns="http://framenet.icsi.berkeley.edu" xmlns:xsi="http://www.w3.org/2001/XMLSchema-instance">
    <definition>&lt;def-root&gt;A &lt;fen&gt;Preventing_cause&lt;/fen&gt; or an &lt;fen&gt;Agent&lt;/fen&gt; (via their actions) keeps an &lt;fen&gt;Event&lt;/fen&gt; from taking place. Unlike in the Thwarting frame, the &lt;fen&gt;Preventing_cause&lt;/fen&gt; does not directly prevent the actions of an individual, but rather affects the world in such a way that an &lt;fen&gt;Event&lt;/fen&gt; cannot occur. Some lexical units, like &lt;t&gt;avert&lt;/t&gt; and &lt;t&gt;avoid&lt;/t&gt; indicate that the &lt;fen&gt;Preventing_cause&lt;/fen&gt; would have been affected if the &lt;fen&gt;Event&lt;/fen&gt; occurred. 
&lt;ex&gt; &lt;fex name="Preventing_cause"&gt;Rain&lt;/fex&gt; &lt;t&gt;prevented&lt;/t&gt; &lt;fex name="Event"&gt;the ball game&lt;/fex&gt; &lt;fex name="Event"&gt;from taking place&lt;/fex&gt;.&lt;/ex&gt; 

&lt;ex&gt; &lt;fex name="Agent"&gt;He&lt;/fex&gt; could have &lt;t&gt;stopped&lt;/t&gt; &lt;fex name="Event"&gt;the riot&lt;/fex&gt; .&lt;/ex&gt;

&lt;ex&gt; &lt;fex name="Preventing_cause"&gt;The government&lt;/fex&gt; narrowly &lt;t&gt;averted&lt;/t&gt; &lt;fex name="Event"&gt;a coup&lt;/fex&gt; . &lt;/ex&gt;&lt;/def-root&gt;</definition>
    <FE bgColor="2E8B57" fgColor="FFFFFF" coreType="Core" cBy="ACW" cDate="01/22/2003 05:15:43 PST Wed" abbrev="Pre" name="Preventing_cause" ID="4114">
        <definition>&lt;def-root&gt;The &lt;fen&gt;Preventing_cause&lt;/fen&gt; is the force which keeps the &lt;fen&gt;Event&lt;/fen&gt; from happening.&lt;/def-root&gt;</definition>
    </FE>
    <FE bgColor="0000FF" fgColor="FFFFFF" coreType="Core" cBy="ACW" cDate="01/22/2003 05:16:40 PST Wed" abbrev="Event" name="Event" ID="4115">
        <definition>&lt;def-root&gt;The &lt;fen&gt;Event&lt;/fen&gt; is prevented from occurring by the &lt;fen&gt;Preventing_cause&lt;/fen&gt;.&lt;/def-root&gt;</definition>
        <semType name="State_of_affairs" ID="177"/>
    </FE>
    <FE bgColor="FFA500" fgColor="FFFFFF" coreType="Peripheral" cBy="ACW" cDate="01/22/2003 05:41:06 PST Wed" abbrev="Time" name="Time" ID="4117">
        <definition>&lt;def-root&gt;The &lt;fen&gt;Time&lt;/fen&gt; is when the &lt;fen&gt;Preventing_cause&lt;/fen&gt; keeps the &lt;fen&gt;Event&lt;/fen&gt; from taking place.&lt;/def-root&gt;</definition>
        <semType name="Time" ID="141"/>
    </FE>
    <FE bgColor="A52A2A" fgColor="FFFFFF" coreType="Peripheral" cBy="ACW" cDate="01/22/2003 05:41:45 PST Wed" abbrev="Place" name="Place" ID="4118">
        <definition>&lt;def-root&gt;The &lt;fen&gt;Place&lt;/fen&gt; is where the &lt;fen&gt;Preventing_cause&lt;/fen&gt; keeps the &lt;fen&gt;Event&lt;/fen&gt; from taking place.&lt;/def-root&gt;</definition>
        <semType name="Locative_relation" ID="182"/>
    </FE>
    <FE bgColor="FF0000" fgColor="FFFFFF" coreType="Core" cBy="KmG" cDate="04/25/2008 03:56:21 PDT Fri" abbrev="Age" name="Agent" ID="12601">
        <definition>&lt;def-root&gt;The &lt;fen&gt;Agent&lt;/fen&gt; is the agent which keeps the &lt;fen&gt;Event&lt;/fen&gt; from happening.&lt;/def-root&gt;</definition>
        <excludesFE name="Preventing_cause" ID="4114"/>
    </FE>
    <FE bgColor="800080" fgColor="FFFFFF" coreType="Extra-Thematic" cBy="JKs" cDate="06/17/2008 11:27:20 PDT Tue" abbrev="" name="Degree" ID="12805">
        <definition>&lt;def-root&gt;This frame element selects some gradable attribute and modifies the expected value for it.&lt;/def-root&gt;</definition>
    </FE>
    <FEcoreSet>
        <memberFE name="Preventing_cause" ID="4114"/>
        <memberFE name="Agent" ID="12601"/>
    </FEcoreSet>
    <frameRelation type="Inherits from"/>
    <frameRelation type="Is Inherited by">
        <relatedFrame ID="2056">Prevent_from_having</relatedFrame>
        <relatedFrame ID="2651">Self_control</relatedFrame>
    </frameRelation>
    <frameRelation type="Perspective on"/>
    <frameRelation type="Is Perspectivized in"/>
    <frameRelation type="Uses">
        <relatedFrame ID="187">Event</relatedFrame>
    </frameRelation>
    <frameRelation type="Is Used by"/>
    <frameRelation type="Subframe of"/>
    <frameRelation type="Has Subframe(s)"/>
    <frameRelation type="Precedes"/>
    <frameRelation type="Is Preceded by"/>
    <frameRelation type="Is Inchoative of"/>
    <frameRelation type="Is Causative of"/>
    <frameRelation type="See also"/>
    <lexUnit status="Finished_Initial" POS="V" name="prevent.v" ID="8087" lemmaID="30384" cBy="ACW" cDate="01/21/2003 03:28:58 PST Tue">
        <definition>COD: keep from happening or arising. </definition>
        <sentenceCount annotated="16" total="133"/>
        <lexeme order="1" headword="false" breakBefore="false" POS="V" name="prevent"/>
    </lexUnit>
    <lexUnit status="Finished_Initial" POS="V" name="avert.v" ID="8111" lemmaID="2484" cBy="ACW" cDate="01/22/2003 04:17:54 PST Wed">
        <definition>COD: prevent or ward off (an undesirable occurrence). </definition>
        <sentenceCount annotated="19" total="125"/>
        <lexeme order="1" headword="false" breakBefore="false" POS="V" name="avert"/>
    </lexUnit>
    <lexUnit status="Created" POS="V" name="frustrate.v" ID="8112" lemmaID="15596" cBy="ACW" cDate="01/22/2003 04:18:53 PST Wed">
        <definition>COD: prevent (a plan or action) from progressing, succeeding, or being fulfilled. </definition>
        <sentenceCount annotated="0" total="0"/>
        <lexeme order="1" headword="false" breakBefore="false" POS="V" name="frustrate"/>
    </lexUnit>
    <lexUnit status="Finished_Initial" POS="V" name="nip in the bud.v" ID="8117" lemmaID="47217" cBy="ACW" cDate="01/22/2003 04:28:07 PST Wed">
        <definition>FN: prevent something from progressing to completion, by taking action early in the process</definition>
        <sentenceCount annotated="8" total="85"/>
        <lexeme order="1" headword="true" breakBefore="false" POS="V" name="nip"/>
        <lexeme order="2" headword="false" breakBefore="true" POS="N" name="in"/>
        <lexeme order="3" headword="false" breakBefore="false" POS="ART" name="the"/>
        <lexeme order="4" headword="false" breakBefore="false" POS="N" name="bud"/>
    </lexUnit>
    <lexUnit status="Created" POS="V" name="obviate.v" ID="8120" lemmaID="26477" cBy="ACW" cDate="01/22/2003 04:50:54 PST Wed">
        <definition>COD: avoid; prevent. </definition>
        <sentenceCount annotated="0" total="0"/>
        <lexeme order="1" headword="false" breakBefore="false" POS="V" name="obviate"/>
    </lexUnit>
    <lexUnit status="Created" POS="V" name="stave off.v" ID="8121" lemmaID="47221" cBy="ACW" cDate="01/22/2003 04:57:46 PST Wed">
        <definition>FN: prevent something bad or dangerous.</definition>
        <sentenceCount annotated="0" total="0"/>
        <lexeme order="1" headword="true" breakBefore="false" POS="V" name="stave"/>
        <lexeme order="2" headword="false" breakBefore="true" POS="A" name="off"/>
    </lexUnit>
    <lexUnit status="Created" POS="V" name="check.v" ID="8123" lemmaID="6174" cBy="ACW" cDate="01/22/2003 05:03:27 PST Wed">
        <definition>FN: stop the progress of something.</definition>
        <sentenceCount annotated="0" total="0"/>
        <lexeme order="1" headword="false" breakBefore="false" POS="V" name="check"/>
    </lexUnit>
    <lexUnit status="Created" POS="V" name="pre-empt.v" ID="8124" lemmaID="30151" cBy="ACW" cDate="01/22/2003 05:05:40 PST Wed">
        <definition>COD: take action in order to prevent (an attack or other anticipated event) happening; forestall. </definition>
        <sentenceCount annotated="0" total="0"/>
        <lexeme order="1" headword="false" breakBefore="false" POS="V" name="pre-empt"/>
    </lexUnit>
    <lexUnit status="Created" POS="V" name="avoid.v" ID="8125" lemmaID="2494" cBy="ACW" cDate="01/22/2003 05:46:26 PST Wed">
        <definition>COD: prevent from doing or happening. </definition>
        <sentenceCount annotated="2" total="2"/>
        <lexeme order="1" headword="false" breakBefore="false" POS="V" name="avoid"/>
    </lexUnit>
    <lexUnit status="Created" POS="N" name="prevention.n" ID="8174" lemmaID="30388" cBy="ACW" cDate="01/23/2003 10:50:51 PST Thu">
        <definition>FN: the act of preventing</definition>
        <sentenceCount annotated="1" total="1"/>
        <lexeme order="1" headword="false" breakBefore="false" POS="N" name="prevention"/>
    </lexUnit>
    <lexUnit status="Created" POS="N" name="pre-emption.n" ID="8175" lemmaID="30152" cBy="ACW" cDate="01/23/2003 10:52:31 PST Thu">
        <definition>FN: the act of pre-empting.</definition>
        <sentenceCount annotated="0" total="0"/>
        <lexeme order="1" headword="false" breakBefore="false" POS="N" name="pre-emption"/>
    </lexUnit>
    <lexUnit status="Created" POS="N" name="stopping.n" ID="8177" lemmaID="38195" cBy="ACW" cDate="01/23/2003 10:55:48 PST Thu">
        <definition>FN: the act of stopping</definition>
        <sentenceCount annotated="0" total="0"/>
        <lexeme order="1" headword="false" breakBefore="false" POS="N" name="stopping"/>
    </lexUnit>
    <lexUnit status="Created" POS="V" name="prohibit.v" ID="8179" lemmaID="30653" cBy="ACW" cDate="01/23/2003 02:15:58 PST Thu">
        <definition>COD: prevent.</definition>
        <sentenceCount annotated="0" total="0"/>
        <lexeme order="1" headword="false" breakBefore="false" POS="V" name="prohibit"/>
    </lexUnit>
    <lexUnit status="Needs_SCs" POS="V" name="stop.v" ID="11292" lemmaID="38186" cBy="RLG" cDate="11/23/2004 08:57:08 PST Tue">
        <definition>FN: prevent an event from occurring.</definition>
        <sentenceCount annotated="4" total="223"/>
        <lexeme order="1" headword="false" breakBefore="false" POS="V" name="stop"/>
    </lexUnit>
    <lexUnit status="Created" POS="V" name="upset.v" ID="15051" lemmaID="42500" cBy="KmG" cDate="06/05/2008 05:34:03 PDT Thu">
        <definition>FN: keep from happening</definition>
        <sentenceCount annotated="1" total="1"/>
        <lexeme order="1" headword="false" breakBefore="false" POS="V" name="upset"/>
    </lexUnit>
    <lexUnit status="Created" POS="V" name="keep (from).v" ID="17496" lemmaID="21234" cBy="MJE" cDate="06/26/2014 02:14:26 PDT Thu">
        <definition>FN: prevent (focusing on the previous state).</definition>
        <sentenceCount annotated="0" total="0"/>
        <lexeme order="1" headword="false" breakBefore="false" POS="V" name="keep"/>
    </lexUnit>
</frame>