<?xml version="1.0" encoding="UTF-8" standalone="yes"?>
<?xml-stylesheet type="text/xsl" href="frame.xsl"?>
<frame cBy="MJE" cDate="03/19/2002 05:17:13 PST Tue" name="Prevarication" ID="287" xsi:schemaLocation="../schema/frame.xsd" xmlns="http://framenet.icsi.berkeley.edu" xmlns:xsi="http://www.w3.org/2001/XMLSchema-instance">
    <definition>&lt;def-root&gt;A &lt;fen&gt;Speaker&lt;/fen&gt; communicates about a &lt;fen&gt;Topic&lt;/fen&gt; in such a way as to mislead an &lt;fen&gt;Addressee&lt;/fen&gt;, either by telling outright lies or by presenting a message in a misleading form.

&lt;ex&gt;&lt;fex name="Speaker"&gt;I&lt;/fex&gt; &lt;t&gt;lied&lt;/t&gt; &lt;fex name="Addressee"&gt;to you&lt;/fex&gt; &lt;fex name="Topic"&gt;about your Christmas present&lt;/fex&gt;.&lt;/ex&gt;&lt;/def-root&gt;</definition>
    <FE bgColor="FF0000" fgColor="FFFFFF" coreType="Core" cBy="MJE" cDate="03/19/2002 05:51:51 PST Tue" abbrev="Spkr" name="Speaker" ID="2490">
        <definition>&lt;def-root&gt;The person who uses language in the written or spoken modality to convey a deceptive Message to the Addressee.
&lt;ex&gt;&lt;fex name="Speaker"&gt;Politicians&lt;/fex&gt; do nothing but &lt;m&gt;tell&lt;/m&gt; &lt;t&gt;lies&lt;/t&gt; about money.&lt;/ex&gt;&lt;/def-root&gt;</definition>
        <semType name="Sentient" ID="5"/>
    </FE>
    <FE bgColor="006400" fgColor="FFFFFF" coreType="Core" cBy="MJE" cDate="03/19/2002 05:51:53 PST Tue" abbrev="Add" name="Addressee" ID="2491">
        <definition>&lt;def-root&gt;The person that receives a Message from the Speaker. 
&lt;ex&gt;You're &lt;t&gt;kidding&lt;/t&gt; &lt;fex name="Addressee"&gt;me&lt;/fex&gt;!&lt;/ex&gt;
&lt;ex&gt;Satan &lt;t&gt;lies&lt;/t&gt; &lt;fex name="Addressee"&gt;to everyone, including himself&lt;/fex&gt;.&lt;/ex&gt;&lt;/def-root&gt;</definition>
        <semType name="Sentient" ID="5"/>
    </FE>
    <FE bgColor="0000FF" fgColor="FFFFFF" coreType="Core" cBy="MJE" cDate="03/19/2002 05:51:55 PST Tue" abbrev="Top" name="Topic" ID="2492">
        <definition>&lt;def-root&gt;&lt;fen&gt;Topic&lt;/fen&gt; is the entity to which the proposition or propositions  relate, that they are about. 
&lt;ex&gt;You &lt;t&gt;deceived&lt;/t&gt; me &lt;fex name="Topic"&gt;about the location of the diamonds&lt;/fex&gt;.&lt;/ex&gt;&lt;/def-root&gt;</definition>
    </FE>
    <FE bgColor="00BFFF" fgColor="FFFFFF" coreType="Peripheral" cBy="MJE" cDate="07/12/2011 11:48:14 PDT Tue" abbrev="" name="Place" ID="14491">
        <definition>&lt;def-root&gt;The location at which the deception occurs.&lt;/def-root&gt;</definition>
    </FE>
    <FE bgColor="FFA500" fgColor="FFFFFF" coreType="Peripheral" cBy="MJE" cDate="07/12/2011 11:48:57 PDT Tue" abbrev="" name="Time" ID="14492">
        <definition>&lt;def-root&gt;The time at which the deception occurs.&lt;/def-root&gt;</definition>
    </FE>
    <FE bgColor="800080" fgColor="FFFFFF" coreType="Peripheral" cBy="MJE" cDate="07/12/2011 11:49:27 PDT Tue" abbrev="" name="Means" ID="14493">
        <definition>&lt;def-root&gt;The (communicative) action performed by the &lt;fen&gt;Speaker&lt;/fen&gt; in order to deceive the &lt;fen&gt;Addressee&lt;/fen&gt;.&lt;/def-root&gt;</definition>
    </FE>
    <FE bgColor="808080" fgColor="FFFFFF" coreType="Peripheral" cBy="RyC" cDate="07/18/2011 04:28:30 PDT Mon" abbrev="Dur" name="Duration" ID="14542">
        <definition>&lt;def-root&gt;The length of &lt;fex name="Time"&gt;Time&lt;/fex&gt; that the &lt;fex name="Speaker"&gt;Speaker&lt;/fex&gt; spends on the &lt;fex name="Topic"&gt;Topic&lt;/fex&gt;.&lt;/def-root&gt;</definition>
    </FE>
    <FE bgColor="FF69B4" fgColor="000000" coreType="Peripheral" cBy="CVa" cDate="07/18/2011 04:47:42 PDT Mon" abbrev="Purp" name="Purpose" ID="14543">
        <definition>&lt;def-root&gt;The goal of the &lt;fex name="Speaker"&gt;Speaker&lt;/fex&gt;'s deceit of the &lt;fen&gt;Addressee&lt;/fen&gt;&lt;/def-root&gt;</definition>
    </FE>
    <FE bgColor="FF00FF" fgColor="FFFFFF" coreType="Peripheral" cBy="RyC" cDate="07/18/2011 04:52:41 PDT Mon" abbrev="Deg" name="Degree" ID="14544">
        <definition>&lt;def-root&gt;The extent to which the &lt;fex name="Speaker"&gt;Speaker&lt;/fex&gt; deceives the &lt;fex name="Addressee"&gt;Addressee&lt;/fex&gt; about the &lt;fex name="Topic"&gt;Topic&lt;/fex&gt;.&lt;/def-root&gt;</definition>
    </FE>
    <FE bgColor="FFFF00" fgColor="000000" coreType="Peripheral" cBy="CVa" cDate="07/18/2011 04:57:56 PDT Mon" abbrev="Freq" name="Frequency" ID="14546">
        <definition>&lt;def-root&gt;This FE describes how often the &lt;fen&gt;Speaker&lt;/fen&gt; discusses the &lt;fen&gt;Topic&lt;/fen&gt; with the &lt;fen&gt;Addressee&lt;/fen&gt;.&lt;/def-root&gt;</definition>
    </FE>
    <frameRelation type="Inherits from"/>
    <frameRelation type="Is Inherited by"/>
    <frameRelation type="Perspective on"/>
    <frameRelation type="Is Perspectivized in"/>
    <frameRelation type="Uses">
        <relatedFrame ID="6">Communication</relatedFrame>
    </frameRelation>
    <frameRelation type="Is Used by">
        <relatedFrame ID="1734">Front_for</relatedFrame>
    </frameRelation>
    <frameRelation type="Subframe of"/>
    <frameRelation type="Has Subframe(s)"/>
    <frameRelation type="Precedes"/>
    <frameRelation type="Is Preceded by"/>
    <frameRelation type="Is Inchoative of"/>
    <frameRelation type="Is Causative of"/>
    <frameRelation type="See also"/>
    <lexUnit status="Finished_Initial" POS="V" name="lie.v" ID="5274" lemmaID="22251" cBy="MJE" cDate="03/19/2002 05:18:41 PST Tue">
        <definition>COD:  tell a lie or lies</definition>
        <sentenceCount annotated="9" total="306"/>
        <lexeme order="1" headword="false" breakBefore="false" POS="V" name="lie"/>
    </lexUnit>
    <lexUnit status="Finished_Initial" POS="V" name="prevaricate.v" ID="5275" lemmaID="30381" cBy="MJE" cDate="03/19/2002 05:18:59 PST Tue">
        <definition>COD: speak or act evasively.</definition>
        <sentenceCount annotated="6" total="35"/>
        <lexeme order="1" headword="false" breakBefore="false" POS="V" name="prevaricate"/>
    </lexUnit>
    <lexUnit status="Finished_Initial" POS="N" name="lie.n" ID="5276" lemmaID="22249" cBy="MJE" cDate="03/19/2002 05:19:57 PST Tue">
        <definition>COD:  an intentionally false statement</definition>
        <sentenceCount annotated="18" total="307"/>
        <lexeme order="1" headword="false" breakBefore="false" POS="N" name="lie"/>
    </lexUnit>
    <lexUnit status="Created" POS="V" name="mislead.v" ID="5277" lemmaID="24532" cBy="MJE" cDate="03/19/2002 05:20:42 PST Tue">
        <definition>COD: cause to have a wrong impression about someone or something. </definition>
        <sentenceCount annotated="1" total="1"/>
        <lexeme order="1" headword="false" breakBefore="false" POS="V" name="mislead"/>
    </lexUnit>
    <lexUnit status="Finished_Initial" POS="V" name="kid.v" ID="5278" lemmaID="21295" cBy="MJE" cDate="03/19/2002 05:23:14 PST Tue">
        <definition>FN: deceive playfully</definition>
        <sentenceCount annotated="10" total="108"/>
        <lexeme order="1" headword="false" breakBefore="false" POS="V" name="kid"/>
    </lexUnit>
    <lexUnit status="Finished_Initial" POS="V" name="misrepresent.v" ID="5280" lemmaID="24552" cBy="MJE" cDate="03/19/2002 05:25:01 PST Tue">
        <definition>COD: give a false or misleading account of. </definition>
        <sentenceCount annotated="6" total="65"/>
        <lexeme order="1" headword="false" breakBefore="false" POS="V" name="misrepresent"/>
        <semType name="Negative_judgment" ID="14"/>
    </lexUnit>
    <lexUnit status="Created" POS="N" name="deception.n" ID="5281" lemmaID="45553" cBy="MJE" cDate="03/19/2002 05:25:38 PST Tue">
        <definition>COD: the action of deceiving. </definition>
        <sentenceCount annotated="1" total="1"/>
        <lexeme order="1" headword="false" breakBefore="false" POS="N" name="deception"/>
    </lexUnit>
    <lexUnit status="Finished_Initial" POS="N" name="misrepresentation.n" ID="5282" lemmaID="24553" cBy="MJE" cDate="03/19/2002 05:29:17 PST Tue">
        <definition>FN: act of deception or misleading</definition>
        <sentenceCount annotated="15" total="117"/>
        <lexeme order="1" headword="false" breakBefore="false" POS="N" name="misrepresentation"/>
        <semType name="Negative_judgment" ID="14"/>
    </lexUnit>
    <lexUnit status="Finished_Initial" POS="N" name="prevarication.n" ID="5283" lemmaID="45554" cBy="MJE" cDate="03/19/2002 05:29:40 PST Tue">
        <definition>FN: act of speaking evasively</definition>
        <sentenceCount annotated="4" total="27"/>
        <lexeme order="1" headword="false" breakBefore="false" POS="N" name="prevarication"/>
    </lexUnit>
    <lexUnit status="Created" POS="V" name="shit.v" ID="5284" lemmaID="35576" cBy="MJE" cDate="03/19/2002 05:33:38 PST Tue">
        <definition>FN: jokingly deceive.</definition>
        <sentenceCount annotated="0" total="0"/>
        <lexeme order="1" headword="false" breakBefore="false" POS="V" name="shit"/>
    </lexUnit>
    <lexUnit status="Created" POS="V" name="joke.v" ID="5285" lemmaID="21027" cBy="MJE" cDate="03/19/2002 05:47:11 PST Tue">
        <definition>FN: say something untrue to be funny.</definition>
        <sentenceCount annotated="0" total="0"/>
        <lexeme order="1" headword="false" breakBefore="false" POS="V" name="joke"/>
    </lexUnit>
    <lexUnit status="Finished_Initial" POS="V" name="equivocate.v" ID="5286" lemmaID="13026" cBy="MJE" cDate="03/19/2002 05:49:17 PST Tue">
        <definition>COD: use ambiguous or evasive language.</definition>
        <sentenceCount annotated="6" total="13"/>
        <lexeme order="1" headword="false" breakBefore="false" POS="V" name="equivocate"/>
    </lexUnit>
    <lexUnit status="Insufficient_Attestations" POS="V" name="fool.v" ID="5287" lemmaID="14953" cBy="MJE" cDate="03/19/2002 05:59:59 PST Tue">
        <definition>COD: trick, deceive, or dupe. </definition>
        <sentenceCount annotated="1" total="224"/>
        <lexeme order="1" headword="false" breakBefore="false" POS="V" name="fool"/>
    </lexUnit>
    <lexUnit status="Finished_Initial" POS="N" name="equivocation.n" ID="5288" lemmaID="13027" cBy="MJE" cDate="03/19/2002 06:01:42 PST Tue">
        <definition>FN: act of producing ambiguous or evasive language.</definition>
        <sentenceCount annotated="5" total="23"/>
        <lexeme order="1" headword="false" breakBefore="false" POS="N" name="equivocation"/>
    </lexUnit>
    <lexUnit status="Finished_Initial" POS="N" name="fib.n" ID="5290" lemmaID="14251" cBy="MJE" cDate="03/19/2002 06:04:21 PST Tue">
        <definition>COD: 1. a trivial lie. </definition>
        <sentenceCount annotated="5" total="27"/>
        <lexeme order="1" headword="false" breakBefore="false" POS="N" name="fib"/>
    </lexUnit>
    <lexUnit status="Finished_Initial" POS="V" name="bullshit.v" ID="5291" lemmaID="4888" cBy="MJE" cDate="03/19/2002 06:05:14 PST Tue">
        <definition>COD: talk nonsense in an attempt to deceive. </definition>
        <sentenceCount annotated="6" total="7"/>
        <lexeme order="1" headword="false" breakBefore="false" POS="V" name="bullshit"/>
    </lexUnit>
    <lexUnit status="Finished_Initial" POS="V" name="pull leg.v" ID="5292" lemmaID="45558" cBy="MJE" cDate="03/19/2002 06:06:57 PST Tue">
        <definition>COD:  deceive someone playfully</definition>
        <sentenceCount annotated="5" total="150"/>
        <lexeme order="1" headword="true" breakBefore="false" POS="V" name="pull"/>
        <lexeme order="2" headword="false" breakBefore="true" POS="N" name="leg"/>
    </lexUnit>
    <lexUnit status="Finished_Initial" POS="V" name="deceive.v" ID="5294" lemmaID="9766" cBy="KCo" cDate="03/20/2002 10:36:53 PST Wed">
        <definition>COD: deliberately mislead or misrepresent the truth to. </definition>
        <sentenceCount annotated="10" total="184"/>
        <lexeme order="1" headword="false" breakBefore="false" POS="V" name="deceive"/>
    </lexUnit>
    <lexUnit status="Insufficient_Attestations" POS="V" name="fib.v" ID="5298" lemmaID="14252" cBy="KCo" cDate="03/20/2002 01:15:16 PST Wed">
        <definition>COD: tell a fib.</definition>
        <sentenceCount annotated="4" total="18"/>
        <lexeme order="1" headword="false" breakBefore="false" POS="V" name="fib"/>
    </lexUnit>
    <lexUnit status="Created" POS="V" name="pull the wool over (someone's) eyes.v" ID="10435" lemmaID="49026" cBy="MJE" cDate="04/22/2004 12:55:59 PDT Thu">
        <definition>FN: to deceive</definition>
        <sentenceCount annotated="0" total="0"/>
        <lexeme order="1" headword="true" breakBefore="false" POS="V" name="pull"/>
        <lexeme order="2" headword="false" breakBefore="false" POS="ART" name="the"/>
        <lexeme order="3" headword="false" breakBefore="false" POS="N" name="wool"/>
        <lexeme order="4" headword="false" breakBefore="false" POS="PREP" name="over"/>
        <lexeme order="5" headword="false" breakBefore="true" POS="N" name="eyes"/>
    </lexUnit>
    <lexUnit status="Created" POS="V" name="hoodwink.v" ID="10436" lemmaID="18349" cBy="MJE" cDate="04/22/2004 01:08:34 PDT Thu">
        <definition>COD: deceive or trick. </definition>
        <sentenceCount annotated="0" total="0"/>
        <lexeme order="1" headword="false" breakBefore="false" POS="V" name="hoodwink"/>
    </lexUnit>
    <lexUnit status="Created" POS="N" name="bullshit artist.n" ID="13544" lemmaID="50442" cBy="MiL" cDate="08/24/2006 11:01:53 PDT Thu">
        <definition>FN: a person known to deceive. </definition>
        <sentenceCount annotated="2" total="2"/>
        <lexeme order="1" headword="true" breakBefore="false" POS="N" name="bullshit"/>
        <lexeme order="2" headword="false" breakBefore="false" POS="N" name="artist"/>
        <semType name="Agentive_noun" ID="102"/>
    </lexUnit>
    <lexUnit status="Created" POS="V" name="dissemble.v" ID="13784" lemmaID="11155" cBy="RLG" cDate="02/23/2007 04:52:09 PST Fri">
        <definition>COD: hide or disguise one's true motives or feelings.</definition>
        <sentenceCount annotated="0" total="0"/>
        <lexeme order="1" headword="false" breakBefore="false" POS="V" name="dissemble"/>
    </lexUnit>
    <lexUnit status="Created" POS="N" name="dissembler.n" ID="13785" lemmaID="11156" cBy="RLG" cDate="02/23/2007 05:06:22 PST Fri">
        <definition>FN: one who misrepresents him or herself.</definition>
        <sentenceCount annotated="0" total="0"/>
        <lexeme order="1" headword="false" breakBefore="false" POS="N" name="dissembler"/>
        <semType name="Agentive_noun" ID="102"/>
    </lexUnit>
    <lexUnit status="Created" POS="A" name="deceptive.a" ID="14585" lemmaID="9778" cBy="KmG" cDate="10/25/2007 04:32:55 PDT Thu">
        <definition>FN: to not be revealing the truth</definition>
        <sentenceCount annotated="1" total="1"/>
        <lexeme order="1" headword="false" breakBefore="false" POS="A" name="deceptive"/>
    </lexUnit>
    <lexUnit status="Needs_SCs" POS="V" name="tell.v" ID="15386" lemmaID="39772" cBy="JKs" cDate="06/30/2009 03:21:59 PDT Tue">
        <definition>FN: communicate the truth, a lie, etc (support only)</definition>
        <sentenceCount annotated="4" total="4"/>
        <lexeme order="1" headword="false" breakBefore="false" POS="V" name="tell"/>
        <semType name="Support" ID="111"/>
    </lexUnit>
</frame>