<?xml version="1.0" encoding="UTF-8" standalone="yes"?>
<?xml-stylesheet type="text/xsl" href="frame.xsl"?>
<frame cBy="MJE" cDate="06/27/2001 08:50:32 PDT Wed" name="Process_continue" ID="145" xsi:schemaLocation="../schema/frame.xsd" xmlns="http://framenet.icsi.berkeley.edu" xmlns:xsi="http://www.w3.org/2001/XMLSchema-instance">
    <definition>&lt;def-root&gt;An &lt;fen&gt;Event&lt;/fen&gt; continues at a certain &lt;fen&gt;Place&lt;/fen&gt; through &lt;fen&gt;Time&lt;/fen&gt;.  (Note that often when 'continue.v' occurs with definite time points, it denotes Resumption, which is out of frame here.)
NB:  Refer to Process frame.
&lt;ex&gt;&lt;/ex&gt;
&lt;ex&gt;Pyongyang agreed to suspend its withdrawal while &lt;fex name="Event"&gt;talks&lt;/fex&gt; &lt;t&gt;continued&lt;/t&gt; &lt;fex name="Event"&gt;with Washington&lt;/fex&gt;.&lt;/ex&gt;

&lt;ex&gt;&lt;fex name="Event"&gt;Missions and different plans&lt;/fex&gt; &lt;t&gt;proceed&lt;/t&gt; &lt;fex name="Manner"&gt;according to Islamic law provision&lt;/fex&gt;.&lt;/ex&gt;&lt;/def-root&gt;</definition>
    <FE bgColor="9400D3" fgColor="FFFFFF" coreType="Extra-Thematic" cBy="MJE" cDate="06/27/2001 08:53:54 PDT Wed" abbrev="Dep" name="Depictive" ID="1134">
        <definition>&lt;def-root&gt;Depictive phrase about the state of a focal participant.
&lt;ex&gt;The rain &lt;t&gt;continued&lt;/t&gt; &lt;fex name="Dep"&gt;unabated&lt;/fex&gt;.&lt;/ex&gt;&lt;/def-root&gt;</definition>
    </FE>
    <FE bgColor="FF00FF" fgColor="FFFFFF" coreType="Peripheral" cBy="MJE" cDate="06/27/2001 08:53:54 PDT Wed" abbrev="Manr" name="Manner" ID="1136">
        <definition>&lt;def-root&gt;&lt;fen&gt;Manner&lt;/fen&gt; in which the &lt;fen&gt;Event&lt;/fen&gt; is continuing.&lt;/def-root&gt;</definition>
        <semType name="Manner" ID="173"/>
    </FE>
    <FE bgColor="9F79EE" fgColor="FFFFFF" coreType="Peripheral" cBy="MJE" cDate="06/27/2001 08:54:06 PDT Wed" abbrev="Dur" name="Duration" ID="1140">
        <definition>&lt;def-root&gt;This FE identifies the &lt;fen&gt;Duration&lt;/fen&gt; of  time over which the &lt;fen&gt;Event&lt;/fen&gt; is ongoing.&lt;/def-root&gt;</definition>
        <semType name="Duration" ID="142"/>
    </FE>
    <FE bgColor="00BFFF" fgColor="FFFFFF" coreType="Core-Unexpressed" cBy="MJE" cDate="06/27/2001 08:54:06 PDT Wed" abbrev="Evnt" name="Event" ID="1141">
        <definition>&lt;def-root&gt;Name of the &lt;fen&gt;Event&lt;/fen&gt; which is continuing.&lt;/def-root&gt;</definition>
        <semType name="State_of_affairs" ID="177"/>
    </FE>
    <FE bgColor="008000" fgColor="FFFFFF" coreType="Peripheral" cBy="MJE" cDate="06/27/2001 08:54:06 PDT Wed" abbrev="Place" name="Place" ID="1142">
        <definition>&lt;def-root&gt;Where the &lt;fen&gt;Event&lt;/fen&gt; takes place.&lt;/def-root&gt;</definition>
        <semType name="Locative_relation" ID="182"/>
    </FE>
    <FE bgColor="800080" fgColor="FFFFFF" coreType="Extra-Thematic" cBy="MJE" cDate="06/27/2001 08:54:06 PDT Wed" abbrev="Exp" name="Explanation" ID="1143">
        <definition>&lt;def-root&gt;The &lt;fen&gt;Explanation&lt;/fen&gt; for which the &lt;fen&gt;Event&lt;/fen&gt; occurs.&lt;/def-root&gt;</definition>
        <semType name="State_of_affairs" ID="177"/>
    </FE>
    <FE bgColor="FFA500" fgColor="FFFFFF" coreType="Peripheral" cBy="MJE" cDate="06/27/2001 08:56:43 PDT Wed" abbrev="Time" name="Time" ID="1144">
        <definition>&lt;def-root&gt;When the &lt;fen&gt;Event&lt;/fen&gt; occurs.&lt;/def-root&gt;</definition>
        <semType name="Time" ID="141"/>
    </FE>
    <FE bgColor="A52A2A" fgColor="FFFFFF" coreType="Extra-Thematic" cBy="MJE" cDate="06/28/2001 02:42:55 PDT Thu" abbrev="Next" name="Next_subevent" ID="1146">
        <definition>&lt;def-root&gt;The &lt;fen&gt;Next_subevent&lt;/fen&gt; of the overall &lt;fen&gt;Event&lt;/fen&gt;.&lt;ex&gt;The meeting &lt;t&gt;continued&lt;/t&gt; &lt;fex name="Next"&gt;with a discussion&lt;/fex&gt;...&lt;/ex&gt;&lt;/def-root&gt;</definition>
    </FE>
    <FE bgColor="FF0000" fgColor="FFFFFF" coreType="Extra-Thematic" cBy="KmG" cDate="11/15/2006 01:50:03 PST Wed" abbrev="" name="Circumstances" ID="10820">
        <definition>&lt;def-root&gt;Circumstances describe the state of the world (at a particular time and place) which is specifically independent of the event itself and any of its participants. &lt;/def-root&gt;</definition>
    </FE>
    <FE bgColor="90876C" fgColor="FFFFFF" coreType="Extra-Thematic" cBy="KmG" cDate="03/21/2007 11:01:20 PDT Wed" abbrev="" name="Concessive" ID="11238">
        <definition>&lt;def-root&gt;This FE signifies that the state of affairs expressed by the main clause (containing the target) occurs or holds, and something other than that state of affairs would be expected given the state of affairs in the concessive clause. &lt;/def-root&gt;</definition>
    </FE>
    <frameRelation type="Inherits from"/>
    <frameRelation type="Is Inherited by">
        <relatedFrame ID="264">Sleep</relatedFrame>
        <relatedFrame ID="164">Activity_ongoing</relatedFrame>
    </frameRelation>
    <frameRelation type="Perspective on">
        <relatedFrame ID="2123">Delimited_state_scenario</relatedFrame>
    </frameRelation>
    <frameRelation type="Is Perspectivized in"/>
    <frameRelation type="Uses"/>
    <frameRelation type="Is Used by"/>
    <frameRelation type="Subframe of">
        <relatedFrame ID="233">Process</relatedFrame>
    </frameRelation>
    <frameRelation type="Has Subframe(s)"/>
    <frameRelation type="Precedes">
        <relatedFrame ID="232">Process_end</relatedFrame>
        <relatedFrame ID="144">Process_stop</relatedFrame>
        <relatedFrame ID="1765">Process_pause</relatedFrame>
    </frameRelation>
    <frameRelation type="Is Preceded by">
        <relatedFrame ID="133">Process_start</relatedFrame>
        <relatedFrame ID="148">Process_resume</relatedFrame>
    </frameRelation>
    <frameRelation type="Is Inchoative of"/>
    <frameRelation type="Is Causative of"/>
    <frameRelation type="See also"/>
    <lexUnit status="Created" POS="V" name="continue.v" ID="2799" lemmaID="8085" cBy="MJE" cDate="06/27/2001 08:58:49 PDT Wed">
        <definition>COD: remain in existence, operation, or a specified state.</definition>
        <sentenceCount annotated="31" total="31"/>
        <lexeme order="1" headword="false" breakBefore="false" POS="V" name="continue"/>
    </lexUnit>
    <lexUnit status="Finished_Initial" POS="A" name="on-going.a" ID="2802" lemmaID="26733" cBy="MJE" cDate="06/27/2001 09:00:11 PDT Wed">
        <definition>COD: continuing; still in progress. </definition>
        <sentenceCount annotated="15" total="153"/>
        <lexeme order="1" headword="true" breakBefore="false" POS="A" name="ongoing"/>
    </lexUnit>
    <lexUnit status="Finished_Initial" POS="V" name="persist.v" ID="4092" lemmaID="28563" cBy="MJE" cDate="09/27/2001 07:07:21 PDT Thu">
        <definition>COD: continue to exist. </definition>
        <sentenceCount annotated="17" total="204"/>
        <lexeme order="1" headword="false" breakBefore="false" POS="V" name="persist"/>
    </lexUnit>
    <lexUnit status="In_Use" POS="V" name="drag on.v" ID="4094" lemmaID="45221" cBy="MJE" cDate="09/27/2001 07:12:15 PDT Thu">
        <definition>FN: continue longer than expected or desired.</definition>
        <sentenceCount annotated="13" total="14"/>
        <lexeme order="1" headword="true" breakBefore="false" POS="V" name="drag"/>
        <lexeme order="2" headword="false" breakBefore="true" POS="N" name="on"/>
        <semType name="Negative_judgment" ID="14"/>
    </lexUnit>
    <lexUnit status="Created" POS="V" name="go on.v" ID="4095" lemmaID="45222" cBy="MJE" cDate="09/27/2001 07:17:03 PDT Thu">
        <definition>FN: to continue, progress</definition>
        <sentenceCount annotated="8" total="8"/>
        <lexeme order="1" headword="true" breakBefore="false" POS="V" name="go"/>
        <lexeme order="2" headword="false" breakBefore="true" POS="N" name="on"/>
    </lexUnit>
    <lexUnit status="Finished_Initial" POS="N" name="persistence.n" ID="4098" lemmaID="28564" cBy="MJE" cDate="09/27/2001 07:21:22 PDT Thu">
        <definition>FN: continued existence (generally with of)</definition>
        <sentenceCount annotated="15" total="148"/>
        <lexeme order="1" headword="false" breakBefore="false" POS="N" name="persistence"/>
    </lexUnit>
    <lexUnit status="Created" POS="V" name="proceed.v" ID="11693" lemmaID="30540" cBy="JKR" cDate="03/03/2005 11:59:36 PST Thu">
        <definition>FN: (of a process) carry on or continue</definition>
        <sentenceCount annotated="4" total="4"/>
        <lexeme order="1" headword="false" breakBefore="false" POS="V" name="proceed"/>
    </lexUnit>
    <lexUnit status="Created" POS="A" name="underway.a" ID="14024" lemmaID="50560" cBy="KmG" cDate="03/22/2007 02:22:56 PDT Thu">
        <definition>COD: currently in progress.</definition>
        <sentenceCount annotated="1" total="1"/>
        <lexeme order="1" headword="true" breakBefore="false" POS="A" name="underway"/>
    </lexUnit>
    <lexUnit status="Created" POS="ADV" name="on.adv" ID="17648" lemmaID="26701" cBy="CVa" cDate="07/21/2014 04:38:02 PDT Mon">
        <definition>FN: indicating continuation of a process</definition>
        <sentenceCount annotated="2" total="2"/>
        <lexeme order="1" headword="false" breakBefore="false" POS="ADV" name="on"/>
    </lexUnit>
</frame>