<?xml version="1.0" encoding="UTF-8" standalone="yes"?>
<?xml-stylesheet type="text/xsl" href="frame.xsl"?>
<frame cBy="MJE" cDate="09/27/2001 06:36:09 PDT Thu" name="Process" ID="233" xsi:schemaLocation="../schema/frame.xsd" xmlns="http://framenet.icsi.berkeley.edu" xmlns:xsi="http://www.w3.org/2001/XMLSchema-instance">
    <definition>&lt;def-root&gt;This frame describes a complex event which lasts some amount of time, consisting of a beginning stage, a stage where the process is ongoing, and a finish or end.  In some cases the process may pause, and then possibly resume.

In this frame and its subframes, the distinguished argument is a &lt;fen&gt;Process&lt;/fen&gt;, and there is no reference to an Entity which undergoes this &lt;fen&gt;Process&lt;/fen&gt; or an Agent which initiates this &lt;fen&gt;Process&lt;/fen&gt;.  

In formal terms, this frame refers to an overall controller x-schema (Narayanan 1997) with subframes corresponding to parts of the x-schema.

&lt;ex&gt;I'm in the &lt;t&gt;process&lt;/t&gt; &lt;fex name="Process"&gt;of writing it down&lt;/fex&gt;.&lt;/ex&gt;&lt;/def-root&gt;</definition>
    <FE bgColor="800080" fgColor="FFFFFF" coreType="Extra-Thematic" cBy="MJE" cDate="09/27/2001 06:41:01 PDT Thu" abbrev="Exp" name="Explanation" ID="2017">
        <definition>&lt;def-root&gt;The Reason for which an event occurs.&lt;/def-root&gt;</definition>
    </FE>
    <FE bgColor="FF0000" fgColor="FFFFFF" coreType="Core-Unexpressed" cBy="MJE" cDate="09/27/2001 06:41:01 PDT Thu" abbrev="Proc" name="Process" ID="2018">
        <definition>&lt;def-root&gt;Name of the Process which occurs.&lt;/def-root&gt;</definition>
    </FE>
    <FE bgColor="008000" fgColor="FFFFFF" coreType="Peripheral" cBy="MJE" cDate="09/27/2001 06:41:01 PDT Thu" abbrev="Place" name="Place" ID="2019">
        <definition>&lt;def-root&gt;Where the event takes place.&lt;/def-root&gt;</definition>
        <semType name="Locative_relation" ID="182"/>
    </FE>
    <FE bgColor="FFA500" fgColor="FFFFFF" coreType="Peripheral" cBy="MJE" cDate="09/27/2001 06:41:01 PDT Thu" abbrev="Time" name="Time" ID="2020">
        <definition>&lt;def-root&gt;When the event occurs.&lt;/def-root&gt;</definition>
        <semType name="Time" ID="141"/>
    </FE>
    <FE bgColor="FF00FF" fgColor="FFFFFF" coreType="Peripheral" cBy="MJE" cDate="09/27/2001 06:41:01 PDT Thu" abbrev="Manr" name="Manner" ID="2023">
        <definition>&lt;def-root&gt;Manner of performing an action&lt;/def-root&gt;</definition>
        <semType name="Manner" ID="173"/>
    </FE>
    <FE bgColor="9F79EE" fgColor="FFFFFF" coreType="Extra-Thematic" cBy="MJE" cDate="09/27/2001 06:41:01 PDT Thu" abbrev="Result" name="Result" ID="2024">
        <definition>&lt;def-root&gt;Result of an event&lt;/def-root&gt;</definition>
    </FE>
    <FE bgColor="7CCD73" fgColor="FFFFFF" coreType="Peripheral" cBy="MJE" cDate="09/27/2001 07:01:00 PDT Thu" abbrev="Dur" name="Duration" ID="2026">
        <definition>&lt;def-root&gt;The amount of time for which a state holds or a process is ongoing.&lt;/def-root&gt;</definition>
        <semType name="Duration" ID="142"/>
    </FE>
    <frameRelation type="Inherits from"/>
    <frameRelation type="Is Inherited by">
        <relatedFrame ID="120">Arraignment</relatedFrame>
        <relatedFrame ID="124">Activity</relatedFrame>
        <relatedFrame ID="314">Precipitation</relatedFrame>
    </frameRelation>
    <frameRelation type="Perspective on"/>
    <frameRelation type="Is Perspectivized in"/>
    <frameRelation type="Uses"/>
    <frameRelation type="Is Used by">
        <relatedFrame ID="1040">Temporal_pattern</relatedFrame>
        <relatedFrame ID="1340">Progress</relatedFrame>
    </frameRelation>
    <frameRelation type="Subframe of"/>
    <frameRelation type="Has Subframe(s)">
        <relatedFrame ID="234">Process_completed_state</relatedFrame>
        <relatedFrame ID="145">Process_continue</relatedFrame>
        <relatedFrame ID="232">Process_end</relatedFrame>
        <relatedFrame ID="152">Process_initial_state</relatedFrame>
        <relatedFrame ID="148">Process_resume</relatedFrame>
        <relatedFrame ID="133">Process_start</relatedFrame>
        <relatedFrame ID="144">Process_stop</relatedFrame>
        <relatedFrame ID="153">Process_stopped_state</relatedFrame>
        <relatedFrame ID="1764">Process_uncompleted_state</relatedFrame>
        <relatedFrame ID="1765">Process_pause</relatedFrame>
    </frameRelation>
    <frameRelation type="Precedes"/>
    <frameRelation type="Is Preceded by"/>
    <frameRelation type="Is Inchoative of"/>
    <frameRelation type="Is Causative of"/>
    <frameRelation type="See also"/>
    <lexUnit status="Finished_Initial" POS="N" name="process.n" ID="8610" lemmaID="30544" cBy="MJE" cDate="04/23/2003 04:47:20 PDT Wed">
        <definition>COD: a natural series of changes.</definition>
        <sentenceCount annotated="16" total="114"/>
        <lexeme order="1" headword="false" breakBefore="false" POS="N" name="process"/>
    </lexUnit>
</frame>