<?xml version="1.0" encoding="UTF-8" standalone="yes"?>
<?xml-stylesheet type="text/xsl" href="frame.xsl"?>
<frame cBy="MJE" cDate="06/29/2001 06:33:48 PDT Fri" name="Process_initial_state" ID="152" xsi:schemaLocation="../schema/frame.xsd" xmlns="http://framenet.icsi.berkeley.edu" xmlns:xsi="http://www.w3.org/2001/XMLSchema-instance">
    <definition>&lt;def-root&gt;The initial State of an Entity in an event; part of the Event X-schema.
NB:  Refer to Event frame.&lt;/def-root&gt;</definition>
    <semType name="Non-Lexical Frame" ID="16"/>
    <FE bgColor="FF0000" fgColor="FFFFFF" coreType="Core" cBy="MJE" cDate="06/29/2001 06:35:11 PDT Fri" abbrev="pro" name="Process" ID="1188">
        <definition>&lt;def-root&gt;The overall process which is about to begin.&lt;/def-root&gt;</definition>
    </FE>
    <FE bgColor="FFA500" fgColor="FFFFFF" coreType="Peripheral" cBy="MJE" cDate="07/19/2006 04:12:42 PDT Wed" abbrev="" name="Time" ID="10382">
        <definition>&lt;def-root&gt;The point at which the &lt;fen&gt;Process&lt;/fen&gt; begins.&lt;/def-root&gt;</definition>
    </FE>
    <FE bgColor="00BFFF" fgColor="FFFFFF" coreType="Peripheral" cBy="MJE" cDate="07/19/2006 04:14:11 PDT Wed" abbrev="dur" name="Duration" ID="10384">
        <definition>&lt;def-root&gt;The length of time that the &lt;fen&gt;Process&lt;/fen&gt; remains ready to begin.&lt;/def-root&gt;</definition>
    </FE>
    <frameRelation type="Inherits from">
        <relatedFrame ID="150">State</relatedFrame>
    </frameRelation>
    <frameRelation type="Is Inherited by">
        <relatedFrame ID="169">Activity_ready_state</relatedFrame>
    </frameRelation>
    <frameRelation type="Perspective on"/>
    <frameRelation type="Is Perspectivized in"/>
    <frameRelation type="Uses"/>
    <frameRelation type="Is Used by"/>
    <frameRelation type="Subframe of">
        <relatedFrame ID="233">Process</relatedFrame>
    </frameRelation>
    <frameRelation type="Has Subframe(s)"/>
    <frameRelation type="Precedes">
        <relatedFrame ID="133">Process_start</relatedFrame>
    </frameRelation>
    <frameRelation type="Is Preceded by"/>
    <frameRelation type="Is Inchoative of"/>
    <frameRelation type="Is Causative of"/>
    <frameRelation type="See also"/>
</frame>