<?xml version="1.0" encoding="UTF-8" standalone="yes"?>
<?xml-stylesheet type="text/xsl" href="frame.xsl"?>
<frame cBy="JKR" cDate="03/01/2005 03:58:19 PST Tue" name="Progress" ID="1340" xsi:schemaLocation="../schema/frame.xsd" xmlns="http://framenet.icsi.berkeley.edu" xmlns:xsi="http://www.w3.org/2001/XMLSchema-instance">
    <definition>&lt;def-root&gt;An &lt;fen&gt;Entity&lt;/fen&gt; changes from a &lt;fen&gt;Prior_state&lt;/fen&gt; to a &lt;fen&gt;Post_state&lt;/fen&gt; in a sequence leading to improvement.

&lt;ex&gt;&lt;fex name="ent"&gt;Their offensive armament&lt;/fex&gt; has &lt;t&gt;developed&lt;/t&gt; &lt;fex name="pri"&gt;from short range missiles&lt;/fex&gt; &lt;fex name="pos"&gt;to long-range ballistic weaponry&lt;/fex&gt; in a relatively short period .&lt;/ex&gt;
&lt;ex&gt;The &lt;t&gt;maturation&lt;/t&gt; &lt;fex name="ent"&gt;of warhead technology&lt;/fex&gt; is, perhaps, not far off .&lt;/ex&gt;
&lt;ex&gt;&lt;fex name="ent"&gt;Recovery in our major overseas markets&lt;/fex&gt; has &lt;t&gt;progressed&lt;/t&gt; &lt;fex name="man"&gt;tentatively&lt;/fex&gt; and increased spending by consumers and government does not appear to be benefiting this&lt;/ex&gt;
&lt;ex&gt;&lt;fex name="cau"&gt;Why&lt;/fex&gt; have &lt;fex name="ent"&gt;we&lt;/fex&gt; &lt;t&gt;developed&lt;/t&gt; &lt;fex name="dom"&gt;economically&lt;/fex&gt; &lt;fex name="man"&gt;as we have&lt;/fex&gt;?&lt;/ex&gt;&lt;/def-root&gt;</definition>
    <FE bgColor="0000FF" fgColor="FFFFFF" coreType="Core" cBy="JKR" cDate="03/01/2005 04:08:55 PST Tue" abbrev="ent" name="Entity" ID="7560">
        <definition>&lt;def-root&gt;The object that undergoes change.

&lt;ex&gt;&lt;t&gt;Advances&lt;/t&gt; &lt;fex name="ent"&gt;in marketing techniques&lt;/fex&gt; have since rendered it obsolete.&lt;/ex&gt;&lt;/def-root&gt;</definition>
    </FE>
    <FE bgColor="800080" fgColor="FFFFFF" coreType="Peripheral" cBy="JKR" cDate="03/01/2005 04:13:18 PST Tue" abbrev="pri" name="Prior_state" ID="7561">
        <definition>&lt;def-root&gt;The former state of the &lt;fen&gt;Entity&lt;/fen&gt;.

&lt;ex&gt;I think we have &lt;t&gt;advanced&lt;/t&gt; somewhat &lt;fex name="pri"&gt;from that way of thinking&lt;/fex&gt; .&lt;/ex&gt;

&lt;/def-root&gt;</definition>
    </FE>
    <FE bgColor="9400D3" fgColor="FFFFFF" coreType="Peripheral" cBy="JKR" cDate="03/01/2005 04:18:15 PST Tue" abbrev="pos" name="Post_state" ID="7562">
        <definition>&lt;def-root&gt;The state of the &lt;fen&gt;Entity&lt;/fen&gt; following an advance.

&lt;ex&gt;The roads have now &lt;t&gt;advanced&lt;/t&gt; &lt;fex name="pos"&gt;to a level of perfection not seen since Rome&lt;/fex&gt; .&lt;/ex&gt;&lt;/def-root&gt;</definition>
    </FE>
    <FE bgColor="FFA500" fgColor="FFFFFF" coreType="Peripheral" cBy="JKR" cDate="03/01/2005 04:23:49 PST Tue" abbrev="tim" name="Time" ID="7563">
        <definition>&lt;def-root&gt;The time at which the progress occurs.

&lt;ex&gt;&lt;fex name="tim"&gt;When&lt;/fex&gt; did the X-wing &lt;t&gt;progress&lt;/t&gt; beyond the drawing board?&lt;/ex&gt;&lt;/def-root&gt;</definition>
        <semType name="Time" ID="141"/>
    </FE>
    <FE bgColor="A52A2A" fgColor="FFFFFF" coreType="Peripheral" cBy="JKR" cDate="03/01/2005 04:27:20 PST Tue" abbrev="rat" name="Rate" ID="7564">
        <definition>&lt;def-root&gt;The rate at which the change happens.

&lt;ex&gt;His captaincy has &lt;fex name="rat"&gt;slowly&lt;/fex&gt; &lt;t&gt;matured&lt;/t&gt; until he has made us forget the sulky Nasser Hussian era&lt;/ex&gt;&lt;/def-root&gt;</definition>
    </FE>
    <FE bgColor="FF00FF" fgColor="FFFFFF" coreType="Peripheral" cBy="JKR" cDate="03/01/2005 04:39:24 PST Tue" abbrev="man" name="Manner" ID="7565">
        <definition>&lt;def-root&gt;A description of the progress, generally a description comparing events (&lt;ment&gt;the same way&lt;/ment&gt;). 

&lt;ex&gt;Recovery in our major overseas markets has &lt;t&gt;progressed&lt;/t&gt; &lt;fex name="man"&gt;tentatively&lt;/fex&gt; and increased spending by consumers and government does not appear to be benefiting this .&lt;/ex&gt;&lt;/def-root&gt;</definition>
        <semType name="Manner" ID="173"/>
    </FE>
    <FE bgColor="FF0000" fgColor="FFFFFF" coreType="Peripheral" cBy="JKR" cDate="03/01/2005 04:47:03 PST Tue" abbrev="dur" name="Duration" ID="7566">
        <definition>&lt;def-root&gt;The period over which the progress occurs.

&lt;ex&gt;Screwcap wine seals enable bottle maturation, and provide ideal conditions for &lt;t&gt;maturation&lt;/t&gt; of wines &lt;fex name="dur"&gt;over a long period of time&lt;/fex&gt;.&lt;/ex&gt;&lt;/def-root&gt;</definition>
        <semType name="Duration" ID="142"/>
    </FE>
    <FE bgColor="008000" fgColor="FFFFFF" coreType="Peripheral" cBy="JKR" cDate="03/01/2005 05:40:53 PST Tue" abbrev="deg" name="Degree" ID="7576">
        <definition>&lt;def-root&gt;The amount of advancement that the &lt;fen&gt;Entity&lt;/fen&gt; has attained.

&lt;ex&gt;Robert's music is &lt;t&gt;developing&lt;/t&gt; &lt;fex name="deg"&gt;further&lt;/fex&gt; as he hones
his live set to bring in the diverse elements of pan-African music.&lt;/ex&gt;&lt;/def-root&gt;</definition>
        <semType name="Degree" ID="172"/>
    </FE>
    <FE bgColor="808080" fgColor="FFFFFF" coreType="Peripheral" cBy="JKR" cDate="03/01/2005 05:43:53 PST Tue" abbrev="dom" name="Domain" ID="7577">
        <definition>&lt;def-root&gt;The relevant dimension of development.

&lt;ex&gt;Why have we &lt;t&gt;developed&lt;/t&gt; &lt;fex name="dom"&gt;economically&lt;/fex&gt; as we have? &lt;/ex&gt;&lt;/def-root&gt;</definition>
    </FE>
    <FE bgColor="90876C" fgColor="FFFFFF" coreType="Extra-Thematic" cBy="JKR" cDate="03/01/2005 05:47:07 PST Tue" abbrev="Exp" name="Explanation" ID="7578">
        <definition>&lt;def-root&gt;An event or state of affairs that brings about the development of the &lt;fen&gt;Entity&lt;/fen&gt;.

&lt;/def-root&gt;</definition>
    </FE>
    <FE bgColor="00008B" fgColor="FFFFFF" coreType="Peripheral" cBy="KmG" cDate="03/14/2007 02:38:28 PDT Wed" abbrev="pla" name="Place" ID="11196">
        <definition>&lt;def-root&gt;The location where the Progress occurs.&lt;/def-root&gt;</definition>
    </FE>
    <FE bgColor="00BFFF" fgColor="FFFFFF" coreType="Extra-Thematic" cBy="KmG" cDate="03/14/2007 02:39:50 PDT Wed" abbrev="" name="Event_description" ID="11197">
        <definition>&lt;def-root&gt;This FE describes the state of affairs denoted by the target as role fillers in other frames&lt;/def-root&gt;</definition>
    </FE>
    <FE bgColor="FF69B4" fgColor="FFFFFF" coreType="Extra-Thematic" cBy="KmG" cDate="03/28/2007 01:26:02 PDT Wed" abbrev="" name="Frequency" ID="11424">
        <definition>&lt;def-root&gt;How often the Progress event occurs. &lt;/def-root&gt;</definition>
    </FE>
    <FE bgColor="7FFF00" fgColor="000000" coreType="Extra-Thematic" cBy="AnW" cDate="06/10/2009 04:33:11 PDT Wed" abbrev="" name="Circumstances" ID="13197">
        <definition>&lt;def-root&gt;&lt;fen&gt;Circumstances&lt;/fen&gt; describe the state of the world (at a particular time and place) which is specifically independent of the event itself and any of its participants.&lt;/def-root&gt;</definition>
    </FE>
    <frameRelation type="Inherits from"/>
    <frameRelation type="Is Inherited by">
        <relatedFrame ID="2693">Ontogeny</relatedFrame>
    </frameRelation>
    <frameRelation type="Perspective on"/>
    <frameRelation type="Is Perspectivized in"/>
    <frameRelation type="Uses">
        <relatedFrame ID="1172">Undergo_change</relatedFrame>
        <relatedFrame ID="233">Process</relatedFrame>
    </frameRelation>
    <frameRelation type="Is Used by">
        <relatedFrame ID="1341">Stage_of_progress</relatedFrame>
    </frameRelation>
    <frameRelation type="Subframe of"/>
    <frameRelation type="Has Subframe(s)"/>
    <frameRelation type="Precedes"/>
    <frameRelation type="Is Preceded by"/>
    <frameRelation type="Is Inchoative of"/>
    <frameRelation type="Is Causative of"/>
    <frameRelation type="See also"/>
    <lexUnit status="Created" POS="V" name="progress.v" ID="11642" lemmaID="30647" cBy="JKR" cDate="03/01/2005 04:51:33 PST Tue">
        <definition>FN: change towards a more advanced condition</definition>
        <sentenceCount annotated="1" total="1"/>
        <lexeme order="1" headword="false" breakBefore="false" POS="V" name="progress"/>
    </lexUnit>
    <lexUnit status="Needs_SCs" POS="N" name="progress.n" ID="11643" lemmaID="30646" cBy="JKR" cDate="03/01/2005 04:52:30 PST Tue">
        <definition>COD: development towards a better, more complete, or more modern condition.</definition>
        <sentenceCount annotated="36" total="76"/>
        <lexeme order="1" headword="false" breakBefore="false" POS="N" name="progress"/>
    </lexUnit>
    <lexUnit status="Created" POS="V" name="advance.v" ID="11644" lemmaID="587" cBy="JKR" cDate="03/01/2005 04:55:11 PST Tue">
        <definition>FN: make progress</definition>
        <sentenceCount annotated="2" total="2"/>
        <lexeme order="1" headword="false" breakBefore="false" POS="V" name="advance"/>
    </lexUnit>
    <lexUnit status="Created" POS="N" name="advance.n" ID="11645" lemmaID="586" cBy="JKR" cDate="03/01/2005 04:56:09 PST Tue">
        <definition>COD: a development or improvement.</definition>
        <sentenceCount annotated="5" total="5"/>
        <lexeme order="1" headword="false" breakBefore="false" POS="N" name="advance"/>
    </lexUnit>
    <lexUnit status="Finished_Initial" POS="N" name="development.n" ID="11646" lemmaID="10480" cBy="JKR" cDate="03/01/2005 04:57:35 PST Tue">
        <definition>FN: the act of making progress or being developed</definition>
        <sentenceCount annotated="48" total="159"/>
        <lexeme order="1" headword="false" breakBefore="false" POS="N" name="development"/>
    </lexUnit>
    <lexUnit status="Created" POS="V" name="develop.v" ID="11647" lemmaID="10478" cBy="JKR" cDate="03/01/2005 04:58:56 PST Tue">
        <definition>FN: become more advanced</definition>
        <sentenceCount annotated="9" total="9"/>
        <lexeme order="1" headword="false" breakBefore="false" POS="V" name="develop"/>
    </lexUnit>
    <lexUnit status="Finished_Initial" POS="V" name="mature.v" ID="11648" lemmaID="23721" cBy="JKR" cDate="03/01/2005 05:00:38 PST Tue">
        <definition>FN: become more advanced</definition>
        <sentenceCount annotated="26" total="166"/>
        <lexeme order="1" headword="false" breakBefore="false" POS="V" name="mature"/>
    </lexUnit>
    <lexUnit status="Created" POS="N" name="maturation.n" ID="12862" lemmaID="23720" cBy="Amy" cDate="11/02/2005 01:40:45 PST Wed">
        <definition>COD: the action or process of maturing.</definition>
        <sentenceCount annotated="0" total="0"/>
        <lexeme order="1" headword="false" breakBefore="false" POS="N" name="maturation"/>
    </lexUnit>
    <lexUnit status="Created" POS="N" name="advancement.n" ID="13552" lemmaID="589" cBy="RLG" cDate="09/17/2006 05:11:27 PDT Sun">
        <definition>FN: the process of advancing.</definition>
        <sentenceCount annotated="1" total="1"/>
        <lexeme order="1" headword="false" breakBefore="false" POS="N" name="advancement"/>
    </lexUnit>
    <lexUnit status="Finished_Initial" POS="V" name="burgeon.v" ID="13555" lemmaID="4964" cBy="RLG" cDate="09/17/2006 06:01:52 PDT Sun">
        <definition>COD: grow or increase rapidly.</definition>
        <sentenceCount annotated="19" total="135"/>
        <lexeme order="1" headword="false" breakBefore="false" POS="V" name="burgeon"/>
    </lexUnit>
    <lexUnit status="Created" POS="V" name="stagnate.v" ID="17305" lemmaID="37720" cBy="CVa" cDate="01/29/2013 06:35:55 PST Tue">
        <definition>FN: to stop developing</definition>
        <sentenceCount annotated="0" total="0"/>
        <lexeme order="1" headword="false" breakBefore="false" POS="V" name="stagnate"/>
    </lexUnit>
    <lexUnit status="Created" POS="V" name="improve.v" ID="17582" lemmaID="19273" cBy="CVa" cDate="07/08/2014 10:06:27 PDT Tue">
        <definition>FN: to become better</definition>
        <sentenceCount annotated="0" total="0"/>
        <lexeme order="1" headword="false" breakBefore="false" POS="V" name="improve"/>
    </lexUnit>
</frame>