<?xml version="1.0" encoding="UTF-8" standalone="yes"?>
<?xml-stylesheet type="text/xsl" href="frame.xsl"?>
<frame cBy="JKR" cDate="06/30/2004 12:16:03 PDT Wed" name="Project" ID="1158" xsi:schemaLocation="../schema/frame.xsd" xmlns="http://framenet.icsi.berkeley.edu" xmlns:xsi="http://www.w3.org/2001/XMLSchema-instance">
    <definition>&lt;def-root&gt;An &lt;fen&gt;Agent&lt;/fen&gt;, which may be an individual or group, is engaged in a complex &lt;fen&gt;Activity&lt;/fen&gt;.  A larger &lt;fen&gt;Goal&lt;/fen&gt; which motivates the &lt;fen&gt;Agent&lt;/fen&gt; carrying out the &lt;fen&gt;Activity&lt;/fen&gt; may be indicated. Instead of a particular  &lt;fen&gt;Activity&lt;/fen&gt;, a &lt;fen&gt;Field&lt;/fen&gt; of endeavor may be indicated. The project may also have a &lt;fen&gt;Name&lt;/fen&gt; and the &lt;fen&gt;Time&lt;/fen&gt; when as well as the &lt;fen&gt;Place&lt;/fen&gt; where it is ongoing may be specified.

&lt;ex&gt;The &lt;fex name="act"&gt;New Car Assessment&lt;/fex&gt; &lt;t&gt;Program&lt;/t&gt; (NCAP) is dedicated to helping the public buy a safer car.&lt;/ex&gt;

&lt;ex&gt;The school will continue with &lt;fex name="age"&gt;its&lt;/fex&gt; &lt;t&gt;project&lt;/t&gt; &lt;fex name="goa"&gt;to end all violence related to racism, xenophobia and intolerance&lt;/fex&gt;.&lt;/ex&gt;&lt;/def-root&gt;</definition>
    <FE bgColor="FF0000" fgColor="FFFFFF" coreType="Core" cBy="JKR" cDate="06/30/2004 12:29:02 PDT Wed" abbrev="age" name="Agent" ID="6708">
        <definition>&lt;def-root&gt;The individual or organization that carries out the project.

&lt;ex&gt;The &lt;fex name="age"&gt;DOE&lt;/fex&gt; Human Genome &lt;t&gt;Program&lt;/t&gt; also has developed high-throughput approaches to identifying is-regulatory sequences in the human and other genomes&lt;/ex&gt;&lt;/def-root&gt;</definition>
        <semType name="Sentient" ID="5"/>
    </FE>
    <FE bgColor="800080" fgColor="FFFFFF" coreType="Core" cBy="JKR" cDate="06/30/2004 12:31:37 PDT Wed" abbrev="fie" name="Field" ID="6709">
        <definition>&lt;def-root&gt;An area of human endeavor, typically scientifc in nature, in which the &lt;fen&gt;Agent&lt;/fen&gt;'s &lt;fen&gt;Activity&lt;/fen&gt; falls. 

&lt;ex&gt;Several &lt;t&gt;projects&lt;/t&gt; &lt;fex name="fie"&gt;in computational linguistics&lt;/fex&gt; have recently stalled due to lack of funding .&lt;/ex&gt;
&lt;/def-root&gt;</definition>
    </FE>
    <FE bgColor="1E90FF" fgColor="FFFFFF" coreType="Core" cBy="JKR" cDate="06/30/2004 12:35:40 PDT Wed" abbrev="act" name="Activity" ID="6710">
        <definition>&lt;def-root&gt;What the &lt;fen&gt;Agent&lt;/fen&gt; (an individual or the members of an organization) are dedicated to doing.

&lt;ex&gt;The &lt;fex name="act"&gt;New Car Assessment&lt;/fex&gt; &lt;t&gt;Program&lt;/t&gt; (NCAP) is dedicated to helping the public buy a safer car. &lt;/ex&gt;&lt;/def-root&gt;</definition>
        <excludesFE name="Salient_entity" ID="7490"/>
    </FE>
    <FE bgColor="9400D3" fgColor="FFFFFF" coreType="Peripheral" cBy="JKR" cDate="06/30/2004 12:37:39 PDT Wed" abbrev="nam" name="Name" ID="6711">
        <definition>&lt;def-root&gt;A name given to the project for identification.

&lt;ex&gt;Our agency is responsible for administering the &lt;fex name="nam"&gt;WIC&lt;/fex&gt; &lt;t&gt;Program&lt;/t&gt;&lt;/ex&gt;&lt;/def-root&gt;</definition>
    </FE>
    <FE bgColor="008000" fgColor="FFFFFF" coreType="Core" cBy="JKR" cDate="06/30/2004 12:42:05 PDT Wed" abbrev="goa" name="Goal" ID="6712">
        <definition>&lt;def-root&gt;The larger aim that the &lt;fen&gt;Agent&lt;/fen&gt; is pursuing by carrying out certain coordinated measures.

&lt;ex&gt;The &lt;t&gt;program&lt;/t&gt; &lt;fex name="goa"&gt;to analyze the composition of Titan's sludge&lt;/fex&gt; is nearly complete.&lt;/ex&gt;
&lt;/def-root&gt;</definition>
        <semType name="Human_act" ID="69"/>
    </FE>
    <FE bgColor="FF69B4" fgColor="FFFFFF" coreType="Core" cBy="MJE" cDate="02/11/2005 06:47:43 PST Fri" abbrev="sal" name="Salient_entity" ID="7490">
        <definition>&lt;def-root&gt;An entity (abstract or concrete) which is involved in an implicit &lt;fen&gt;Activity&lt;/fen&gt;.

&lt;ex&gt;Iran has vowed to continue its &lt;fex name="sal"&gt;nuclear&lt;/fex&gt; &lt;t&gt;program&lt;/t&gt; and is demanding that sanctions against it should be lifted .&lt;/ex&gt;
&lt;ex&gt;The DOE &lt;fex name="sal"&gt;Human Genome&lt;/fex&gt; &lt;t&gt;Program&lt;/t&gt; also has developed high-throughput approaches to identify cis-regulatory sequences in the human and other genomes, based on shared &lt;/ex&gt;&lt;/def-root&gt;</definition>
    </FE>
    <FE bgColor="FF00FF" fgColor="FFFFFF" coreType="Peripheral" cBy="RLG" cDate="04/25/2005 10:41:35 PDT Mon" abbrev="mnr" name="Manner" ID="7867">
        <definition>&lt;def-root&gt;A description of the manner in which the &lt;fen&gt;Agent&lt;/fen&gt; performs the &lt;fen&gt;Activity&lt;/fen&gt; associated with the program.&lt;/def-root&gt;</definition>
        <semType name="Manner" ID="173"/>
    </FE>
    <FE bgColor="A52A2A" fgColor="FFFFFF" coreType="Peripheral" cBy="RLG" cDate="04/25/2005 10:48:13 PDT Mon" abbrev="dur" name="Duration" ID="7868">
        <definition>&lt;def-root&gt;The length of time over which the project is lasts or is slated to last.

&lt;ex&gt;The government has initiated yet another &lt;fex name="dur"&gt;seven-year&lt;/fex&gt; &lt;t&gt;program&lt;/t&gt;.&lt;/ex&gt;&lt;/def-root&gt;</definition>
        <semType name="Duration" ID="142"/>
    </FE>
    <FE bgColor="0000FF" fgColor="FFFFFF" coreType="Extra-Thematic" cBy="JKR" cDate="06/15/2005 10:44:40 PDT Wed" abbrev="co-p" name="Co-participant" ID="8162">
        <definition>&lt;def-root&gt; &lt;fen&gt;Co-participant&lt;/fen&gt; is an entity that participates in a coordinated way in the &lt;fen&gt;Activity&lt;/fen&gt; of the project as the &lt;fen&gt;Agent&lt;/fen&gt;.

&lt;ex&gt;It turned out that the company was doing a &lt;t&gt;program&lt;/t&gt; &lt;fex name="Co-participant"&gt;with a local Arab-American communal group&lt;/fex&gt;.&lt;/ex&gt;&lt;/def-root&gt;</definition>
    </FE>
    <FE bgColor="00BFFF" fgColor="FFFFFF" coreType="Core" cBy="MJE" cDate="12/07/2005 11:08:16 PST Wed" abbrev="pro" name="Project" ID="9655">
        <definition>&lt;def-root&gt;The ongoing plan of action which allows the &lt;fen&gt;Agent&lt;/fen&gt; to pursue the &lt;fen&gt;Activity&lt;/fen&gt;.&lt;/def-root&gt;</definition>
    </FE>
    <FE bgColor="FFA500" fgColor="FFFFFF" coreType="Peripheral" cBy="MJE" cDate="12/07/2005 11:12:17 PST Wed" abbrev="tim" name="Time" ID="9656">
        <definition>&lt;def-root&gt;The time at which the &lt;fen&gt;Project&lt;/fen&gt; is ongoing.&lt;/def-root&gt;</definition>
        <semType name="Time" ID="141"/>
    </FE>
    <FE bgColor="00008B" fgColor="FFFFFF" coreType="Peripheral" cBy="MJE" cDate="12/07/2005 11:12:57 PST Wed" abbrev="pla" name="Place" ID="9657">
        <definition>&lt;def-root&gt;The location where a &lt;fen&gt;Project&lt;/fen&gt; is pursued.&lt;/def-root&gt;</definition>
        <semType name="Locative_relation" ID="182"/>
    </FE>
    <FE bgColor="90876C" fgColor="FFFFFF" coreType="Extra-Thematic" cBy="KmG" cDate="02/21/2007 12:10:07 PST Wed" abbrev="des" name="Descriptor" ID="11064">
        <definition>&lt;def-root&gt;This FE is used to describe a characteristic of the &lt;fen&gt;Project&lt;/fen&gt;. &lt;/def-root&gt;</definition>
    </FE>
    <frameRelation type="Inherits from"/>
    <frameRelation type="Is Inherited by"/>
    <frameRelation type="Perspective on"/>
    <frameRelation type="Is Perspectivized in"/>
    <frameRelation type="Uses">
        <relatedFrame ID="513">Purpose</relatedFrame>
    </frameRelation>
    <frameRelation type="Is Used by"/>
    <frameRelation type="Subframe of"/>
    <frameRelation type="Has Subframe(s)"/>
    <frameRelation type="Precedes"/>
    <frameRelation type="Is Preceded by"/>
    <frameRelation type="Is Inchoative of"/>
    <frameRelation type="Is Causative of"/>
    <frameRelation type="See also"/>
    <lexUnit status="Created" POS="N" name="project.n" ID="10723" lemmaID="30659" cBy="JKR" cDate="06/30/2004 12:39:30 PDT Wed">
        <definition>COD: an enterprise carefully planned to achieve a particular aim.</definition>
        <sentenceCount annotated="24" total="29"/>
        <lexeme order="1" headword="false" breakBefore="false" POS="N" name="project"/>
    </lexUnit>
    <lexUnit status="Finished_Initial" POS="N" name="program.n" ID="10724" lemmaID="30643" cBy="JKR" cDate="06/30/2004 12:40:37 PDT Wed">
        <definition>COD:  set of related measures or activities with a long-term aim.</definition>
        <sentenceCount annotated="259" total="553"/>
        <lexeme order="1" headword="false" breakBefore="false" POS="N" name="program"/>
    </lexUnit>
    <lexUnit status="Created" POS="N" name="plan.n" ID="13294" lemmaID="29242" cBy="MiL" cDate="06/21/2006 12:52:03 PDT Wed">
        <definition>COD: a detailed proposal for doing or achieving something.</definition>
        <sentenceCount annotated="12" total="12"/>
        <lexeme order="1" headword="false" breakBefore="false" POS="N" name="plan"/>
    </lexUnit>
    <lexUnit status="Created" POS="N" name="scheme.n" ID="13295" lemmaID="34396" cBy="MiL" cDate="06/21/2006 01:10:27 PDT Wed">
        <definition>COD: a systematic plan or arrangement for attaining some particular object or putting a particular idea into effect.</definition>
        <sentenceCount annotated="0" total="0"/>
        <lexeme order="1" headword="false" breakBefore="false" POS="N" name="scheme"/>
    </lexUnit>
</frame>