<?xml version="1.0" encoding="UTF-8" standalone="yes"?>
<?xml-stylesheet type="text/xsl" href="frame.xsl"?>
<frame cBy="JKR" cDate="07/20/2005 07:37:29 PDT Wed" name="Proper_reference" ID="1582" xsi:schemaLocation="../schema/frame.xsd" xmlns="http://framenet.icsi.berkeley.edu" xmlns:xsi="http://www.w3.org/2001/XMLSchema-instance">
    <definition>&lt;def-root&gt;A speaker marks explicitly that he intends to describe an &lt;fen&gt;Entity&lt;/fen&gt; in a more restricted sense than it was used in the immediately preceding discourse, and that therefore his &lt;fen&gt;Intended_referent&lt;/fen&gt; is different from the one that the hearer might have picked out based on the way the &lt;fen&gt;Entity&lt;/fen&gt; label was previously used.

&lt;ex&gt;Of these, nowadays there are 308 within the &lt;fex name="Entity"&gt;city&lt;/fex&gt; &lt;t&gt;proper&lt;/t&gt;, and 534 if suburbs are included.&lt;/ex&gt;
&lt;ex&gt;Of these, nowadays there are 308 within &lt;fex name="Intended_referent"&gt;the city PROPER&lt;/fex&gt;, and 534 if suburbs are included.&lt;/ex&gt;

&lt;ex&gt;The writing in the WSJ is always excellent, with the majority of its writing
staff located in &lt;fex name="Entity"&gt;New York&lt;/fex&gt; &lt;t&gt;proper&lt;/t&gt;.&lt;/ex&gt;
&lt;ex&gt;The writing in the WSJ is always excellent, with the majority of its writing
staff located in &lt;fex name="Intended_referent"&gt;New York PROPER&lt;/fex&gt;.&lt;/ex&gt;

&lt;ex&gt;Israel Radio said Israel would turn over the &lt;fex name="Entity"&gt;town&lt;/fex&gt; &lt;t&gt;itself&lt;/t&gt;, while agreeing to resume discussions over the surrounding villages in two weeks.&lt;/ex&gt;
&lt;ex&gt;Israel Radio said Israel would turn over &lt;fex name="Intended_referent"&gt;the town ITSELF&lt;/fex&gt;, while agreeing to resume discussions over the surrounding villages in two weeks.&lt;/ex&gt;&lt;/def-root&gt;</definition>
    <FE bgColor="800080" fgColor="FFFFFF" coreType="Core" cBy="JKR" cDate="07/20/2005 07:43:42 PDT Wed" abbrev="ent" name="Entity" ID="8676">
        <definition>&lt;def-root&gt;The name of a particular entity that otherwise might be interpreted as having a broader reference.

&lt;ex&gt;Private quarters are in the &lt;fex name="Entity"&gt;tower&lt;/fex&gt; &lt;t&gt;proper&lt;/t&gt; with a chapel at the very top&lt;/ex&gt;&lt;/def-root&gt;</definition>
    </FE>
    <FE bgColor="FF0000" fgColor="FFFFFF" coreType="Core" cBy="JKR" cDate="07/20/2005 07:52:59 PDT Wed" abbrev="int" name="Intended_referent" ID="8677">
        <definition>&lt;def-root&gt;The entity that the speaker intends to refer to using the &lt;fen&gt;Entity&lt;/fen&gt; in a more restricted sense. The &lt;fen&gt;Intended_referent&lt;/fen&gt; is typically a part of the referent that the hearer might have identified based on the broader use of the &lt;fen&gt;Entity&lt;/fen&gt;.

&lt;ex&gt;The gatehouse providing entry from the outer defences to &lt;fex name="int"&gt;the Castle PROPER&lt;/fex&gt; was
erected by King James III and originally formed part of a splendid fore-front .&lt;/ex&gt;&lt;/def-root&gt;</definition>
    </FE>
    <frameRelation type="Inherits from"/>
    <frameRelation type="Is Inherited by"/>
    <frameRelation type="Perspective on"/>
    <frameRelation type="Is Perspectivized in"/>
    <frameRelation type="Uses"/>
    <frameRelation type="Is Used by"/>
    <frameRelation type="Subframe of"/>
    <frameRelation type="Has Subframe(s)"/>
    <frameRelation type="Precedes"/>
    <frameRelation type="Is Preceded by"/>
    <frameRelation type="Is Inchoative of"/>
    <frameRelation type="Is Causative of"/>
    <frameRelation type="See also"/>
    <lexUnit status="Needs_SCs" POS="A" name="proper.a" ID="12522" lemmaID="30750" cBy="JKR" cDate="07/20/2005 07:40:23 PDT Wed">
        <definition>COD:  strictly so called</definition>
        <sentenceCount annotated="2" total="123"/>
        <lexeme order="1" headword="false" breakBefore="false" POS="A" name="proper"/>
    </lexUnit>
    <lexUnit status="Created" POS="N" name="self.n" ID="12868" lemmaID="50280" cBy="Amy" cDate="11/02/2005 02:30:54 PST Wed">
        <definition>FN: used to emphasize a particular thing, person, or group already mentioned.</definition>
        <sentenceCount annotated="1" total="1"/>
        <lexeme order="1" headword="true" breakBefore="false" POS="N" name="self"/>
    </lexUnit>
</frame>