<?xml version="1.0" encoding="UTF-8" standalone="yes"?>
<?xml-stylesheet type="text/xsl" href="frame.xsl"?>
<frame cBy="RLG" cDate="07/28/2011 03:10:10 PDT Thu" name="Protest" ID="2587" xsi:schemaLocation="../schema/frame.xsd" xmlns="http://framenet.icsi.berkeley.edu" xmlns:xsi="http://www.w3.org/2001/XMLSchema-instance">
    <definition>&lt;def-root&gt;A &lt;fen&gt;Protester&lt;/fen&gt; (or &lt;fen&gt;Protester&lt;/fen&gt;s) expresses a strong opinion either in support of or against an &lt;fen&gt;Issue&lt;/fen&gt;, or the &lt;fen&gt;Action&lt;/fen&gt;(s) of a &lt;fen&gt;Side&lt;/fen&gt; which relate to the &lt;fen&gt;Issue&lt;/fen&gt;. The public expression of support or opposition often involves multiple &lt;fen&gt;Protester&lt;/fen&gt;s participating in an orginized assembly in a public area.

&lt;ex&gt;&lt;fex name="pro"&gt;Several hundred Tibetans&lt;/fex&gt;, already worried by inflation, took to the streets to &lt;t&gt;protest&lt;/t&gt; &lt;fex name="Action"&gt;at the new measures&lt;/fex&gt;.&lt;/ex&gt;

&lt;ex&gt;Fourteen people were killed in the &lt;t&gt;demonstration&lt;/t&gt; &lt;fex name="Issue"&gt;for the unemployed&lt;/fex&gt;.&lt;/ex&gt;&lt;/def-root&gt;</definition>
    <FE bgColor="FF0000" fgColor="FFFFFF" coreType="Core" cBy="RLG" cDate="07/28/2011 03:10:10 PDT Thu" abbrev="pro" name="Protester" ID="14585">
        <definition>&lt;def-root&gt;The individual (or individuals) who holds an opinion on an Issue or Side.

&lt;ex&gt;On 8 May a &lt;fex name="pro"&gt;student&lt;/fex&gt; &lt;t&gt;demonstration&lt;/t&gt; was attended by a large number of workers.&lt;/ex&gt;&lt;/def-root&gt;</definition>
        <semType name="Sentient" ID="5"/>
    </FE>
    <FE bgColor="008000" fgColor="FFFFFF" coreType="Core" cBy="RLG" cDate="07/28/2011 03:10:10 PDT Thu" abbrev="iss" name="Issue" ID="14586">
        <definition>&lt;def-root&gt;The matter, usually concerning a course of action, which the &lt;fen&gt;Protester&lt;/fen&gt; has an positive or negative opinion about.

&lt;ex&gt;Hundreds gathered this afternoon to &lt;t&gt;demonsrate&lt;/t&gt; &lt;fex name="Issue"&gt;for women's rights&lt;/fex&gt;.&lt;/ex&gt;&lt;/def-root&gt;</definition>
    </FE>
    <FE bgColor="0000FF" fgColor="FFFFFF" coreType="Core" cBy="RLG" cDate="07/28/2011 03:10:10 PDT Thu" abbrev="sid" name="Side" ID="14587">
        <definition>&lt;def-root&gt;The party or individual (generally associated with a particular position on an &lt;fen&gt;Issue&lt;/fen&gt;) that the &lt;fen&gt;Protester&lt;/fen&gt; sides with.

&lt;ex&gt;Violent &lt;t&gt;protests&lt;/t&gt; &lt;fex name="sid"&gt;against the government&lt;/fex&gt; are sure to break out.&lt;/ex&gt;&lt;/def-root&gt;</definition>
    </FE>
    <FE bgColor="FF69B4" fgColor="FFFFFF" coreType="Peripheral" cBy="RLG" cDate="07/28/2011 03:10:10 PDT Thu" abbrev="deg" name="Degree" ID="14588">
        <definition>&lt;def-root&gt;The &lt;fen&gt;Degree&lt;/fen&gt; to which the &lt;fen&gt;Protester&lt;/fen&gt; supports or opposes something, or expresses views on the &lt;fen&gt;Issue&lt;/fen&gt;.&lt;/def-root&gt;</definition>
        <semType name="Degree" ID="172"/>
    </FE>
    <FE bgColor="800080" fgColor="FFFFFF" coreType="Peripheral" cBy="RLG" cDate="07/28/2011 03:10:10 PDT Thu" abbrev="tim" name="Time" ID="14589">
        <definition>&lt;def-root&gt;The time period during which the Protesters express their opinions.&lt;/def-root&gt;</definition>
        <semType name="Time" ID="141"/>
    </FE>
    <FE bgColor="FFA500" fgColor="FFFFFF" coreType="Extra-Thematic" cBy="RLG" cDate="07/28/2011 03:10:10 PDT Thu" abbrev="exp" name="Explanation" ID="14590">
        <definition>&lt;def-root&gt;The &lt;fen&gt;Explanation&lt;/fen&gt; is a proposition denoting a state of affairs from which the &lt;fen&gt;Protester&lt;/fen&gt;'s expressing his or her views on the &lt;fen&gt;Issue&lt;/fen&gt; logically follows.&lt;/def-root&gt;</definition>
        <semType name="State_of_affairs" ID="177"/>
    </FE>
    <FE bgColor="00008B" fgColor="FFFFFF" coreType="Core" cBy="RLG" cDate="07/28/2011 03:10:10 PDT Thu" abbrev="act" name="Action" ID="14591">
        <definition>&lt;def-root&gt;An action taken by a Side or a view that the Side takes on an issue which the &lt;fen&gt;Protester&lt;/fen&gt; either supports or opposes.

&lt;ex&gt;Several hundred Tibetans, already worried by inflation, took to the streets to &lt;t&gt;protest&lt;/t&gt; &lt;fex name="Action"&gt;at the new measures&lt;/fex&gt;.&lt;/ex&gt;&lt;/def-root&gt;</definition>
    </FE>
    <FE bgColor="7CCD73" fgColor="FFFFFF" coreType="Extra-Thematic" cBy="RLG" cDate="07/28/2011 03:10:10 PDT Thu" abbrev="Des" name="Descriptor" ID="14592">
        <definition>&lt;def-root&gt;This FE describes the person or element that is protesting.&lt;/def-root&gt;</definition>
    </FE>
    <FE bgColor="9F79EE" fgColor="FFFFFF" coreType="Extra-Thematic" cBy="RLG" cDate="07/28/2011 03:10:10 PDT Thu" abbrev="Par" name="Particular_iteration" ID="14593">
        <definition>&lt;def-root&gt;Expressions marked with this extra-thematic FE modify a non-iterative use of the target, and indicate that it is conceived as embedded within an iterated series of similar events or states. In addition, most expressions of Particular_iteration indicate which instance of the series is being referred to.&lt;/def-root&gt;</definition>
    </FE>
    <FE bgColor="00BFFF" fgColor="FFFFFF" coreType="Peripheral" cBy="RLG" cDate="07/28/2011 03:10:10 PDT Thu" abbrev="Man" name="Manner" ID="14594">
        <definition>&lt;def-root&gt;Any description of the a Protest which is not covered by more specific FEs, including epistemic modification secondary effects (quietly, loudly), and general descriptions comparing events (the same way). It may also indicate salient characteristics of the Protester that affect the action (reluctantly, meekly).&lt;/def-root&gt;</definition>
    </FE>
    <FE bgColor="FFFF00" fgColor="000000" coreType="Extra-Thematic" cBy="RLG" cDate="07/28/2011 03:10:10 PDT Thu" abbrev="Con" name="Concessive" ID="14595">
        <definition>&lt;def-root&gt;This FE signifies that the state of affairs expressed by the main clause (containing the target) occurs or holds, and something other than that state of affairs would be expected given the state of affairs in the concessive clause. &lt;/def-root&gt;</definition>
    </FE>
    <FE bgColor="EEE8AA" fgColor="9400D3" coreType="Peripheral" cBy="RLG" cDate="07/28/2011 03:10:11 PDT Thu" abbrev="pla" name="Place" ID="14596">
        <definition>&lt;def-root&gt;The location where the &lt;fen&gt;Protester&lt;/fen&gt; takes &lt;fen&gt;Side&lt;/fen&gt;s on an &lt;fen&gt;Issue&lt;/fen&gt; .&lt;/def-root&gt;</definition>
    </FE>
    <FE bgColor="808080" fgColor="FFFFFF" coreType="Peripheral" cBy="RLG" cDate="06/28/2012 11:48:02 PDT Thu" abbrev="dur" name="Duration" ID="15752">
        <definition>&lt;def-root&gt;The length of time of the protest.

&lt;ex&gt;The &lt;fex name="dur"&gt;month-long&lt;/fex&gt; &lt;t&gt;protest&lt;/t&gt; is slowly losing momentum.&lt;/ex&gt;&lt;/def-root&gt;</definition>
    </FE>
    <FE bgColor="A52A2A" fgColor="FFFFFF" coreType="Extra-Thematic" cBy="RLG" cDate="06/28/2012 11:51:10 PDT Thu" abbrev="fre" name="Frequency" ID="15753">
        <definition>&lt;def-root&gt;The frequency with which the protest occurs.

&lt;ex&gt;Police have grown increasingly frustrated at the &lt;fex name="fre"&gt;nightly&lt;/fex&gt; &lt;t&gt;demonstrations&lt;/t&gt;.&lt;/ex&gt;&lt;/def-root&gt;</definition>
    </FE>
    <FEcoreSet>
        <memberFE name="Action" ID="14591"/>
        <memberFE name="Side" ID="14587"/>
        <memberFE name="Issue" ID="14586"/>
    </FEcoreSet>
    <frameRelation type="Inherits from"/>
    <frameRelation type="Is Inherited by"/>
    <frameRelation type="Perspective on"/>
    <frameRelation type="Is Perspectivized in"/>
    <frameRelation type="Uses">
        <relatedFrame ID="1306">Taking_sides</relatedFrame>
    </frameRelation>
    <frameRelation type="Is Used by"/>
    <frameRelation type="Subframe of"/>
    <frameRelation type="Has Subframe(s)"/>
    <frameRelation type="Precedes"/>
    <frameRelation type="Is Preceded by"/>
    <frameRelation type="Is Inchoative of"/>
    <frameRelation type="Is Causative of"/>
    <frameRelation type="See also"/>
    <lexUnit status="Needs_SCs" POS="N" name="demonstration.n" ID="16431" lemmaID="10140" cBy="RLG" cDate="07/28/2011 04:38:22 PDT Thu">
        <definition>FN: public display and expression of support of or opposition to an issue.</definition>
        <sentenceCount annotated="33" total="85"/>
        <lexeme order="1" headword="false" breakBefore="false" POS="N" name="demonstration"/>
    </lexUnit>
    <lexUnit status="Created" POS="V" name="demonstrate.v" ID="16432" lemmaID="10139" cBy="RLG" cDate="07/28/2011 04:39:44 PDT Thu">
        <definition>FN: participate in a gathering to express opinions regarding an issue.</definition>
        <sentenceCount annotated="0" total="0"/>
        <lexeme order="1" headword="false" breakBefore="false" POS="V" name="demonstrate"/>
    </lexUnit>
    <lexUnit status="Needs_SCs" POS="N" name="protest.n" ID="16433" lemmaID="30855" cBy="RLG" cDate="07/28/2011 04:41:25 PDT Thu">
        <definition>FN: a public display to support or oppose an idea or take a stance on an issue.</definition>
        <sentenceCount annotated="86" total="177"/>
        <lexeme order="1" headword="false" breakBefore="false" POS="N" name="protest"/>
    </lexUnit>
    <lexUnit status="Needs_SCs" POS="V" name="protest.v" ID="16434" lemmaID="30856" cBy="RLG" cDate="07/28/2011 04:51:21 PDT Thu">
        <definition>FN: display, often in a group, support or opposition towards an idea or proposal.</definition>
        <sentenceCount annotated="20" total="31"/>
        <lexeme order="1" headword="false" breakBefore="false" POS="V" name="protest"/>
    </lexUnit>
    <lexUnit status="Needs_SCs" POS="N" name="protester.n" ID="16613" lemmaID="30861" cBy="RLG" cDate="09/19/2011 08:15:47 PDT Mon">
        <definition>FN: a person who demonstrates their support or opposition to an idea.</definition>
        <sentenceCount annotated="30" total="118"/>
        <lexeme order="1" headword="false" breakBefore="false" POS="N" name="protester"/>
    </lexUnit>
</frame>