<?xml version="1.0" encoding="UTF-8" standalone="yes"?>
<?xml-stylesheet type="text/xsl" href="frame.xsl"?>
<frame cBy="MJE" cDate="02/25/2008 10:48:19 PST Mon" name="Proximity_image_schema" ID="2017" xsi:schemaLocation="../schema/frame.xsd" xmlns="http://framenet.icsi.berkeley.edu" xmlns:xsi="http://www.w3.org/2001/XMLSchema-instance">
    <definition>&lt;def-root&gt;A &lt;fen&gt;Profiled_region&lt;/fen&gt; is picked out which is near to (or far from) the &lt;fen&gt;Ground&lt;/fen&gt; to a certain &lt;fen&gt;Degree&lt;/fen&gt;.  The &lt;fen&gt;Profiled_region&lt;/fen&gt; cannot contact or overlap the location of the &lt;fen&gt;Ground&lt;/fen&gt;, as this is categorically different--see Contact_image_schema and Collocation_image_schema.&lt;/def-root&gt;</definition>
    <semType name="Non-Lexical Frame" ID="16"/>
    <FE bgColor="FF0000" fgColor="FFFFFF" coreType="Core" cBy="MJE" cDate="02/25/2008 10:48:19 PST Mon" abbrev="" name="Near_profiled_region" ID="12247">
        <definition>&lt;def-root&gt;A region of space located relative to a &lt;fen&gt;Ground&lt;/fen&gt; that is maximally relevant near the &lt;fen&gt;Ground&lt;/fen&gt;, with decreasing applicability away from the &lt;fen&gt;Ground&lt;/fen&gt;.&lt;/def-root&gt;</definition>
    </FE>
    <FE bgColor="0000FF" fgColor="FFFFFF" coreType="Core" cBy="MJE" cDate="02/25/2008 10:48:19 PST Mon" abbrev="" name="Ground" ID="12248">
        <definition>&lt;def-root&gt;An entity whose location is relatively well-known and which, thus, can serve as a land-mark to identify the &lt;fen&gt;Profiled_region&lt;/fen&gt;.&lt;/def-root&gt;</definition>
    </FE>
    <FE bgColor="800080" fgColor="FFFFFF" coreType="Core" cBy="MJE" cDate="02/25/2008 11:03:52 PST Mon" abbrev="" name="Degree" ID="12249">
        <definition>&lt;def-root&gt;The amount of deviation from an idealized expected distance of the &lt;fen&gt;Profiled_region&lt;/fen&gt; from the &lt;fen&gt;Ground&lt;/fen&gt;.&lt;/def-root&gt;</definition>
    </FE>
    <FE bgColor="008000" fgColor="FFFFFF" coreType="Core" cBy="MJE" cDate="09/27/2013 11:01:16 PDT Fri" abbrev="" name="Distant_profiled_region" ID="15963">
        <definition>&lt;def-root&gt;A region of space located relative to a &lt;fen&gt;Ground&lt;/fen&gt; that is not relevant near the &lt;fen&gt;Ground&lt;/fen&gt;, with increasing applicability away from the &lt;fen&gt;Ground&lt;/fen&gt;.&lt;/def-root&gt;</definition>
    </FE>
    <frameRelation type="Inherits from">
        <relatedFrame ID="2016">Image_schema</relatedFrame>
    </frameRelation>
    <frameRelation type="Is Inherited by"/>
    <frameRelation type="Perspective on"/>
    <frameRelation type="Is Perspectivized in">
        <relatedFrame ID="2880">Non-gradable_proximity</relatedFrame>
        <relatedFrame ID="2900">Gradable_proximity</relatedFrame>
    </frameRelation>
    <frameRelation type="Uses"/>
    <frameRelation type="Is Used by"/>
    <frameRelation type="Subframe of"/>
    <frameRelation type="Has Subframe(s)"/>
    <frameRelation type="Precedes"/>
    <frameRelation type="Is Preceded by"/>
    <frameRelation type="Is Inchoative of"/>
    <frameRelation type="Is Causative of"/>
    <frameRelation type="See also">
        <relatedFrame ID="2018">Collocation_image_schema</relatedFrame>
    </frameRelation>
</frame>