<?xml version="1.0" encoding="UTF-8" standalone="yes"?>
<?xml-stylesheet type="text/xsl" href="frame.xsl"?>
<frame cBy="MJE" cDate="06/18/2008 05:34:34 PDT Wed" name="Punctual_perception" ID="2075" xsi:schemaLocation="../schema/frame.xsd" xmlns="http://framenet.icsi.berkeley.edu" xmlns:xsi="http://www.w3.org/2001/XMLSchema-instance">
    <definition>&lt;def-root&gt;A &lt;fen&gt;Perceiver&lt;/fen&gt; briefly perceives a &lt;fen&gt;Phenomenon&lt;/fen&gt;, often resulting in partial or uncertain perception.  A &lt;fen&gt;Body_part&lt;/fen&gt; that enables the perception may be mentioned, either metonymically replacing the &lt;fen&gt;Perceiver&lt;/fen&gt; or in addition to the &lt;fen&gt;Perceiver&lt;/fen&gt;.

&lt;ex&gt;&lt;fex name="Perceiver"&gt;I&lt;/fex&gt; 've been waiting here to &lt;m&gt;catch&lt;/m&gt; a &lt;t&gt;glimpse&lt;/t&gt; &lt;fex name="Phenomenon"&gt;of the snow leopard&lt;/fex&gt; for seven hours.&lt;/ex&gt;
&lt;ex&gt;If you go in there, &lt;fex name="Perceiver"&gt;you&lt;/fex&gt; 'll &lt;t&gt;get&lt;/t&gt; an &lt;t&gt;eyeful&lt;/t&gt;. &lt;fex name="Phenomenon"&gt;INI&lt;/fex&gt;&lt;/ex&gt;&lt;/def-root&gt;</definition>
    <FE bgColor="FF0000" fgColor="FFFFFF" coreType="Core" cBy="MJE" cDate="06/18/2008 05:34:34 PDT Wed" abbrev="Perc-Pass" name="Perceiver" ID="12846">
        <definition>&lt;def-root&gt;The being who has a perceptual experience, generally construed to be not on purpose. 

&lt;ex&gt;When she looked back, &lt;fex name="Perceiver"&gt;Maria&lt;/fex&gt; &lt;t&gt;glimpsed&lt;/t&gt; an arm clawing around the corner.&lt;/ex&gt;&lt;/def-root&gt;</definition>
        <semType name="Sentient" ID="5"/>
    </FE>
    <FE bgColor="0000FF" fgColor="FFFFFF" coreType="Core" cBy="MJE" cDate="06/18/2008 05:34:34 PDT Wed" abbrev="Phen" name="Phenomenon" ID="12847">
        <definition>&lt;def-root&gt;The entity or phenomenon that the perceiver experiences with his or her senses. It is typically expressed as Object with verbs.

&lt;ex&gt;The waiter &lt;t&gt;glimpsed&lt;/t&gt; &lt;fex name="Phenomenon"&gt;a fly&lt;/fex&gt; disappearing under the surface of the soup.&lt;/ex&gt;&lt;/def-root&gt;</definition>
    </FE>
    <FE bgColor="9F79EE" fgColor="FFFFFF" coreType="Core" cBy="MJE" cDate="06/18/2008 05:34:34 PDT Wed" abbrev="BodP" name="Body_part" ID="12848">
        <definition>&lt;def-root&gt;The &lt;fen&gt;Body_part&lt;/fen&gt; is the location on the body where the perceptual experience  takes place.  It is typically expressed in a PP.

&lt;ex&gt;Mata Hari turned to her lawyer as &lt;fex name="BodP"&gt;her eyes&lt;/fex&gt; &lt;t&gt;glimpsed&lt;/t&gt; the blindfold.&lt;/ex&gt;&lt;/def-root&gt;</definition>
        <semType name="Body_part" ID="10"/>
    </FE>
    <FE bgColor="800080" fgColor="FFFFFF" coreType="Extra-Thematic" cBy="MJE" cDate="06/18/2008 05:34:34 PDT Wed" abbrev="Loc" name="Location_of_protagonist" ID="12849">
        <definition>&lt;def-root&gt;The &lt;fen&gt;Location_of_protagonist&lt;/fen&gt; during the perceptual experience. It is typically expressed in a &lt;ment&gt;from&lt;/ment&gt;-PP.

&lt;ex&gt;She had only &lt;t&gt;glimpsed&lt;/t&gt; him briefly &lt;fex name="Location_of_protagonist"&gt;from behind a veil&lt;/fex&gt;.&lt;/ex&gt;&lt;/def-root&gt;</definition>
    </FE>
    <FE bgColor="006400" fgColor="FFFFFF" coreType="Peripheral" cBy="MJE" cDate="06/18/2008 05:34:34 PDT Wed" abbrev="Dir" name="Direction" ID="12850">
        <definition>&lt;def-root&gt;This frame element is used for all path-like expressions, except those indicating the location of the perceiver (see above), that describe how the perceiver's attention is directed during the act of perception.

&lt;ex&gt;Hard to be certain what I &lt;t&gt;glimpsed&lt;/t&gt; &lt;fex name="Direction"&gt;through the crack of the door&lt;/fex&gt;.&lt;/ex&gt;
&lt;/def-root&gt;</definition>
    </FE>
    <FE bgColor="A52A2A" fgColor="FFFFFF" coreType="Extra-Thematic" cBy="MJE" cDate="06/18/2008 05:34:34 PDT Wed" abbrev="State" name="Depictive" ID="12851">
        <definition>&lt;def-root&gt;The state of the &lt;fen&gt;Perceiver&lt;/fen&gt; during the event of perception.&lt;/def-root&gt;</definition>
    </FE>
    <FE bgColor="7CCD7C" fgColor="FFFFFF" coreType="Peripheral" cBy="MJE" cDate="06/18/2008 05:34:34 PDT Wed" abbrev="Ground" name="Ground" ID="12852">
        <definition>&lt;def-root&gt;The perceptual background against which the &lt;fen&gt;Phenomenon&lt;/fen&gt; is  experienced (or not experienced) by the &lt;fen&gt;Perceiver&lt;/fen&gt;. 

&lt;ex&gt;Had he caught a &lt;t&gt;glimpse&lt;/t&gt; of her face &lt;fex name="Ground"&gt;among the crowd&lt;/fex&gt;?&lt;/ex&gt;&lt;/def-root&gt;</definition>
    </FE>
    <FE bgColor="FF00FF" fgColor="FFFFFF" coreType="Peripheral" cBy="MJE" cDate="06/18/2008 05:34:34 PDT Wed" abbrev="Manr" name="Manner" ID="12853">
        <definition>&lt;def-root&gt;Any description of properties of perception, such as: &lt;ment&gt;clearly&lt;/ment&gt;, &lt;ment&gt;loudly&lt;/ment&gt;, etc.

&lt;ex&gt;Pat &lt;fex name="Manner"&gt;secretly&lt;/fex&gt; &lt;t&gt;glimpsed&lt;/t&gt; the designs for a new headquarters.&lt;/ex&gt;&lt;/def-root&gt;</definition>
        <semType name="Manner" ID="173"/>
    </FE>
    <FE bgColor="FF69B4" fgColor="FFFFFF" coreType="Peripheral" cBy="MJE" cDate="06/18/2008 05:34:34 PDT Wed" abbrev="Degr" name="Degree" ID="12854">
        <definition>&lt;def-root&gt;The &lt;fen&gt;Degree&lt;/fen&gt; indicates the degree to which the Perception is experienced.

&lt;ex&gt;A nightmare creature, &lt;fex name="Degr"&gt;barely&lt;/fex&gt; &lt;t&gt;glimpsed&lt;/t&gt; in the swirling dense smoke, was beating at the flames coming from its own body.&lt;/ex&gt;
&lt;/def-root&gt;</definition>
        <semType name="Degree" ID="172"/>
    </FE>
    <FE bgColor="00BFFF" fgColor="FFFFFF" coreType="Peripheral" cBy="MJE" cDate="06/18/2008 05:34:34 PDT Wed" abbrev="Mns" name="Means" ID="12855">
        <definition>&lt;def-root&gt;The action whereby the &lt;fen&gt;Perceiver&lt;/fen&gt; perceives.

&lt;ex&gt;He just &lt;t&gt;glimpsed&lt;/t&gt; the car &lt;fex name="Mns"&gt;by craning his neck&lt;/fex&gt;.&lt;/ex&gt;&lt;/def-root&gt;</definition>
        <semType name="State_of_affairs" ID="177"/>
    </FE>
    <FE bgColor="FFA500" fgColor="FFFFFF" coreType="Peripheral" cBy="MJE" cDate="06/18/2008 05:34:34 PDT Wed" abbrev="Tim" name="Time" ID="12856">
        <definition>&lt;def-root&gt;The &lt;fen&gt;Time&lt;/fen&gt;, generally construed as punctual, at which the &lt;fen&gt;Perceiver&lt;/fen&gt; or the &lt;fen&gt;Body_part&lt;/fen&gt; perceives the &lt;fen&gt;Phenomenon&lt;/fen&gt;. &lt;/def-root&gt;</definition>
    </FE>
    <FE bgColor="FFFF00" fgColor="00008B" coreType="Extra-Thematic" cBy="MJE" cDate="06/18/2008 05:34:34 PDT Wed" abbrev="" name="Duration" ID="12857">
        <definition>&lt;def-root&gt;The length of time from the beginning of a continuous situation (the one denoted by the target) to its end. &lt;/def-root&gt;</definition>
    </FE>
    <frameRelation type="Inherits from">
        <relatedFrame ID="70">Perception_experience</relatedFrame>
    </frameRelation>
    <frameRelation type="Is Inherited by"/>
    <frameRelation type="Perspective on"/>
    <frameRelation type="Is Perspectivized in"/>
    <frameRelation type="Uses"/>
    <frameRelation type="Is Used by"/>
    <frameRelation type="Subframe of"/>
    <frameRelation type="Has Subframe(s)"/>
    <frameRelation type="Precedes"/>
    <frameRelation type="Is Preceded by"/>
    <frameRelation type="Is Inchoative of"/>
    <frameRelation type="Is Causative of"/>
    <frameRelation type="See also"/>
    <lexUnit status="Created" POS="V" name="glimpse.v" ID="15132" lemmaID="16342" cBy="MJE" cDate="06/18/2008 06:50:07 PDT Wed">
        <definition>FN: to briefly see.</definition>
        <sentenceCount annotated="1" total="1"/>
        <lexeme order="1" headword="false" breakBefore="false" POS="V" name="glimpse"/>
    </lexUnit>
    <lexUnit status="Needs_SCs" POS="N" name="glimpse.n" ID="15133" lemmaID="16341" cBy="MJE" cDate="06/18/2008 06:50:53 PDT Wed">
        <definition>FN: the event or fact of briefly seeing.</definition>
        <sentenceCount annotated="5" total="104"/>
        <lexeme order="1" headword="false" breakBefore="false" POS="N" name="glimpse"/>
    </lexUnit>
    <lexUnit status="Created" incorporatedFE="Phenomenon" POS="V" name="get a(n) eyeful.v" ID="15134" lemmaID="50913" cBy="MJE" cDate="06/18/2008 07:04:00 PDT Wed">
        <definition>FN: to briefly see (a sufficient quantity of s.t. prurient)</definition>
        <sentenceCount annotated="0" total="0"/>
        <lexeme order="1" headword="true" breakBefore="false" POS="V" name="get"/>
        <lexeme order="2" headword="false" breakBefore="true" POS="ART" name="a"/>
        <lexeme order="3" headword="false" breakBefore="true" POS="N" name="eyeful"/>
    </lexUnit>
</frame>