<?xml version="1.0" encoding="UTF-8" standalone="yes"?>
<?xml-stylesheet type="text/xsl" href="frame.xsl"?>
<frame cBy="ChW" cDate="02/07/2001 04:12:03 PST Wed" name="Questioning" ID="40" xsi:schemaLocation="../schema/frame.xsd" xmlns="http://framenet.icsi.berkeley.edu" xmlns:xsi="http://www.w3.org/2001/XMLSchema-instance">
    <definition>&lt;def-root&gt;The words in this frame have to do with a &lt;fen&gt;Speaker&lt;/fen&gt; asking an &lt;fen&gt;Addressee&lt;/fen&gt; a question which calls for a reply (as opposed to making a request which calls for an action on the part of the &lt;fen&gt;Addressee&lt;/fen&gt;). 
&lt;ex&gt;&lt;/ex&gt;
&lt;ex&gt;&lt;fex name="Speaker"&gt;We&lt;/fex&gt; &lt;t&gt;asked&lt;/t&gt; &lt;fex name="Addressee"&gt;Ruby&lt;/fex&gt; &lt;fex name="Message"&gt;what kind of food they ate&lt;/fex&gt;.&lt;/ex&gt;

&lt;ex&gt;&lt;fex name="Speaker"&gt;Yeats&lt;/fex&gt; was able to &lt;t&gt;interrogate&lt;/t&gt; &lt;fex name="Addressee"&gt;the spirit world&lt;/fex&gt; &lt;fex name="Topic"&gt;about his relationship with Maude&lt;/fex&gt;.&lt;/ex&gt;&lt;/def-root&gt;</definition>
    <FE bgColor="FF0000" fgColor="FFFFFF" coreType="Core" cBy="ChW" cDate="02/07/2001 04:12:03 PST Wed" abbrev="Spkr" name="Speaker" ID="167">
        <definition>&lt;def-root&gt;The person asking a question generally occurs as the External Argument of verb and noun targets: 
&lt;ex&gt;&lt;fex name="Speaker"&gt;Pat&lt;/fex&gt; &lt;t&gt;quizzed&lt;/t&gt; me about where I had been.&lt;/ex&gt;
&lt;ex&gt;&lt;fex name="Speaker"&gt;Pat's&lt;/fex&gt; &lt;t&gt;question&lt;/t&gt; surprised me. &lt;/ex&gt;&lt;/def-root&gt;</definition>
        <semType name="Sentient" ID="5"/>
    </FE>
    <FE bgColor="006400" fgColor="FFFFFF" coreType="Core" cBy="ChW" cDate="02/07/2001 04:12:03 PST Wed" abbrev="Add" name="Addressee" ID="168">
        <definition>&lt;def-root&gt;The Addressee is most frequently the NP Object of a target verb.  However, with the verb &lt;ment&gt;inquire&lt;/ment&gt;, Addressee can only occur as an &lt;ment&gt;of&lt;/ment&gt;-PP and with a noun target, Addressee occurs in a PP Complement or as a possessive :
&lt;ex&gt;Pat &lt;t&gt;questioned&lt;/t&gt; &lt;fex name="Addressee"&gt;me&lt;/fex&gt; about where I had been.&lt;/ex&gt;
&lt;ex&gt;"Do you often come here?" Kim &lt;t&gt;inquired&lt;/t&gt; &lt;fex name="Addressee"&gt;of the person sitting next to her&lt;/fex&gt;.&lt;/ex&gt; 
&lt;ex&gt;My &lt;t&gt;question&lt;/t&gt; &lt;fex name="Addressee"&gt;to you&lt;/fex&gt; is straightforward.&lt;/ex&gt;
&lt;ex&gt;&lt;fex name="Addressee"&gt;Kim's&lt;/fex&gt; &lt;t&gt;interrogation&lt;/t&gt; by the police was long.&lt;/ex&gt;&lt;/def-root&gt;</definition>
        <semType name="Sentient" ID="5"/>
    </FE>
    <FE bgColor="0000FF" fgColor="FFFFFF" coreType="Core" cBy="ChW" cDate="02/07/2001 04:12:03 PST Wed" abbrev="Msg" name="Message" ID="169">
        <definition>&lt;def-root&gt;The Message, or content of the question, usually takes the form of a direct quote or an embedded question with a verb target: 
&lt;ex&gt;&lt;fex name="Message"&gt;"What are you doing?"&lt;/fex&gt; Kim &lt;t&gt;inquired&lt;/t&gt;.&lt;/ex&gt;
&lt;ex&gt;Kim &lt;t&gt;inquired&lt;/t&gt; &lt;fex name="Message"&gt;what I was doing&lt;/fex&gt;.&lt;/ex&gt;
With noun targets, Message is not common (as Topic occurs more  frequently).  However, Message does occur in a PP Complement with the noun &lt;ment&gt;question&lt;/ment&gt;: 
&lt;ex&gt;The answer to your &lt;t&gt;question&lt;/t&gt; &lt;fex name="Message"&gt;of how the company makes money&lt;/fex&gt; is simply that it doesn't. &lt;/ex&gt;&lt;/def-root&gt;</definition>
        <semType name="Message" ID="56"/>
    </FE>
    <FE bgColor="9F79EE" fgColor="FFFFFF" coreType="Core" cBy="ChW" cDate="02/07/2001 04:12:03 PST Wed" abbrev="Top" name="Topic" ID="170">
        <definition>&lt;def-root&gt;Topic occurs very frequently in this frame with both noun and verb targets. It generally occurs as a PP Complement:
&lt;ex&gt;Pat &lt;t&gt;inquired&lt;/t&gt; &lt;fex name="Topic"&gt;about train times&lt;/fex&gt;.&lt;/ex&gt;
&lt;ex&gt;Pat's &lt;t&gt;inquiry&lt;/t&gt; &lt;fex name="Topic"&gt;about train times&lt;/fex&gt; fell on deaf ears.&lt;/ex&gt;&lt;/def-root&gt;</definition>
    </FE>
    <FE bgColor="800080" fgColor="FFFFFF" coreType="Peripheral" cBy="ChW" cDate="02/07/2001 04:12:03 PST Wed" abbrev="Medium" name="Medium" ID="171">
        <definition>&lt;def-root&gt;Medium is the physical entity or channel used by the Speaker to transmit the question: 
&lt;ex&gt;Kim &lt;t&gt;questioned&lt;/t&gt; me &lt;fex name="Medium"&gt;over the phone&lt;/fex&gt;.&lt;/ex&gt;&lt;/def-root&gt;</definition>
    </FE>
    <FE bgColor="FF00FF" fgColor="FFFFFF" coreType="Peripheral" cBy="ACW" cDate="07/17/2001 02:28:01 PDT Tue" abbrev="Manr" name="Manner" ID="1483">
        <definition>&lt;def-root&gt;Manner of performing the request.

&lt;ex&gt;&lt;fex name="Speaker"&gt;I&lt;/fex&gt; &lt;fex name="Manner"&gt;slowly&lt;/fex&gt; &lt;t&gt;asked&lt;/t&gt; &lt;fex name="Message"&gt;the question&lt;/fex&gt; &lt;fex name="Iteration"&gt;again&lt;/fex&gt;.&lt;/ex&gt;&lt;/def-root&gt;</definition>
        <semType name="Manner" ID="173"/>
    </FE>
    <FE bgColor="FFA500" fgColor="FFFFFF" coreType="Extra-Thematic" cBy="MJE" cDate="07/17/2001 05:16:22 PDT Tue" abbrev="ICause" name="Internal_cause" ID="1525">
        <definition>&lt;def-root&gt;The body movement may be prompted by either some outside phenomenon or occurrence, or by an Internal Cause, the Agent's mental or emotional state.  Internal Cause is expressed in a PP Complement: 
&lt;ex&gt;&lt;fex name="Speaker"&gt;Kim&lt;/fex&gt; &lt;t&gt;asked&lt;/t&gt; &lt;fex name="Addressee"&gt;me&lt;/fex&gt; several questions &lt;fex name="Internal_cause"&gt;in frustration&lt;/fex&gt;.&lt;/ex&gt;&lt;/def-root&gt;</definition>
    </FE>
    <FE bgColor="1E90FF" fgColor="FFFFFF" coreType="Peripheral" cBy="TRn" cDate="04/19/2004 02:04:30 PDT Mon" abbrev="tim" name="Time" ID="6310">
        <definition>&lt;def-root&gt;The time at which the questioning occurs.

&lt;ex&gt;&lt;fex name="Speaker"&gt;I&lt;/fex&gt; &lt;t&gt;inquired&lt;/t&gt; &lt;fex name="Time"&gt;yesterday&lt;/fex&gt;.&lt;/ex&gt;&lt;/def-root&gt;</definition>
        <semType name="Time" ID="141"/>
    </FE>
    <FE bgColor="90876C" fgColor="FFFFFF" coreType="Extra-Thematic" cBy="PKe" cDate="05/16/2012 02:44:54 PDT Wed" abbrev="Ite" name="Iterations" ID="15712">
        <definition>&lt;def-root&gt;The frame element &lt;fen&gt;Iterations&lt;/fen&gt; is used for expressions that indicate the number of times an event or state (of the kind denoted by the target in its clause) has taken place or held.

&lt;ex&gt;&lt;fex name="Speaker"&gt;I&lt;/fex&gt; &lt;t&gt;asked&lt;/t&gt; &lt;fex name="Iterations"&gt;twice&lt;/fex&gt;.&lt;/ex&gt;&lt;/def-root&gt;</definition>
    </FE>
    <FEcoreSet>
        <memberFE name="Topic" ID="170"/>
        <memberFE name="Message" ID="169"/>
    </FEcoreSet>
    <frameRelation type="Inherits from"/>
    <frameRelation type="Is Inherited by"/>
    <frameRelation type="Perspective on"/>
    <frameRelation type="Is Perspectivized in"/>
    <frameRelation type="Uses">
        <relatedFrame ID="6">Communication</relatedFrame>
    </frameRelation>
    <frameRelation type="Is Used by">
        <relatedFrame ID="507">Court_examination</relatedFrame>
    </frameRelation>
    <frameRelation type="Subframe of"/>
    <frameRelation type="Has Subframe(s)"/>
    <frameRelation type="Precedes"/>
    <frameRelation type="Is Preceded by"/>
    <frameRelation type="Is Inchoative of"/>
    <frameRelation type="Is Causative of"/>
    <frameRelation type="See also"/>
    <lexUnit status="FN1_Sent" POS="V" name="grill.v" ID="627" lemmaID="16837" cBy="ChW" cDate="02/08/2001 01:28:27 PST Thu">
        <definition>COD: subject to intense questioning or interrogation.</definition>
        <sentenceCount annotated="32" total="103"/>
        <lexeme order="1" headword="false" breakBefore="false" POS="V" name="grill"/>
    </lexUnit>
    <lexUnit status="FN1_Sent" POS="V" name="inquire.v" ID="628" lemmaID="29" cBy="ChW" cDate="02/08/2001 01:28:27 PST Thu">
        <definition>FN: ask (about something)</definition>
        <sentenceCount annotated="37" total="194"/>
        <lexeme order="1" headword="false" breakBefore="false" POS="V" name="inquire"/>
    </lexUnit>
    <lexUnit status="FN1_Sent" POS="N" name="inquiry.n" ID="629" lemmaID="30" cBy="ChW" cDate="02/08/2001 01:28:27 PST Thu">
        <definition>FN: a question or a series of questions</definition>
        <sentenceCount annotated="20" total="116"/>
        <lexeme order="1" headword="false" breakBefore="false" POS="N" name="inquiry"/>
    </lexUnit>
    <lexUnit status="FN1_Sent" POS="V" name="interrogate.v" ID="630" lemmaID="20401" cBy="ChW" cDate="02/08/2001 01:28:27 PST Thu">
        <definition>COD: ask questions of (someone) closely, aggressively, or formally.</definition>
        <sentenceCount annotated="26" total="107"/>
        <lexeme order="1" headword="false" breakBefore="false" POS="V" name="interrogate"/>
    </lexUnit>
    <lexUnit status="FN1_Sent" POS="N" name="interrogation.n" ID="631" lemmaID="20402" cBy="ChW" cDate="02/08/2001 01:28:27 PST Thu">
        <definition>FN: the act of interrogating somebody</definition>
        <sentenceCount annotated="23" total="191"/>
        <lexeme order="1" headword="false" breakBefore="false" POS="N" name="interrogation"/>
    </lexUnit>
    <lexUnit status="FN1_Sent" POS="N" name="query.n" ID="632" lemmaID="31482" cBy="ChW" cDate="02/08/2001 01:28:27 PST Thu">
        <definition>COD: a question, especially one expressing doubt.</definition>
        <sentenceCount annotated="28" total="289"/>
        <lexeme order="1" headword="false" breakBefore="false" POS="N" name="query"/>
    </lexUnit>
    <lexUnit status="FN1_Sent" POS="V" name="query.v" ID="633" lemmaID="31483" cBy="ChW" cDate="02/08/2001 01:28:27 PST Thu">
        <definition>COD: ask a query about something, or put a query or queries to. </definition>
        <sentenceCount annotated="36" total="165"/>
        <lexeme order="1" headword="false" breakBefore="false" POS="V" name="query"/>
    </lexUnit>
    <lexUnit status="FN1_Sent" POS="N" name="question.n" ID="634" lemmaID="31486" cBy="ChW" cDate="02/08/2001 01:28:28 PST Thu">
        <definition>COD: a sentence worded or expressed so as to elicit information. </definition>
        <sentenceCount annotated="28" total="32"/>
        <lexeme order="1" headword="false" breakBefore="false" POS="N" name="question"/>
    </lexUnit>
    <lexUnit status="FN1_Sent" POS="V" name="question.v" ID="635" lemmaID="31487" cBy="ChW" cDate="02/08/2001 01:28:28 PST Thu">
        <definition>COD: ask questions of. </definition>
        <sentenceCount annotated="55" total="257"/>
        <lexeme order="1" headword="false" breakBefore="false" POS="V" name="question"/>
    </lexUnit>
    <lexUnit status="FN1_Sent" POS="N" name="questioning.n" ID="636" lemmaID="40" cBy="ChW" cDate="02/08/2001 01:28:28 PST Thu">
        <definition>FN: the act of questioning a person</definition>
        <sentenceCount annotated="27" total="193"/>
        <lexeme order="1" headword="false" breakBefore="false" POS="N" name="questioning"/>
    </lexUnit>
    <lexUnit status="FN1_Sent" POS="V" name="quiz.v" ID="637" lemmaID="31572" cBy="ChW" cDate="02/08/2001 01:28:28 PST Thu">
        <definition>COD: question (someone).</definition>
        <sentenceCount annotated="28" total="112"/>
        <lexeme order="1" headword="false" breakBefore="false" POS="V" name="quiz"/>
    </lexUnit>
    <lexUnit status="FN1_Sent" POS="V" name="ask.v" ID="8421" lemmaID="2090" cBy="GlY" cDate="03/17/2003 10:39:17 PST Mon">
        <definition>COD: say something in order to obtain an answer or some information from someone</definition>
        <sentenceCount annotated="108" total="121"/>
        <lexeme order="1" headword="false" breakBefore="false" POS="V" name="ask"/>
    </lexUnit>
</frame>