<?xml version="1.0" encoding="UTF-8" standalone="yes"?>
<?xml-stylesheet type="text/xsl" href="frame.xsl"?>
<frame cBy="MJE" cDate="05/14/2002 04:59:13 PDT Tue" name="Quitting" ID="325" xsi:schemaLocation="../schema/frame.xsd" xmlns="http://framenet.icsi.berkeley.edu" xmlns:xsi="http://www.w3.org/2001/XMLSchema-instance">
    <definition>&lt;def-root&gt;An &lt;fen&gt;Employee&lt;/fen&gt; voluntarily leaves the service of an &lt;fen&gt;Employer&lt;/fen&gt;.

&lt;ex&gt;&lt;fex name="Empee"&gt;Leah&lt;/fex&gt; &lt;t&gt;quit&lt;/t&gt; &lt;fex name="Position"&gt;her job&lt;/fex&gt; &lt;fex name="Time"&gt;after one month&lt;/fex&gt; &lt;fex name="Explanation"&gt;because of an evil force&lt;/fex&gt;.&lt;/ex&gt;

&lt;ex&gt; It's Time for &lt;fex name="Empee"&gt;Glenn Hubbard&lt;/fex&gt; to &lt;t&gt;Quit&lt;/t&gt; &lt;fex name="Position"&gt;as CEA Chair&lt;/fex&gt;&lt;/ex&gt;
&lt;ex&gt;&lt;fex name="Emper"&gt;Its chief executive officer&lt;/fex&gt; has &lt;t&gt;resigned&lt;/t&gt; &lt;fex name="Explanation"&gt;amid a reorganization that will also eliminate about 20 percent of its work force&lt;/fex&gt;.&lt;/ex&gt;
&lt;ex&gt;&lt;fex name="Position"&gt;Its chief executive officer&lt;/fex&gt; has &lt;t&gt;resigned&lt;/t&gt; amid a reorganization that will also eliminate about 20 percent of its work force.&lt;/ex&gt;
&lt;ex&gt;You should fill in your name, the defendant's name, and &lt;fex name="Time"&gt;the date and time&lt;/fex&gt; &lt;fex name="Emper"&gt;you&lt;/fex&gt; &lt;t&gt;gave&lt;/t&gt; &lt;t&gt;notice&lt;/t&gt;. &lt;fex name="Position"&gt;DNI&lt;/fex&gt;&lt;/ex&gt;

&lt;/def-root&gt;</definition>
    <FE bgColor="0000FF" fgColor="FFFFFF" coreType="Core" cBy="MJE" cDate="05/14/2002 05:00:38 PDT Tue" abbrev="Empee" name="Employee" ID="2830">
        <definition>&lt;def-root&gt;The person who is obligated to perform some task in order to receive compensation.

&lt;ex&gt;&lt;fex name="Empee"&gt;I&lt;/fex&gt; just &lt;t&gt;quit&lt;/t&gt; yesterday!&lt;/ex&gt;&lt;/def-root&gt;</definition>
        <semType name="Sentient" ID="5"/>
    </FE>
    <FE bgColor="FF0000" fgColor="FFFFFF" coreType="Core" cBy="MJE" cDate="05/14/2002 05:00:38 PDT Tue" abbrev="Emper" name="Employer" ID="2831">
        <definition>&lt;def-root&gt;The person (or institution) in whose employ  the &lt;fen&gt;Employee&lt;/fen&gt; stood.

&lt;ex&gt;He replaces Michael Lawrie, 50, who &lt;t&gt;quit&lt;/t&gt; &lt;fex name="Emper"&gt;IBM&lt;/fex&gt; to run Siebel.&lt;/ex&gt;&lt;/def-root&gt;</definition>
    </FE>
    <FE bgColor="00BFFF" fgColor="FFFFFF" coreType="Core" cBy="MJE" cDate="05/14/2002 05:00:38 PDT Tue" abbrev="Field" name="Field" ID="2832">
        <definition>&lt;def-root&gt;The Field that one works in.
&lt;ex&gt;He might &lt;t&gt;quit&lt;/t&gt; &lt;fex name="Field"&gt;showbusiness&lt;/fex&gt; for years.&lt;/ex&gt;&lt;/def-root&gt;</definition>
    </FE>
    <FE bgColor="FF00FF" fgColor="FFFFFF" coreType="Peripheral" cBy="MJE" cDate="05/14/2002 05:00:38 PDT Tue" abbrev="Mnr" name="Manner" ID="2833">
        <definition>&lt;def-root&gt;This FE identifies the &lt;fen&gt;Manner&lt;/fen&gt; in which an &lt;fen&gt;Employee&lt;/fen&gt; leaves the job.


&lt;ex&gt; Los Angeles junior high school teacher named Patricia Ann Carruthers &lt;t&gt;quit&lt;/t&gt; her job &lt;fex name="Mnr"&gt;in a huff&lt;/fex&gt;.&lt;/ex&gt;&lt;/def-root&gt;</definition>
        <semType name="Manner" ID="173"/>
    </FE>
    <FE bgColor="008000" fgColor="FFFFFF" coreType="Peripheral" cBy="MJE" cDate="05/14/2002 05:00:38 PDT Tue" abbrev="Place" name="Place" ID="2834">
        <definition>&lt;def-root&gt;This FE identifies the place where the &lt;fen&gt;Employee&lt;/fen&gt; quits the employment of the &lt;fen&gt;Employer&lt;/fen&gt;.

&lt;ex&gt;Actually I&lt;t&gt;quit&lt;/t&gt;  &lt;fex name="Place"&gt;in the lobby&lt;/fex&gt; before I got to my office.&lt;/ex&gt;&lt;/def-root&gt;</definition>
        <semType name="Locative_relation" ID="182"/>
    </FE>
    <FE bgColor="9400D3" fgColor="FFFFFF" coreType="Core" cBy="MJE" cDate="05/14/2002 05:00:38 PDT Tue" abbrev="Posit" name="Position" ID="2835">
        <definition>&lt;def-root&gt;The label given to a particular type of service that the employer quits.
&lt;ex&gt; I  &lt;t&gt;quit&lt;/t&gt; &lt;fex name="Position"&gt;as a professional player&lt;/fex&gt;!&lt;/ex&gt;&lt;/def-root&gt;</definition>
    </FE>
    <FE bgColor="800080" fgColor="FFFFFF" coreType="Peripheral" cBy="MJE" cDate="05/14/2002 05:00:38 PDT Tue" abbrev="Purp" name="Purpose" ID="2836">
        <definition>&lt;def-root&gt;This FE identifies the purpose for which an &lt;fen&gt;Employee&lt;/fen&gt; quits the employment of the &lt;fen&gt;Employer&lt;/fen&gt;.
&lt;ex&gt;John &lt;t&gt;resigned&lt;/t&gt;  &lt;fex name="Purpose"&gt;to join the private sector&lt;/fex&gt;.&lt;/ex&gt;&lt;/def-root&gt;</definition>
        <semType name="State_of_affairs" ID="177"/>
    </FE>
    <FE bgColor="FFA500" fgColor="FFFFFF" coreType="Peripheral" cBy="MJE" cDate="05/14/2002 05:00:38 PDT Tue" abbrev="Time" name="Time" ID="2838">
        <definition>&lt;def-root&gt;This FE identifies the Time when an &lt;fen&gt;Employee&lt;/fen&gt; quits the employment of the &lt;fen&gt;Employer&lt;/fen&gt;.

&lt;ex&gt;Guess who just &lt;t&gt;quit&lt;/t&gt; &lt;fex name="Time"&gt;today&lt;/fex&gt;!&lt;/ex&gt;&lt;/def-root&gt;</definition>
        <semType name="Time" ID="141"/>
    </FE>
    <FE bgColor="9F79EE" fgColor="FFFFFF" coreType="Extra-Thematic" cBy="MJE" cDate="05/15/2002 02:45:47 PDT Wed" abbrev="Exp" name="Explanation" ID="2849">
        <definition>&lt;def-root&gt;The &lt;fex name="Explanation"&gt;Explanation&lt;/fex&gt; for which the &lt;fen&gt;Employee&lt;/fen&gt; quits.

&lt;ex&gt;North &lt;t&gt;quit&lt;/t&gt; &lt;fex name="Explanation"&gt;over the mismanagement scandal&lt;/fex&gt;.&lt;/ex&gt;&lt;/def-root&gt;</definition>
        <semType name="State_of_affairs" ID="177"/>
    </FE>
    <FE bgColor="EEE8AA" fgColor="000000" coreType="Peripheral" cBy="CFB" cDate="04/23/2004 11:50:16 PDT Fri" abbrev="Means" name="Means" ID="6319">
        <definition>&lt;def-root&gt;The means whereby the act of quitting is accomplished
&lt;ex&gt;&lt;fex name="Time"&gt;Lately,&lt;/fex&gt; &lt;fex name="Employee"&gt;many workers&lt;/fex&gt; have been &lt;t&gt;quitting&lt;/t&gt; &lt;fex name="Means"&gt;by simply not showing up for work&lt;/fex&gt;.&lt;/ex&gt;&lt;/def-root&gt;</definition>
        <semType name="State_of_affairs" ID="177"/>
    </FE>
    <FEcoreSet>
        <memberFE name="Position" ID="2835"/>
        <memberFE name="Field" ID="2832"/>
        <memberFE name="Employer" ID="2831"/>
    </FEcoreSet>
    <frameRelation type="Inherits from">
        <relatedFrame ID="198">Intentionally_act</relatedFrame>
        <relatedFrame ID="872">Employment_end</relatedFrame>
    </frameRelation>
    <frameRelation type="Is Inherited by"/>
    <frameRelation type="Perspective on"/>
    <frameRelation type="Is Perspectivized in"/>
    <frameRelation type="Uses"/>
    <frameRelation type="Is Used by"/>
    <frameRelation type="Subframe of">
        <relatedFrame ID="1061">Employee_scenario</relatedFrame>
    </frameRelation>
    <frameRelation type="Has Subframe(s)"/>
    <frameRelation type="Precedes"/>
    <frameRelation type="Is Preceded by">
        <relatedFrame ID="282">Being_employed</relatedFrame>
    </frameRelation>
    <frameRelation type="Is Inchoative of"/>
    <frameRelation type="Is Causative of"/>
    <frameRelation type="See also"/>
    <lexUnit status="Finished_Initial" POS="V" name="quit.v" ID="5789" lemmaID="31560" cBy="MJE" cDate="05/14/2002 05:02:01 PDT Tue">
        <definition>COD: resign from (a job). </definition>
        <sentenceCount annotated="23" total="246"/>
        <lexeme order="1" headword="false" breakBefore="false" POS="V" name="quit"/>
    </lexUnit>
    <lexUnit status="Finished_Initial" POS="V" name="resign.v" ID="5790" lemmaID="32844" cBy="MJE" cDate="05/14/2002 05:02:21 PDT Tue">
        <definition>COD: voluntarily leave a job or position of office. </definition>
        <sentenceCount annotated="32" total="421"/>
        <lexeme order="1" headword="false" breakBefore="false" POS="V" name="resign"/>
    </lexUnit>
    <lexUnit status="Finished_Initial" POS="V" name="retire.v" ID="5791" lemmaID="33004" cBy="MJE" cDate="05/14/2002 05:02:36 PDT Tue">
        <definition>COD: leave one's job and cease to work, especially because one has reached a particular age. </definition>
        <sentenceCount annotated="15" total="253"/>
        <lexeme order="1" headword="false" breakBefore="false" POS="V" name="retire"/>
    </lexUnit>
    <lexUnit status="Created" POS="V" name="stand down.v" ID="5792" lemmaID="45685" cBy="MJE" cDate="05/14/2002 05:03:42 PDT Tue">
        <definition>FN: to resign from (a job) due to pressure</definition>
        <sentenceCount annotated="0" total="0"/>
        <lexeme order="1" headword="true" breakBefore="false" POS="V" name="stand"/>
        <lexeme order="2" headword="false" breakBefore="false" POS="ADV" name="down"/>
    </lexUnit>
    <lexUnit status="Finished_Initial" POS="N" name="resignation.n" ID="5793" lemmaID="32845" cBy="MJE" cDate="05/14/2002 05:04:04 PDT Tue">
        <definition>COD: an act of resigning. </definition>
        <sentenceCount annotated="42" total="393"/>
        <lexeme order="1" headword="false" breakBefore="false" POS="N" name="resignation"/>
    </lexUnit>
    <lexUnit status="Finished_Initial" POS="N" name="retirement.n" ID="5794" lemmaID="33007" cBy="MJE" cDate="05/14/2002 05:04:16 PDT Tue">
        <definition>COD: the action or fact of retiring. </definition>
        <sentenceCount annotated="25" total="351"/>
        <lexeme order="1" headword="false" breakBefore="false" POS="N" name="retirement"/>
    </lexUnit>
    <lexUnit status="Created" POS="V" name="give notice.v" ID="5795" lemmaID="45686" cBy="MJE" cDate="05/14/2002 05:06:36 PDT Tue">
        <definition>FN: to notify one's employer of a resignation</definition>
        <sentenceCount annotated="0" total="0"/>
        <lexeme order="1" headword="true" breakBefore="false" POS="V" name="give"/>
        <lexeme order="2" headword="false" breakBefore="false" POS="N" name="notice"/>
    </lexUnit>
    <lexUnit status="Created" POS="V" name="step down.v" ID="11976" lemmaID="49977" cBy="JKR" cDate="04/27/2005 10:43:00 PDT Wed">
        <definition>COD: withdraw or resign from a position or office.</definition>
        <sentenceCount annotated="0" total="0"/>
        <lexeme order="1" headword="true" breakBefore="false" POS="V" name="step"/>
        <lexeme order="2" headword="false" breakBefore="false" POS="ADV" name="down"/>
    </lexUnit>
    <lexUnit status="Created" POS="V" name="leave.v" ID="14569" lemmaID="21967" cBy="KmG" cDate="10/24/2007 01:29:12 PDT Wed">
        <definition>FN: quit a job</definition>
        <sentenceCount annotated="1" total="2"/>
        <lexeme order="1" headword="false" breakBefore="false" POS="V" name="leave"/>
    </lexUnit>
</frame>