<?xml version="1.0" encoding="UTF-8" standalone="yes"?>
<?xml-stylesheet type="text/xsl" href="frame.xsl"?>
<frame cBy="AnW" cDate="03/15/2010 05:20:50 PDT Mon" name="Race_descriptor" ID="2251" xsi:schemaLocation="../schema/frame.xsd" xmlns="http://framenet.icsi.berkeley.edu" xmlns:xsi="http://www.w3.org/2001/XMLSchema-instance">
    <definition>&lt;def-root&gt;This frame covers LUs that describe the race of a &lt;fen&gt;Person&lt;/fen&gt;.

&lt;ex&gt;&lt;fex name="Person"&gt;Carlos&lt;/fex&gt; is &lt;t&gt;hispanic&lt;/t&gt;, or so he says.&lt;/ex&gt;&lt;/def-root&gt;</definition>
    <FE bgColor="0000FF" fgColor="FFFFFF" coreType="Core" cBy="AnW" cDate="03/15/2010 05:33:09 PDT Mon" abbrev="per" name="Person" ID="13731">
        <definition>&lt;def-root&gt;The Person whose race is being described.&lt;/def-root&gt;</definition>
    </FE>
    <frameRelation type="Inherits from">
        <relatedFrame ID="964">Attributes</relatedFrame>
    </frameRelation>
    <frameRelation type="Is Inherited by"/>
    <frameRelation type="Perspective on"/>
    <frameRelation type="Is Perspectivized in"/>
    <frameRelation type="Uses">
        <relatedFrame ID="304">People</relatedFrame>
    </frameRelation>
    <frameRelation type="Is Used by"/>
    <frameRelation type="Subframe of"/>
    <frameRelation type="Has Subframe(s)"/>
    <frameRelation type="Precedes"/>
    <frameRelation type="Is Preceded by"/>
    <frameRelation type="Is Inchoative of"/>
    <frameRelation type="Is Causative of"/>
    <frameRelation type="See also"/>
    <lexUnit status="Created" POS="A" name="white.a" ID="15695" lemmaID="44028" cBy="AnW" cDate="03/15/2010 05:38:15 PDT Mon">
        <definition>FN: of the Caucasian race</definition>
        <sentenceCount annotated="0" total="0"/>
        <lexeme order="1" headword="false" breakBefore="false" POS="A" name="white"/>
    </lexUnit>
    <lexUnit status="Created" POS="A" name="black.a" ID="15696" lemmaID="3714" cBy="AnW" cDate="03/15/2010 05:40:50 PDT Mon">
        <definition>FN: of a dark-skinned race, especially African or African-American</definition>
        <sentenceCount annotated="0" total="0"/>
        <lexeme order="1" headword="false" breakBefore="false" POS="A" name="black"/>
    </lexUnit>
    <lexUnit status="Needs_SCs" POS="N" name="color.n" ID="15697" lemmaID="7229" cBy="AnW" cDate="03/15/2010 05:46:24 PDT Mon">
        <definition>FN: skin complexion of a particular race, especially those that are not white</definition>
        <sentenceCount annotated="5" total="5"/>
        <lexeme order="1" headword="false" breakBefore="false" POS="N" name="color"/>
    </lexUnit>
    <lexUnit status="Created" POS="A" name="yellow.a" ID="15698" lemmaID="44696" cBy="AnW" cDate="03/15/2010 05:50:18 PDT Mon">
        <definition>FN: of the Asian race</definition>
        <sentenceCount annotated="0" total="0"/>
        <lexeme order="1" headword="false" breakBefore="false" POS="A" name="yellow"/>
    </lexUnit>
    <lexUnit status="Created" POS="A" name="asian.a" ID="15700" lemmaID="2084" cBy="AnW" cDate="03/15/2010 05:55:54 PDT Mon">
        <definition>FN: of or pertaining to the Asian race</definition>
        <sentenceCount annotated="0" total="0"/>
        <lexeme order="1" headword="false" breakBefore="false" POS="A" name="asian"/>
    </lexUnit>
    <lexUnit status="Created" POS="A" name="hispanic.a" ID="15701" lemmaID="18139" cBy="AnW" cDate="03/15/2010 05:56:22 PDT Mon">
        <definition>FN: of or pertaining to the Spanish or Latin Ameriacn races</definition>
        <sentenceCount annotated="0" total="0"/>
        <lexeme order="1" headword="false" breakBefore="false" POS="A" name="hispanic"/>
    </lexUnit>
</frame>