<?xml version="1.0" encoding="UTF-8" standalone="yes"?>
<?xml-stylesheet type="text/xsl" href="frame.xsl"?>
<frame cBy="CFB" cDate="04/09/2005 12:11:14 PDT Sat" name="Rank" ID="1377" xsi:schemaLocation="../schema/frame.xsd" xmlns="http://framenet.icsi.berkeley.edu" xmlns:xsi="http://www.w3.org/2001/XMLSchema-instance">
    <definition>&lt;def-root&gt;This frame contains nouns denoting a rank or level within an established hierarchy.

&lt;ex&gt;&lt;fex name="Item"&gt;His&lt;/fex&gt; &lt;t&gt;rank&lt;/t&gt; is &lt;fex name="Rank"&gt;colonel&lt;/fex&gt;.&lt;/ex&gt;&lt;/def-root&gt;</definition>
    <FE bgColor="800080" fgColor="FFFFFF" coreType="Core" cBy="CFB" cDate="04/09/2005 12:58:38 PDT Sat" abbrev="" name="Rank" ID="7716">
        <definition>&lt;def-root&gt;The Rank itself, usually denoted by the noun.&lt;/def-root&gt;</definition>
    </FE>
    <FE bgColor="FF0000" fgColor="FFFFFF" coreType="Core" cBy="MJE" cDate="12/07/2005 06:59:16 PST Wed" abbrev="ite" name="Item" ID="9618">
        <definition>&lt;def-root&gt;An entity which holds a particular &lt;fen&gt;Rank&lt;/fen&gt;.&lt;/def-root&gt;</definition>
    </FE>
    <frameRelation type="Inherits from"/>
    <frameRelation type="Is Inherited by"/>
    <frameRelation type="Perspective on"/>
    <frameRelation type="Is Perspectivized in"/>
    <frameRelation type="Uses"/>
    <frameRelation type="Is Used by">
        <relatedFrame ID="1379">Occupy_rank</relatedFrame>
        <relatedFrame ID="2390">Appellations</relatedFrame>
    </frameRelation>
    <frameRelation type="Subframe of"/>
    <frameRelation type="Has Subframe(s)"/>
    <frameRelation type="Precedes"/>
    <frameRelation type="Is Preceded by"/>
    <frameRelation type="Is Inchoative of"/>
    <frameRelation type="Is Causative of"/>
    <frameRelation type="See also"/>
    <lexUnit status="Needs_SCs" incorporatedFE="Rank" POS="N" name="rank.n" ID="11800" lemmaID="31795" cBy="CFB" cDate="04/09/2005 01:00:53 PDT Sat">
        <definition>FN: a level within a hierarchy of merit</definition>
        <sentenceCount annotated="3" total="121"/>
        <lexeme order="1" headword="false" breakBefore="false" POS="N" name="rank"/>
    </lexUnit>
    <lexUnit status="Created" incorporatedFE="Rank" POS="N" name="level.n" ID="11801" lemmaID="22152" cBy="CFB" cDate="04/09/2005 01:01:32 PDT Sat">
        <definition>FN: a level within a hierarchy</definition>
        <sentenceCount annotated="34" total="34"/>
        <lexeme order="1" headword="false" breakBefore="false" POS="N" name="level"/>
    </lexUnit>
    <lexUnit status="Created" incorporatedFE="Rank" POS="N" name="degree.n" ID="11802" lemmaID="9988" cBy="CFB" cDate="04/09/2005 01:02:24 PDT Sat">
        <definition>FN: a level within a hierarchy, usually quite formal.</definition>
        <sentenceCount annotated="0" total="0"/>
        <lexeme order="1" headword="false" breakBefore="false" POS="N" name="degree"/>
    </lexUnit>
    <lexUnit status="Created" POS="N" name="order.n" ID="16872" lemmaID="26907" cBy="CVa" cDate="02/02/2012 12:38:51 PST Thu">
        <definition>FN: a level within a hierarchy of merit</definition>
        <sentenceCount annotated="4" total="4"/>
        <lexeme order="1" headword="false" breakBefore="false" POS="N" name="order"/>
    </lexUnit>
    <lexUnit status="Created" POS="N" name="baseline.n" ID="16922" lemmaID="2975" cBy="WmS" cDate="02/29/2012 01:23:52 PST Wed">
        <definition>FN: Relative starting point</definition>
        <sentenceCount annotated="0" total="0"/>
        <lexeme order="1" headword="false" breakBefore="false" POS="N" name="baseline"/>
    </lexUnit>
</frame>