<?xml version="1.0" encoding="UTF-8" standalone="yes"?>
<?xml-stylesheet type="text/xsl" href="frame.xsl"?>
<frame cBy="Pam" cDate="04/10/2005 04:09:05 PDT Sun" name="Reassuring" ID="1378" xsi:schemaLocation="../schema/frame.xsd" xmlns="http://framenet.icsi.berkeley.edu" xmlns:xsi="http://www.w3.org/2001/XMLSchema-instance">
    <definition>&lt;def-root&gt;A &lt;fen&gt;Speaker&lt;/fen&gt; conveys &lt;fen&gt;Content&lt;/fen&gt; to an &lt;fen&gt;Experiencer&lt;/fen&gt; in order to reassure them about a &lt;fen&gt;Situation&lt;/fen&gt;; &lt;fen&gt;Medium&lt;/fen&gt; and the &lt;fen&gt;Means&lt;/fen&gt; of the communication also may be expressed. 

&lt;ex&gt;&lt;fex name="Speaker"&gt;We&lt;/fex&gt; &lt;t&gt;reassured&lt;/t&gt; &lt;fex name="Experiencer"&gt;him&lt;/fex&gt; &lt;fex name="Content"&gt;that his decision was sound&lt;/fex&gt;.&lt;/ex&gt;&lt;/def-root&gt;</definition>
    <FE bgColor="FF0000" fgColor="FFFFFF" coreType="Core" cBy="Pam" cDate="04/10/2005 04:09:05 PDT Sun" abbrev="Spkr" name="Speaker" ID="7717">
        <definition>&lt;def-root&gt;The sentient entity that uses language in the written or spoken modality to reassure another person. 
&lt;ex&gt;&lt;fex name="Speaker"&gt;He&lt;/fex&gt; &lt;t&gt;reassured&lt;/t&gt; her that she was his favorite ice-skating star. &lt;/ex&gt;&lt;/def-root&gt;</definition>
        <semType name="Sentient" ID="5"/>
    </FE>
    <FE bgColor="008000" fgColor="FFFFFF" coreType="Core" cBy="Pam" cDate="04/10/2005 04:09:05 PDT Sun" abbrev="Exp" name="Experiencer" ID="7718">
        <definition>&lt;def-root&gt;The &lt;fen&gt;Experiencer&lt;/fen&gt; receives reassurance from the &lt;fen&gt;Speaker&lt;/fen&gt;. 
&lt;ex&gt;He tried to &lt;t&gt;reassure&lt;/t&gt; &lt;fex name="Exp"&gt;his potential customers&lt;/fex&gt; that his company not only offered the best service, but also the most competitive prices. &lt;/ex&gt;&lt;/def-root&gt;</definition>
        <semType name="Sentient" ID="5"/>
    </FE>
    <FE bgColor="0000FF" fgColor="FFFFFF" coreType="Core" cBy="Pam" cDate="04/10/2005 04:09:05 PDT Sun" abbrev="Cont" name="Content" ID="7719">
        <definition>&lt;def-root&gt;&lt;fen&gt;Content&lt;/fen&gt; A proposition or set of propositions that the &lt;fen&gt;Speaker&lt;/fen&gt; wants the &lt;fen&gt;Experiencer&lt;/fen&gt; to believe in order to feel reassured. 

&lt;ex&gt;How do you &lt;t&gt;reassure&lt;/t&gt; them &lt;fex name="Content"&gt;that you really like them&lt;/fex&gt; ?  &lt;/ex&gt;&lt;/def-root&gt;</definition>
        <semType name="Content" ID="55"/>
    </FE>
    <FE bgColor="1E90FF" fgColor="FFFFFF" coreType="Core" cBy="Pam" cDate="04/10/2005 04:09:05 PDT Sun" abbrev="Sit" name="Situation" ID="7720">
        <definition>&lt;def-root&gt;Situation is the problem plaguing the &lt;fen&gt;Experiencer&lt;/fen&gt;, about which the &lt;fen&gt;Speaker&lt;/fen&gt;  reassures them.

&lt;ex&gt;The policeman &lt;t&gt;reassured&lt;/t&gt; him &lt;fex name="Situation"&gt;about the safety of the neighborhood&lt;/fex&gt;. &lt;/ex&gt;&lt;/def-root&gt;</definition>
    </FE>
    <FE bgColor="9F79EE" fgColor="FFFFFF" coreType="Peripheral" cBy="Pam" cDate="04/10/2005 04:09:05 PDT Sun" abbrev="Medium" name="Medium" ID="7721">
        <definition>&lt;def-root&gt;The physical or abstract setting in which the Message is conveyed. 
&lt;/def-root&gt;</definition>
    </FE>
    <FE bgColor="FF69B4" fgColor="FFFFFF" coreType="Peripheral" cBy="Pam" cDate="04/10/2005 04:09:05 PDT Sun" abbrev="Amo" name="Amount_of_reassurance" ID="7722">
        <definition>&lt;def-root&gt;The amount of reassurance given.
&lt;ex&gt;He never really &lt;fex name="Amount_of_reassurance"&gt;fully&lt;/fex&gt; &lt;t&gt;reassured&lt;/t&gt; me about the situation.&lt;/ex&gt;&lt;/def-root&gt;</definition>
    </FE>
    <FE bgColor="9400D3" fgColor="FFFFFF" coreType="Extra-Thematic" cBy="Pam" cDate="04/10/2005 04:09:05 PDT Sun" abbrev="Dep-Act" name="Depictive" ID="7723">
        <definition>&lt;def-root&gt;The &lt;fen&gt;Depictive&lt;/fen&gt; describes the state of the &lt;fen&gt;Speaker&lt;/fen&gt;.&lt;/def-root&gt;</definition>
    </FE>
    <FE bgColor="FF00FF" fgColor="FFFFFF" coreType="Peripheral" cBy="Pam" cDate="04/10/2005 04:09:05 PDT Sun" abbrev="Manr" name="Manner" ID="7724">
        <definition>&lt;def-root&gt;The &lt;fen&gt;Manner&lt;/fen&gt; in which the &lt;fen&gt;Speaker&lt;/fen&gt; reassures the &lt;fex name="Exp"&gt;Experiencer&lt;/fex&gt;.&lt;/def-root&gt;</definition>
        <semType name="Manner" ID="173"/>
    </FE>
    <FE bgColor="A52A2A" fgColor="FFFFFF" coreType="Peripheral" cBy="Pam" cDate="04/10/2005 04:09:05 PDT Sun" abbrev="Mns" name="Means" ID="7725">
        <definition>&lt;def-root&gt;The &lt;fen&gt;Means&lt;/fen&gt; by which the &lt;fen&gt;Speaker&lt;/fen&gt; reassures the &lt;fen&gt;Experiencer&lt;/fen&gt;.

&lt;ex&gt;Him mother reassured him &lt;fex name="Mns"&gt;with a pat on the back&lt;/fex&gt;.&lt;/ex&gt;&lt;/def-root&gt;</definition>
        <semType name="State_of_affairs" ID="177"/>
    </FE>
    <FE bgColor="FFA500" fgColor="FFFFFF" coreType="Peripheral" cBy="Pam" cDate="04/10/2005 04:09:05 PDT Sun" abbrev="" name="Time" ID="7726">
        <definition>&lt;def-root&gt;The time at which the reassurance takes place.&lt;/def-root&gt;</definition>
        <semType name="Time" ID="141"/>
    </FE>
    <FEcoreSet>
        <memberFE name="Situation" ID="7720"/>
        <memberFE name="Content" ID="7719"/>
    </FEcoreSet>
    <frameRelation type="Inherits from">
        <relatedFrame ID="6">Communication</relatedFrame>
    </frameRelation>
    <frameRelation type="Is Inherited by"/>
    <frameRelation type="Perspective on"/>
    <frameRelation type="Is Perspectivized in"/>
    <frameRelation type="Uses"/>
    <frameRelation type="Is Used by"/>
    <frameRelation type="Subframe of"/>
    <frameRelation type="Has Subframe(s)"/>
    <frameRelation type="Precedes"/>
    <frameRelation type="Is Preceded by"/>
    <frameRelation type="Is Inchoative of"/>
    <frameRelation type="Is Causative of"/>
    <frameRelation type="See also"/>
    <lexUnit status="Finished_Initial" POS="N" name="reassurance.n" ID="11809" lemmaID="32045" cBy="Pam" cDate="04/10/2005 04:36:13 PDT Sun">
        <definition>FN: an act that allays doubts and fears</definition>
        <sentenceCount annotated="20" total="155"/>
        <lexeme order="1" headword="false" breakBefore="false" POS="N" name="reassurance"/>
    </lexUnit>
    <lexUnit status="Finished_Initial" POS="V" name="reassure.v" ID="11810" lemmaID="32046" cBy="Pam" cDate="04/10/2005 04:36:29 PDT Sun">
        <definition>COD: allay the doubts and fears of</definition>
        <sentenceCount annotated="20" total="216"/>
        <lexeme order="1" headword="false" breakBefore="false" POS="V" name="reassure"/>
    </lexUnit>
</frame>