<?xml version="1.0" encoding="UTF-8" standalone="yes"?>
<?xml-stylesheet type="text/xsl" href="frame.xsl"?>
<frame cBy="CVa" cDate="10/28/2011 05:29:05 PDT Fri" name="Records" ID="2680" xsi:schemaLocation="../schema/frame.xsd" xmlns="http://framenet.icsi.berkeley.edu" xmlns:xsi="http://www.w3.org/2001/XMLSchema-instance">
    <definition>&lt;def-root&gt;A &lt;fen&gt;Record&lt;/fen&gt; that contains a permanent account of &lt;fen&gt;Data&lt;/fen&gt;.  This &lt;fen&gt;Record&lt;/fen&gt; may be maintained by a &lt;fen&gt;Recorder&lt;/fen&gt; for a certain &lt;fen&gt;Entity&lt;/fen&gt;.  
&lt;ex&gt;&lt;/ex&gt;
&lt;ex&gt;&lt;fex name="Entity"&gt;The bank's&lt;/fex&gt; &lt;t&gt;&lt;fex name="Record"&gt;books&lt;/fex&gt;&lt;/t&gt; were not accurate.&lt;/ex&gt;

&lt;ex&gt;He made notes of the subject's responses in the &lt;t&gt;&lt;fex name="Record"&gt;journal&lt;/fex&gt;&lt;/t&gt; by the desk.&lt;/ex&gt;

&lt;ex&gt;&lt;fex name="Recorder"&gt;She&lt;/fex&gt; &lt;m&gt;kept&lt;/m&gt; a &lt;fex name="Record"&gt;&lt;t&gt;record&lt;/t&gt;&lt;/fex&gt; &lt;fex name="Data"&gt;of how many times Steven had asked her for money&lt;/fex&gt;.&lt;/ex&gt;&lt;/def-root&gt;</definition>
    <FE bgColor="00008B" fgColor="FFFFFF" coreType="Core" cBy="CVa" cDate="10/28/2011 05:58:19 PDT Fri" abbrev="Rec" name="Record" ID="15272">
        <definition>&lt;def-root&gt;The &lt;fex name="Record"&gt;Record&lt;/fex&gt; is the entity in which events or accounts are permanently recorded.
&lt;ex&gt;She kept a &lt;t&gt;&lt;fex name="Record"&gt;record&lt;/fex&gt;&lt;/t&gt; of how many times he asked to borrow money.&lt;/ex&gt;&lt;/def-root&gt;</definition>
    </FE>
    <FE bgColor="00BFFF" fgColor="FFFFFF" coreType="Peripheral" cBy="CVa" cDate="10/28/2011 06:04:23 PDT Fri" abbrev="" name="Data" ID="15273">
        <definition>&lt;def-root&gt;The &lt;fen&gt;Data&lt;/fen&gt; is the information which is recorded in the &lt;fen&gt;Record&lt;/fen&gt;.  It is often expressed as a prepositional phrase.
&lt;ex&gt;Andy kept a &lt;t&gt;log&lt;/t&gt; &lt;fex name="Data"&gt;of the girls he had dated&lt;/fex&gt;.&lt;/ex&gt;
&lt;ex&gt;His assistant maintained the &lt;t&gt;records&lt;/t&gt; &lt;fex name="Data"&gt;of customer payments&lt;/fex&gt;.&lt;/ex&gt;&lt;/def-root&gt;</definition>
    </FE>
    <FE bgColor="FF0000" fgColor="FFFFFF" coreType="Peripheral" cBy="CVa" cDate="10/28/2011 06:34:04 PDT Fri" abbrev="" name="Recorder" ID="15277">
        <definition>&lt;def-root&gt;The &lt;fen&gt;Recorder&lt;/fen&gt; is the person who records the &lt;fen&gt;Data&lt;/fen&gt; in the &lt;fen&gt;Record&lt;/fen&gt;.
&lt;ex&gt;&lt;fex name="Recorder"&gt;Shirley's&lt;/fex&gt; &lt;t&gt;log&lt;/t&gt; of her favorite eateries grew every day.&lt;/ex&gt;&lt;/def-root&gt;</definition>
    </FE>
    <FE bgColor="FFFF00" fgColor="000000" coreType="Peripheral" cBy="CVa" cDate="10/28/2011 06:40:44 PDT Fri" abbrev="" name="Entity" ID="15278">
        <definition>&lt;def-root&gt;The &lt;fen&gt;Entity&lt;/fen&gt; is the person or institution for which the &lt;fen&gt;Record&lt;/fen&gt; is maintained.
&lt;ex&gt;She keeps the &lt;t&gt;books&lt;/t&gt; &lt;fex name="Entity"&gt;for the advertising firm&lt;/fex&gt;.&lt;/ex&gt;
&lt;ex&gt;&lt;fex name="Entity"&gt;The bank's&lt;/fex&gt; &lt;t&gt;records&lt;/t&gt; were not ready for the unexpected audit.&lt;/ex&gt;&lt;/def-root&gt;</definition>
    </FE>
    <FE bgColor="008000" fgColor="FFFFFF" coreType="Extra-Thematic" cBy="CVa" cDate="10/28/2011 06:44:48 PDT Fri" abbrev="" name="Type" ID="15279">
        <definition>&lt;def-root&gt;The &lt;fen&gt;Type&lt;/fen&gt; refers to the kind of &lt;fen&gt;Record&lt;/fen&gt; being kept.
&lt;ex&gt;Molly was in charge of the &lt;fex name="Type"&gt;finacial&lt;/fex&gt; &lt;t&gt;records&lt;/t&gt; at the small law firm.&lt;/ex&gt;&lt;/def-root&gt;</definition>
    </FE>
    <FE bgColor="FF00FF" fgColor="FFFFFF" coreType="Peripheral" cBy="CVa" cDate="11/16/2011 04:59:44 PST Wed" abbrev="Des" name="Descriptor" ID="15303">
        <definition>&lt;def-root&gt;A characteristic of the &lt;fen&gt;Record&lt;/fen&gt;.

&lt;ex&gt;Moria's bank kept &lt;fex name="Descriptor"&gt;detailed&lt;/fex&gt; &lt;t&gt;books&lt;/t&gt;.&lt;/ex&gt;&lt;/def-root&gt;</definition>
    </FE>
    <FE bgColor="9F79EE" fgColor="FFFFFF" coreType="Peripheral" cBy="WMcQ" cDate="07/02/2015 03:21:49 PDT Thu" abbrev="" name="Material" ID="16532">
        <definition>&lt;def-root&gt;What a &lt;fen&gt;Record&lt;/fen&gt; is made of (if applicable). 
&lt;/def-root&gt;</definition>
    </FE>
    <FE bgColor="808080" fgColor="FFFFFF" coreType="Peripheral" cBy="WMcQ" cDate="07/02/2015 03:23:24 PDT Thu" abbrev="" name="Medium" ID="16533">
        <definition>&lt;def-root&gt;The Medium is the language in which a Record is composed, or the physical medium (radio, ink) in which it is distributed. 
&lt;/def-root&gt;</definition>
    </FE>
    <FE bgColor="2E8B57" fgColor="FFFFFF" coreType="Peripheral" cBy="WMcQ" cDate="07/02/2015 03:23:51 PDT Thu" abbrev="" name="Place" ID="16534">
        <definition>&lt;def-root&gt;The region where the &lt;fen&gt;Record&lt;/fen&gt; is sold, circulated, or otherwise popular&lt;/def-root&gt;</definition>
    </FE>
    <FE bgColor="FFA500" fgColor="FFFFFF" coreType="Peripheral" cBy="WMcQ" cDate="07/02/2015 03:24:18 PDT Thu" abbrev="" name="Time_of_creation" ID="16535">
        <definition>&lt;def-root&gt;The Time at which the &lt;fen&gt;Record&lt;/fen&gt; was created. &lt;/def-root&gt;</definition>
    </FE>
    <FE bgColor="0000FF" fgColor="FFFFFF" coreType="Peripheral" cBy="WMcQ" cDate="07/02/2015 03:25:20 PDT Thu" abbrev="" name="Title" ID="16536">
        <definition>&lt;def-root&gt;The Title of a &lt;fen&gt;Record&lt;/fen&gt;. 
&lt;/def-root&gt;</definition>
    </FE>
    <FE bgColor="FF00FF" fgColor="FFFFFF" coreType="Peripheral" cBy="WMcQ" cDate="07/02/2015 03:26:21 PDT Thu" abbrev="" name="Topic" ID="16537">
        <definition>&lt;def-root&gt;Topic is what the &lt;fen&gt;Record&lt;/fen&gt; is about.
&lt;/def-root&gt;</definition>
    </FE>
    <FE bgColor="9400D3" fgColor="FFFFFF" coreType="Peripheral" cBy="WMcQ" cDate="07/02/2015 03:26:45 PDT Thu" abbrev="" name="Use" ID="16538">
        <definition>&lt;def-root&gt;The use for which the &lt;fen&gt;Record&lt;/fen&gt; was produced; its purpose. 
&lt;/def-root&gt;</definition>
    </FE>
    <frameRelation type="Inherits from">
        <relatedFrame ID="298">Text</relatedFrame>
    </frameRelation>
    <frameRelation type="Is Inherited by"/>
    <frameRelation type="Perspective on"/>
    <frameRelation type="Is Perspectivized in"/>
    <frameRelation type="Uses"/>
    <frameRelation type="Is Used by"/>
    <frameRelation type="Subframe of"/>
    <frameRelation type="Has Subframe(s)"/>
    <frameRelation type="Precedes"/>
    <frameRelation type="Is Preceded by"/>
    <frameRelation type="Is Inchoative of"/>
    <frameRelation type="Is Causative of"/>
    <frameRelation type="See also"/>
    <lexUnit status="Finished_Initial" POS="N" name="book.n" ID="16757" lemmaID="4156" cBy="CVa" cDate="10/28/2011 06:26:51 PDT Fri">
        <definition>FN: the records of the accounts of a business (usually plural); any other binded pages which contain recorded data</definition>
        <sentenceCount annotated="17" total="121"/>
        <lexeme order="1" headword="false" breakBefore="false" POS="N" name="book"/>
    </lexUnit>
    <lexUnit status="Finished_Initial" POS="N" name="log.n" ID="16758" lemmaID="22659" cBy="CVa" cDate="10/28/2011 06:29:13 PDT Fri">
        <definition>FN: a book in which data is recorded</definition>
        <sentenceCount annotated="17" total="159"/>
        <lexeme order="1" headword="false" breakBefore="false" POS="N" name="log"/>
    </lexUnit>
    <lexUnit status="Finished_Initial" POS="N" name="record.n" ID="16759" lemmaID="32169" cBy="CVa" cDate="10/28/2011 06:31:05 PDT Fri">
        <definition>FN: an entity in which events or data are recorded</definition>
        <sentenceCount annotated="23" total="92"/>
        <lexeme order="1" headword="false" breakBefore="false" POS="N" name="record"/>
    </lexUnit>
    <lexUnit status="Finished_Initial" POS="N" name="journal.n" ID="16760" lemmaID="21057" cBy="CVa" cDate="10/28/2011 06:58:19 PDT Fri">
        <definition>FN: a book in which data is kept</definition>
        <sentenceCount annotated="16" total="127"/>
        <lexeme order="1" headword="false" breakBefore="false" POS="N" name="journal"/>
    </lexUnit>
    <lexUnit status="Created" POS="N" name="recording.n" ID="16938" lemmaID="32174" cBy="WmS" cDate="03/07/2012 12:03:39 PST Wed">
        <definition>FN: information that is stored on a medium</definition>
        <sentenceCount annotated="0" total="0"/>
        <lexeme order="1" headword="false" breakBefore="false" POS="N" name="recording"/>
    </lexUnit>
</frame>