<?xml version="1.0" encoding="UTF-8" standalone="yes"?>
<?xml-stylesheet type="text/xsl" href="frame.xsl"?>
<frame cBy="MJE" cDate="02/29/2008 12:06:44 PST Fri" name="Region_with_portal" ID="2027" xsi:schemaLocation="../schema/frame.xsd" xmlns="http://framenet.icsi.berkeley.edu" xmlns:xsi="http://www.w3.org/2001/XMLSchema-instance">
    <definition>&lt;def-root&gt;A Portal, &lt;fen&gt;Exterior&lt;/fen&gt;, &lt;fen&gt;Surface&lt;/fen&gt;, &lt;fen&gt;Boundary&lt;/fen&gt;, and &lt;fen&gt;Interior&lt;/fen&gt; are picked out relative to a &lt;fen&gt;Ground&lt;/fen&gt;. &lt;/def-root&gt;</definition>
    <semType name="Non-Lexical Frame" ID="16"/>
    <FE bgColor="FF0000" fgColor="FFFFFF" coreType="Core" cBy="MJE" cDate="02/29/2008 12:06:44 PST Fri" abbrev="" name="Interior" ID="12318">
        <definition>&lt;def-root&gt;A region of space located inside a &lt;fen&gt;Ground&lt;/fen&gt;.&lt;/def-root&gt;</definition>
    </FE>
    <FE bgColor="0000FF" fgColor="FFFFFF" coreType="Core" cBy="MJE" cDate="02/29/2008 12:06:44 PST Fri" abbrev="" name="Ground" ID="12319">
        <definition>&lt;def-root&gt;An entity whose location is relatively well-known and which, thus, can serve as a land-mark to identify the &lt;fen&gt;Interior&lt;/fen&gt;, &lt;fen&gt;Surface&lt;/fen&gt;, or &lt;fen&gt;Boundary&lt;/fen&gt;.&lt;/def-root&gt;</definition>
    </FE>
    <FE bgColor="A52A2A" fgColor="FFFFFF" coreType="Core" cBy="MJE" cDate="02/29/2008 12:06:44 PST Fri" abbrev="" name="Surface" ID="12320">
        <definition>&lt;def-root&gt;The region located outside of, but in contact with, the &lt;fen&gt;Ground&lt;/fen&gt;.&lt;/def-root&gt;</definition>
    </FE>
    <FE bgColor="800080" fgColor="FFFFFF" coreType="Core" cBy="MJE" cDate="02/29/2008 12:06:44 PST Fri" abbrev="" name="Boundary" ID="12321">
        <definition>&lt;def-root&gt;The region associated with the boundary of the &lt;fen&gt;Ground&lt;/fen&gt;.&lt;/def-root&gt;</definition>
    </FE>
    <FE bgColor="008000" fgColor="FFFFFF" coreType="Core" cBy="MJE" cDate="02/29/2008 12:06:44 PST Fri" abbrev="" name="Exterior" ID="12322">
        <definition>&lt;def-root&gt;The region which is not located inside or in contact with the &lt;fen&gt;Ground&lt;/fen&gt;.&lt;/def-root&gt;</definition>
    </FE>
    <frameRelation type="Inherits from">
        <relatedFrame ID="2019">Bounded_region</relatedFrame>
    </frameRelation>
    <frameRelation type="Is Inherited by"/>
    <frameRelation type="Perspective on"/>
    <frameRelation type="Is Perspectivized in"/>
    <frameRelation type="Uses"/>
    <frameRelation type="Is Used by"/>
    <frameRelation type="Subframe of"/>
    <frameRelation type="Has Subframe(s)"/>
    <frameRelation type="Precedes"/>
    <frameRelation type="Is Preceded by"/>
    <frameRelation type="Is Inchoative of"/>
    <frameRelation type="Is Causative of"/>
    <frameRelation type="See also"/>
</frame>