<?xml version="1.0" encoding="UTF-8" standalone="yes"?>
<?xml-stylesheet type="text/xsl" href="frame.xsl"?>
<frame cBy="RLG" cDate="03/12/2007 09:44:45 PDT Mon" name="Relational_political_locales" ID="1883" xsi:schemaLocation="../schema/frame.xsd" xmlns="http://framenet.icsi.berkeley.edu" xmlns:xsi="http://www.w3.org/2001/XMLSchema-instance">
    <definition>&lt;def-root&gt;A &lt;fen&gt;Locale&lt;/fen&gt; is defined politically to be the head of state of another, larger political locale, the &lt;fen&gt;Container_possessor&lt;/fen&gt;.

&lt;ex&gt;She had repeatedly been to the &lt;t&gt;&lt;fex name="Locale"&gt;capital&lt;/fex&gt;&lt;/t&gt; &lt;fex name="Container_possessor"&gt;of the nation&lt;/fex&gt;, and there had met with a reception none too cordial.&lt;/ex&gt;

&lt;ex&gt;He decided to stay in the &lt;t&gt;&lt;fex name="Locale"&gt;capital&lt;/fex&gt;&lt;/t&gt; &lt;fex name="Container_possessor"&gt;of Iraq&lt;/fex&gt; for two months while he recuperated to fight another day.&lt;/ex&gt;

&lt;ex&gt;The largest city in the area, &lt;fex name="Locale"&gt;Oakland&lt;/fex&gt; &lt;m&gt;is&lt;/m&gt; the &lt;t&gt;county seat&lt;/t&gt; &lt;fex name="Container_possessor"&gt;of Alameda county&lt;/fex&gt;.&lt;/ex&gt;&lt;/def-root&gt;</definition>
    <FE bgColor="006400" fgColor="FFFFFF" coreType="Peripheral" cBy="RLG" cDate="03/12/2007 09:44:46 PDT Mon" abbrev="Constp" name="Constituent_parts" ID="11154">
        <definition>&lt;def-root&gt;The materials or &lt;fen&gt;Constituent_parts&lt;/fen&gt; that make up a &lt;fen&gt;Locale&lt;/fen&gt;.  &lt;/def-root&gt;</definition>
    </FE>
    <FE bgColor="FF0000" fgColor="FFFFFF" coreType="Core" cBy="RLG" cDate="03/12/2007 09:44:46 PDT Mon" abbrev="ContP" name="Container_possessor" ID="11155">
        <definition>&lt;def-root&gt;The political locale that the &lt;fen&gt;Locale&lt;/fen&gt; is a the head of.
&lt;ex&gt;People come from all over the nation to work in and visit the &lt;t&gt;capital&lt;/t&gt; &lt;fex name="ContP"&gt;of the United States&lt;/fex&gt;.&lt;/ex&gt;
&lt;/def-root&gt;</definition>
    </FE>
    <FE bgColor="00008B" fgColor="FFFFFF" coreType="Core" cBy="RLG" cDate="03/12/2007 09:44:46 PDT Mon" abbrev="Lcl" name="Locale" ID="11156">
        <definition>&lt;def-root&gt;The politically or administratively-defined locale that functions as the head of state for the containing entity.

&lt;ex&gt;Most of the major government buildings are in the center of the &lt;fex name="Lcl"&gt;&lt;t&gt;capital&lt;/t&gt;&lt;/fex&gt;&lt;/ex&gt;&lt;/def-root&gt;</definition>
        <semType name="Location" ID="54"/>
    </FE>
    <FE bgColor="A52A2A" fgColor="FFFFFF" coreType="Peripheral" cBy="RLG" cDate="03/12/2007 09:44:47 PDT Mon" abbrev="Name" name="Name" ID="11157">
        <definition>&lt;def-root&gt;This FE is used for the Names of Locales.


&lt;ex&gt;Gyeonggi Province is located in the west-central area of the Korean Peninsula, and surrounds the Korean &lt;t&gt;capital&lt;/t&gt; &lt;fex name="Name"&gt;of Seoul&lt;/fex&gt;.&lt;/ex&gt;&lt;/def-root&gt;</definition>
    </FE>
    <FE bgColor="0000FF" fgColor="FFFFFF" coreType="Peripheral" cBy="RLG" cDate="03/12/2007 09:44:47 PDT Mon" abbrev="RelLoc" name="Relative_location" ID="11158">
        <definition>&lt;def-root&gt;A place that the &lt;fen&gt;Locale&lt;/fen&gt; is located with respect to.

&lt;ex&gt;All the &lt;t&gt;capitals&lt;/t&gt; &lt;fex name="RelLoc"&gt;in Canada&lt;/fex&gt; are clean.&lt;/ex&gt;&lt;/def-root&gt;</definition>
        <semType name="Locative_relation" ID="182"/>
    </FE>
    <FE bgColor="FFA500" fgColor="FFFFFF" coreType="Peripheral" cBy="RLG" cDate="03/12/2007 09:44:47 PDT Mon" abbrev="des" name="Descriptor" ID="11159">
        <definition>&lt;def-root&gt;Any description, characteristic, or property of the &lt;fen&gt;Locale&lt;/fen&gt; which is not covered by more specific FEs.

&lt;ex&gt;He essentially was the head of the &lt;fex name="des"&gt;largest&lt;/fex&gt; &lt;t&gt;county seat&lt;/t&gt; &lt;fex name="des"&gt;in northern California&lt;/fex&gt;.&lt;/ex&gt;&lt;/def-root&gt;</definition>
    </FE>
    <FE bgColor="7CCD7C" fgColor="FFFFFF" coreType="Peripheral" cBy="RLG" cDate="03/12/2007 09:44:48 PDT Mon" abbrev="pop" name="Population" ID="11160">
        <definition>&lt;def-root&gt;The people living in the jurisdiction of the locale, typically expressed with a PP-&lt;ment&gt;of&lt;/ment&gt;.&lt;/def-root&gt;</definition>
    </FE>
    <frameRelation type="Inherits from">
        <relatedFrame ID="195">Political_locales</relatedFrame>
    </frameRelation>
    <frameRelation type="Is Inherited by"/>
    <frameRelation type="Perspective on"/>
    <frameRelation type="Is Perspectivized in"/>
    <frameRelation type="Uses"/>
    <frameRelation type="Is Used by"/>
    <frameRelation type="Subframe of"/>
    <frameRelation type="Has Subframe(s)"/>
    <frameRelation type="Precedes"/>
    <frameRelation type="Is Preceded by"/>
    <frameRelation type="Is Inchoative of"/>
    <frameRelation type="Is Causative of"/>
    <frameRelation type="See also"/>
    <lexUnit status="Finished_Initial" POS="N" name="capital.n" ID="13938" lemmaID="5445" cBy="RLG" cDate="03/12/2007 10:05:15 PDT Mon">
        <definition>FN: the governmental or administrative head city of a region.</definition>
        <sentenceCount annotated="31" total="209"/>
        <lexeme order="1" headword="false" breakBefore="false" POS="N" name="capital"/>
    </lexUnit>
    <lexUnit status="Created" POS="N" name="county seat.n" ID="13939" lemmaID="50539" cBy="RLG" cDate="03/12/2007 10:06:38 PDT Mon">
        <definition>COD: the town that is the administrative capital of a county.</definition>
        <sentenceCount annotated="0" total="0"/>
        <lexeme order="1" headword="false" breakBefore="false" POS="N" name="county"/>
        <lexeme order="2" headword="true" breakBefore="false" POS="N" name="seat"/>
    </lexUnit>
    <lexUnit status="Created" POS="N" name="see.n" ID="13940" lemmaID="34837" cBy="RLG" cDate="03/12/2007 10:07:29 PDT Mon">
        <definition>COD: the place in which a cathedral church stands, identified as the seat of authority of a bishop or archbishop.</definition>
        <sentenceCount annotated="0" total="0"/>
        <lexeme order="1" headword="false" breakBefore="false" POS="N" name="see"/>
    </lexUnit>
</frame>