<?xml version="1.0" encoding="UTF-8" standalone="yes"?>
<?xml-stylesheet type="text/xsl" href="frame.xsl"?>
<frame cBy="AlK" cDate="09/30/2010 03:14:30 PDT Thu" name="Relational_quantity" ID="2427" xsi:schemaLocation="../schema/frame.xsd" xmlns="http://framenet.icsi.berkeley.edu" xmlns:xsi="http://www.w3.org/2001/XMLSchema-instance">
    <definition>&lt;def-root&gt;A quantity, the &lt;fen&gt;Numerator&lt;/fen&gt;, can be understood in terms of how it relates to another quantity, the &lt;fen&gt;Denominator&lt;/fen&gt;; the comparison of these two numbers is called the &lt;fen&gt;Rate&lt;/fen&gt;. The nouns in this frame may denote the &lt;fen&gt;Rate&lt;/fen&gt; unless the referent is specifically expressed. This frame is a general description of the relationship between any two dependent quantities; children of this frame may describe situations in which the scale of the &lt;fen&gt;Numerator&lt;/fen&gt; and/or the &lt;fen&gt;Denominator&lt;/fen&gt; is fixed.

&lt;ex&gt;I'm not paying the &lt;fex name="Descriptor"&gt;high&lt;/fex&gt; &lt;fex name="Type"&gt;interest&lt;/fex&gt; &lt;fex name="Rate"&gt;&lt;t&gt;rates&lt;/t&gt;&lt;/fex&gt;.&lt;/ex&gt;

&lt;ex&gt;The nest egg is going to be taxed at a &lt;fex name="Type"&gt;federal&lt;/fex&gt; &lt;t&gt;rate&lt;/t&gt; &lt;fex name="Rate"&gt;of about 55 percent&lt;/fex&gt;.&lt;/ex&gt;

&lt;ex&gt;This assumption is commonly adopted in statistical models that are used to estimate the &lt;fex name="Type"&gt;transmission&lt;/fex&gt; &lt;fex name="Rate"&gt;&lt;t&gt;rate&lt;/t&gt;&lt;/fex&gt; &lt;fex name="Focal_entity"&gt;of HIV&lt;/fex&gt;.&lt;/ex&gt;&lt;/def-root&gt;</definition>
    <FE bgColor="800080" fgColor="FFFFFF" coreType="Core" cBy="AlK" cDate="10/07/2010 12:22:43 PDT Thu" abbrev="" name="Rate" ID="14242">
        <definition>&lt;def-root&gt;The number which represents the relative quantities of the &lt;fen&gt;Numerator&lt;/fen&gt; and the &lt;fen&gt;Denominator&lt;/fen&gt;.&lt;/def-root&gt;</definition>
    </FE>
    <FE bgColor="FF0000" fgColor="FFFFFF" coreType="Core" cBy="AlK" cDate="10/07/2010 12:23:49 PDT Thu" abbrev="" name="Numerator" ID="14243">
        <definition>&lt;def-root&gt;Identifies the quantity whose magnitude is determined relative to the &lt;fen&gt;Denominator&lt;/fen&gt;.&lt;/def-root&gt;</definition>
    </FE>
    <FE bgColor="008000" fgColor="FFFFFF" coreType="Core" cBy="AlK" cDate="10/07/2010 01:34:34 PDT Thu" abbrev="" name="Focal_entity" ID="14245">
        <definition>&lt;def-root&gt;The set of things to which the &lt;fen&gt;Rate&lt;/fen&gt; pertains.&lt;/def-root&gt;</definition>
    </FE>
    <FE bgColor="FF69B4" fgColor="FFFFFF" coreType="Peripheral" cBy="AlK" cDate="10/07/2010 01:57:48 PDT Thu" abbrev="" name="Descriptor" ID="14247">
        <definition>&lt;def-root&gt;Any characteristic of the &lt;fen&gt;Rate&lt;/fen&gt; that is not covered by another more specific FE.&lt;/def-root&gt;</definition>
    </FE>
    <FE bgColor="FFA500" fgColor="FFFFFF" coreType="Peripheral" cBy="AlK" cDate="10/13/2010 11:37:32 PDT Wed" abbrev="" name="Type" ID="14249">
        <definition>&lt;def-root&gt;A name of the &lt;fen&gt;Rate&lt;/fen&gt; of or description of the particular category the &lt;fen&gt;Rate&lt;/fen&gt; belongs to.&lt;/def-root&gt;</definition>
    </FE>
    <FE bgColor="0000FF" fgColor="FFFFFF" coreType="Core" cBy="CVa" cDate="01/08/2013 01:32:31 PST Tue" abbrev="Den" name="Denominator" ID="15841">
        <definition>&lt;def-root&gt;The quantity whose magnitude is determined relative to the &lt;fen&gt;Numerator&lt;/fen&gt;.&lt;/def-root&gt;</definition>
    </FE>
    <FEcoreSet>
        <memberFE name="Rate" ID="14242"/>
        <memberFE name="Numerator" ID="14243"/>
        <memberFE name="Denominator" ID="15841"/>
    </FEcoreSet>
    <frameRelation type="Inherits from"/>
    <frameRelation type="Is Inherited by">
        <relatedFrame ID="2431">Proportion</relatedFrame>
        <relatedFrame ID="2430">Price_per_unit</relatedFrame>
        <relatedFrame ID="2425">Rate_quantification</relatedFrame>
    </frameRelation>
    <frameRelation type="Perspective on"/>
    <frameRelation type="Is Perspectivized in"/>
    <frameRelation type="Uses"/>
    <frameRelation type="Is Used by"/>
    <frameRelation type="Subframe of"/>
    <frameRelation type="Has Subframe(s)"/>
    <frameRelation type="Precedes"/>
    <frameRelation type="Is Preceded by"/>
    <frameRelation type="Is Inchoative of"/>
    <frameRelation type="Is Causative of"/>
    <frameRelation type="See also"/>
    <lexUnit status="Finished_Initial" POS="N" name="rate.n" ID="16123" lemmaID="31864" cBy="AlK" cDate="10/07/2010 12:43:48 PDT Thu">
        <definition>FN: a numerical representation of the comparison of two numbers</definition>
        <sentenceCount annotated="32" total="32"/>
        <lexeme order="1" headword="false" breakBefore="false" POS="N" name="rate"/>
    </lexUnit>
</frame>