<?xml version="1.0" encoding="UTF-8" standalone="yes"?>
<?xml-stylesheet type="text/xsl" href="frame.xsl"?>
<frame cBy="MJE" cDate="03/22/2006 04:12:19 PST Wed" name="Releasing_from_custody" ID="1724" xsi:schemaLocation="../schema/frame.xsd" xmlns="http://framenet.icsi.berkeley.edu" xmlns:xsi="http://www.w3.org/2001/XMLSchema-instance">
    <definition>&lt;def-root&gt;The &lt;fen&gt;Authorities&lt;/fen&gt; release a &lt;fen&gt;Suspect&lt;/fen&gt; who has been held under suspicion of having committed a crime.&lt;/def-root&gt;</definition>
    <semType name="Non-Lexical Frame" ID="16"/>
    <FE bgColor="FF0000" fgColor="FFFFFF" coreType="Core" cBy="MJE" cDate="03/22/2006 04:12:19 PST Wed" abbrev="Auth" name="Authorities" ID="9941">
        <definition>&lt;def-root&gt;The &lt;fen&gt;Authorities&lt;/fen&gt; are those who have the official authority to release a &lt;fen&gt;Suspect&lt;/fen&gt;.

&lt;ex&gt;&lt;fex name="Auth"&gt;The police&lt;/fex&gt; &lt;t&gt;released&lt;/t&gt; the suspect.&lt;/ex&gt;&lt;/def-root&gt;</definition>
        <semType name="Sentient" ID="5"/>
    </FE>
    <FE bgColor="0000FF" fgColor="FFFFFF" coreType="Core" cBy="MJE" cDate="03/22/2006 04:12:19 PST Wed" abbrev="Susp" name="Suspect" ID="9942">
        <definition>&lt;def-root&gt;The &lt;fen&gt;Suspect&lt;/fen&gt; is the person released by the &lt;fen&gt;Authorities&lt;/fen&gt;, having been held under suspicion of having committed a crime.

&lt;ex&gt;The police &lt;t&gt;released&lt;/t&gt; &lt;fex name="Susp"&gt;the suspect&lt;/fex&gt;.&lt;/ex&gt;&lt;/def-root&gt;</definition>
    </FE>
    <FE bgColor="FF69B4" fgColor="FFFFFF" coreType="Peripheral" cBy="MJE" cDate="03/22/2006 04:12:19 PST Wed" abbrev="Mnr" name="Manner" ID="9943">
        <definition>&lt;def-root&gt;The &lt;fen&gt;Manner&lt;/fen&gt; is the way in which the &lt;fen&gt;Authorities&lt;/fen&gt; release the &lt;fen&gt;Suspect&lt;/fen&gt;.

&lt;ex&gt;The police &lt;t&gt;released&lt;/t&gt; the suspect &lt;fex name="Manner"&gt;carefully&lt;/fex&gt;.&lt;/ex&gt;&lt;/def-root&gt;</definition>
        <semType name="Manner" ID="173"/>
    </FE>
    <FE bgColor="A52A2A" fgColor="FFFFFF" coreType="Peripheral" cBy="MJE" cDate="03/22/2006 04:12:19 PST Wed" abbrev="Mns" name="Means" ID="9944">
        <definition>&lt;def-root&gt;The &lt;fen&gt;Means&lt;/fen&gt; identifies the means by which the &lt;fen&gt;Authorities&lt;/fen&gt; release the &lt;fen&gt;Suspect&lt;/fen&gt;.&lt;/def-root&gt;</definition>
        <semType name="State_of_affairs" ID="177"/>
    </FE>
    <FE bgColor="9F79EE" fgColor="FFFFFF" coreType="Extra-Thematic" cBy="MJE" cDate="03/22/2006 04:12:19 PST Wed" abbrev="Exp" name="Explanation" ID="9945">
        <definition>&lt;def-root&gt;The &lt;fen&gt;Explanation&lt;/fen&gt; identifies the reason for which the &lt;fen&gt;Authorities&lt;/fen&gt; are releasing the &lt;fen&gt;Suspect&lt;/fen&gt;.

&lt;ex&gt;The police &lt;t&gt;released&lt;/t&gt; the suspect &lt;fex name="Explanation"&gt; because he had a good alibi&lt;/fex&gt;.&lt;/ex&gt;
&lt;/def-root&gt;</definition>
        <semType name="State_of_affairs" ID="177"/>
    </FE>
    <FE bgColor="800080" fgColor="FFFFFF" coreType="Peripheral" cBy="MJE" cDate="03/22/2006 04:12:19 PST Wed" abbrev="Purp" name="Purpose" ID="9946">
        <definition>&lt;def-root&gt;The &lt;fen&gt;Purpose&lt;/fen&gt; identifies the purpose for which the &lt;fen&gt;Authorities&lt;/fen&gt; release the &lt;fen&gt;Suspect&lt;/fen&gt;.
&lt;/def-root&gt;</definition>
        <semType name="State_of_affairs" ID="177"/>
    </FE>
    <FE bgColor="008000" fgColor="FFFFFF" coreType="Peripheral" cBy="MJE" cDate="03/22/2006 04:12:19 PST Wed" abbrev="Place" name="Place" ID="9947">
        <definition>&lt;def-root&gt;The &lt;fen&gt;Place&lt;/fen&gt; identifies the place where the &lt;fen&gt;Authorities&lt;/fen&gt; release the &lt;fen&gt;Suspect&lt;/fen&gt; . &lt;/def-root&gt;</definition>
        <semType name="Locative_relation" ID="182"/>
    </FE>
    <FE bgColor="FFA500" fgColor="FFFFFF" coreType="Peripheral" cBy="MJE" cDate="03/22/2006 04:12:19 PST Wed" abbrev="Time" name="Time" ID="9948">
        <definition>&lt;def-root&gt;The &lt;fen&gt;Time&lt;/fen&gt; identifies when the &lt;fen&gt;Authorities&lt;/fen&gt; release the &lt;fen&gt;Suspect&lt;/fen&gt; .&lt;/def-root&gt;</definition>
        <semType name="Time" ID="141"/>
    </FE>
    <FE bgColor="808080" fgColor="FFFFFF" coreType="Core" cBy="MJE" cDate="06/02/2006 07:52:54 PDT Fri" abbrev="hol" name="Holding_location" ID="10231">
        <definition>&lt;def-root&gt;The place that the &lt;fen&gt;Suspect&lt;/fen&gt; is no longer confined to.&lt;/def-root&gt;</definition>
    </FE>
    <frameRelation type="Inherits from">
        <relatedFrame ID="317">Releasing</relatedFrame>
    </frameRelation>
    <frameRelation type="Is Inherited by"/>
    <frameRelation type="Perspective on"/>
    <frameRelation type="Is Perspectivized in"/>
    <frameRelation type="Uses">
        <relatedFrame ID="313">Detaining</relatedFrame>
    </frameRelation>
    <frameRelation type="Is Used by"/>
    <frameRelation type="Subframe of"/>
    <frameRelation type="Has Subframe(s)"/>
    <frameRelation type="Precedes"/>
    <frameRelation type="Is Preceded by">
        <relatedFrame ID="313">Detaining</relatedFrame>
    </frameRelation>
    <frameRelation type="Is Inchoative of"/>
    <frameRelation type="Is Causative of"/>
    <frameRelation type="See also"/>
</frame>