<?xml version="1.0" encoding="UTF-8" standalone="yes"?>
<?xml-stylesheet type="text/xsl" href="frame.xsl"?>
<frame cBy="MJE" cDate="03/29/2006 05:14:27 PST Wed" name="Renting_out" ID="1729" xsi:schemaLocation="../schema/frame.xsd" xmlns="http://framenet.icsi.berkeley.edu" xmlns:xsi="http://www.w3.org/2001/XMLSchema-instance">
    <definition>&lt;def-root&gt;A &lt;fen&gt;Lessor&lt;/fen&gt; who owns some &lt;fen&gt;Goods&lt;/fen&gt; allows a &lt;fen&gt;Lessee&lt;/fen&gt; to use the &lt;fen&gt;Goods&lt;/fen&gt; temporarily in exchange for &lt;fen&gt;Money&lt;/fen&gt;.

&lt;ex&gt;&lt;fex name="Lessor"&gt;I&lt;/fex&gt; &lt;t&gt;rented&lt;/t&gt; &lt;fex name="Goods"&gt;my cabin&lt;/fex&gt; &lt;fex name="Lessee"&gt;to him&lt;/fex&gt;.&lt;/ex&gt;&lt;/def-root&gt;</definition>
    <FE bgColor="00008B" fgColor="FFFFFF" coreType="Core" cBy="MJE" cDate="03/29/2006 05:14:27 PST Wed" abbrev="Lee" name="Lessee" ID="10001">
        <definition>&lt;def-root&gt;The &lt;fen&gt;Lessee&lt;/fen&gt; has &lt;fen&gt;Money&lt;/fen&gt; and wants the &lt;fen&gt;Goods&lt;/fen&gt;.
&lt;ex&gt;Lee &lt;t&gt;rented&lt;/t&gt; a textbook &lt;fex name="Lessee"&gt;to Abby&lt;/fex&gt;.&lt;/ex&gt;&lt;/def-root&gt;</definition>
    </FE>
    <FE bgColor="006400" fgColor="FFFFFF" coreType="Core" cBy="MJE" cDate="03/29/2006 05:14:27 PST Wed" abbrev="Gds" name="Goods" ID="10002">
        <definition>&lt;def-root&gt;The FE &lt;fen&gt;Goods&lt;/fen&gt; is the item which is temporarily exchanged for &lt;fen&gt;Money&lt;/fen&gt;. 
&lt;ex&gt;Kim &lt;t&gt;rented&lt;/t&gt; &lt;fex name="Goods"&gt;the shed&lt;/fex&gt; out .&lt;/ex&gt;&lt;/def-root&gt;</definition>
    </FE>
    <FE bgColor="d0d0d0" fgColor="00008B" coreType="Peripheral" cBy="MJE" cDate="03/29/2006 05:14:27 PST Wed" abbrev="Mns" name="Means" ID="10003">
        <definition>&lt;def-root&gt;The means by which a commercial transaction occurs.
&lt;ex&gt;Abby &lt;t&gt;rented&lt;/t&gt; her room &lt;fex name="Means"&gt;by putting an ad in the Examiner&lt;/fex&gt;.&lt;/ex&gt;
&lt;/def-root&gt;</definition>
        <semType name="State_of_affairs" ID="177"/>
    </FE>
    <FE bgColor="FF00FF" fgColor="FFFFFF" coreType="Peripheral" cBy="MJE" cDate="03/29/2006 05:14:27 PST Wed" abbrev="Mny" name="Money" ID="10004">
        <definition>&lt;def-root&gt;Money is the thing given in exchange for Goods in a transaction.
&lt;ex&gt;The x-ray machine was &lt;t&gt;leased&lt;/t&gt; &lt;fex name="Money"&gt;for $12,000&lt;/fex&gt; to a small firm in Menlo Park .&lt;/ex&gt;&lt;/def-root&gt;</definition>
    </FE>
    <FE bgColor="00BFFF" fgColor="FFFFFF" coreType="Peripheral" cBy="MJE" cDate="03/29/2006 05:14:27 PST Wed" abbrev="Rate" name="Rate" ID="10005">
        <definition>&lt;def-root&gt;In some cases, price or payment is described per unit of &lt;fen&gt;Goods&lt;/fen&gt;.
&lt;ex&gt; The hostel &lt;t&gt;rents&lt;/t&gt; a bunk &lt;fex name="Rate"&gt;for about 20 dollars a night&lt;/fex&gt; .&lt;/ex&gt;&lt;/def-root&gt;</definition>
    </FE>
    <FE bgColor="FF0000" fgColor="FFFFFF" coreType="Core" cBy="MJE" cDate="03/29/2006 05:14:27 PST Wed" abbrev="Les" name="Lessor" ID="10006">
        <definition>&lt;def-root&gt;The &lt;fen&gt;Lessor&lt;/fen&gt; has possession of the &lt;fen&gt;Goods&lt;/fen&gt; and temporarily exchanges them for &lt;fen&gt;Money&lt;/fen&gt; from a &lt;fen&gt;Lessee&lt;/fen&gt;.
&lt;ex&gt;So far, &lt;fex name="Lessor"&gt;my company&lt;/fex&gt; has &lt;t&gt;rented&lt;/t&gt; the video more than three million times .&lt;/ex&gt;&lt;/def-root&gt;</definition>
    </FE>
    <FE bgColor="A52A2A" fgColor="FFFFFF" coreType="Peripheral" cBy="MJE" cDate="03/29/2006 05:14:27 PST Wed" abbrev="Unit" name="Unit" ID="10007">
        <definition>&lt;def-root&gt;This FE is any unit in which goods or services can be measured.
Generally, it occurs in a &lt;ment&gt;by&lt;/ment&gt;-PP. 
&lt;ex&gt;Bob &lt;t&gt;rents&lt;/t&gt; rooms &lt;fex name="Unit"&gt;by the hour&lt;/fex&gt;. &lt;/ex&gt;
&lt;/def-root&gt;</definition>
    </FE>
    <FE bgColor="9F79EE" fgColor="FFFFFF" coreType="Peripheral" cBy="MJE" cDate="03/29/2006 05:14:27 PST Wed" abbrev="Place" name="Place" ID="10008">
        <definition>&lt;def-root&gt;The location where the leasing takes place.

&lt;ex&gt;U-haul &lt;t&gt;rents&lt;/t&gt; &lt;fex name="Place"&gt;almost everywhere&lt;/fex&gt;.&lt;/ex&gt;&lt;/def-root&gt;</definition>
        <semType name="Locative_relation" ID="182"/>
    </FE>
    <FE bgColor="800080" fgColor="FFFFFF" coreType="Peripheral" cBy="MJE" cDate="03/29/2006 05:14:27 PST Wed" abbrev="Purp" name="Purpose" ID="10009">
        <definition>&lt;def-root&gt;The purpose for which an intentional act is performed.&lt;/def-root&gt;</definition>
        <semType name="State_of_affairs" ID="177"/>
    </FE>
    <FE bgColor="008000" fgColor="FFFFFF" coreType="Extra-Thematic" cBy="MJE" cDate="03/29/2006 05:14:27 PST Wed" abbrev="Exp" name="Explanation" ID="10010">
        <definition>&lt;def-root&gt;A state-of-affairs from which the renting logically follows.

&lt;ex&gt;I &lt;t&gt;rented&lt;/t&gt; it &lt;t&gt;out&lt;/t&gt; &lt;fex name="Explanation"&gt;because since Ned died, nobody's been using it for anything&lt;/fex&gt;.&lt;/ex&gt;&lt;/def-root&gt;</definition>
        <semType name="State_of_affairs" ID="177"/>
    </FE>
    <FE bgColor="FFA500" fgColor="FFFFFF" coreType="Peripheral" cBy="MJE" cDate="03/29/2006 05:14:27 PST Wed" abbrev="Time" name="Time" ID="10011">
        <definition>&lt;def-root&gt;The time at which the renting takes place.&lt;/def-root&gt;</definition>
        <semType name="Time" ID="141"/>
    </FE>
    <FE bgColor="9400D3" fgColor="FFFFFF" coreType="Peripheral" cBy="MJE" cDate="03/29/2006 05:14:27 PST Wed" abbrev="" name="Manner" ID="10012">
        <definition>&lt;def-root&gt;Any description of the renting event which is not covered by more specific FEs, including secondary effects (&lt;ment&gt;quietly, loudly&lt;/ment&gt;), and general descriptions comparing events (&lt;ment&gt;the same way&lt;/ment&gt;). It may also indicate salient characteristics of the &lt;fen&gt;Lessor&lt;/fen&gt; that affect the action (&lt;ment&gt;presumptuously, coldly, deliberately, eagerly, carefully&lt;/ment&gt;).
&lt;ex&gt;Stuart &lt;fex name="Manner"&gt;reluctantly&lt;/fex&gt; &lt;t&gt;rented&lt;/t&gt; her his last apartment .&lt;/ex&gt;&lt;/def-root&gt;</definition>
        <semType name="Manner" ID="173"/>
    </FE>
    <FE bgColor="808080" fgColor="FFFFFF" coreType="Extra-Thematic" cBy="MJE" cDate="03/29/2006 05:14:27 PST Wed" abbrev="" name="Result" ID="10013">
        <definition>&lt;def-root&gt;The state of the &lt;fen&gt;Lessor&lt;/fen&gt; after the sale has occurred.
&lt;ex&gt;I &lt;t&gt;leased&lt;/t&gt; the whole lot &lt;fex name="Result"&gt;at a loss&lt;/fex&gt;.&lt;/ex&gt;&lt;/def-root&gt;</definition>
    </FE>
    <FE bgColor="2E8B57" fgColor="FFFFFF" coreType="Peripheral" cBy="MJE" cDate="03/29/2006 05:14:27 PST Wed" abbrev="Dur" name="Duration" ID="10014">
        <definition>&lt;def-root&gt;The length of time that the &lt;fen&gt;Goods&lt;/fen&gt; are (or have been) in the &lt;fen&gt;Lessee&lt;/fen&gt;'s possession.   

&lt;ex&gt;Our neighbors have &lt;t&gt;rented&lt;/t&gt; their house out &lt;fex name="Duration"&gt;for the last ten years&lt;/fex&gt;.&lt;/ex&gt;&lt;/def-root&gt;</definition>
        <semType name="Duration" ID="142"/>
    </FE>
    <FE bgColor="0000FF" fgColor="FFFFFF" coreType="Extra-Thematic" cBy="MJE" cDate="03/29/2006 05:14:27 PST Wed" abbrev="Imp" name="Imposed_purpose" ID="10015">
        <definition>&lt;def-root&gt;The &lt;fen&gt;Lessee&lt;/fen&gt;'s intended purpose for the &lt;fen&gt;Goods&lt;/fen&gt;.
&lt;ex&gt;He &lt;t&gt;leased&lt;/t&gt; the filing robot to me &lt;fex name="Imposed_purpose"&gt;to organize all my legal documents&lt;/fex&gt;.&lt;/ex&gt;&lt;/def-root&gt;</definition>
    </FE>
    <FE bgColor="000000" fgColor="FFFF00" coreType="Extra-Thematic" cBy="MJE" cDate="03/29/2006 05:14:27 PST Wed" abbrev="Bac" name="Back" ID="10016">
        <definition>&lt;def-root&gt;This FE indicates that the selling act reverses an earlier separate act in which the current &lt;fen&gt;Lessor&lt;/fen&gt; rented or bought the &lt;fen&gt;Goods&lt;/fen&gt; from the current &lt;fen&gt;Lessee&lt;/fen&gt;.

&lt;ex&gt; There is a plan for Mercer to buy the ground and &lt;t&gt;lease&lt;/t&gt; it &lt;fex name="Back"&gt;back&lt;/fex&gt; to the club&lt;/ex&gt;&lt;/def-root&gt;</definition>
    </FE>
    <FE bgColor="FFFF00" fgColor="800080" coreType="Extra-Thematic" cBy="MJE" cDate="03/29/2006 05:14:27 PST Wed" abbrev="" name="Relay" ID="10017">
        <definition>&lt;def-root&gt;This FE indicates that the current leasing constitues a re-lease by the current &lt;fen&gt;Lessor&lt;/fen&gt; of  &lt;fen&gt;Goods&lt;/fen&gt; that they bought or rented earlier from a third person (not the &lt;fen&gt;Lessee&lt;/fen&gt; of the current leasing act).

&lt;ex&gt;My housemates &lt;t&gt;rented&lt;/t&gt; my room &lt;fex name="Relay"&gt;on&lt;/fex&gt; to an English student .&lt;/ex&gt;&lt;/def-root&gt;</definition>
    </FE>
    <frameRelation type="Inherits from">
        <relatedFrame ID="172">Commerce_sell</relatedFrame>
    </frameRelation>
    <frameRelation type="Is Inherited by"/>
    <frameRelation type="Perspective on"/>
    <frameRelation type="Is Perspectivized in"/>
    <frameRelation type="Uses"/>
    <frameRelation type="Is Used by"/>
    <frameRelation type="Subframe of"/>
    <frameRelation type="Has Subframe(s)"/>
    <frameRelation type="Precedes"/>
    <frameRelation type="Is Preceded by"/>
    <frameRelation type="Is Inchoative of"/>
    <frameRelation type="Is Causative of"/>
    <frameRelation type="See also"/>
    <lexUnit status="Created" POS="V" name="lease.v" ID="13158" lemmaID="21950" cBy="MJE" cDate="03/29/2006 07:34:09 PST Wed">
        <definition>COD:  grant (property) on lease; let. </definition>
        <sentenceCount annotated="18" total="41"/>
        <lexeme order="1" headword="false" breakBefore="false" POS="V" name="lease"/>
    </lexUnit>
    <lexUnit status="Created" POS="V" name="rent.v" ID="13159" lemmaID="32636" cBy="MJE" cDate="03/29/2006 07:34:20 PST Wed">
        <definition>COD: let someone use (something) in return for payment. </definition>
        <sentenceCount annotated="13" total="45"/>
        <lexeme order="1" headword="false" breakBefore="false" POS="V" name="rent"/>
    </lexUnit>
</frame>