<?xml version="1.0" encoding="UTF-8" standalone="yes"?>
<?xml-stylesheet type="text/xsl" href="frame.xsl"?>
<frame cBy="MJE" cDate="03/29/2006 04:15:05 PST Wed" name="Renting" ID="1728" xsi:schemaLocation="../schema/frame.xsd" xmlns="http://framenet.icsi.berkeley.edu" xmlns:xsi="http://www.w3.org/2001/XMLSchema-instance">
    <definition>&lt;def-root&gt;A &lt;fen&gt;Lessee&lt;/fen&gt; gains the use of &lt;fen&gt;Goods&lt;/fen&gt; owned by a &lt;fen&gt;Lessor&lt;/fen&gt; by payment to the &lt;fen&gt;Lessor&lt;/fen&gt;.

&lt;ex&gt;&lt;fex name="Lessee"&gt;We&lt;/fex&gt; are &lt;t&gt;renting&lt;/t&gt; &lt;fex name="Goods"&gt;our apartment&lt;/fex&gt; &lt;fex name="Lessor"&gt;from a kind man named Tom&lt;/fex&gt;.&lt;/ex&gt;&lt;/def-root&gt;</definition>
    <FE bgColor="00008B" fgColor="FFFFFF" coreType="Core" cBy="MJE" cDate="03/29/2006 04:15:05 PST Wed" abbrev="Lee" name="Lessee" ID="9986">
        <definition>&lt;def-root&gt;The individual that gains temporary use of the &lt;fen&gt;Goods&lt;/fen&gt; by paying the &lt;fen&gt;Lessor&lt;/fen&gt;

&lt;ex&gt;&lt;fex name="Lessee"&gt;We&lt;/fex&gt; 've been &lt;t&gt;renting&lt;/t&gt; from him for years .&lt;/ex&gt;&lt;/def-root&gt;</definition>
    </FE>
    <FE bgColor="006400" fgColor="FFFFFF" coreType="Core" cBy="MJE" cDate="03/29/2006 04:15:06 PST Wed" abbrev="Gds" name="Goods" ID="9987">
        <definition>&lt;def-root&gt;The FE &lt;fen&gt;Goods&lt;/fen&gt; is an item which is temporarily exchanged for &lt;fen&gt;Money&lt;/fen&gt; in a transaction. 
&lt;ex&gt;I tried to &lt;t&gt;hire&lt;/t&gt; &lt;fex name="Goods"&gt;a bicycle&lt;/fex&gt; .&lt;/ex&gt;&lt;/def-root&gt;</definition>
    </FE>
    <FE bgColor="FF69B4" fgColor="FFFFFF" coreType="Peripheral" cBy="MJE" cDate="03/29/2006 04:15:06 PST Wed" abbrev="Mns" name="Means" ID="9988">
        <definition>&lt;def-root&gt;The means by which a commercial transaction occurs.
&lt;ex&gt; Will they allow you to &lt;t&gt;lease&lt;/t&gt; the airfield &lt;fex name="Mns"&gt;by check&lt;/fex&gt;? &lt;/ex&gt;&lt;/def-root&gt;</definition>
        <semType name="State_of_affairs" ID="177"/>
    </FE>
    <FE bgColor="9F79EE" fgColor="FFFFFF" coreType="Peripheral" cBy="MJE" cDate="03/29/2006 04:15:07 PST Wed" abbrev="Mny" name="Money" ID="9989">
        <definition>&lt;def-root&gt;&lt;fen&gt;Money&lt;/fen&gt; is the thing given in exchange for tempory use of the &lt;fen&gt;Goods&lt;/fen&gt;.
&lt;ex&gt;Sam &lt;t&gt;chartered&lt;/t&gt; the ship &lt;fex name="Money"&gt;for only $12,000&lt;/fex&gt;.&lt;/ex&gt;&lt;/def-root&gt;</definition>
    </FE>
    <FE bgColor="FF00FF" fgColor="FFFFFF" coreType="Peripheral" cBy="MJE" cDate="03/29/2006 04:15:07 PST Wed" abbrev="Rate" name="Rate" ID="9990">
        <definition>&lt;def-root&gt;In isome cases, price or payment is described per unit of &lt;fen&gt;Goods&lt;/fen&gt;.
&lt;ex&gt; Jon &lt;t&gt;rented&lt;/t&gt; a car for &lt;fex name="Rate"&gt;twenty dollars a day&lt;/fex&gt; . &lt;/ex&gt;&lt;/def-root&gt;</definition>
    </FE>
    <FE bgColor="FF0000" fgColor="FFFFFF" coreType="Peripheral" cBy="MJE" cDate="03/29/2006 04:15:07 PST Wed" abbrev="Les" name="Lessor" ID="9991">
        <definition>&lt;def-root&gt;The individual who has permanent ownership of the &lt;fen&gt;Goods&lt;/fen&gt; and allows them to be used by the Lessee temporarily.

&lt;ex&gt;Kim and Pat &lt;t&gt;rent&lt;/t&gt; the apartment &lt;fex name="Lessor"&gt;from Jess&lt;/fex&gt;. &lt;/ex&gt;&lt;/def-root&gt;</definition>
        <semType name="Source" ID="151"/>
    </FE>
    <FE bgColor="A52A2A" fgColor="FFFFFF" coreType="Peripheral" cBy="MJE" cDate="03/29/2006 04:15:07 PST Wed" abbrev="Unit" name="Unit" ID="9992">
        <definition>&lt;def-root&gt;This FE is any unit in which goods or services can be measured.
Generally, it occurs in a &lt;ment&gt;by&lt;/ment&gt;-PP. 
&lt;ex&gt;Lee &lt;t&gt;rents&lt;/t&gt; rooms &lt;fex name="Unit"&gt;by the hour&lt;/fex&gt;. &lt;/ex&gt;&lt;/def-root&gt;</definition>
    </FE>
    <FE bgColor="7CCD73" fgColor="FFFFFF" coreType="Peripheral" cBy="MJE" cDate="03/29/2006 04:15:07 PST Wed" abbrev="Place" name="Place" ID="9993">
        <definition>&lt;def-root&gt;The location the renting takes place.

&lt;ex&gt;I &lt;t&gt;rented&lt;/t&gt; the car &lt;fex name="Place"&gt;right next to the airport&lt;/fex&gt; .&lt;/ex&gt;&lt;/def-root&gt;</definition>
        <semType name="Locative_relation" ID="182"/>
    </FE>
    <FE bgColor="800080" fgColor="FFFFFF" coreType="Peripheral" cBy="MJE" cDate="03/29/2006 04:15:07 PST Wed" abbrev="Pur" name="Purpose" ID="9994">
        <definition>&lt;def-root&gt;The purpose for which the renting is performed.

&lt;ex&gt;Though he was already wanted , he &lt;t&gt;rented&lt;/t&gt; a car &lt;fex name="Purpose"&gt;to make a getaway&lt;/fex&gt; .&lt;/ex&gt;&lt;/def-root&gt;</definition>
        <semType name="State_of_affairs" ID="177"/>
    </FE>
    <FE bgColor="008000" fgColor="FFFFFF" coreType="Extra-Thematic" cBy="MJE" cDate="03/29/2006 04:15:07 PST Wed" abbrev="Exp" name="Explanation" ID="9995">
        <definition>&lt;def-root&gt;A state-of-affairs from which the renting logically follows.

&lt;/def-root&gt;</definition>
        <semType name="State_of_affairs" ID="177"/>
    </FE>
    <FE bgColor="FFA500" fgColor="FFFFFF" coreType="Peripheral" cBy="MJE" cDate="03/29/2006 04:15:07 PST Wed" abbrev="Time" name="Time" ID="9996">
        <definition>&lt;def-root&gt;When the event occurs.&lt;/def-root&gt;</definition>
        <semType name="Time" ID="141"/>
    </FE>
    <FE bgColor="9400D3" fgColor="FFFFFF" coreType="Peripheral" cBy="MJE" cDate="03/29/2006 04:15:07 PST Wed" abbrev="" name="Manner" ID="9997">
        <definition>&lt;def-root&gt;Any description of the purchasing event which is not covered by more specific FEs, including secondary effects (&lt;ment&gt;quietly, loudly&lt;/ment&gt;), and general descriptions comparing events (&lt;ment&gt;the same way&lt;/ment&gt;). It may also indicate salient characteristics of the &lt;fen&gt;Lessee&lt;/fen&gt; that affect the action (&lt;ment&gt;presumptuously, coldly, deliberately, eagerly, carefully&lt;/ment&gt;). &lt;ex&gt;She quit her old job and &lt;fex name="Manner"&gt;gleefully&lt;/fex&gt; &lt;t&gt;leased&lt;/t&gt; a cheap, Upper East Side apartment.&lt;/ex&gt;&lt;/def-root&gt;</definition>
        <semType name="Manner" ID="173"/>
    </FE>
    <FE bgColor="0000FF" fgColor="FFFFFF" coreType="Extra-Thematic" cBy="MJE" cDate="03/29/2006 04:15:07 PST Wed" abbrev="" name="Recipient" ID="9998">
        <definition>&lt;def-root&gt;The individual intended by the &lt;fen&gt;Lessee&lt;/fen&gt; to receive the &lt;fen&gt;Goods&lt;/fen&gt;.
&lt;ex&gt;She &lt;t&gt;rented&lt;/t&gt; &lt;fex name="Recipient"&gt;him&lt;/fex&gt; a cadillac from the lot next door and they hit the road .&lt;/ex&gt;&lt;/def-root&gt;</definition>
    </FE>
    <FE bgColor="2E8B57" fgColor="FFFFFF" coreType="Peripheral" cBy="MJE" cDate="03/29/2006 04:15:07 PST Wed" abbrev="Dur" name="Duration" ID="9999">
        <definition>&lt;def-root&gt;The length of time that the &lt;fen&gt;Goods&lt;/fen&gt; are (or have been) in the &lt;fen&gt;Lessee&lt;/fen&gt;'s possession.  

&lt;ex&gt;Our neighbors have been &lt;t&gt;renting&lt;/t&gt; their house &lt;fex name="Duration"&gt;for the last ten years&lt;/fex&gt;.&lt;/ex&gt;&lt;/def-root&gt;</definition>
        <semType name="Duration" ID="142"/>
    </FE>
    <FE bgColor="1E90FF" fgColor="FFFFFF" coreType="Extra-Thematic" cBy="MJE" cDate="03/29/2006 04:15:07 PST Wed" abbrev="Imp" name="Imposed_purpose" ID="10000">
        <definition>&lt;def-root&gt;The &lt;fen&gt;Lessee&lt;/fen&gt;'s intended purpose for the &lt;fen&gt;Goods&lt;/fen&gt;.
&lt;ex&gt;I &lt;t&gt;rented&lt;/t&gt; a computer&lt;fex name="Imposed_purpose"&gt;to sit in my office&lt;/fex&gt;.&lt;/ex&gt;&lt;/def-root&gt;</definition>
    </FE>
    <frameRelation type="Inherits from">
        <relatedFrame ID="171">Commerce_buy</relatedFrame>
    </frameRelation>
    <frameRelation type="Is Inherited by"/>
    <frameRelation type="Perspective on"/>
    <frameRelation type="Is Perspectivized in"/>
    <frameRelation type="Uses"/>
    <frameRelation type="Is Used by"/>
    <frameRelation type="Subframe of"/>
    <frameRelation type="Has Subframe(s)"/>
    <frameRelation type="Precedes"/>
    <frameRelation type="Is Preceded by"/>
    <frameRelation type="Is Inchoative of"/>
    <frameRelation type="Is Causative of"/>
    <frameRelation type="See also"/>
    <lexUnit status="Created" POS="V" name="lease.v" ID="13154" lemmaID="21950" cBy="MJE" cDate="03/29/2006 07:31:20 PST Wed">
        <definition>COD: take (property) on lease; rent. </definition>
        <sentenceCount annotated="16" total="16"/>
        <lexeme order="1" headword="false" breakBefore="false" POS="V" name="lease"/>
    </lexUnit>
    <lexUnit status="Created" POS="V" name="rent.v" ID="13155" lemmaID="32636" cBy="MJE" cDate="03/29/2006 07:31:35 PST Wed">
        <definition>COD:  with obj.; pay someone for the use of. </definition>
        <sentenceCount annotated="31" total="46"/>
        <lexeme order="1" headword="false" breakBefore="false" POS="V" name="rent"/>
    </lexUnit>
    <lexUnit status="Finished_Initial" POS="V" name="charter.v" ID="13156" lemmaID="6121" cBy="MJE" cDate="03/29/2006 07:32:19 PST Wed">
        <definition>COD: hire (an aircraft, ship, or motor vehicle).</definition>
        <sentenceCount annotated="20" total="74"/>
        <lexeme order="1" headword="false" breakBefore="false" POS="V" name="charter"/>
    </lexUnit>
    <lexUnit status="Created" POS="V" name="hire.v" ID="13157" lemmaID="18135" cBy="MJE" cDate="03/29/2006 07:32:53 PST Wed">
        <definition>COD: obtain the temporary use of in return for payment.</definition>
        <sentenceCount annotated="0" total="0"/>
        <lexeme order="1" headword="false" breakBefore="false" POS="V" name="hire"/>
    </lexUnit>
</frame>