<?xml version="1.0" encoding="UTF-8" standalone="yes"?>
<?xml-stylesheet type="text/xsl" href="frame.xsl"?>
<frame cBy="AlK" cDate="08/03/2010 02:33:21 PDT Tue" name="Repayment" ID="2370" xsi:schemaLocation="../schema/frame.xsd" xmlns="http://framenet.icsi.berkeley.edu" xmlns:xsi="http://www.w3.org/2001/XMLSchema-instance">
    <definition>&lt;def-root&gt;A &lt;fen&gt;Debtor&lt;/fen&gt; gives a &lt;fen&gt;Loaner&lt;/fen&gt; &lt;fen&gt;Money&lt;/fen&gt; in return for having borrowed &lt;fen&gt;Money&lt;/fen&gt; at an earlier time. Alternatively, the type of &lt;fen&gt;Loan&lt;/fen&gt; can be expressed as the object of repayment.

&lt;ex&gt;&lt;fex name="Debtor"&gt;I&lt;/fex&gt; am &lt;t&gt;paying&lt;/t&gt; &lt;t&gt;back&lt;/t&gt; &lt;fex name="Money"&gt;$2,000&lt;/fex&gt; &lt;fex name="Loan"&gt;of my student loan&lt;/fex&gt; &lt;fex name="Loaner"&gt;to the government&lt;/fex&gt;.&lt;/ex&gt;&lt;/def-root&gt;</definition>
    <FE bgColor="0000FF" fgColor="FFFFFF" coreType="Core" cBy="AlK" cDate="08/03/2010 06:04:07 PDT Tue" abbrev="" name="Loaner" ID="14113">
        <definition>&lt;def-root&gt;The person who is owed &lt;fen&gt;Money&lt;/fen&gt; by the &lt;fen&gt;Debtor&lt;/fen&gt;.

&lt;ex&gt;If you borrow, you'll have to &lt;t&gt;repay&lt;/t&gt; &lt;fex name="Loaner"&gt;the bank&lt;/fex&gt;&lt;/ex&gt;&lt;/def-root&gt;</definition>
        <semType name="Sentient" ID="5"/>
    </FE>
    <FE bgColor="FF0000" fgColor="FFFFFF" coreType="Core" cBy="AlK" cDate="08/03/2010 06:05:00 PDT Tue" abbrev="" name="Debtor" ID="14114">
        <definition>&lt;def-root&gt;The person who is giving &lt;fen&gt;Money&lt;/fen&gt; to the &lt;fen&gt;Loaner&lt;/fen&gt; to return an earlier borrowed amount.

&lt;ex&gt;&lt;fex name="Debtor"&gt;I&lt;/fex&gt; &lt;t&gt;paid&lt;/t&gt; Johnson &lt;t&gt;back&lt;/t&gt; for the movie ticket.&lt;/ex&gt;&lt;/def-root&gt;</definition>
        <semType name="Sentient" ID="5"/>
    </FE>
    <FE bgColor="008000" fgColor="FFFFFF" coreType="Core" cBy="AlK" cDate="08/03/2010 06:06:04 PDT Tue" abbrev="" name="Money" ID="14115">
        <definition>&lt;def-root&gt;The amount of &lt;fen&gt;Money&lt;/fen&gt; that the &lt;fen&gt;Debtor&lt;/fen&gt; gives to the &lt;fen&gt;Loaner&lt;/fen&gt;, which may or may not be the full amount of the &lt;fen&gt;Loan&lt;/fen&gt;.

&lt;ex&gt;&lt;t&gt;Pay&lt;/t&gt; me ba&lt;t&gt;&lt;/t&gt;ck &lt;fex name="Money"&gt;my 20 dollars&lt;/fex&gt;!&lt;/ex&gt;&lt;/def-root&gt;</definition>
    </FE>
    <FE bgColor="800080" fgColor="FFFFFF" coreType="Core" cBy="AlK" cDate="08/03/2010 06:06:30 PDT Tue" abbrev="" name="Loan" ID="14116">
        <definition>&lt;def-root&gt;A situation or a representative of a situation prior to repayment in which the &lt;fen&gt;Debtor&lt;/fen&gt; uses the &lt;fen&gt;Loaner&lt;/fen&gt;'s money.

&lt;ex&gt;You must &lt;t&gt;repay&lt;/t&gt; &lt;fex name="Loan"&gt;the mortgage&lt;/fex&gt; in full.&lt;/ex&gt;&lt;/def-root&gt;</definition>
    </FE>
    <FE bgColor="FF69B4" fgColor="FFFFFF" coreType="Peripheral" cBy="AlK" cDate="08/04/2010 09:58:35 PDT Wed" abbrev="" name="Degree" ID="14117">
        <definition>&lt;def-root&gt;The level to which the Loan can be considered repaid in its entirety.

&lt;ex&gt;He wishes to &lt;fex name="Degree"&gt;completely&lt;/fex&gt; &lt;t&gt;repay&lt;/t&gt; the loan.&lt;/ex&gt;&lt;/def-root&gt;</definition>
    </FE>
    <FE bgColor="FFA500" fgColor="FFFFFF" coreType="Peripheral" cBy="AlK" cDate="08/04/2010 10:07:38 PDT Wed" abbrev="" name="Time" ID="14118">
        <definition>&lt;def-root&gt;When the &lt;fen&gt;Debtor&lt;/fen&gt; gives the &lt;fen&gt;Loaner&lt;/fen&gt; money.

&lt;ex&gt;Don't worry, I'll &lt;t&gt;pay&lt;/t&gt; you &lt;t&gt;back&lt;/t&gt; &lt;fex name="Time"&gt;later&lt;/fex&gt;.&lt;/ex&gt;&lt;/def-root&gt;</definition>
    </FE>
    <FE bgColor="1E90FF" fgColor="FFFFFF" coreType="Extra-Thematic" cBy="AlK" cDate="08/04/2010 10:09:28 PDT Wed" abbrev="" name="Circumstances" ID="14119">
        <definition>&lt;def-root&gt;The state of the world when the &lt;fen&gt;Money&lt;/fen&gt; is transfered.&lt;/def-root&gt;</definition>
    </FE>
    <FE bgColor="FF00FF" fgColor="FFFFFF" coreType="Peripheral" cBy="AlK" cDate="08/04/2010 10:13:37 PDT Wed" abbrev="" name="Manner" ID="14122">
        <definition>&lt;def-root&gt;How the &lt;fen&gt;Debtor&lt;/fen&gt; gives &lt;fen&gt;Money&lt;/fen&gt; to the &lt;fen&gt;Loaner&lt;/fen&gt;.

&lt;ex&gt;Paul &lt;fex name="Manner"&gt;quietly&lt;/fex&gt; &lt;t&gt;repaid&lt;/t&gt; all of his debts and skipped town.&lt;/ex&gt;&lt;/def-root&gt;</definition>
    </FE>
    <FE bgColor="2E8B57" fgColor="FFFFFF" coreType="Peripheral" cBy="AlK" cDate="08/04/2010 10:16:19 PDT Wed" abbrev="" name="Place" ID="14123">
        <definition>&lt;def-root&gt;The physical location where the repayment takes place.

&lt;ex&gt;They &lt;t&gt;repaid&lt;/t&gt; Lenny &lt;fex name="Place"&gt;in a dark alleyway&lt;/fex&gt;.&lt;/ex&gt;&lt;/def-root&gt;</definition>
    </FE>
    <FE bgColor="9F79EE" fgColor="FFFFFF" coreType="Peripheral" cBy="AlK" cDate="08/04/2010 10:17:32 PDT Wed" abbrev="" name="Means" ID="14124">
        <definition>&lt;def-root&gt;What the &lt;fex name=""&gt;Debtor&lt;/fex&gt; does in order to repay the &lt;fex name=""&gt;Loaner&lt;/fex&gt;.

&lt;ex&gt;I &lt;t&gt;repaid&lt;/t&gt; my loan by mowing their lawn once a week.&lt;/ex&gt;&lt;/def-root&gt;</definition>
    </FE>
    <frameRelation type="Inherits from"/>
    <frameRelation type="Is Inherited by"/>
    <frameRelation type="Perspective on"/>
    <frameRelation type="Is Perspectivized in"/>
    <frameRelation type="Uses"/>
    <frameRelation type="Is Used by">
        <relatedFrame ID="2371">Bond_maturation</relatedFrame>
    </frameRelation>
    <frameRelation type="Subframe of"/>
    <frameRelation type="Has Subframe(s)"/>
    <frameRelation type="Precedes"/>
    <frameRelation type="Is Preceded by"/>
    <frameRelation type="Is Inchoative of"/>
    <frameRelation type="Is Causative of"/>
    <frameRelation type="See also"/>
    <lexUnit status="Created" POS="V" name="repay.v" ID="15985" lemmaID="32666" cBy="AlK" cDate="08/03/2010 06:09:44 PDT Tue">
        <definition>FN: to give money to someone in return for a prior loan</definition>
        <sentenceCount annotated="0" total="0"/>
        <lexeme order="1" headword="false" breakBefore="false" POS="V" name="repay"/>
    </lexUnit>
    <lexUnit status="Created" POS="N" name="repayment.n" ID="15986" lemmaID="32668" cBy="AlK" cDate="08/03/2010 06:10:24 PDT Tue">
        <definition>FN: the act of giving money to return a debt</definition>
        <sentenceCount annotated="0" total="0"/>
        <lexeme order="1" headword="false" breakBefore="false" POS="N" name="repayment"/>
    </lexUnit>
    <lexUnit status="Created" POS="V" name="pay back.v" ID="15988" lemmaID="51201" cBy="AlK" cDate="08/03/2010 06:11:35 PDT Tue">
        <definition>FN: to give money to someone in return for a loan</definition>
        <sentenceCount annotated="0" total="0"/>
        <lexeme order="1" headword="true" breakBefore="false" POS="V" name="pay"/>
        <lexeme order="2" headword="false" breakBefore="true" POS="PREP" name="back"/>
    </lexUnit>
</frame>