<?xml version="1.0" encoding="UTF-8" standalone="yes"?>
<?xml-stylesheet type="text/xsl" href="frame.xsl"?>
<frame cBy="MJE" cDate="06/03/2004 01:29:25 PDT Thu" name="Replacing" ID="1121" xsi:schemaLocation="../schema/frame.xsd" xmlns="http://framenet.icsi.berkeley.edu" xmlns:xsi="http://www.w3.org/2001/XMLSchema-instance">
    <definition>&lt;def-root&gt;An &lt;fen&gt;Agent&lt;/fen&gt; changes the filler of a  &lt;fen&gt;Role&lt;/fen&gt; by placing a &lt;fen&gt;New&lt;/fen&gt; filler in the position after the &lt;fen&gt;Old&lt;/fen&gt; filler ceases to occupy the position.  Often this entails the &lt;fen&gt;Agent&lt;/fen&gt; removing the &lt;fen&gt;Old&lt;/fen&gt; filler.  In most cases the &lt;fen&gt;Role&lt;/fen&gt; is implicit.

&lt;ex&gt;If &lt;fex name="Agent"&gt;you&lt;/fex&gt; &lt;t&gt;replace&lt;/t&gt; &lt;fex name="Old"&gt;me&lt;/fex&gt; &lt;fex name="New"&gt;with a robot&lt;/fex&gt;, who's gonna make excuses to your wife for you?&lt;/ex&gt;

&lt;ex&gt;&lt;fex name="Time"&gt;Following Keating 's resignation from the Cabinet&lt;/fex&gt; &lt;fex name="Agent"&gt;Hawke&lt;/fex&gt; &lt;fex name="Time"&gt;immediately&lt;/fex&gt; &lt;t&gt;replaced&lt;/t&gt; &lt;fex name="Old"&gt;him&lt;/fex&gt; as Deputy Prime Minister &lt;fex name="New"&gt;with Brian Howe , Minister for Community Services and Health&lt;/fex&gt;.&lt;/ex&gt;
&lt;/def-root&gt;</definition>
    <FE bgColor="FF00FF" fgColor="FFFFFF" coreType="Peripheral" cBy="MJE" cDate="06/03/2004 01:29:25 PDT Thu" abbrev="Mns" name="Means" ID="6481">
        <definition>&lt;def-root&gt;An intentional action performed by the &lt;fen&gt;Agent&lt;/fen&gt; that accomplishes the replacement.&lt;/def-root&gt;</definition>
        <semType name="State_of_affairs" ID="177"/>
    </FE>
    <FE bgColor="FF0000" fgColor="FFFFFF" coreType="Core" cBy="MJE" cDate="06/03/2004 01:29:26 PDT Thu" abbrev="Agt" name="Agent" ID="6483">
        <definition>&lt;def-root&gt;The conscious entity, generally a person, that performs actions resulting in the &lt;fen&gt;New&lt;/fen&gt; entity occupying the position.&lt;/def-root&gt;</definition>
        <semType name="Sentient" ID="5"/>
    </FE>
    <FE bgColor="808080" fgColor="FFFFFF" coreType="Extra-Thematic" cBy="MJE" cDate="06/03/2004 01:29:26 PDT Thu" abbrev="Ins" name="Instrument" ID="6484">
        <definition>&lt;def-root&gt;An entity directed by the &lt;fen&gt;Agent&lt;/fen&gt; that interacts with an &lt;fen&gt;New&lt;/fen&gt; entity so that it ends up in the position.&lt;/def-root&gt;</definition>
        <semType name="Physical_entity" ID="70"/>
    </FE>
    <FE bgColor="006400" fgColor="FFFFFF" coreType="Peripheral" cBy="MJE" cDate="06/03/2004 01:29:26 PDT Thu" abbrev="Place" name="Place" ID="6485">
        <definition>&lt;def-root&gt;This FE identifies where the &lt;fen&gt;Agent&lt;/fen&gt; installs the &lt;fen&gt;New&lt;/fen&gt; entity.
&lt;/def-root&gt;</definition>
        <semType name="Locative_relation" ID="182"/>
    </FE>
    <FE bgColor="800080" fgColor="FFFFFF" coreType="Peripheral" cBy="MJE" cDate="06/03/2004 01:29:26 PDT Thu" abbrev="Purp" name="Purpose" ID="6486">
        <definition>&lt;def-root&gt;This FE identifies the purpose for which an &lt;fen&gt;Agent&lt;/fen&gt; places the &lt;fen&gt;New&lt;/fen&gt; entity in a position.

&lt;/def-root&gt;</definition>
        <semType name="State_of_affairs" ID="177"/>
    </FE>
    <FE bgColor="FFA500" fgColor="FFFFFF" coreType="Peripheral" cBy="MJE" cDate="06/03/2004 01:29:26 PDT Thu" abbrev="Time" name="Time" ID="6487">
        <definition>&lt;def-root&gt;This FE identifies the time when the &lt;fen&gt;Agent&lt;/fen&gt; installs the New entity.&lt;/def-root&gt;</definition>
        <semType name="Time" ID="141"/>
    </FE>
    <FE bgColor="0000FF" fgColor="FFFFFF" coreType="Core" cBy="MJE" cDate="06/03/2004 01:29:26 PDT Thu" abbrev="new" name="New" ID="6488">
        <definition>&lt;def-root&gt;The &lt;fen&gt;New&lt;/fen&gt; entity is the person or thing that the &lt;fen&gt;Agent&lt;/fen&gt; sets to fill a &lt;fen&gt;Role&lt;/fen&gt;.

&lt;ex&gt;I don't know; perhaps you could &lt;t&gt;substitute&lt;/t&gt; &lt;fex name="New"&gt;regular sugar&lt;/fex&gt;.&lt;/ex&gt;&lt;/def-root&gt;</definition>
    </FE>
    <FE bgColor="FF69B4" fgColor="FFFFFF" coreType="Peripheral" cBy="MJE" cDate="06/03/2004 01:29:26 PDT Thu" abbrev="man" name="Manner" ID="6489">
        <definition>&lt;def-root&gt;Any description of the event which is not covered by more specific FEs, including epistemic modification  secondary effects (&lt;ment&gt;quietly&lt;/ment&gt;, &lt;ment&gt;loudly&lt;/ment&gt;), and general descriptions comparing events (&lt;ment&gt;the same way&lt;/ment&gt;). It may also indicate salient characteristics or states of an &lt;fen&gt;Agent&lt;/fen&gt; that also affect the action (&lt;ment&gt;presumptuously&lt;/ment&gt;, &lt;ment&gt;coldly&lt;/ment&gt;, &lt;ment&gt;deliberately&lt;/ment&gt;, &lt;ment&gt;eagerly&lt;/ment&gt;, &lt;ment&gt;carefully&lt;/ment&gt;). &lt;/def-root&gt;</definition>
        <semType name="Manner" ID="173"/>
    </FE>
    <FE bgColor="9F79EE" fgColor="FFFFFF" coreType="Extra-Thematic" cBy="MJE" cDate="06/03/2004 01:29:26 PDT Thu" abbrev="Exp" name="Explanation" ID="6490">
        <definition>&lt;def-root&gt;A state of affairs that the &lt;fen&gt;Agent&lt;/fen&gt; is responding to in placing the &lt;fen&gt;New&lt;/fen&gt; filler in a position.
&lt;/def-root&gt;</definition>
        <semType name="State_of_affairs" ID="177"/>
    </FE>
    <FE bgColor="FF69B4" fgColor="FFFFFF" coreType="Extra-Thematic" cBy="MJE" cDate="06/03/2004 01:29:26 PDT Thu" abbrev="deg" name="Degree" ID="6491">
        <definition>&lt;def-root&gt;The extent to which the &lt;fen&gt;New&lt;/fen&gt; entity is affected by the &lt;fen&gt;Agent&lt;/fen&gt;.  &lt;fen&gt;Degree&lt;/fen&gt;s of replacement are generally only possible when there are multiple &lt;fen&gt;New&lt;/fen&gt; and &lt;fen&gt;Old&lt;/fen&gt; entities.  &lt;ex&gt;He &lt;t&gt;replaced&lt;/t&gt; the 6761 models &lt;fex name="deg"&gt;entirely&lt;/fex&gt; with about half as many 6800s.&lt;/ex&gt;   &lt;/def-root&gt;</definition>
        <semType name="Degree" ID="172"/>
    </FE>
    <FE bgColor="008000" fgColor="FFFFFF" coreType="Core" cBy="MJE" cDate="06/03/2004 02:39:08 PDT Thu" abbrev="old" name="Old" ID="6493">
        <definition>&lt;def-root&gt;The entity that formerly occupied the position.

&lt;ex&gt;If you &lt;t&gt;substitute&lt;/t&gt; a 15" arm &lt;fex name="old"&gt;for the 50cm one&lt;/fex&gt;, it works pretty well.&lt;/ex&gt;
&lt;ex&gt;Please &lt;t&gt;replace&lt;/t&gt; &lt;fex name="old"&gt;the broken fixture&lt;/fex&gt; as soon as possible.&lt;/ex&gt;&lt;/def-root&gt;</definition>
    </FE>
    <FE bgColor="1E90FF" fgColor="FFFFFF" coreType="Peripheral" cBy="MJE" cDate="06/03/2004 03:24:52 PDT Thu" abbrev="rol" name="Role" ID="6495">
        <definition>&lt;def-root&gt;The category that the &lt;fen&gt;New&lt;/fen&gt; and &lt;fen&gt;Old&lt;/fen&gt; entities fit into as a result of the function they serve.

&lt;ex&gt;AN AUSTRALIAN state has proposed the country adopt a bill of rights and &lt;t&gt;replace&lt;/t&gt; the Queen &lt;fex name="rol"&gt;as head of state&lt;/fex&gt; with an Australian president .&lt;/ex&gt;
&lt;/def-root&gt;</definition>
    </FE>
    <frameRelation type="Inherits from">
        <relatedFrame ID="230">Intentionally_affect</relatedFrame>
    </frameRelation>
    <frameRelation type="Is Inherited by"/>
    <frameRelation type="Perspective on"/>
    <frameRelation type="Is Perspectivized in"/>
    <frameRelation type="Uses"/>
    <frameRelation type="Is Used by"/>
    <frameRelation type="Subframe of"/>
    <frameRelation type="Has Subframe(s)"/>
    <frameRelation type="Precedes"/>
    <frameRelation type="Is Preceded by"/>
    <frameRelation type="Is Inchoative of"/>
    <frameRelation type="Is Causative of">
        <relatedFrame ID="1171">Take_place_of</relatedFrame>
    </frameRelation>
    <frameRelation type="See also">
        <relatedFrame ID="1170">Exchange</relatedFrame>
    </frameRelation>
    <lexUnit status="Finished_Initial" POS="V" name="replace.v" ID="10560" lemmaID="32693" cBy="JKR" cDate="06/03/2004 02:08:02 PDT Thu">
        <definition>FN: to put something new in the place of something</definition>
        <sentenceCount annotated="95" total="257"/>
        <lexeme order="1" headword="false" breakBefore="false" POS="V" name="replace"/>
    </lexUnit>
    <lexUnit status="Finished_Initial" POS="V" name="substitute.v" ID="10561" lemmaID="38612" cBy="JKR" cDate="06/03/2004 02:10:09 PDT Thu">
        <definition>COD: replace with another</definition>
        <sentenceCount annotated="57" total="317"/>
        <lexeme order="1" headword="false" breakBefore="false" POS="V" name="substitute"/>
    </lexUnit>
    <lexUnit status="Created" POS="N" name="replacement.n" ID="10775" lemmaID="32695" cBy="JKR" cDate="07/09/2004 10:30:44 PDT Fri">
        <definition>FN: the action or process of replacing</definition>
        <sentenceCount annotated="0" total="0"/>
        <lexeme order="1" headword="false" breakBefore="false" POS="N" name="replacement"/>
    </lexUnit>
    <lexUnit status="Created" POS="N" name="substitution.n" ID="10776" lemmaID="38613" cBy="JKR" cDate="07/09/2004 10:32:40 PDT Fri">
        <definition>FN: the act of substituting one thing for another</definition>
        <sentenceCount annotated="1" total="1"/>
        <lexeme order="1" headword="false" breakBefore="false" POS="N" name="substitution"/>
    </lexUnit>
    <lexUnit status="Created" POS="V" name="swap out.v" ID="10777" lemmaID="49367" cBy="JKR" cDate="07/09/2004 10:34:16 PDT Fri">
        <definition>FN: to remove  and immediately replace </definition>
        <sentenceCount annotated="0" total="0"/>
        <lexeme order="1" headword="true" breakBefore="false" POS="V" name="swap"/>
        <lexeme order="2" headword="false" breakBefore="true" POS="ADV" name="out"/>
    </lexUnit>
    <lexUnit status="Created" POS="V" name="exchange.v" ID="10781" lemmaID="13366" cBy="JKR" cDate="07/09/2004 11:21:45 PDT Fri">
        <definition>FN: to part with for a substitute</definition>
        <sentenceCount annotated="0" total="0"/>
        <lexeme order="1" headword="false" breakBefore="false" POS="V" name="exchange"/>
    </lexUnit>
    <lexUnit status="Created" POS="V" name="change.v" ID="10782" lemmaID="6040" cBy="JKR" cDate="07/09/2004 11:29:33 PDT Fri">
        <definition>COD: remove (something dirty or faulty) and replace it with another of the same kind.</definition>
        <sentenceCount annotated="1" total="1"/>
        <lexeme order="1" headword="false" breakBefore="false" POS="V" name="change"/>
    </lexUnit>
    <lexUnit status="Created" POS="V" name="switch.v" ID="10794" lemmaID="39191" cBy="JKR" cDate="07/09/2004 03:42:14 PDT Fri">
        <definition>FN: replace with</definition>
        <sentenceCount annotated="0" total="0"/>
        <lexeme order="1" headword="false" breakBefore="false" POS="V" name="switch"/>
    </lexUnit>
</frame>