<?xml version="1.0" encoding="UTF-8" standalone="yes"?>
<?xml-stylesheet type="text/xsl" href="frame.xsl"?>
<frame cBy="AnW" cDate="08/10/2009 11:52:44 PDT Mon" name="Representing" ID="2162" xsi:schemaLocation="../schema/frame.xsd" xmlns="http://framenet.icsi.berkeley.edu" xmlns:xsi="http://www.w3.org/2001/XMLSchema-instance">
    <definition>&lt;def-root&gt;An &lt;fen&gt;Entity&lt;/fen&gt; represents some &lt;fen&gt;Phenomenon&lt;/fen&gt; through its existence and/or defining characteristics.  Sometimes a &lt;fen&gt;Cognizer&lt;/fen&gt;, a people or group of people who believe in the representation, is expressed.
&lt;ex&gt;&lt;fex name="Entity"&gt;A bear&lt;/fex&gt; &lt;t&gt;symbolizes&lt;/t&gt; &lt;fex name="Phenomenon"&gt;strength&lt;/fex&gt; &lt;fex name="Cognizer"&gt;in some cultures&lt;/fex&gt;.&lt;/ex&gt;&lt;/def-root&gt;</definition>
    <FE bgColor="0000FF" fgColor="FFFFFF" coreType="Core" cBy="AnW" cDate="08/10/2009 11:54:11 PDT Mon" abbrev="" name="Phenomenon" ID="13352">
        <definition>&lt;def-root&gt;The event, idea, or emotion evoked by the &lt;fen&gt;Entity&lt;/fen&gt;.&lt;/def-root&gt;</definition>
    </FE>
    <FE bgColor="FF69B4" fgColor="FFFFFF" coreType="Peripheral" cBy="AnW" cDate="08/20/2009 01:53:10 PDT Thu" abbrev="" name="Degree" ID="13427">
        <definition>&lt;def-root&gt;This FE describes the &lt;fen&gt;Degree&lt;/fen&gt; to which the &lt;fen&gt;Entity&lt;/fen&gt; represents the &lt;fen&gt;Phenomenon&lt;/fen&gt;.

&lt;ex&gt;&lt;fex name="Entity"&gt;That mural&lt;/fex&gt; &lt;t&gt;is&lt;/t&gt; &lt;fex name="Degree"&gt;hardly&lt;/fex&gt; &lt;t&gt;a symbol&lt;/t&gt; &lt;fex name="Phenomenon"&gt;of what we're all about!&lt;/fex&gt;&lt;/ex&gt;&lt;/def-root&gt;</definition>
        <semType name="Degree" ID="172"/>
    </FE>
    <FE bgColor="008000" fgColor="FFFFFF" coreType="Peripheral" cBy="AnW" cDate="08/20/2009 01:58:16 PDT Thu" abbrev="" name="Time" ID="13428">
        <definition>&lt;def-root&gt;The time period in which the representing occurs.&lt;/def-root&gt;</definition>
        <semType name="Time" ID="141"/>
    </FE>
    <FE bgColor="800080" fgColor="FFFFFF" coreType="Peripheral" cBy="AnW" cDate="08/20/2009 02:12:34 PDT Thu" abbrev="" name="Means" ID="13429">
        <definition>&lt;def-root&gt;This FE describes the means through which the representing occurs.
&lt;ex&gt;&lt;fex name="Phenomenon"&gt;What&lt;/fex&gt; does &lt;fex name="Entity"&gt;a black and white snake&lt;/fex&gt; &lt;t&gt;symbolize&lt;/t&gt; &lt;fex name="Means"&gt;in a dream&lt;/fex&gt;?&lt;/ex&gt;&lt;/def-root&gt;</definition>
        <semType name="State_of_affairs" ID="177"/>
    </FE>
    <FE bgColor="FF0000" fgColor="FFFFFF" coreType="Core" cBy="AnW" cDate="08/20/2009 02:27:04 PDT Thu" abbrev="" name="Entity" ID="13430">
        <definition>&lt;def-root&gt;An object that has some association with a &lt;fen&gt;Phenomenon&lt;/fen&gt;.&lt;/def-root&gt;</definition>
    </FE>
    <FE bgColor="FFA500" fgColor="FFFFFF" coreType="Peripheral" cBy="AnW" cDate="08/20/2009 03:01:55 PDT Thu" abbrev="" name="Cognizer" ID="13431">
        <definition>&lt;def-root&gt;The &lt;fen&gt;Cognizer&lt;/fen&gt; is the person or group of people who believe in the representation.&lt;/def-root&gt;</definition>
        <semType name="Sentient" ID="5"/>
    </FE>
    <FE bgColor="FF00FF" fgColor="FFFFFF" coreType="Extra-Thematic" cBy="AnW" cDate="01/26/2010 04:48:43 PST Tue" abbrev="" name="Frequency" ID="13487">
        <definition>&lt;def-root&gt;The &lt;fen&gt;Frequency&lt;/fen&gt; denotes how often the &lt;fen&gt;Entity&lt;/fen&gt; is associated with the &lt;fen&gt;Phenomenon&lt;/fen&gt;.&lt;/def-root&gt;</definition>
    </FE>
    <FE bgColor="FFD700" fgColor="000000" coreType="Extra-Thematic" cBy="AnW" cDate="01/26/2010 04:50:55 PST Tue" abbrev="" name="Explanation" ID="13488">
        <definition>&lt;def-root&gt;The &lt;fen&gt;Explanation&lt;/fen&gt; denotes a proposition from which the represenation logically follows.&lt;/def-root&gt;</definition>
        <semType name="State_of_affairs" ID="177"/>
    </FE>
    <FE bgColor="A52A2A" fgColor="FFFFFF" coreType="Peripheral" cBy="AnW" cDate="01/26/2010 04:55:17 PST Tue" abbrev="" name="Place" ID="13489">
        <definition>&lt;def-root&gt;The &lt;fen&gt;Place&lt;/fen&gt; where the representing event occurs.&lt;/def-root&gt;</definition>
        <semType name="Locative_relation" ID="182"/>
    </FE>
    <frameRelation type="Inherits from"/>
    <frameRelation type="Is Inherited by"/>
    <frameRelation type="Perspective on"/>
    <frameRelation type="Is Perspectivized in"/>
    <frameRelation type="Uses">
        <relatedFrame ID="19">Awareness</relatedFrame>
    </frameRelation>
    <frameRelation type="Is Used by"/>
    <frameRelation type="Subframe of"/>
    <frameRelation type="Has Subframe(s)"/>
    <frameRelation type="Precedes"/>
    <frameRelation type="Is Preceded by"/>
    <frameRelation type="Is Inchoative of"/>
    <frameRelation type="Is Causative of"/>
    <frameRelation type="See also"/>
    <lexUnit status="Created" POS="V" name="symbolize.v" ID="15496" lemmaID="54" cBy="AnW" cDate="08/19/2009 02:42:07 PDT Wed">
        <definition>COD: represent by means of a symbol (usually a work of art)</definition>
        <sentenceCount annotated="0" total="0"/>
        <lexeme order="1" headword="false" breakBefore="false" POS="V" name="symbolize"/>
    </lexUnit>
    <lexUnit status="Finished_Initial" POS="V" name="be symbol.v" ID="15515" lemmaID="51032" cBy="AnW" cDate="08/24/2009 12:42:05 PDT Mon">
        <definition>FN: represent or symbolize (something)</definition>
        <sentenceCount annotated="20" total="98"/>
        <lexeme order="1" headword="false" breakBefore="false" POS="V" name="be"/>
        <lexeme order="2" headword="true" breakBefore="true" POS="N" name="symbol"/>
    </lexUnit>
</frame>