<?xml version="1.0" encoding="UTF-8" standalone="yes"?>
<?xml-stylesheet type="text/xsl" href="frame.xsl"?>
<frame cBy="ChW" cDate="02/07/2001 04:12:03 PST Wed" name="Request" ID="41" xsi:schemaLocation="../schema/frame.xsd" xmlns="http://framenet.icsi.berkeley.edu" xmlns:xsi="http://www.w3.org/2001/XMLSchema-instance">
    <definition>&lt;def-root&gt;In this frame a &lt;fen&gt;Speaker&lt;/fen&gt; asks an &lt;fen&gt;Addressee&lt;/fen&gt; for something, or to carry out some action.

&lt;ex&gt;&lt;fex name="Speaker"&gt;The customer&lt;/fex&gt; &lt;t&gt;demanded&lt;/t&gt; &lt;fex name="Msg"&gt;a refund&lt;/fex&gt;.&lt;/ex&gt;
&lt;ex&gt;&lt;fex name="Speaker"&gt;I&lt;/fex&gt; &lt;t&gt;begged&lt;/t&gt; &lt;fex name="Addressee"&gt;my parents&lt;/fex&gt; &lt;fex name="Message"&gt;to let me stay up late.&lt;/fex&gt;&lt;/ex&gt; &lt;/def-root&gt;</definition>
    <FE bgColor="FF0000" fgColor="FFFFFF" coreType="Core" cBy="ChW" cDate="02/07/2001 04:12:03 PST Wed" abbrev="Spkr" name="Speaker" ID="172">
        <definition>&lt;def-root&gt;The &lt;fen&gt;Speaker&lt;/fen&gt;, as in other communication frames, is generally an External Argument. 

&lt;ex&gt;&lt;fex name="Speaker"&gt;The judge&lt;/fex&gt; &lt;t&gt;ordered&lt;/t&gt; the plaintiff to return the money.&lt;/ex&gt;&lt;/def-root&gt;</definition>
        <semType name="Sentient" ID="5"/>
    </FE>
    <FE bgColor="006400" fgColor="FFFFFF" coreType="Core" cBy="ChW" cDate="02/07/2001 04:12:03 PST Wed" abbrev="Add" name="Addressee" ID="173">
        <definition>&lt;def-root&gt;In this frame the &lt;fen&gt;Addressee&lt;/fen&gt; can either occur as an NP Object (usually with a following complement clause) or as a PP Complement of verbs or nouns.

&lt;ex&gt;The child &lt;t&gt;implored&lt;/t&gt; &lt;fex name="Addressee"&gt;her parents&lt;/fex&gt; to let her stay up late.&lt;/ex&gt;
&lt;ex&gt;I &lt;t&gt;pleaded&lt;/t&gt; &lt;fex name="Addressee"&gt;with the bus driver&lt;/fex&gt; to let me on without paying.&lt;/ex&gt;
&lt;ex&gt;I made an &lt;t&gt;appeal&lt;/t&gt; &lt;fex name="Addressee"&gt;to the passers-by&lt;/fex&gt; to help me.&lt;/ex&gt;&lt;/def-root&gt;</definition>
        <semType name="Sentient" ID="5"/>
    </FE>
    <FE bgColor="0000FF" fgColor="FFFFFF" coreType="Core" cBy="ChW" cDate="02/07/2001 04:12:03 PST Wed" abbrev="Msg" name="Message" ID="174">
        <definition>&lt;def-root&gt;The &lt;fen&gt;Message&lt;/fen&gt; is the content of the request that can be expressed as a quote, in a finite or non-finite clausal Complement, an NP Object or PP Complement.
&lt;ex&gt;&lt;fex name="Message"&gt;"I'd like an extension,"&lt;/fex&gt; &lt;t&gt;begged&lt;/t&gt; Pat.&lt;/ex&gt;
&lt;ex&gt;The directors &lt;t&gt;requested&lt;/t&gt; &lt;fex name="Message"&gt;that Pat resign&lt;/fex&gt;.&lt;/ex&gt;
&lt;ex&gt;Pat &lt;t&gt;begged&lt;/t&gt; them &lt;fex name="Message"&gt;to reconsider&lt;/fex&gt;.&lt;/ex&gt;
&lt;ex&gt;The students &lt;t&gt;requested&lt;/t&gt; &lt;fex name="Message"&gt;an extension of the deadline&lt;/fex&gt;.&lt;/ex&gt;
&lt;ex&gt;The offender &lt;t&gt;begged&lt;/t&gt; &lt;fex name="Message"&gt;for clemency&lt;/fex&gt;.&lt;/ex&gt;&lt;/def-root&gt;</definition>
        <semType name="Message" ID="56"/>
    </FE>
    <FE bgColor="FFA500" fgColor="FFFFFF" coreType="Extra-Thematic" cBy="ChW" cDate="02/07/2001 04:12:04 PST Wed" abbrev="Top" name="Topic" ID="175">
        <definition>&lt;def-root&gt;The &lt;fen&gt;Topic&lt;/fen&gt; is rarely expressed in this frame but can occur as a PP Complement headed by &lt;ment&gt;about&lt;/ment&gt;.

&lt;ex&gt;Can &lt;fex name="Speaker"&gt;I&lt;/fex&gt; make a &lt;t&gt;request&lt;/t&gt; &lt;fex name="Topic"&gt;about the content of the lessons&lt;/fex&gt;?.&lt;/ex&gt;&lt;/def-root&gt;</definition>
    </FE>
    <FE bgColor="00BFFF" fgColor="FFFFFF" coreType="Core" cBy="ChW" cDate="02/07/2001 04:12:04 PST Wed" abbrev="Medium" name="Medium" ID="176">
        <definition>&lt;def-root&gt;The &lt;fen&gt;Medium&lt;/fen&gt; is the physical entity or channel used to transmit the &lt;fen&gt;Message&lt;/fen&gt;. The &lt;fen&gt;Medium&lt;/fen&gt; is frequently expressed as a PP Complement headed by &lt;ment&gt;on&lt;/ment&gt; or &lt;ment&gt;in&lt;/ment&gt;. 
&lt;ex&gt;The parents of the missing child made an &lt;t&gt;appeal&lt;/t&gt; &lt;fex name="Medium"&gt;on television&lt;/fex&gt;.&lt;/ex&gt;
&lt;ex&gt;The parents of the missing child made an &lt;t&gt;appeal&lt;/t&gt; &lt;fex name="Medium"&gt;in the papers&lt;/fex&gt;.&lt;/ex&gt;&lt;/def-root&gt;</definition>
    </FE>
    <FE bgColor="FF00FF" fgColor="FFFFFF" coreType="Peripheral" cBy="ACW" cDate="07/17/2001 02:35:57 PDT Tue" abbrev="Manr" name="Manner" ID="1491">
        <definition>&lt;def-root&gt;&lt;fen&gt;Manner&lt;/fen&gt; indicates the manner in which the &lt;fen&gt;Message&lt;/fen&gt; is delivered.

&lt;ex&gt;Don't stop, " he &lt;t&gt;commanded&lt;/t&gt; &lt;fex name="Manr"&gt;huskily&lt;/fex&gt;.&lt;/ex&gt;
&lt;ex&gt;"Maybe that was the basic problem," she &lt;t&gt;told&lt;/t&gt; him &lt;fex name="Manr"&gt;wearily&lt;/fex&gt;.&lt;/ex&gt;&lt;/def-root&gt;</definition>
        <semType name="Manner" ID="173"/>
    </FE>
    <FE bgColor="A52A2A" fgColor="FFFFFF" coreType="Peripheral" cBy="ACW" cDate="07/17/2001 02:35:58 PDT Tue" abbrev="Mns" name="Means" ID="1492">
        <definition>&lt;def-root&gt;An act performed by the &lt;fen&gt;Speaker&lt;/fen&gt; that results in a request being made and received.

&lt;ex&gt;He &lt;t&gt;asked&lt;/t&gt; for food &lt;fex name="Mns"&gt;by holding his hand out with a doleful expression&lt;/fex&gt;.&lt;/ex&gt;&lt;/def-root&gt;</definition>
        <semType name="State_of_affairs" ID="177"/>
    </FE>
    <FE bgColor="00008B" fgColor="FFFFFF" coreType="Peripheral" cBy="JKR" cDate="08/06/2005 01:38:55 PDT Sat" abbrev="tim" name="Time" ID="8825">
        <definition>&lt;def-root&gt;The interval during which the &lt;fen&gt;Speaker&lt;/fen&gt; makes the request.

&lt;ex&gt;&lt;fex name="Speaker"&gt;I&lt;/fex&gt; &lt;t&gt;urged&lt;/t&gt; &lt;fex name="Add"&gt;him&lt;/fex&gt; &lt;fex name="Message"&gt;to concede&lt;/fex&gt; &lt;fex name="Time"&gt;yesterday&lt;/fex&gt;.&lt;/ex&gt;
&lt;/def-root&gt;</definition>
        <semType name="Time" ID="141"/>
    </FE>
    <FE bgColor="7CCD73" fgColor="FFFFFF" coreType="Extra-Thematic" cBy="KmG" cDate="09/25/2007 02:23:46 PDT Tue" abbrev="" name="Beneficiary" ID="11973">
        <definition>&lt;def-root&gt;This extra-thematic FE applies to participants that are expected to derive a benefit from the occurrence of the event specified by the target predicate.

&lt;ex&gt;&lt;fex name="Speaker"&gt;I&lt;/fex&gt; &lt;t&gt;asked&lt;/t&gt; &lt;fex name="Addressee"&gt;him&lt;/fex&gt; &lt;fex name="Message"&gt;to get that&lt;/fex&gt; &lt;fex name="Beneficiary"&gt;for you&lt;/fex&gt;.&lt;/ex&gt;&lt;/def-root&gt;</definition>
    </FE>
    <FE bgColor="FFFF00" fgColor="000000" coreType="Extra-Thematic" cBy="AnW" cDate="06/19/2009 11:33:28 PDT Fri" abbrev="" name="Containing_event" ID="13236">
        <definition>&lt;def-root&gt;This FE denotes an event that occurs, or a state of affairs that holds, at a time that includes some time that the request was occuring. This often makes us of "as" and "while".

&lt;ex&gt;&lt;fex name="Speaker"&gt;I&lt;/fex&gt; &lt;t&gt;asked&lt;/t&gt; &lt;fex name="Addressee"&gt;him&lt;/fex&gt; &lt;fex name="Message"&gt;for directions&lt;/fex&gt; &lt;fex name="Containing_event"&gt;while we waited&lt;/fex&gt;.&lt;/ex&gt;&lt;/def-root&gt;</definition>
    </FE>
    <FE bgColor="90876C" fgColor="000000" coreType="Extra-Thematic" cBy="JKs" cDate="06/22/2009 11:19:53 PDT Mon" abbrev="Ite" name="Iterations" ID="13239">
        <definition>&lt;def-root&gt;The frame element &lt;fen&gt;Iterations&lt;/fen&gt; is used for expressions that indicate the number of times an event or state (of the kind denoted by the target in its clause) has taken place or held.

&lt;ex&gt;&lt;fex name="Speaker"&gt;I&lt;/fex&gt; &lt;t&gt;asked&lt;/t&gt; &lt;fex name="Iterations"&gt;twice&lt;/fex&gt;.&lt;/ex&gt;
&lt;/def-root&gt;</definition>
    </FE>
    <FE bgColor="7FFF00" fgColor="000000" coreType="Extra-Thematic" cBy="JKs" cDate="06/24/2009 03:11:19 PDT Wed" abbrev="" name="Depictive" ID="13260">
        <definition>&lt;def-root&gt;This FE describes a participant of the state of affairs introduced by the target as being in some state during the action. The depicted state does not necessarily or usually facilitate or cause the state of affairs reported by the target.

&lt;ex&gt;&lt;fex name="Depictive"&gt;Glancing out the window&lt;/fex&gt;, &lt;fex name="Speaker"&gt;she&lt;/fex&gt; &lt;t&gt;asked&lt;/t&gt; &lt;fex name="Add"&gt;me&lt;/fex&gt; &lt;fex name="Message"&gt;to hand her the cane and assist her down the stairs&lt;/fex&gt;.&lt;/ex&gt;
&lt;/def-root&gt;</definition>
    </FE>
    <FEcoreSet>
        <memberFE name="Speaker" ID="172"/>
        <memberFE name="Medium" ID="176"/>
    </FEcoreSet>
    <frameRelation type="Inherits from"/>
    <frameRelation type="Is Inherited by">
        <relatedFrame ID="2700">Request_entity</relatedFrame>
    </frameRelation>
    <frameRelation type="Perspective on"/>
    <frameRelation type="Is Perspectivized in"/>
    <frameRelation type="Uses">
        <relatedFrame ID="6">Communication</relatedFrame>
    </frameRelation>
    <frameRelation type="Is Used by"/>
    <frameRelation type="Subframe of"/>
    <frameRelation type="Has Subframe(s)"/>
    <frameRelation type="Precedes"/>
    <frameRelation type="Is Preceded by"/>
    <frameRelation type="Is Inchoative of"/>
    <frameRelation type="Is Causative of"/>
    <frameRelation type="See also"/>
    <lexUnit status="FN1_Sent" POS="N" name="appeal.n" ID="638" lemmaID="1705" cBy="ChW" cDate="02/08/2001 01:28:28 PST Thu">
        <definition>COD: make a serious or heartfelt request</definition>
        <sentenceCount annotated="50" total="273"/>
        <lexeme order="1" headword="false" breakBefore="false" POS="N" name="appeal"/>
    </lexUnit>
    <lexUnit status="FN1_Sent" POS="V" name="ask.v" ID="639" lemmaID="2090" cBy="ChW" cDate="02/08/2001 01:28:28 PST Thu">
        <definition>COD: request to do or give something.</definition>
        <sentenceCount annotated="100" total="337"/>
        <lexeme order="1" headword="false" breakBefore="false" POS="V" name="ask"/>
    </lexUnit>
    <lexUnit status="FN1_Sent" POS="V" name="beg.v" ID="640" lemmaID="3224" cBy="ChW" cDate="02/08/2001 01:28:28 PST Thu">
        <definition>COD: ask for (something) earnestly or humbly</definition>
        <sentenceCount annotated="57" total="278"/>
        <lexeme order="1" headword="false" breakBefore="false" POS="V" name="beg"/>
    </lexUnit>
    <lexUnit status="FN1_Sent" POS="V" name="beseech.v" ID="641" lemmaID="3419" cBy="ChW" cDate="02/08/2001 01:28:28 PST Thu">
        <definition>COD: ask (someone) urgently and fervently for something.</definition>
        <sentenceCount annotated="25" total="57"/>
        <lexeme order="1" headword="false" breakBefore="false" POS="V" name="beseech"/>
    </lexUnit>
    <lexUnit status="FN1_Sent" POS="N" name="command.n" ID="642" lemmaID="7319" cBy="ChW" cDate="02/08/2001 01:28:28 PST Thu">
        <definition>COD: an authoratative order</definition>
        <sentenceCount annotated="31" total="135"/>
        <lexeme order="1" headword="false" breakBefore="false" POS="N" name="command"/>
    </lexUnit>
    <lexUnit status="FN1_Sent" POS="V" name="command.v" ID="643" lemmaID="7320" cBy="ChW" cDate="02/08/2001 01:28:28 PST Thu">
        <definition>COD: give an authoritative or peremptory order</definition>
        <sentenceCount annotated="30" total="226"/>
        <lexeme order="1" headword="false" breakBefore="false" POS="V" name="command"/>
    </lexUnit>
    <lexUnit status="Finished_Initial" POS="N" name="demand.n" ID="644" lemmaID="10084" cBy="ChW" cDate="02/08/2001 01:28:29 PST Thu">
        <definition>COD: an insistent and peremptory request, made as of right.</definition>
        <sentenceCount annotated="28" total="263"/>
        <lexeme order="1" headword="false" breakBefore="false" POS="N" name="demand"/>
    </lexUnit>
    <lexUnit status="FN1_Sent" POS="V" name="demand.v" ID="645" lemmaID="10085" cBy="ChW" cDate="02/08/2001 01:28:29 PST Thu">
        <definition>COD: ask authoritatively or brusquely</definition>
        <sentenceCount annotated="50" total="365"/>
        <lexeme order="1" headword="false" breakBefore="false" POS="V" name="demand"/>
    </lexUnit>
    <lexUnit status="FN1_Sent" POS="V" name="entreat.v" ID="646" lemmaID="12893" cBy="ChW" cDate="02/08/2001 01:28:29 PST Thu">
        <definition>COD: ask (someone) earnestly or anxiously.</definition>
        <sentenceCount annotated="25" total="32"/>
        <lexeme order="1" headword="false" breakBefore="false" POS="V" name="entreat"/>
    </lexUnit>
    <lexUnit status="FN1_Sent" POS="N" name="entreaty.n" ID="647" lemmaID="12895" cBy="ChW" cDate="02/08/2001 01:28:29 PST Thu">
        <definition>FN: a request</definition>
        <sentenceCount annotated="19" total="45"/>
        <lexeme order="1" headword="false" breakBefore="false" POS="N" name="entreaty"/>
    </lexUnit>
    <lexUnit status="FN1_Sent" POS="V" name="implore.v" ID="648" lemmaID="19195" cBy="ChW" cDate="02/08/2001 01:28:29 PST Thu">
        <definition>COD: beg earnestly or desperately</definition>
        <sentenceCount annotated="37" total="93"/>
        <lexeme order="1" headword="false" breakBefore="false" POS="V" name="implore"/>
    </lexUnit>
    <lexUnit status="FN1_Sent" POS="N" name="order.n" ID="649" lemmaID="26907" cBy="ChW" cDate="02/08/2001 01:28:29 PST Thu">
        <definition>FN: an authoritative command or direction</definition>
        <sentenceCount annotated="35" total="121"/>
        <lexeme order="1" headword="false" breakBefore="false" POS="N" name="order"/>
    </lexUnit>
    <lexUnit status="FN1_Sent" POS="V" name="order.v" ID="650" lemmaID="26908" cBy="ChW" cDate="02/08/2001 01:28:29 PST Thu">
        <definition>FN: to give an authoritative command</definition>
        <sentenceCount annotated="85" total="306"/>
        <lexeme order="1" headword="false" breakBefore="false" POS="V" name="order"/>
    </lexUnit>
    <lexUnit status="Finished_Initial" POS="N" name="petition.n" ID="651" lemmaID="28660" cBy="ChW" cDate="02/08/2001 01:28:29 PST Thu">
        <definition>COD: an appeal or request; a formal written request, typically signed by many people, appealing to authority in respect of a cause</definition>
        <sentenceCount annotated="8" total="409"/>
        <lexeme order="1" headword="false" breakBefore="false" POS="N" name="petition"/>
    </lexUnit>
    <lexUnit status="FN1_Sent" POS="N" name="plea.n" ID="652" lemmaID="29339" cBy="ChW" cDate="02/08/2001 01:28:29 PST Thu">
        <definition>COD: a request made in an urgent and emotional manner</definition>
        <sentenceCount annotated="15" total="62"/>
        <lexeme order="1" headword="false" breakBefore="false" POS="N" name="plea"/>
    </lexUnit>
    <lexUnit status="FN1_Sent" POS="V" name="plead.v" ID="653" lemmaID="29341" cBy="ChW" cDate="02/08/2001 01:28:29 PST Thu">
        <definition>COD: make an emotional appeal.</definition>
        <sentenceCount annotated="25" total="267"/>
        <lexeme order="1" headword="false" breakBefore="false" POS="V" name="plead"/>
    </lexUnit>
    <lexUnit status="Finished_Initial" POS="N" name="request.n" ID="654" lemmaID="32792" cBy="ChW" cDate="02/08/2001 01:28:29 PST Thu">
        <definition>FN: asking politely or formally for something</definition>
        <sentenceCount annotated="27" total="242"/>
        <lexeme order="1" headword="false" breakBefore="false" POS="N" name="request"/>
    </lexUnit>
    <lexUnit status="FN1_Sent" POS="V" name="request.v" ID="655" lemmaID="32793" cBy="ChW" cDate="02/08/2001 01:28:29 PST Thu">
        <definition>FN: ask politely or formally in an effort to bring something about.</definition>
        <sentenceCount annotated="65" total="278"/>
        <lexeme order="1" headword="false" breakBefore="false" POS="V" name="request"/>
    </lexUnit>
    <lexUnit status="Problem" POS="N" name="suggestion.n" ID="656" lemmaID="38714" cBy="ChW" cDate="02/08/2001 01:28:30 PST Thu">
        <definition>COD: an idea or plan put forward for consideration</definition>
        <sentenceCount annotated="10" total="44"/>
        <lexeme order="1" headword="false" breakBefore="false" POS="N" name="suggestion"/>
    </lexUnit>
    <lexUnit status="FN1_Sent" POS="V" name="summon.v" ID="657" lemmaID="38775" cBy="ChW" cDate="02/08/2001 01:28:30 PST Thu">
        <definition>COD: authoritatively call on (someone) to be present</definition>
        <sentenceCount annotated="22" total="252"/>
        <lexeme order="1" headword="false" breakBefore="false" POS="V" name="summon"/>
    </lexUnit>
    <lexUnit status="FN1_Sent" POS="V" name="tell.v" ID="658" lemmaID="39772" cBy="ChW" cDate="02/08/2001 01:28:30 PST Thu">
        <definition>COD: instruct (someone) to do something</definition>
        <sentenceCount annotated="25" total="261"/>
        <lexeme order="1" headword="false" breakBefore="false" POS="V" name="tell"/>
    </lexUnit>
    <lexUnit status="FN1_Sent" POS="V" name="urge.v" ID="659" lemmaID="42538" cBy="ChW" cDate="02/08/2001 01:28:30 PST Thu">
        <definition>COD: encourage or entreat earnestly to do something.</definition>
        <sentenceCount annotated="90" total="378"/>
        <lexeme order="1" headword="false" breakBefore="false" POS="V" name="urge"/>
    </lexUnit>
    <lexUnit status="Created" POS="V" name="call.v" ID="10219" lemmaID="5229" cBy="JKR" cDate="03/05/2004 04:42:39 PST Fri">
        <definition>COD: inspire or urge to do something</definition>
        <sentenceCount annotated="9" total="11"/>
        <lexeme order="1" headword="false" breakBefore="false" POS="V" name="call"/>
    </lexUnit>
    <lexUnit status="Created" POS="V" name="invite.v" ID="11045" lemmaID="20558" cBy="MJE" cDate="09/27/2004 11:50:52 PDT Mon">
        <definition>COD: request (something) formally or politely from someone.</definition>
        <sentenceCount annotated="4" total="5"/>
        <lexeme order="1" headword="false" breakBefore="false" POS="V" name="invite"/>
    </lexUnit>
    <lexUnit status="Created" POS="N" name="call.n" ID="14693" lemmaID="5228" cBy="JKs" cDate="01/23/2008 04:01:55 PST Wed">
        <definition>FN: a request made in a relatively formal manner</definition>
        <sentenceCount annotated="2" total="2"/>
        <lexeme order="1" headword="false" breakBefore="false" POS="N" name="call"/>
    </lexUnit>
    <lexUnit status="Created" POS="V" name="instruct.v" ID="17184" lemmaID="20191" cBy="CVa" cDate="11/26/2012 01:02:47 PST Mon">
        <definition>FN: to order or command someone to do something</definition>
        <sentenceCount annotated="4" total="4"/>
        <lexeme order="1" headword="false" breakBefore="false" POS="V" name="instruct"/>
    </lexUnit>
    <lexUnit status="Created" POS="N" name="invitation.n" ID="17288" lemmaID="20557" cBy="CVa" cDate="01/23/2013 02:56:20 PST Wed">
        <definition>FN: a request for someone to do something (usually, attend an event)</definition>
        <sentenceCount annotated="0" total="0"/>
        <lexeme order="1" headword="false" breakBefore="false" POS="N" name="invitation"/>
    </lexUnit>
</frame>