<?xml version="1.0" encoding="UTF-8" standalone="yes"?>
<?xml-stylesheet type="text/xsl" href="frame.xsl"?>
<frame cBy="RLG" cDate="09/21/2011 03:33:36 PDT Wed" name="Responsibility" ID="2657" xsi:schemaLocation="../schema/frame.xsd" xmlns="http://framenet.icsi.berkeley.edu" xmlns:xsi="http://www.w3.org/2001/XMLSchema-instance">
    <definition>&lt;def-root&gt;An &lt;fen&gt;Agent&lt;/fen&gt; is responsible for having intentionally performed an &lt;fen&gt;Act&lt;/fen&gt; or for being the or a primary instigator behind the &lt;fen&gt;Act&lt;/fen&gt;. There is often a sense of negative evaluation of the &lt;fen&gt;Agent&lt;/fen&gt; for having done so.

&lt;ex&gt;It has been determined that &lt;fex name="Agent"&gt;a relatively unknown terrorist group&lt;/fex&gt; &lt;m&gt;is&lt;/m&gt; &lt;t&gt;responsible&lt;/t&gt; &lt;fex name="Act"&gt;for the recent attacks&lt;/fex&gt;.&lt;/ex&gt;

Note: the noun &lt;m&gt;responsibility&lt;/m&gt; in this frame frequently occurs with &lt;m&gt;take&lt;/m&gt; and &lt;m&gt;claim&lt;/m&gt;. These words are considered controllers (rather than supports), as they express events of communication rather than the static relationship of responsibility. &lt;/def-root&gt;</definition>
    <FE bgColor="0000FF" fgColor="FFFFFF" coreType="Core-Unexpressed" cBy="RLG" cDate="09/21/2011 03:33:36 PDT Wed" abbrev="Act" name="Act" ID="15025">
        <definition>&lt;def-root&gt;This FE identifies the &lt;fen&gt;Act&lt;/fen&gt; that the &lt;fen&gt;Agent&lt;/fen&gt; performs intentionally.&lt;/def-root&gt;</definition>
        <semType name="State_of_affairs" ID="177"/>
    </FE>
    <FE bgColor="FF0000" fgColor="FFFFFF" coreType="Core" cBy="RLG" cDate="09/21/2011 03:33:36 PDT Wed" abbrev="Agt" name="Agent" ID="15026">
        <definition>&lt;def-root&gt;The &lt;fen&gt;Agent&lt;/fen&gt; performs the intentional act.&lt;/def-root&gt;</definition>
        <semType name="Sentient" ID="5"/>
    </FE>
    <FE bgColor="008000" fgColor="FFFFFF" coreType="Peripheral" cBy="RLG" cDate="09/21/2011 03:33:36 PDT Wed" abbrev="Place" name="Place" ID="15027">
        <definition>&lt;def-root&gt;This FE identifies the place where the intentional act occurs.&lt;/def-root&gt;</definition>
        <semType name="Locative_relation" ID="182"/>
    </FE>
    <FE bgColor="FFA500" fgColor="FFFFFF" coreType="Peripheral" cBy="RLG" cDate="09/21/2011 03:33:36 PDT Wed" abbrev="Time" name="Time" ID="15029">
        <definition>&lt;def-root&gt;This FE identifies the time when the &lt;fen&gt;Agent&lt;/fen&gt; acts intentionally.&lt;/def-root&gt;</definition>
        <semType name="Time" ID="141"/>
    </FE>
    <FE bgColor="A52A2A" fgColor="FFFFFF" coreType="Extra-Thematic" cBy="RLG" cDate="09/21/2011 03:33:36 PDT Wed" abbrev="dom" name="Domain" ID="15032">
        <definition>&lt;def-root&gt;The &lt;fen&gt;Domain&lt;/fen&gt; within which the &lt;fen&gt;Agent&lt;/fen&gt; acts.&lt;/def-root&gt;</definition>
    </FE>
    <FE bgColor="00BFFF" fgColor="FFFFFF" coreType="Extra-Thematic" cBy="RLG" cDate="09/21/2011 03:33:36 PDT Wed" abbrev="fre" name="Frequency" ID="15033">
        <definition>&lt;def-root&gt;The &lt;fen&gt;Frequency&lt;/fen&gt; with which the &lt;fen&gt;Agent&lt;/fen&gt; does the &lt;fen&gt;Act&lt;/fen&gt; in a given period of time.&lt;/def-root&gt;</definition>
    </FE>
    <FE bgColor="00008B" fgColor="FFFFFF" coreType="Extra-Thematic" cBy="RLG" cDate="09/21/2011 03:33:36 PDT Wed" abbrev="per" name="Period_of_iterations" ID="15034">
        <definition>&lt;def-root&gt;The length of time over which an &lt;fen&gt;Act&lt;/fen&gt; was committed multiple times.&lt;/def-root&gt;</definition>
    </FE>
    <FE bgColor="7CCD73" fgColor="FFFFFF" coreType="Extra-Thematic" cBy="RLG" cDate="09/21/2011 03:33:36 PDT Wed" abbrev="" name="Result" ID="15035">
        <definition>&lt;def-root&gt;The &lt;fen&gt;Result&lt;/fen&gt; of the &lt;fen&gt;Agent&lt;/fen&gt; performing the &lt;fen&gt;Act&lt;/fen&gt;. &lt;/def-root&gt;</definition>
    </FE>
    <FE bgColor="FFFF00" fgColor="00008B" coreType="Extra-Thematic" cBy="RLG" cDate="09/21/2011 03:33:36 PDT Wed" abbrev="par" name="Particular_iteration" ID="15036">
        <definition>&lt;def-root&gt;Expressions marked with this extra-thematic FE modify a non-iterative use of the target, and indicate that it is conceived as embedded within an iterated series of similar events or states.&lt;/def-root&gt;</definition>
    </FE>
    <FE bgColor="FFD700" fgColor="FF0000" coreType="Extra-Thematic" cBy="RLG" cDate="09/21/2011 03:33:36 PDT Wed" abbrev="" name="Explanation" ID="15037">
        <definition>&lt;def-root&gt;The &lt;fen&gt;Explanation&lt;/fen&gt; denotes a proposition from which the main clause (headed by the target) logically follows. This often means that the &lt;fen&gt;Explanation&lt;/fen&gt; causes the state of affairs expressed by the target, but not in all cases. &lt;/def-root&gt;</definition>
    </FE>
    <FE bgColor="9F79EE" fgColor="FFFFFF" coreType="Extra-Thematic" cBy="RLG" cDate="09/21/2011 03:33:36 PDT Wed" abbrev="eve" name="Event_description" ID="15038">
        <definition>&lt;def-root&gt;This FE gives a description of the Intentionally_act event.&lt;/def-root&gt;</definition>
    </FE>
    <FE bgColor="800080" fgColor="FFFFFF" coreType="Peripheral" cBy="RLG" cDate="03/20/2012 09:05:56 PDT Tue" abbrev="deg" name="Degree" ID="15544">
        <definition>&lt;def-root&gt;The degree to which the &lt;fen&gt;Agent&lt;/fen&gt; bears responsibility for performing the &lt;fen&gt;Act&lt;/fen&gt;.

&lt;ex&gt;She was &lt;fex name="deg"&gt;entirely&lt;/fex&gt; &lt;t&gt;responsible&lt;/t&gt; for the prank.&lt;/ex&gt;&lt;/def-root&gt;</definition>
    </FE>
    <frameRelation type="Inherits from"/>
    <frameRelation type="Is Inherited by"/>
    <frameRelation type="Perspective on"/>
    <frameRelation type="Is Perspectivized in"/>
    <frameRelation type="Uses">
        <relatedFrame ID="198">Intentionally_act</relatedFrame>
    </frameRelation>
    <frameRelation type="Is Used by"/>
    <frameRelation type="Subframe of"/>
    <frameRelation type="Has Subframe(s)"/>
    <frameRelation type="Precedes"/>
    <frameRelation type="Is Preceded by"/>
    <frameRelation type="Is Inchoative of"/>
    <frameRelation type="Is Causative of"/>
    <frameRelation type="See also"/>
    <lexUnit status="In_Use" POS="N" name="responsibility.n" ID="16631" lemmaID="32911" cBy="RLG" cDate="09/21/2011 03:50:06 PDT Wed">
        <definition>FN: the quality of having performed a certain act.</definition>
        <sentenceCount annotated="58" total="159"/>
        <lexeme order="1" headword="false" breakBefore="false" POS="N" name="responsibility"/>
    </lexUnit>
    <lexUnit status="In_Use" POS="A" name="responsible.a" ID="16632" lemmaID="32912" cBy="RLG" cDate="09/21/2011 03:51:44 PDT Wed">
        <definition>FN: accountable for having performed an action.</definition>
        <sentenceCount annotated="38" total="101"/>
        <lexeme order="1" headword="false" breakBefore="false" POS="A" name="responsible"/>
    </lexUnit>
    <lexUnit status="In_Use" POS="PREP" name="behind.prep" ID="16633" lemmaID="3261" cBy="RLG" cDate="09/21/2011 03:52:05 PDT Wed">
        <definition>FN: have performed or orchestrated an action.</definition>
        <sentenceCount annotated="16" total="71"/>
        <lexeme order="1" headword="false" breakBefore="false" POS="PREP" name="behind"/>
    </lexUnit>
</frame>