<?xml version="1.0" encoding="UTF-8" standalone="yes"?>
<?xml-stylesheet type="text/xsl" href="frame.xsl"?>
<frame cBy="JKR" cDate="06/10/2002 03:08:32 PDT Mon" name="Revenge" ID="347" xsi:schemaLocation="../schema/frame.xsd" xmlns="http://framenet.icsi.berkeley.edu" xmlns:xsi="http://www.w3.org/2001/XMLSchema-instance">
    <definition>&lt;def-root&gt;This frame concerns the infliction of punishment in return for a wrong suffered. An &lt;fen&gt;Avenger&lt;/fen&gt; performs a &lt;fen&gt;Punishment&lt;/fen&gt; on a &lt;fen&gt;Offender&lt;/fen&gt; as a consequence of an earlier action by the &lt;fen&gt;Offender&lt;/fen&gt;, the &lt;fen&gt;Injury&lt;/fen&gt;. The &lt;fen&gt;Avenger&lt;/fen&gt; inflicting the&lt;fen&gt;Punishment&lt;/fen&gt; need not be the same as the &lt;fen&gt;Injured_Party&lt;/fen&gt; who suffered the &lt;fen&gt;Injury&lt;/fen&gt;,  but the &lt;fen&gt;Avenger&lt;/fen&gt; does have to share the judgment that the &lt;fen&gt;Offender&lt;/fen&gt;'s action was wrong. The judgment that the &lt;fen&gt;Offender&lt;/fen&gt; had inflicted an &lt;fen&gt;Injury&lt;/fen&gt;  is made without regard to the law.

&lt;ex&gt;(1) &lt;fex name="Avenger"&gt;They&lt;/fex&gt; took &lt;t&gt;revenge&lt;/t&gt; &lt;fex name="Injury"&gt;for the deaths of two loyalist prisoners&lt;/fex&gt;.&lt;/ex&gt;
&lt;ex&gt;(2) &lt;fex name="Avenger"&gt;Lachlan&lt;/fex&gt; went out to &lt;t&gt;avenge&lt;/t&gt; &lt;fex name="Injured_Party"&gt;them&lt;/fex&gt;.&lt;/ex&gt;
&lt;ex&gt;(3) The next day, the Roman forces took &lt;t&gt;revenge&lt;/t&gt; &lt;fex name="Offender"&gt;on their enemies.&lt;/fex&gt;.&lt;/ex&gt;&lt;/def-root&gt;</definition>
    <FE bgColor="FF0000" fgColor="FFFFFF" coreType="Core" cBy="JKR" cDate="06/10/2002 03:32:39 PDT Mon" abbrev="Agt" name="Avenger" ID="3009">
        <definition>&lt;def-root&gt;The &lt;fen&gt;Avenger&lt;/fen&gt; exacts revenge from the &lt;fen&gt;Offender&lt;/fen&gt; for the &lt;fen&gt;Injury&lt;/fen&gt;.

&lt;ex&gt; &lt;fex name="Avenger"&gt;We&lt;/fex&gt; want to &lt;t&gt;avenge&lt;/t&gt; her. &lt;/ex&gt;&lt;/def-root&gt;</definition>
        <semType name="Sentient" ID="5"/>
    </FE>
    <FE bgColor="FF69B4" fgColor="FFFFFF" coreType="Peripheral" cBy="JKR" cDate="06/10/2002 03:32:39 PDT Mon" abbrev="Degr" name="Degree" ID="3010">
        <definition>&lt;def-root&gt;This FE identifies the &lt;fen&gt;Degree&lt;/fen&gt; to which an event occurs.
&lt;ex&gt;Marie took &lt;fex name="Degree"&gt;terrible&lt;/fex&gt; &lt;t&gt;revenge&lt;/t&gt; on Trevor.&lt;/ex&gt;&lt;/def-root&gt;</definition>
        <semType name="Degree" ID="172"/>
    </FE>
    <FE bgColor="9400D3" fgColor="FFFFFF" coreType="Extra-Thematic" cBy="JKR" cDate="06/10/2002 03:32:39 PDT Mon" abbrev="Depict" name="Depictive" ID="3011">
        <definition>&lt;def-root&gt;&lt;fen&gt;Depictive&lt;/fen&gt; identifies a phrase describing the actor of an action.&lt;/def-root&gt;</definition>
    </FE>
    <FE bgColor="9F79EE" fgColor="FFFFFF" coreType="Core" cBy="JKR" cDate="06/10/2002 03:32:39 PDT Mon" abbrev="Off" name="Offender" ID="3012">
        <definition>&lt;def-root&gt;The &lt;fen&gt;Offender&lt;/fen&gt; has committed the earlier &lt;fen&gt;Injury&lt;/fen&gt; for which the &lt;fen&gt;Avenger&lt;/fen&gt; seeks revenge.

&lt;ex&gt;Jo had the affair as a kind of &lt;t&gt;revenge&lt;/t&gt; &lt;fex name="Offender"&gt;against Pat&lt;/fex&gt;.&lt;/ex&gt;
&lt;ex&gt;Marie took terrible &lt;t&gt;revenge&lt;/t&gt; &lt;fex name="Offender"&gt;on Trevor&lt;/fex&gt;.&lt;/ex&gt;&lt;/def-root&gt;</definition>
    </FE>
    <FE bgColor="808080" fgColor="FFFFFF" coreType="Peripheral" cBy="JKR" cDate="06/10/2002 03:32:39 PDT Mon" abbrev="Ins" name="Instrument" ID="3013">
        <definition>&lt;def-root&gt;This FE identifies the &lt;fen&gt;Instrument&lt;/fen&gt; with which the revenge is performed.&lt;/def-root&gt;</definition>
        <semType name="Physical_entity" ID="70"/>
    </FE>
    <FE bgColor="FF00FF" fgColor="FFFFFF" coreType="Peripheral" cBy="JKR" cDate="06/10/2002 03:32:39 PDT Mon" abbrev="Manr" name="Manner" ID="3014">
        <definition>&lt;def-root&gt;This frame element refers to the &lt;fen&gt;Manner&lt;/fen&gt; in which the &lt;fen&gt;Avenger&lt;/fen&gt; exacts their revenge from the &lt;fen&gt;Offender&lt;/fen&gt;.

&lt;ex&gt;They took &lt;fex name="Manner"&gt;brutal&lt;/fex&gt; &lt;t&gt;revenge&lt;/t&gt; on the criminal.&lt;/ex&gt;&lt;/def-root&gt;</definition>
        <semType name="Manner" ID="173"/>
    </FE>
    <FE bgColor="0000FF" fgColor="FFFFFF" coreType="Core" cBy="JKR" cDate="06/10/2002 03:32:39 PDT Mon" abbrev="Pun" name="Punishment" ID="3015">
        <definition>&lt;def-root&gt;The &lt;fen&gt;Avenger&lt;/fen&gt; carries out a &lt;fen&gt;Punishment&lt;/fen&gt; in order to exact revenge on the &lt;fen&gt;Offender&lt;/fen&gt;.

&lt;ex&gt;The team took &lt;t&gt;revenge&lt;/t&gt; &lt;fex name="Punishment"&gt;with a resounding victory&lt;/fex&gt;.&lt;/ex&gt;&lt;/def-root&gt;</definition>
    </FE>
    <FE bgColor="008000" fgColor="FFFFFF" coreType="Peripheral" cBy="JKR" cDate="06/10/2002 03:32:39 PDT Mon" abbrev="Place" name="Place" ID="3016">
        <definition>&lt;def-root&gt;This FE identifies the &lt;fen&gt;Place&lt;/fen&gt; where the revenge occurs.&lt;/def-root&gt;</definition>
        <semType name="Locative_relation" ID="182"/>
    </FE>
    <FE bgColor="800080" fgColor="FFFFFF" coreType="Peripheral" cBy="JKR" cDate="06/10/2002 03:32:39 PDT Mon" abbrev="Purp" name="Purpose" ID="3017">
        <definition>&lt;def-root&gt;This FE identifies the &lt;fen&gt;Purpose&lt;/fen&gt; for which the revenge is performed.
&lt;/def-root&gt;</definition>
        <semType name="State_of_affairs" ID="177"/>
    </FE>
    <FE bgColor="00008B" fgColor="FFFFFF" coreType="Core" cBy="JKR" cDate="06/10/2002 03:32:39 PDT Mon" abbrev="Injry" name="Injury" ID="3018">
        <definition>&lt;def-root&gt;The &lt;fen&gt;Injury&lt;/fen&gt; is the injurious action committed by the &lt;fen&gt;Offender&lt;/fen&gt; against the &lt;fen&gt;Injured_Party&lt;/fen&gt;. This Frame Element need not always be realized, although it is conceptually necessary. 

&lt;ex&gt;The team sought &lt;t&gt;revenge&lt;/t&gt; &lt;fex name="Injury"&gt;for their 4-1 defeat last month&lt;/fex&gt;.&lt;/ex&gt;&lt;/def-root&gt;</definition>
    </FE>
    <FE bgColor="A52A2A" fgColor="FFFFFF" coreType="Extra-Thematic" cBy="JKR" cDate="06/10/2002 03:32:39 PDT Mon" abbrev="Result" name="Result" ID="3020">
        <definition>&lt;def-root&gt;This FE identifies the &lt;fen&gt;Result&lt;/fen&gt; of  inflicting punishment for a wrong suffered.&lt;/def-root&gt;</definition>
    </FE>
    <FE bgColor="FFA500" fgColor="FFFFFF" coreType="Peripheral" cBy="JKR" cDate="06/10/2002 03:32:39 PDT Mon" abbrev="Time" name="Time" ID="3021">
        <definition>&lt;def-root&gt;This FE identifies the &lt;fen&gt;Time&lt;/fen&gt; when the revenge occurs.&lt;/def-root&gt;</definition>
        <semType name="Time" ID="141"/>
    </FE>
    <FE bgColor="1E90FF" fgColor="FFFFFF" coreType="Core" cBy="JKR" cDate="06/10/2002 04:51:09 PDT Mon" abbrev="Injrd_prty" name="Injured_party" ID="3022">
        <definition>&lt;def-root&gt;This frame element identifies the constituent that encodes who or what suffered the &lt;fen&gt;Injury&lt;/fen&gt; at the hands of the &lt;fen&gt;Offender&lt;/fen&gt;. Sometimes, an abstract concept such a person's honour or their blood is presented as the element that has suffered the &lt;fen&gt;Injury&lt;/fen&gt;. These also constitute instances of  &lt;fen&gt;Injured_party&lt;/fen&gt; 

&lt;ex&gt;Sam's brothers &lt;t&gt;avenged&lt;/t&gt; &lt;fex name="Injured_party"&gt;him&lt;/fex&gt;.&lt;/ex&gt;
&lt;ex&gt;We will decide later how to &lt;t&gt;avenge&lt;/t&gt; &lt;fex name="Injured_party"&gt;the blood of the fallen&lt;/fex&gt;.&lt;/ex&gt;&lt;/def-root&gt;</definition>
    </FE>
    <FE bgColor="7CCD73" fgColor="FFFFFF" coreType="Peripheral" cBy="KmG" cDate="01/15/2008 12:45:21 PST Tue" abbrev="" name="Duration" ID="12060">
        <definition>&lt;def-root&gt;The length of time that the &lt;fen&gt;Avenger&lt;/fen&gt; seeks revenge for the &lt;fen&gt;Injury&lt;/fen&gt;.&lt;/def-root&gt;</definition>
    </FE>
    <FEcoreSet>
        <memberFE name="Injury" ID="3018"/>
        <memberFE name="Injured_party" ID="3022"/>
    </FEcoreSet>
    <FEcoreSet>
        <memberFE name="Avenger" ID="3009"/>
        <memberFE name="Punishment" ID="3015"/>
    </FEcoreSet>
    <frameRelation type="Inherits from">
        <relatedFrame ID="216">Rewards_and_punishments</relatedFrame>
    </frameRelation>
    <frameRelation type="Is Inherited by"/>
    <frameRelation type="Perspective on"/>
    <frameRelation type="Is Perspectivized in"/>
    <frameRelation type="Uses"/>
    <frameRelation type="Is Used by"/>
    <frameRelation type="Subframe of"/>
    <frameRelation type="Has Subframe(s)"/>
    <frameRelation type="Precedes"/>
    <frameRelation type="Is Preceded by"/>
    <frameRelation type="Is Inchoative of"/>
    <frameRelation type="Is Causative of"/>
    <frameRelation type="See also"/>
    <lexUnit status="Finished_Initial" POS="V" name="avenge.v" ID="6056" lemmaID="2472" cBy="JKR" cDate="06/10/2002 03:11:31 PDT Mon">
        <definition>FN: inflict harm on somebody in return for an injury or wrong suffered</definition>
        <sentenceCount annotated="33" total="112"/>
        <lexeme order="1" headword="false" breakBefore="false" POS="V" name="avenge"/>
    </lexUnit>
    <lexUnit status="Finished_Initial" POS="N" name="avenger.n" ID="6057" lemmaID="2473" cBy="JKR" cDate="06/10/2002 03:12:51 PDT Mon">
        <definition>FN: a person who takes vengeance for some wrong suffered on their own or somebody else's behalf</definition>
        <sentenceCount annotated="4" total="36"/>
        <lexeme order="1" headword="false" breakBefore="false" POS="N" name="avenger"/>
    </lexUnit>
    <lexUnit status="Finished_Initial" POS="N" name="vengeance.n" ID="6058" lemmaID="42820" cBy="JKR" cDate="06/10/2002 03:15:34 PDT Mon">
        <definition>COD: punishment inflicted in retaliation for an injury or offense</definition>
        <sentenceCount annotated="28" total="151"/>
        <lexeme order="1" headword="false" breakBefore="false" POS="N" name="vengeance"/>
    </lexUnit>
    <lexUnit status="Finished_Initial" POS="V" name="retaliate.v" ID="6065" lemmaID="32978" cBy="JKR" cDate="06/10/2002 05:08:10 PDT Mon">
        <definition>COD: make an attack or assault in return for a similar attack. </definition>
        <sentenceCount annotated="39" total="116"/>
        <lexeme order="1" headword="false" breakBefore="false" POS="V" name="retaliate"/>
    </lexUnit>
    <lexUnit status="Finished_Initial" POS="V" name="revenge.v" ID="6066" lemmaID="33075" cBy="JKR" cDate="06/10/2002 05:10:40 PDT Mon">
        <definition>FN: inflict revenge for an injury or wrong done to oneself or somebody else</definition>
        <sentenceCount annotated="8" total="37"/>
        <lexeme order="1" headword="false" breakBefore="false" POS="V" name="revenge"/>
    </lexUnit>
    <lexUnit status="Finished_Initial" POS="N" name="revenge.n" ID="6067" lemmaID="33074" cBy="JKR" cDate="06/10/2002 05:11:17 PDT Mon">
        <definition>COD: retaliation for an injury or wrong. </definition>
        <sentenceCount annotated="31" total="361"/>
        <lexeme order="1" headword="false" breakBefore="false" POS="N" name="revenge"/>
    </lexUnit>
    <lexUnit status="Finished_Initial" POS="A" name="vengeful.a" ID="6068" lemmaID="42821" cBy="JKR" cDate="06/10/2002 05:12:22 PDT Mon">
        <definition>COD: seeking to harm someone in return for a perceived injury.</definition>
        <sentenceCount annotated="9" total="73"/>
        <lexeme order="1" headword="false" breakBefore="false" POS="A" name="vengeful"/>
    </lexUnit>
    <lexUnit status="New" POS="A" name="vindictive.a" ID="6069" lemmaID="43049" cBy="JKR" cDate="06/10/2002 05:13:31 PDT Mon">
        <definition>COD: having or showing a strong or unreasoning desire for revenge</definition>
        <sentenceCount annotated="0" total="77"/>
        <lexeme order="1" headword="false" breakBefore="false" POS="A" name="vindictive"/>
    </lexUnit>
    <lexUnit status="Finished_Initial" POS="N" name="retribution.n" ID="6070" lemmaID="33025" cBy="JKR" cDate="06/10/2002 05:14:28 PDT Mon">
        <definition>COD: punishment inflicted in the spirit of moral outrage or personal vengeance</definition>
        <sentenceCount annotated="15" total="125"/>
        <lexeme order="1" headword="false" breakBefore="false" POS="N" name="retribution"/>
    </lexUnit>
    <lexUnit status="Finished_Initial" POS="N" name="retaliation.n" ID="6071" lemmaID="32979" cBy="JKR" cDate="06/10/2002 05:14:52 PDT Mon">
        <definition>COD: an attack or assault in return for a similar attack.</definition>
        <sentenceCount annotated="30" total="163"/>
        <lexeme order="1" headword="false" breakBefore="false" POS="N" name="retaliation"/>
    </lexUnit>
    <lexUnit status="Insufficient_Attestations" POS="N" name="revenger.n" ID="6072" lemmaID="45734" cBy="JKR" cDate="06/10/2002 05:18:54 PDT Mon">
        <definition>FN: somebody seeking to exact revenge</definition>
        <sentenceCount annotated="0" total="0"/>
        <lexeme order="1" headword="false" breakBefore="false" POS="N" name="revenger"/>
    </lexUnit>
    <lexUnit status="Insufficient_Attestations" POS="A" name="revengeful.a" ID="6073" lemmaID="33076" cBy="JKR" cDate="06/10/2002 05:19:29 PDT Mon">
        <definition>COD: eager for revenge. </definition>
        <sentenceCount annotated="3" total="4"/>
        <lexeme order="1" headword="false" breakBefore="false" POS="A" name="revengeful"/>
    </lexUnit>
    <lexUnit status="Created" POS="A" name="retributive.a" ID="6074" lemmaID="33026" cBy="JKR" cDate="06/10/2002 05:22:12 PDT Mon">
        <definition>FN: relating to retribution</definition>
        <sentenceCount annotated="0" total="0"/>
        <lexeme order="1" headword="false" breakBefore="false" POS="A" name="retributive"/>
    </lexUnit>
    <lexUnit status="Finished_Initial" POS="V" name="get even.v" ID="6075" lemmaID="45735" cBy="JKR" cDate="06/10/2002 05:27:40 PDT Mon">
        <definition>FN: inflict on another person similar harm or injury to what they inflicted on you previously</definition>
        <sentenceCount annotated="11" total="55"/>
        <lexeme order="1" headword="true" breakBefore="false" POS="V" name="get"/>
        <lexeme order="2" headword="false" breakBefore="false" POS="A" name="even"/>
    </lexUnit>
    <lexUnit status="Created" POS="A" name="retributory.a" ID="6076" lemmaID="45736" cBy="JKR" cDate="06/10/2002 06:26:58 PDT Mon">
        <definition>FN: of or relating to retribution</definition>
        <sentenceCount annotated="0" total="0"/>
        <lexeme order="1" headword="false" breakBefore="false" POS="A" name="retributory"/>
    </lexUnit>
    <lexUnit status="Finished_Initial" POS="V" name="get back (at).v" ID="10003" lemmaID="48623" cBy="MJE" cDate="12/02/2003 07:51:31 PST Tue">
        <definition>COD: take revenge on.</definition>
        <sentenceCount annotated="6" total="208"/>
        <lexeme order="1" headword="true" breakBefore="false" POS="V" name="get"/>
        <lexeme order="2" headword="false" breakBefore="true" POS="ADV" name="back"/>
    </lexUnit>
    <lexUnit status="New" POS="N" name="payback.n" ID="10124" lemmaID="48734" cBy="JKR" cDate="02/26/2004 02:30:09 PST Thu">
        <definition>COD: an act of revenge</definition>
        <sentenceCount annotated="5" total="56"/>
        <lexeme order="1" headword="true" breakBefore="false" POS="N" name="payback"/>
    </lexUnit>
    <lexUnit status="Created" POS="N" name="sanction.n" ID="10676" lemmaID="34078" cBy="JKR" cDate="06/29/2004 05:39:50 PDT Tue">
        <definition>COD:  measures taken by a state to coerce another to conform to an international agreement or norms of conduct.</definition>
        <sentenceCount annotated="28" total="29"/>
        <lexeme order="1" headword="false" breakBefore="false" POS="N" name="sanction"/>
    </lexUnit>
</frame>