<?xml version="1.0" encoding="UTF-8" standalone="yes"?>
<?xml-stylesheet type="text/xsl" href="frame.xsl"?>
<frame cBy="RLG" cDate="07/28/2011 10:28:51 PDT Thu" name="Revolution" ID="2585" xsi:schemaLocation="../schema/frame.xsd" xmlns="http://framenet.icsi.berkeley.edu" xmlns:xsi="http://www.w3.org/2001/XMLSchema-instance">
    <definition>&lt;def-root&gt;An &lt;fen&gt;Agent&lt;/fen&gt; brings about a radical change in leadership by removing the &lt;fen&gt;Current_leadership&lt;/fen&gt; and potentially dismantling the &lt;fen&gt;Current_order&lt;/fen&gt;, outside recognized means of doing so (e.g., elections).

&lt;ex&gt;Recent reports indicate that &lt;fex name="age"&gt;the local troops&lt;/fex&gt; have &lt;t&gt;mutinied&lt;/t&gt; &lt;fex name="curl"&gt;against their superiors&lt;/fex&gt;.&lt;/ex&gt;&lt;/def-root&gt;</definition>
    <FE bgColor="FF0000" fgColor="FFFFFF" coreType="Core" cBy="RLG" cDate="07/28/2011 10:28:51 PDT Thu" abbrev="age" name="Agent" ID="14571">
        <definition>&lt;def-root&gt;The individual or group within a society that overturns the &lt;fen&gt;Current_leadership&lt;/fen&gt;.&lt;/def-root&gt;</definition>
    </FE>
    <FE bgColor="0000FF" fgColor="FFFFFF" coreType="Core" cBy="RLG" cDate="07/28/2011 10:28:51 PDT Thu" abbrev="curl" name="Current_leadership" ID="14572">
        <definition>&lt;def-root&gt;The people currently in power, whom the &lt;fen&gt;Agent&lt;/fen&gt; attempts to overthrow.

&lt;ex&gt;She fomented &lt;t&gt;revolution&lt;/t&gt; &lt;fex name="curl"&gt;against the Romans&lt;/fex&gt;.&lt;/ex&gt;&lt;/def-root&gt;</definition>
    </FE>
    <FE bgColor="1E90FF" fgColor="FFFFFF" coreType="Core" cBy="RLG" cDate="07/28/2011 10:28:51 PDT Thu" abbrev="curo" name="Current_order" ID="14573">
        <definition>&lt;def-root&gt;The currently-existing system of authority or government.

&lt;ex&gt;&lt;t&gt;Toppling&lt;/t&gt; &lt;fex name="curo"&gt;the capitalist government&lt;/fex&gt; was their first goal.&lt;/ex&gt;&lt;/def-root&gt;</definition>
    </FE>
    <FE bgColor="008000" fgColor="FFFFFF" coreType="Peripheral" cBy="RLG" cDate="07/28/2011 10:28:51 PDT Thu" abbrev="pla" name="Place" ID="14574">
        <definition>&lt;def-root&gt;The location of the revolution.

&lt;ex&gt;A series of &lt;t&gt;revolutions&lt;/t&gt; &lt;fex name="pla"&gt;in the eastern part of the continent&lt;/fex&gt; made long-distance travel all but impossible.&lt;/ex&gt;&lt;/def-root&gt;</definition>
    </FE>
    <FE bgColor="FFA500" fgColor="FFFFFF" coreType="Peripheral" cBy="RLG" cDate="07/28/2011 10:28:51 PDT Thu" abbrev="tim" name="Time" ID="14575">
        <definition>&lt;def-root&gt;The time when the revolution takes place.

&lt;ex&gt;China's &lt;fex name="tim"&gt;20th-century&lt;/fex&gt; &lt;t&gt;revolutions&lt;/t&gt; have yet to have their full impact on global politics.&lt;/ex&gt;&lt;/def-root&gt;</definition>
    </FE>
    <FE bgColor="A52A2A" fgColor="FFFFFF" coreType="Peripheral" cBy="RLG" cDate="07/28/2011 10:28:51 PDT Thu" abbrev="mea" name="Means" ID="14576">
        <definition>&lt;def-root&gt;The means by which the revolution is carried out.

&lt;ex&gt;The infantry launched an &lt;fex name="mea"&gt;armed&lt;/fex&gt; &lt;t&gt;mutiny&lt;/t&gt; over low pay and poor living conditions.&lt;/ex&gt;&lt;/def-root&gt;</definition>
    </FE>
    <FE bgColor="FF69B4" fgColor="FFFFFF" coreType="Peripheral" cBy="RLG" cDate="07/28/2011 10:28:51 PDT Thu" abbrev="deg" name="Degree" ID="14577">
        <definition>&lt;def-root&gt;The degree to which the &lt;fen&gt;Agent&lt;/fen&gt; defeats and removes the &lt;fen&gt;Current_leadership&lt;/fen&gt; or removes the &lt;fen&gt;Current_order&lt;/fen&gt;.

&lt;ex&gt;After years of back-and-forth fighting it seems unlikely that they will ever &lt;fex name="deg"&gt;decisively&lt;/fex&gt; &lt;t&gt;overthrow&lt;/t&gt; the current regime.&lt;/ex&gt;&lt;/def-root&gt;</definition>
    </FE>
    <FE bgColor="FF00FF" fgColor="FFFFFF" coreType="Peripheral" cBy="RLG" cDate="07/28/2011 10:28:51 PDT Thu" abbrev="man" name="Manner" ID="14578">
        <definition>&lt;def-root&gt;A description of the &lt;fen&gt;Agent&lt;/fen&gt; or revolution not covered by more specific FEs.

&lt;ex&gt;Ten years later, after another jail sentence, he led the Civil Forum movement to victory in Czechoslovakia's &lt;fex name="man"&gt;peaceful&lt;/fex&gt; &lt;t&gt;revolution&lt;/t&gt;.&lt;/ex&gt;&lt;/def-root&gt;</definition>
    </FE>
    <frameRelation type="Inherits from"/>
    <frameRelation type="Is Inherited by"/>
    <frameRelation type="Perspective on"/>
    <frameRelation type="Is Perspectivized in"/>
    <frameRelation type="Uses">
        <relatedFrame ID="2584">Rebellion</relatedFrame>
    </frameRelation>
    <frameRelation type="Is Used by"/>
    <frameRelation type="Subframe of"/>
    <frameRelation type="Has Subframe(s)"/>
    <frameRelation type="Precedes"/>
    <frameRelation type="Is Preceded by"/>
    <frameRelation type="Is Inchoative of"/>
    <frameRelation type="Is Causative of"/>
    <frameRelation type="See also"/>
    <lexUnit status="Created" POS="N" name="revolutionary.n" ID="16426" lemmaID="33133" cBy="RLG" cDate="07/28/2011 11:19:29 PDT Thu">
        <definition>FN: a person participating in a revolution.</definition>
        <sentenceCount annotated="0" total="0"/>
        <lexeme order="1" headword="false" breakBefore="false" POS="N" name="revolutionary"/>
        <semType name="Agentive_noun" ID="102"/>
    </lexUnit>
</frame>