<?xml version="1.0" encoding="UTF-8" standalone="yes"?>
<?xml-stylesheet type="text/xsl" href="frame.xsl"?>
<frame cBy="JKR" cDate="05/06/2005 02:57:54 PDT Fri" name="Rising_to_a_challenge" ID="1441" xsi:schemaLocation="../schema/frame.xsd" xmlns="http://framenet.icsi.berkeley.edu" xmlns:xsi="http://www.w3.org/2001/XMLSchema-instance">
    <definition>&lt;def-root&gt; A &lt;fen&gt;Protagonist&lt;/fen&gt;, by exerting great effort, comes to meet the pre-conditions for participating in an &lt;fen&gt;Activity&lt;/fen&gt; that is judged to be difficult for them to participate in, either due to their inherent properties or due to temporary &lt;fen&gt;Circumstances&lt;/fen&gt;. 

&lt;ex&gt;In conclusion, &lt;fex name="pro"&gt;our staff&lt;/fex&gt; &lt;t&gt;rose&lt;/t&gt; &lt;fex name="act"&gt;to the challenge&lt;/fex&gt; &lt;fex name="mea"&gt;in developing the necessary training programs and delivery methods&lt;/fex&gt;.&lt;/ex&gt;

&lt;ex&gt;&lt;fex name="pro"&gt;Dr Runcie&lt;/fex&gt; &lt;t&gt;rose&lt;/t&gt; &lt;t&gt;to&lt;/t&gt; &lt;t&gt;the&lt;/t&gt; &lt;t&gt;occasion&lt;/t&gt; &lt;fex name="mea"&gt;with a simple address&lt;/fex&gt;. &lt;fex name="act"&gt;DNI&lt;/fex&gt;&lt;/ex&gt;

&lt;ex&gt;There was still clearly much to do, but &lt;fex name="pro"&gt;the governor and his staff&lt;/fex&gt; had begun to &lt;t&gt;rise&lt;/t&gt; &lt;fex name="act"&gt;to the task&lt;/fex&gt;.&lt;/ex&gt;

&lt;ex&gt;Pacers say &lt;fex name="pro"&gt;they&lt;/fex&gt;'ll &lt;t&gt;rise&lt;/t&gt; &lt;fex name="act"&gt;to the pressure&lt;/fex&gt;.&lt;/ex&gt;&lt;/def-root&gt;</definition>
    <FE bgColor="FF0000" fgColor="FFFFFF" coreType="Core" cBy="JKR" cDate="05/06/2005 02:57:54 PDT Fri" abbrev="pro" name="Protagonist" ID="7957">
        <definition>&lt;def-root&gt;The &lt;fen&gt;Protagonist&lt;/fen&gt; who is exerting effort to meet the pre-conditions for participating in the &lt;fen&gt;Activity&lt;/fen&gt;.

&lt;ex&gt;How &lt;fex name="pro"&gt;a small hospital&lt;/fex&gt; &lt;t&gt;rose&lt;/t&gt; to the challenge of a legionella outbreak.&lt;/ex&gt;&lt;/def-root&gt;</definition>
        <semType name="Sentient" ID="5"/>
    </FE>
    <FE bgColor="008000" fgColor="FFFFFF" coreType="Core" cBy="JKR" cDate="05/06/2005 02:57:54 PDT Fri" abbrev="act" name="Activity" ID="7958">
        <definition>&lt;def-root&gt;The &lt;fen&gt;Activity&lt;/fen&gt; that the &lt;fen&gt;Protagonist&lt;/fen&gt; expends efforts towards.

&lt;ex&gt;She &lt;t&gt;rose&lt;/t&gt; &lt;t&gt;to&lt;/t&gt; &lt;t&gt;the&lt;/t&gt; &lt;t&gt;occasion&lt;/t&gt; &lt;fex name="act"&gt;of bringing up her children single-handed even as a woman who was not educated except a few years in Primary school&lt;/fex&gt;.&lt;/ex&gt;&lt;/def-root&gt;</definition>
    </FE>
    <FE bgColor="FF00FF" fgColor="FFFFFF" coreType="Peripheral" cBy="JKR" cDate="05/06/2005 02:57:54 PDT Fri" abbrev="deg" name="Degree" ID="7959">
        <definition>&lt;def-root&gt;The extent to which the &lt;fen&gt;Protagonist&lt;/fen&gt; exceeds or falls short of the minimum requirements for participating in the &lt;fen&gt;Activity&lt;/fen&gt; as a result of expending effort to get themselves ready.

&lt;ex&gt;I'm used to second books not living up the promise of the first, but Nero Blanc &lt;fex name="deg"&gt;fully&lt;/fex&gt; &lt;t&gt;rose&lt;/t&gt; to the challenge.&lt;/ex&gt;&lt;/def-root&gt;</definition>
        <semType name="Degree" ID="172"/>
    </FE>
    <FE bgColor="0000FF" fgColor="FFFFFF" coreType="Extra-Thematic" cBy="JKR" cDate="05/06/2005 02:57:54 PDT Fri" abbrev="cir" name="Circumstances" ID="7960">
        <definition>&lt;def-root&gt;The &lt;fen&gt;Circumstances&lt;/fen&gt; under which the &lt;fen&gt;Protagonist&lt;/fen&gt; exerts effort to meet the pre-conditions necessary for engaging in the &lt;fen&gt;Activity&lt;/fen&gt;.

&lt;ex&gt; I recalled how she &lt;t&gt;rose&lt;/t&gt; &lt;t&gt;to&lt;/t&gt; &lt;t&gt;the&lt;/t&gt; &lt;t&gt;occasion&lt;/t&gt; &lt;fex name="cir"&gt;in mishaps, avalanches, oxygen shortage, lack of food, loss of comrades&lt;/fex&gt;.&lt;/ex&gt;&lt;/def-root&gt;</definition>
    </FE>
    <FE bgColor="800080" fgColor="FFFFFF" coreType="Extra-Thematic" cBy="JKR" cDate="05/06/2005 02:57:54 PDT Fri" abbrev="Exp" name="Explanation" ID="7961">
        <definition>&lt;def-root&gt;An entity, event, or state of affairs that causes the &lt;fen&gt;Protagonist&lt;/fen&gt; to expend the effort necessary to meet the pre-conditions for participating in the &lt;fen&gt;Activity&lt;/fen&gt;. 

&lt;ex&gt;The installation was anything but a routine project from the beginning and everyone involved &lt;t&gt;rose&lt;/t&gt; to the challenge &lt;fex name="Explanation"&gt;because it was gratifying to be contributing in some way to the tsunami relief effort&lt;/fex&gt;.&lt;/ex&gt;&lt;/def-root&gt;</definition>
    </FE>
    <FE bgColor="FF69B4" fgColor="FFFFFF" coreType="Extra-Thematic" cBy="JKR" cDate="05/06/2005 02:57:54 PDT Fri" abbrev="rel" name="Relevant_feature" ID="7962">
        <definition>&lt;def-root&gt;A characteristic or behavior of the &lt;fen&gt;Protagonist&lt;/fen&gt; that is considered when judging whether the &lt;fen&gt;Protagonist&lt;/fen&gt; might participate in the &lt;fen&gt;Activity&lt;/fen&gt;.

&lt;ex&gt;You are able to adapt quickly to important shifts in the world around you,
and &lt;t&gt;rise&lt;/t&gt; to the challenge &lt;fex name="rel"&gt;where career is concerned&lt;/fex&gt;.&lt;/ex&gt;&lt;/def-root&gt;</definition>
    </FE>
    <FE bgColor="FFA500" fgColor="FFFFFF" coreType="Peripheral" cBy="JKR" cDate="05/06/2005 03:12:02 PDT Fri" abbrev="mea" name="Means" ID="7963">
        <definition>&lt;def-root&gt;An action performed by the &lt;fen&gt;Protagonist&lt;/fen&gt; which enables them to overcome the difficulties and engage in the &lt;fen&gt;Activity&lt;/fen&gt;.

&lt;ex&gt;Learn how one small shop &lt;t&gt;rose&lt;/t&gt; to the challenge &lt;fex name="mea"&gt;through the use of gift tables&lt;/fex&gt;.&lt;/ex&gt;&lt;/def-root&gt;</definition>
        <semType name="State_of_affairs" ID="177"/>
    </FE>
    <FE bgColor="9400D3" fgColor="FFFFFF" coreType="Peripheral" cBy="JKR" cDate="05/06/2005 03:16:08 PDT Fri" abbrev="tim" name="Time" ID="7964">
        <definition>&lt;def-root&gt;The time at which the &lt;fen&gt;Protagonist&lt;/fen&gt; through expenditure of effort becomes capable of engaging in the &lt;fen&gt;Activity&lt;/fen&gt;.  

&lt;ex&gt;A president for whom the jury was still out for many Americans first appeared shaken, but &lt;fex name="tim"&gt;then&lt;/fex&gt; &lt;t&gt;rose&lt;/t&gt; to the&lt;/ex&gt; crisis.

&lt;/def-root&gt;</definition>
        <semType name="Time" ID="141"/>
    </FE>
    <FE bgColor="1E90FF" fgColor="FFFFFF" coreType="Peripheral" cBy="JKR" cDate="05/06/2005 03:19:33 PDT Fri" abbrev="pla" name="Place" ID="7965">
        <definition>&lt;def-root&gt;The location in which the &lt;fen&gt;Protagonist&lt;/fen&gt; expends effort to become capable of engaging in the &lt;fen&gt;Activity&lt;/fen&gt;.

&lt;ex&gt;Students from a number of Metropolitan schools &lt;t&gt;rose&lt;/t&gt; to the challenge &lt;fex name="pla"&gt;at DMIT's Panorama Campus&lt;/fex&gt; on Friday 22nd August and spent the day  participating in an annual 'Taste of Engineering' activity.&lt;/ex&gt;&lt;/def-root&gt;</definition>
        <semType name="Locative_relation" ID="182"/>
    </FE>
    <FE bgColor="00BFFF" fgColor="FFFFFF" coreType="Peripheral" cBy="JKR" cDate="05/06/2005 03:21:11 PDT Fri" abbrev="man" name="Manner" ID="7966">
        <definition>&lt;def-root&gt;Any description of the event (or state) which is not covered by more specific FEs, including epistemic modification (&lt;ment&gt;probably&lt;/ment&gt;, &lt;ment&gt;presumably&lt;/ment&gt;, &lt;ment&gt;mysteriously&lt;/ment&gt;), general descriptions comparing events (&lt;ment&gt;the same way&lt;/ment&gt;). It may also indicate salient characteristics of the &lt;fen&gt;Protagonist&lt;/fen&gt; that also affect the action (&lt;ment&gt;eagerly&lt;/ment&gt;).

&lt;ex&gt;Despite all odds the brave Macedonian people heroically &lt;t&gt;rose&lt;/t&gt; to the task &lt;fex name="man"&gt;with valour&lt;/fex&gt;.&lt;/ex&gt;&lt;/def-root&gt;</definition>
        <semType name="Manner" ID="173"/>
    </FE>
    <frameRelation type="Inherits from">
        <relatedFrame ID="2235">Meet_specifications</relatedFrame>
    </frameRelation>
    <frameRelation type="Is Inherited by"/>
    <frameRelation type="Perspective on"/>
    <frameRelation type="Is Perspectivized in"/>
    <frameRelation type="Uses"/>
    <frameRelation type="Is Used by"/>
    <frameRelation type="Subframe of"/>
    <frameRelation type="Has Subframe(s)"/>
    <frameRelation type="Precedes"/>
    <frameRelation type="Is Preceded by"/>
    <frameRelation type="Is Inchoative of">
        <relatedFrame ID="1440">Being_up_to_it</relatedFrame>
    </frameRelation>
    <frameRelation type="Is Causative of"/>
    <frameRelation type="See also"/>
    <lexUnit status="Needs_SCs" POS="V" name="rise.v" ID="12034" lemmaID="33335" cBy="JKR" cDate="05/06/2005 04:01:22 PDT Fri">
        <definition>COD: respond admirably to (a challenging situation).</definition>
        <sentenceCount annotated="2" total="120"/>
        <lexeme order="1" headword="false" breakBefore="false" POS="V" name="rise"/>
    </lexUnit>
    <lexUnit status="Created" POS="V" name="rise to the occasion.v" ID="12035" lemmaID="50007" cBy="JKR" cDate="05/06/2005 04:05:00 PDT Fri">
        <definition>FN: respond admirably to a difficult situation</definition>
        <sentenceCount annotated="0" total="0"/>
        <lexeme order="1" headword="true" breakBefore="false" POS="V" name="rise"/>
        <lexeme order="2" headword="false" breakBefore="true" POS="PREP" name="to"/>
        <lexeme order="3" headword="false" breakBefore="false" POS="ART" name="the"/>
        <lexeme order="4" headword="false" breakBefore="true" POS="N" name="occasion"/>
    </lexUnit>
</frame>