<?xml version="1.0" encoding="UTF-8" standalone="yes"?>
<?xml-stylesheet type="text/xsl" href="frame.xsl"?>
<frame cBy="MJE" cDate="12/11/2001 08:01:57 PST Tue" name="Rope_manipulation" ID="246" xsi:schemaLocation="../schema/frame.xsd" xmlns="http://framenet.icsi.berkeley.edu" xmlns:xsi="http://www.w3.org/2001/XMLSchema-instance">
    <definition>&lt;def-root&gt;An &lt;fen&gt;Agent&lt;/fen&gt; manipulates a linear entity (the &lt;fen&gt;Rope&lt;/fen&gt;) to form a &lt;fen&gt;Knot&lt;/fen&gt;.

&lt;ex&gt;&lt;fex name="Agent"&gt;Harry&lt;/fex&gt; &lt;t&gt;tied&lt;/t&gt; &lt;fex name="Rope"&gt;the rope&lt;/fex&gt; &lt;fex name="Knot"&gt;into a slipknot&lt;/fex&gt;.&lt;/ex&gt; &lt;ex&gt;&lt;fex name="Agent"&gt;Patty and Selma&lt;/fex&gt; &lt;t&gt;knotted&lt;/t&gt; &lt;fex name="Rope"&gt;the ties of their aprons&lt;/fex&gt;.&lt;/ex&gt; &lt;/def-root&gt;</definition>
    <FE bgColor="FF0000" fgColor="FFFFFF" coreType="Core" cBy="MJE" cDate="12/12/2001 03:51:11 PST Wed" abbrev="Agt" name="Agent" ID="2152">
        <definition>&lt;def-root&gt;The &lt;fen&gt;Agent&lt;/fen&gt; is the sentient being who manipulates the &lt;fen&gt;Rope&lt;/fen&gt;.

&lt;ex&gt;&lt;fex name="Agent"&gt;Melissa&lt;/fex&gt; &lt;t&gt;braided&lt;/t&gt; Jessica's hair.&lt;/ex&gt;&lt;/def-root&gt;</definition>
        <semType name="Sentient" ID="5"/>
    </FE>
    <FE bgColor="A9A9A9" fgColor="FFFFFF" coreType="Peripheral" cBy="MJE" cDate="12/13/2001 11:58:11 PST Thu" abbrev="Ins" name="Instrument" ID="2153">
        <definition>&lt;def-root&gt;The &lt;fen&gt;Instrument&lt;/fen&gt; with which the &lt;fen&gt;Rope&lt;/fen&gt; is manipulated.&lt;/def-root&gt;</definition>
        <semType name="Physical_entity" ID="70"/>
    </FE>
    <FE bgColor="008000" fgColor="FFFFFF" coreType="Peripheral" cBy="MJE" cDate="12/13/2001 11:59:49 PST Thu" abbrev="Place" name="Place" ID="2154">
        <definition>&lt;def-root&gt;Where the manipulation of the &lt;fen&gt;Rope&lt;/fen&gt; takes place.&lt;/def-root&gt;</definition>
        <semType name="Locative_relation" ID="182"/>
    </FE>
    <FE bgColor="800080" fgColor="FFFFFF" coreType="Peripheral" cBy="MJE" cDate="12/13/2001 11:59:49 PST Thu" abbrev="Purp" name="Purpose" ID="2155">
        <definition>&lt;def-root&gt;The &lt;fen&gt;Purpose&lt;/fen&gt; for which the manipulation of the &lt;fen&gt;Rope&lt;/fen&gt; takes place. 

&lt;ex&gt;Prof. Frink &lt;t&gt;braided&lt;/t&gt; my hair &lt;fex name="Purpose"&gt;to make me look beautiful&lt;/fex&gt;.&lt;/ex&gt;&lt;/def-root&gt;</definition>
        <semType name="State_of_affairs" ID="177"/>
    </FE>
    <FE bgColor="FFA500" fgColor="FFFFFF" coreType="Peripheral" cBy="MJE" cDate="12/13/2001 11:59:49 PST Thu" abbrev="Time" name="Time" ID="2156">
        <definition>&lt;def-root&gt;When the manipulation of the &lt;fen&gt;Rope&lt;/fen&gt; takes place.

&lt;ex&gt;Terri &lt;t&gt;tied&lt;/t&gt; the rope around her waist &lt;fex name="Time"&gt;before scrambling up the side of the mountain&lt;/fex&gt;.&lt;/ex&gt;&lt;/def-root&gt;</definition>
        <semType name="Time" ID="141"/>
    </FE>
    <FE bgColor="FF69B4" fgColor="FFFFFF" coreType="Peripheral" cBy="MJE" cDate="12/13/2001 11:59:52 PST Thu" abbrev="Mns" name="Means" ID="2157">
        <definition>&lt;def-root&gt;The &lt;fen&gt;Means&lt;/fen&gt; by which the manipulation of the &lt;fen&gt;Rope&lt;/fen&gt; takes place.&lt;/def-root&gt;</definition>
        <semType name="State_of_affairs" ID="177"/>
    </FE>
    <FE bgColor="00BFFF" fgColor="FFFFFF" coreType="Extra-Thematic" cBy="MJE" cDate="12/13/2001 12:00:00 PST Thu" abbrev="Exp" name="Explanation" ID="2158">
        <definition>&lt;def-root&gt;The &lt;fen&gt;Explanation&lt;/fen&gt; for which the manipulation of the &lt;fen&gt;Rope&lt;/fen&gt; takes place.

&lt;ex&gt;Kelly &lt;t&gt;tied&lt;/t&gt; her laces around the back of her heel &lt;fex name="Explanation"&gt;to combat loose shoes&lt;/fex&gt;.&lt;/ex&gt;&lt;/def-root&gt;</definition>
        <semType name="State_of_affairs" ID="177"/>
    </FE>
    <FE bgColor="9400D3" fgColor="FFFFFF" coreType="Core" cBy="MJE" cDate="12/13/2001 12:02:02 PST Thu" abbrev="Rope" name="Rope" ID="2160">
        <definition>&lt;def-root&gt;The basically linear object which is manipulated by the &lt;fen&gt;Agent&lt;/fen&gt; to produce a &lt;fen&gt;Knot&lt;/fen&gt;.

&lt;ex&gt;He &lt;t&gt;tied&lt;/t&gt; &lt;fex name="Rope"&gt;an electrical cable&lt;/fex&gt; around the trunk and his neck before hanging himself .&lt;/ex&gt;&lt;/def-root&gt;</definition>
    </FE>
    <FE bgColor="A52A2A" fgColor="FFFFFF" coreType="Core" cBy="MJE" cDate="12/13/2001 12:03:45 PST Thu" abbrev="Knot" name="Knot" ID="2161">
        <definition>&lt;def-root&gt;The stable configuration of a &lt;fen&gt;Rope&lt;/fen&gt; which results from tying.

&lt;ex&gt;Jake &lt;t&gt;tied&lt;/t&gt; the cravat &lt;fex name="Knot"&gt;into an acceptable knot&lt;/fex&gt;.&lt;/ex&gt;&lt;/def-root&gt;</definition>
    </FE>
    <FE bgColor="FF00FF" fgColor="FFFFFF" coreType="Peripheral" cBy="MJE" cDate="12/13/2001 04:49:16 PST Thu" abbrev="Manr" name="Manner" ID="2162">
        <definition>&lt;def-root&gt;&lt;fen&gt;Manner&lt;/fen&gt; in which the manipulation of the &lt;fen&gt;Rope&lt;/fen&gt; takes place.

&lt;ex&gt;John &lt;t&gt;knotted&lt;/t&gt; the tie &lt;fex name="Manr"&gt;tightly&lt;/fex&gt; around his neck.&lt;/ex&gt;&lt;/def-root&gt;</definition>
        <semType name="Manner" ID="173"/>
    </FE>
    <FE bgColor="0000FF" fgColor="FFFFFF" coreType="Extra-Thematic" cBy="ACW" cDate="12/17/2001 12:04:56 PST Mon" abbrev="Locu" name="Locus" ID="2194">
        <definition>&lt;def-root&gt;Where the manipulation of the &lt;fen&gt;Rope&lt;/fen&gt; takes place.

&lt;ex&gt;Kelly &lt;t&gt;tied&lt;/t&gt; her laces &lt;fex name="Locus"&gt;around the back of her heel&lt;/fex&gt; to combat loose shoes.&lt;/ex&gt;&lt;/def-root&gt;</definition>
        <semType name="Location" ID="54"/>
    </FE>
    <frameRelation type="Inherits from">
        <relatedFrame ID="2136">Manipulate_into_shape</relatedFrame>
    </frameRelation>
    <frameRelation type="Is Inherited by"/>
    <frameRelation type="Perspective on">
        <relatedFrame ID="1700">Knot_creation_scenario</relatedFrame>
    </frameRelation>
    <frameRelation type="Is Perspectivized in"/>
    <frameRelation type="Uses"/>
    <frameRelation type="Is Used by"/>
    <frameRelation type="Subframe of"/>
    <frameRelation type="Has Subframe(s)"/>
    <frameRelation type="Precedes"/>
    <frameRelation type="Is Preceded by"/>
    <frameRelation type="Is Inchoative of"/>
    <frameRelation type="Is Causative of"/>
    <frameRelation type="See also"/>
    <lexUnit status="Finished_Initial" POS="V" name="tie.v" ID="4507" lemmaID="40394" cBy="MJE" cDate="12/12/2001 03:39:51 PST Wed">
        <definition>COD: form into a knot or bow. </definition>
        <sentenceCount annotated="33" total="552"/>
        <lexeme order="1" headword="false" breakBefore="false" POS="V" name="tie"/>
    </lexUnit>
    <lexUnit status="Finished_Initial" incorporatedFE="Knot" POS="V" name="knot.v" ID="4510" lemmaID="21452" cBy="MJE" cDate="12/13/2001 11:55:40 PST Thu">
        <definition>COD: tangle. </definition>
        <sentenceCount annotated="23" total="110"/>
        <lexeme order="1" headword="false" breakBefore="false" POS="V" name="knot"/>
    </lexUnit>
    <lexUnit status="Needs_SCs" POS="V" name="tangle.v" ID="4511" lemmaID="39489" cBy="MJE" cDate="12/13/2001 11:56:14 PST Thu">
        <definition>COD: twist (strands) together into a confused mass. </definition>
        <sentenceCount annotated="1" total="85"/>
        <lexeme order="1" headword="false" breakBefore="false" POS="V" name="tangle"/>
    </lexUnit>
    <lexUnit status="Finished_Initial" incorporatedFE="Knot" POS="V" name="braid.v" ID="5905" lemmaID="4408" cBy="ACW" cDate="05/30/2002 05:02:45 PDT Thu">
        <definition>COD: form a braid with three or more strands</definition>
        <sentenceCount annotated="4" total="24"/>
        <lexeme order="1" headword="false" breakBefore="false" POS="V" name="braid"/>
    </lexUnit>
</frame>