<?xml version="1.0" encoding="UTF-8" standalone="yes"?>
<?xml-stylesheet type="text/xsl" href="frame.xsl"?>
<frame cBy="ACW" cDate="05/31/2002 04:23:56 PDT Fri" name="Rotting" ID="340" xsi:schemaLocation="../schema/frame.xsd" xmlns="http://framenet.icsi.berkeley.edu" xmlns:xsi="http://www.w3.org/2001/XMLSchema-instance">
    <definition>&lt;def-root&gt;In this frame a &lt;fen&gt;Patient&lt;/fen&gt;, which is  an organic substance, undergoes the natural process of decaying from an &lt;fen&gt;Initial_state&lt;/fen&gt; to a &lt;fen&gt;Result&lt;/fen&gt;.  &lt;ex&gt;&lt;fex name="Patient"&gt;The leaves&lt;/fex&gt; &lt;t&gt;rotted&lt;/t&gt; &lt;fex name="Result"&gt;into a mass of slime&lt;/fex&gt;.&lt;/ex&gt; &lt;ex&gt;&lt;fex name="Patient"&gt;The dresses&lt;/fex&gt; &lt;t&gt;decayed&lt;/t&gt; &lt;fex name="I_state"&gt;from their former beauty&lt;/fex&gt;.&lt;/ex&gt;&lt;/def-root&gt;</definition>
    <FE bgColor="0000FF" fgColor="FFFFFF" coreType="Core" cBy="ACW" cDate="05/31/2002 04:26:04 PDT Fri" abbrev="Pat" name="Patient" ID="2915">
        <definition>&lt;def-root&gt;The &lt;fen&gt;Patient&lt;/fen&gt; is the entity that undergoes a change.  &lt;ex&gt;&lt;fex name="Patient"&gt;The leaves&lt;/fex&gt; &lt;t&gt;rotted&lt;/t&gt; into a mass of slime.&lt;/ex&gt; &lt;ex&gt;&lt;fex name="Patient"&gt;The dresses&lt;/fex&gt; &lt;t&gt;decayed&lt;/t&gt; from their former beauty.&lt;/ex&gt; &lt;/def-root&gt;</definition>
    </FE>
    <FE bgColor="008000" fgColor="FFFFFF" coreType="Peripheral" cBy="ACW" cDate="06/03/2002 02:06:43 PDT Mon" abbrev="Place" name="Place" ID="2923">
        <definition>&lt;def-root&gt;The &lt;fen&gt;Place&lt;/fen&gt; is where the rotting occurs.

&lt;ex&gt;Any traces of uneaten food will &lt;t&gt;decompose&lt;/t&gt; &lt;fex name="Place"&gt;in your tank&lt;/fex&gt; and foul the water.&lt;/ex&gt;&lt;/def-root&gt;</definition>
        <semType name="Locative_relation" ID="182"/>
    </FE>
    <FE bgColor="FFA500" fgColor="FFFFFF" coreType="Peripheral" cBy="ACW" cDate="06/03/2002 02:06:45 PDT Mon" abbrev="Time" name="Time" ID="2924">
        <definition>&lt;def-root&gt;The &lt;fen&gt;Time&lt;/fen&gt; indicates when the rotting occurs.

&lt;ex&gt;&lt;fex name="Time"&gt;Before he could get to the specimen&lt;/fex&gt; , its entrails had &lt;t&gt;decomposed&lt;/t&gt; so badly that they had to be thrown away.&lt;/ex&gt;&lt;/def-root&gt;</definition>
        <semType name="Time" ID="141"/>
    </FE>
    <FE bgColor="FF00FF" fgColor="FFFFFF" coreType="Extra-Thematic" cBy="ACW" cDate="06/03/2002 02:06:47 PDT Mon" abbrev="Exp" name="Explanation" ID="2925">
        <definition>&lt;def-root&gt;The &lt;fen&gt;Explanation&lt;/fen&gt; indicates the reason for which the &lt;fen&gt;Patient&lt;/fen&gt; rots.  &lt;ex&gt;Typically, the front top six teeth will &lt;t&gt;decay&lt;/t&gt; &lt;fex name="Explanation"&gt;because of the way the child has sucked on its bottle&lt;/fex&gt;.&lt;/ex&gt;&lt;/def-root&gt;</definition>
        <semType name="State_of_affairs" ID="177"/>
    </FE>
    <FE bgColor="00BFFF" fgColor="FFFFFF" coreType="Extra-Thematic" cBy="ACW" cDate="06/03/2002 02:56:18 PDT Mon" abbrev="Result" name="Result" ID="2926">
        <definition>&lt;def-root&gt;The &lt;fen&gt;Result&lt;/fen&gt; is the result of the change of phase of the &lt;fen&gt;Patient&lt;/fen&gt;.  &lt;ex&gt;The leaves &lt;t&gt;rotted&lt;/t&gt; &lt;fex name="Result"&gt;into a mass of slime&lt;/fex&gt;.&lt;/ex&gt; &lt;ex&gt;A dead snail &lt;t&gt;decomposes&lt;/t&gt; very rapidly, &lt;fex name="Result"&gt;fouling the water badly&lt;/fex&gt;.&lt;/ex&gt;&lt;/def-root&gt;</definition>
    </FE>
    <FE bgColor="A52A2A" fgColor="FFFFFF" coreType="Peripheral" cBy="ACW" cDate="06/03/2002 02:56:34 PDT Mon" abbrev="I_state" name="Initial_state" ID="2927">
        <definition>&lt;def-root&gt;The &lt;fen&gt;Initial_state&lt;/fen&gt; is the original state of the &lt;fen&gt;Patient&lt;/fen&gt;.  &lt;ex&gt;The dresses &lt;t&gt;decayed&lt;/t&gt; &lt;fex name="I_state"&gt;from their former beauty&lt;/fex&gt;.&lt;/ex&gt;&lt;/def-root&gt;</definition>
    </FE>
    <FE bgColor="A9A9A9" fgColor="FFFFFF" coreType="Peripheral" cBy="ACW" cDate="06/03/2002 04:42:07 PDT Mon" abbrev="Dur" name="Duration" ID="2931">
        <definition>&lt;def-root&gt;The &lt;fen&gt;Duration&lt;/fen&gt; indicates the amount of time for which the &lt;fen&gt;Patient&lt;/fen&gt; rots.  &lt;ex&gt;That thorn had been there , &lt;t&gt;festering&lt;/t&gt;, &lt;fex name="Dur"&gt;for months&lt;/fex&gt;.&lt;/ex&gt;&lt;/def-root&gt;</definition>
        <semType name="Duration" ID="142"/>
    </FE>
    <FE bgColor="9400D3" fgColor="FFFFFF" coreType="Peripheral" cBy="ACW" cDate="06/19/2002 09:03:17 PDT Wed" abbrev="Spd" name="Speed" ID="3119">
        <definition>&lt;def-root&gt;The &lt;fen&gt;Speed&lt;/fen&gt; is the rate at which the &lt;fen&gt;Patient&lt;/fen&gt; changes.  &lt;ex&gt;A dead snail &lt;t&gt;decomposes&lt;/t&gt; &lt;fex name="Spd"&gt;very rapidly&lt;/fex&gt;, fouling the water badly.&lt;/ex&gt;&lt;/def-root&gt;</definition>
        <semType name="Speed" ID="234"/>
    </FE>
    <FE bgColor="00008B" fgColor="FFFFFF" coreType="Extra-Thematic" cBy="ACW" cDate="06/19/2002 09:03:48 PDT Wed" abbrev="sub" name="Subregion" ID="3120">
        <definition>&lt;def-root&gt;The &lt;fen&gt;Subregion&lt;/fen&gt; describes which part of a larger whole is being affected.

&lt;ex&gt;The cloth was &lt;t&gt;rotting&lt;/t&gt; &lt;fex name="sub"&gt;around the edges&lt;/fex&gt;.&lt;/ex&gt;&lt;/def-root&gt;</definition>
        <semType name="Locative_relation" ID="182"/>
    </FE>
    <FE bgColor="FF69B4" fgColor="FFFFFF" coreType="Peripheral" cBy="JKR" cDate="06/21/2002 02:57:32 PDT Fri" abbrev="Deg" name="Degree" ID="3161">
        <definition>&lt;def-root&gt;The &lt;fen&gt;Degree&lt;/fen&gt; expressions that indicate to what degree the &lt;fen&gt;Patient&lt;/fen&gt; has changed.  &lt;ex&gt; Its entrails had &lt;fex name="Degree"&gt;totally&lt;/fex&gt; &lt;t&gt;decomposed&lt;/t&gt;.&lt;/ex&gt; &lt;ex&gt;Before he could get to the specimen , its entrails had &lt;t&gt;decomposed&lt;/t&gt; &lt;fex name="Deg"&gt;so badly that they had to be thrown away&lt;/fex&gt;.&lt;/ex&gt; &lt;/def-root&gt;</definition>
        <semType name="Degree" ID="172"/>
    </FE>
    <FE bgColor="0000FF" fgColor="FFFFFF" coreType="Extra-Thematic" cBy="Hay" cDate="10/02/2003 11:36:46 PDT Thu" abbrev="Freq" name="Frequency" ID="5312">
        <definition>&lt;def-root&gt;The number of times that a rotting event takes place.

&lt;ex&gt;&lt;fex name="Frequency"&gt;Often&lt;/fex&gt;, the food would &lt;t&gt;perish&lt;/t&gt; because there was no refrigeration.&lt;/ex&gt;&lt;/def-root&gt;</definition>
    </FE>
    <FE bgColor="d0d0d0" fgColor="000000" coreType="Peripheral" cBy="Hay" cDate="10/02/2003 11:36:46 PDT Thu" abbrev="Mnr" name="Manner" ID="5313">
        <definition>&lt;def-root&gt;Any description of the Rotting event  which is not covered by more specific FEs, including epistemic modification (probably, presumably, mysteriously),  secondary effects (horribly), and general descriptions comparing events (the same way).

&lt;ex&gt;The soldiers' wounds &lt;t&gt;festered&lt;/t&gt; &lt;fex name="Manner"&gt;slowly&lt;/fex&gt;&lt;/ex&gt;&lt;/def-root&gt;</definition>
        <semType name="Manner" ID="173"/>
    </FE>
    <FE bgColor="006400" fgColor="FFFFFF" coreType="Extra-Thematic" cBy="Pam" cDate="01/11/2005 11:51:25 PST Tue" abbrev="cir" name="Circumstances" ID="7419">
        <definition>&lt;def-root&gt;A state of affairs that entails the &lt;fen&gt;Patient&lt;/fen&gt; decaying.  &lt;ex&gt;And I've got a piece of ham that 'll &lt;t&gt;spoil&lt;/t&gt; &lt;fex name="cir"&gt;if we don't eat it tonight&lt;/fex&gt;.&lt;/ex&gt;&lt;/def-root&gt;</definition>
    </FE>
    <frameRelation type="Inherits from">
        <relatedFrame ID="187">Event</relatedFrame>
    </frameRelation>
    <frameRelation type="Is Inherited by"/>
    <frameRelation type="Perspective on"/>
    <frameRelation type="Is Perspectivized in"/>
    <frameRelation type="Uses"/>
    <frameRelation type="Is Used by"/>
    <frameRelation type="Subframe of"/>
    <frameRelation type="Has Subframe(s)"/>
    <frameRelation type="Precedes"/>
    <frameRelation type="Is Preceded by"/>
    <frameRelation type="Is Inchoative of">
        <relatedFrame ID="346">Being_rotted</relatedFrame>
    </frameRelation>
    <frameRelation type="Is Causative of"/>
    <frameRelation type="See also"/>
    <lexUnit status="Insufficient_Attestations" POS="V" name="putrefy.v" ID="5933" lemmaID="31305" cBy="ACW" cDate="05/31/2002 04:28:02 PDT Fri">
        <definition>COD: decay or rot and produce a fetid smell.</definition>
        <sentenceCount annotated="2" total="2"/>
        <lexeme order="1" headword="false" breakBefore="false" POS="V" name="putrefy"/>
    </lexUnit>
    <lexUnit status="Finished_Initial" POS="V" name="rot.v" ID="5934" lemmaID="33560" cBy="ACW" cDate="05/31/2002 04:28:49 PDT Fri">
        <definition>COD: decompose by the action of bacteria and fungi; decay or cause to decay</definition>
        <sentenceCount annotated="24" total="105"/>
        <lexeme order="1" headword="false" breakBefore="false" POS="V" name="rot"/>
    </lexUnit>
    <lexUnit status="Finished_Initial" POS="V" name="decompose.v" ID="5935" lemmaID="9829" cBy="ACW" cDate="05/31/2002 04:29:50 PDT Fri">
        <definition>COD: (of organic matter) decay; become rotten. </definition>
        <sentenceCount annotated="12" total="90"/>
        <lexeme order="1" headword="false" breakBefore="false" POS="V" name="decompose"/>
    </lexUnit>
    <lexUnit status="Finished_Initial" POS="V" name="decay.v" ID="5936" lemmaID="9757" cBy="ACW" cDate="05/31/2002 04:30:25 PDT Fri">
        <definition>COD: rot or cause to rot through the action of bacteria and fungi; decompose. </definition>
        <sentenceCount annotated="12" total="104"/>
        <lexeme order="1" headword="false" breakBefore="false" POS="V" name="decay"/>
    </lexUnit>
    <lexUnit status="Finished_Initial" POS="V" name="fester.v" ID="5955" lemmaID="14209" cBy="ACW" cDate="06/03/2002 04:44:34 PDT Mon">
        <definition>COD: become rotten</definition>
        <sentenceCount annotated="6" total="23"/>
        <lexeme order="1" headword="false" breakBefore="false" POS="V" name="fester"/>
    </lexUnit>
    <lexUnit status="Finished_Initial" POS="V" name="moulder.v" ID="5956" lemmaID="25053" cBy="ACW" cDate="06/03/2002 04:46:27 PDT Mon">
        <definition>COD: slowly decay</definition>
        <sentenceCount annotated="5" total="12"/>
        <lexeme order="1" headword="false" breakBefore="false" POS="V" name="molder"/>
    </lexUnit>
    <lexUnit status="Finished_Initial" POS="V" name="perish.v" ID="6089" lemmaID="28478" cBy="ACW" cDate="06/11/2002 04:04:14 PDT Tue">
        <definition>COD: rot or decay.</definition>
        <sentenceCount annotated="9" total="69"/>
        <lexeme order="1" headword="false" breakBefore="false" POS="V" name="perish"/>
    </lexUnit>
    <lexUnit status="Finished_Initial" POS="V" name="spoil.v" ID="6189" lemmaID="37433" cBy="ACW" cDate="06/18/2002 12:15:34 PDT Tue">
        <definition>COD: (of food) become unfit for eating. </definition>
        <sentenceCount annotated="6" total="212"/>
        <lexeme order="1" headword="false" breakBefore="false" POS="V" name="spoil"/>
    </lexUnit>
    <lexUnit status="Created" POS="N" name="decay.n" ID="8020" lemmaID="9756" cBy="ACW" cDate="01/16/2003 02:40:50 PST Thu">
        <definition>COD: the state or process of decaying. </definition>
        <sentenceCount annotated="0" total="0"/>
        <lexeme order="1" headword="false" breakBefore="false" POS="N" name="decay"/>
    </lexUnit>
    <lexUnit status="Created" POS="N" name="rot.n" ID="8021" lemmaID="33559" cBy="ACW" cDate="01/16/2003 02:43:01 PST Thu">
        <definition>COD: the process of decaying. </definition>
        <sentenceCount annotated="0" total="0"/>
        <lexeme order="1" headword="false" breakBefore="false" POS="N" name="rot"/>
    </lexUnit>
</frame>