<?xml version="1.0" encoding="UTF-8" standalone="yes"?>
<?xml-stylesheet type="text/xsl" href="frame.xsl"?>
<frame cBy="MJE" cDate="04/02/2007 07:52:06 PDT Mon" name="Scope" ID="1927" xsi:schemaLocation="../schema/frame.xsd" xmlns="http://framenet.icsi.berkeley.edu" xmlns:xsi="http://www.w3.org/2001/XMLSchema-instance">
    <definition>&lt;def-root&gt;An &lt;fen&gt;Event&lt;/fen&gt; is described in terms of the diversity of entities that are affected or considered in the &lt;fen&gt;Event&lt;/fen&gt;. Alternatively a &lt;fen&gt;Salient_entity&lt;/fen&gt; which enables or brings about the &lt;fen&gt;Event&lt;/fen&gt; can be similarly described. 
&lt;ex&gt;The U.S. government believes that China has not revealed the full &lt;t&gt;scope&lt;/t&gt; &lt;fex name="Salient_entity"&gt;of its program&lt;/fex&gt;.&lt;/ex&gt;
&lt;ex&gt;A key question is how U.S. deployment of ballistic missile defense will affect the pace and &lt;t&gt;scope&lt;/t&gt; &lt;fex name="Event"&gt;of Chinese strategic modernization&lt;/fex&gt;.&lt;/ex&gt;&lt;/def-root&gt;</definition>
    <FE bgColor="FF0000" fgColor="FFFFFF" coreType="Core" cBy="MJE" cDate="04/02/2007 07:52:06 PDT Mon" abbrev="" name="Event" ID="11612">
        <definition>&lt;def-root&gt;The state-of-affairs that affects a set of entities.&lt;/def-root&gt;</definition>
        <excludesFE name="Salient_entity" ID="11615"/>
    </FE>
    <FE bgColor="1E90FF" fgColor="FFFFFF" coreType="Core-Unexpressed" cBy="MJE" cDate="04/02/2007 07:52:06 PDT Mon" abbrev="" name="Attribute" ID="11613">
        <definition>&lt;def-root&gt;The feature of an &lt;fen&gt;Salient_entity&lt;/fen&gt; which is under discussion.&lt;/def-root&gt;</definition>
    </FE>
    <FE bgColor="0000FF" fgColor="FFFFFF" coreType="Core" cBy="MJE" cDate="04/02/2007 07:59:44 PDT Mon" abbrev="" name="Salient_entity" ID="11615">
        <definition>&lt;def-root&gt;The entity which enables or causes the &lt;fen&gt;Event&lt;/fen&gt; being judged.&lt;/def-root&gt;</definition>
    </FE>
    <frameRelation type="Inherits from">
        <relatedFrame ID="964">Attributes</relatedFrame>
    </frameRelation>
    <frameRelation type="Is Inherited by"/>
    <frameRelation type="Perspective on"/>
    <frameRelation type="Is Perspectivized in"/>
    <frameRelation type="Uses"/>
    <frameRelation type="Is Used by"/>
    <frameRelation type="Subframe of"/>
    <frameRelation type="Has Subframe(s)"/>
    <frameRelation type="Precedes"/>
    <frameRelation type="Is Preceded by"/>
    <frameRelation type="Is Inchoative of"/>
    <frameRelation type="Is Causative of"/>
    <frameRelation type="See also"/>
    <lexUnit status="Needs_SCs" POS="N" name="scope.n" ID="14337" lemmaID="34471" cBy="MJE" cDate="04/02/2007 08:02:21 PDT Mon">
        <definition>FN: the number or variety of things affected or considered.</definition>
        <sentenceCount annotated="4" total="122"/>
        <lexeme order="1" headword="false" breakBefore="false" POS="N" name="scope"/>
    </lexUnit>
</frame>