<?xml version="1.0" encoding="UTF-8" standalone="yes"?>
<?xml-stylesheet type="text/xsl" href="frame.xsl"?>
<frame cBy="MLC" cDate="09/13/2011 12:31:53 PDT Tue" name="Self_control" ID="2651" xsi:schemaLocation="../schema/frame.xsd" xmlns="http://framenet.icsi.berkeley.edu" xmlns:xsi="http://www.w3.org/2001/XMLSchema-instance">
    <definition>&lt;def-root&gt;An &lt;fen&gt;Agent&lt;/fen&gt; actively (yet not always with success) attempts to keep themselves from participating in an &lt;fen&gt;Event&lt;/fen&gt;. The &lt;fen&gt;Agent&lt;/fen&gt; is usually pushed to the &lt;fen&gt;Event&lt;/fen&gt; because of an internal urge.
&lt;ex&gt;&lt;/ex&gt;
&lt;ex&gt;&lt;fex name="Agent"&gt;He&lt;/fex&gt; couldn't &lt;t&gt;help&lt;/t&gt; &lt;fex name="Event"&gt;but peek&lt;/fex&gt;.&lt;/ex&gt;&lt;/def-root&gt;</definition>
    <FE bgColor="FF0000" fgColor="FFFFFF" coreType="Core" cBy="MLC" cDate="09/13/2011 12:35:48 PDT Tue" abbrev="" name="Agent" ID="14980">
        <definition>&lt;def-root&gt;The Agent who tries to keep an Event from taking place. &lt;/def-root&gt;</definition>
        <semType name="Human" ID="80"/>
    </FE>
    <FE bgColor="0000FF" fgColor="FFFFFF" coreType="Core" cBy="MLC" cDate="09/13/2011 12:36:42 PDT Tue" abbrev="" name="Event" ID="14981">
        <definition>&lt;def-root&gt;The Event is the action or state of affairs that the Agent wishes to prevent. &lt;/def-root&gt;</definition>
    </FE>
    <FE bgColor="800080" fgColor="FFFFFF" coreType="Peripheral" cBy="MLC" cDate="09/13/2011 04:05:35 PDT Tue" abbrev="" name="Degree" ID="14982">
        <definition>&lt;def-root&gt;This frame element selects some gradable attribute and modifies the expected value for it.&lt;/def-root&gt;</definition>
    </FE>
    <FE bgColor="A52A2A" fgColor="FFFFFF" coreType="Peripheral" cBy="MLC" cDate="09/13/2011 04:06:05 PDT Tue" abbrev="" name="Place" ID="14983">
        <definition>&lt;def-root&gt;The &lt;fen&gt;Place &lt;/fen&gt; is where the &lt;fen&gt;Agent&lt;/fen&gt; attempts to prevent the &lt;fen&gt;Event&lt;/fen&gt; from taking place. &lt;/def-root&gt;</definition>
    </FE>
    <FE bgColor="FFFF00" fgColor="000000" coreType="Peripheral" cBy="MLC" cDate="09/13/2011 04:07:27 PDT Tue" abbrev="" name="Time" ID="14984">
        <definition>&lt;def-root&gt;The &lt;fen&gt;Time&lt;/fen&gt; is when the &lt;fen&gt;Agent&lt;/fen&gt; prevents the &lt;fen&gt;Event&lt;/fen&gt; from taking place. &lt;/def-root&gt;</definition>
        <semType name="Time" ID="141"/>
    </FE>
    <frameRelation type="Inherits from">
        <relatedFrame ID="516">Preventing</relatedFrame>
    </frameRelation>
    <frameRelation type="Is Inherited by"/>
    <frameRelation type="Perspective on"/>
    <frameRelation type="Is Perspectivized in"/>
    <frameRelation type="Uses"/>
    <frameRelation type="Is Used by"/>
    <frameRelation type="Subframe of"/>
    <frameRelation type="Has Subframe(s)"/>
    <frameRelation type="Precedes"/>
    <frameRelation type="Is Preceded by"/>
    <frameRelation type="Is Inchoative of"/>
    <frameRelation type="Is Causative of"/>
    <frameRelation type="See also"/>
    <lexUnit status="Finished_Initial" POS="V" name="help.v" ID="16601" lemmaID="17831" cBy="MLC" cDate="09/13/2011 12:48:58 PDT Tue">
        <definition>FN: the ability to control onself from performing an action or becoming involved in a state of affairs. </definition>
        <sentenceCount annotated="11" total="228"/>
        <lexeme order="1" headword="false" breakBefore="false" POS="V" name="help"/>
        <semType name="Bound_dependent_LU" ID="224"/>
    </lexUnit>
</frame>