<?xml version="1.0" encoding="UTF-8" standalone="yes"?>
<?xml-stylesheet type="text/xsl" href="frame.xsl"?>
<frame cBy="ChW" cDate="02/07/2001 04:12:23 PST Wed" name="Sensation" ID="71" xsi:schemaLocation="../schema/frame.xsd" xmlns="http://framenet.icsi.berkeley.edu" xmlns:xsi="http://www.w3.org/2001/XMLSchema-instance">
    <definition>&lt;def-root&gt;This frame contains nouns that refer to sensations in different modalities. The FE &lt;fen&gt;Source&lt;/fen&gt; is used for the phenomenon that gives rise to the sensation in question. The FE &lt;fen&gt;Percept&lt;/fen&gt; is used for the characteristic quality of the sensation. In cases of veridical perception these are not typically distinguished from one another; we use the FE &lt;fen&gt;Percept&lt;/fen&gt; as the default in these cases. With some nouns in this frame it is possible to express the being who experiences the sensation, or the part of the body of such a being. We mark such expressions with the FEs &lt;fen&gt;Perceiver_passive&lt;/fen&gt; and &lt;fen&gt;Body_part&lt;/fen&gt;, respectively. (The &lt;ment&gt;-passive&lt;/ment&gt; part of this label serves to distinguish this FE from the Perceiver-Agentive FE used in other frames.) 
&lt;ex&gt;&lt;/ex&gt;
&lt;ex&gt;&lt;fex name="Percept"&gt;The huge sand dunes, perpetually changing&lt;/fex&gt;, &lt;m&gt;make&lt;/m&gt; for a &lt;fex name="Descriptor"&gt;surreal&lt;/fex&gt; &lt;t&gt;sight&lt;/t&gt;.&lt;/ex&gt;

&lt;ex&gt;&lt;fex name="Perceiver_passive"&gt;Endill&lt;/fex&gt; &lt;m&gt;heard&lt;/m&gt; the &lt;t&gt;noise&lt;/t&gt; &lt;fex name="Percept"&gt;of glass smashing, plaster crumbling and furniture being broken&lt;/fex&gt;.&lt;/ex&gt;

&lt;ex&gt;The &lt;t&gt;feel&lt;/t&gt; &lt;fex name="Percept"&gt;of his strong fingers enclosing her small palm&lt;/fex&gt; came as something of a shock to her system.&lt;/ex&gt;&lt;/def-root&gt;</definition>
    <FE bgColor="FFA500" fgColor="FFFFFF" coreType="Core" cBy="ChW" cDate="02/07/2001 04:12:23 PST Wed" abbrev="Perc-Pass" name="Perceiver_passive" ID="339">
        <definition>&lt;def-root&gt;This FE is only expressed with certain nouns in this frame, and then only with the help of a support verb, such as &lt;ment&gt;have&lt;/ment&gt;: 
&lt;ex&gt;&lt;fex name="Perceiver_passive"&gt;I&lt;/fex&gt; &lt;ment&gt;have&lt;/ment&gt; a tingling &lt;t&gt;sensation&lt;/t&gt; in my hands.&lt;/ex&gt;
 With most nouns in this frame, a perceiver can only be expressed as the subject of a perception verb such as &lt;ment&gt;detect&lt;/ment&gt; or &lt;ment&gt;sense&lt;/ment&gt;: 
&lt;ex&gt;The dog &lt;ment&gt;detected&lt;/ment&gt; the &lt;t&gt;scent&lt;/t&gt; of explosives.&lt;/ex&gt;
In sentences like these the perceiver-denoting expression is not annotated because it is introduced by another perception word, which is treated independently in a different frame. &lt;/def-root&gt;</definition>
        <semType name="Sentient" ID="5"/>
    </FE>
    <FE bgColor="006400" fgColor="FFFFFF" coreType="Core" cBy="ChW" cDate="02/07/2001 04:12:24 PST Wed" abbrev="Src" name="Source" ID="340">
        <definition>&lt;def-root&gt;This is the entity or phenomenon which gives rise to the sensation. In cases of veridical sensation, this FE is not typically distinguished from &lt;fen&gt;Percept&lt;/fen&gt;. Most of the phrases that express this FE can be paraphrased as &lt;ment&gt;from&lt;/ment&gt;-phrases, e.g. 
&lt;ex&gt;The &lt;t&gt;smell&lt;/t&gt; &lt;fex name="Source"&gt;of the garlic&lt;/fex&gt; made me hungry.&lt;/ex&gt;
&lt;ex&gt;The &lt;t&gt;smell&lt;/t&gt; &lt;fex name="Source"&gt;from the garlic&lt;/fex&gt; made me hungry.&lt;/ex&gt;
&lt;ex&gt;The &lt;t&gt;smell&lt;/t&gt; &lt;ment&gt;of garlic&lt;/ment&gt; made me hungry.&lt;/ex&gt;
&lt;ex&gt;*The &lt;t&gt;smell&lt;/t&gt; &lt;ment&gt;from garlic&lt;/ment&gt; made me hungry.&lt;/ex&gt;
The first sentence, in which the object of the prepostion &lt;ment&gt;of&lt;/ment&gt; is a definite NP, can be roughly paraphrased by the second sentence, which replaces the &lt;ment&gt;of&lt;/ment&gt;-PP with a &lt;ment&gt;from&lt;/ment&gt;-PP. This shows that the phrase &lt;ment&gt;of the garlic&lt;/ment&gt; in the first sentence expresses &lt;fen&gt;Source&lt;/fen&gt;. On the other hand, the third sentence, in which the object of the preposition &lt;ment&gt;of&lt;/ment&gt; is a bare noun, cannot be so paraphrased. The bare-noun &lt;ment&gt;of&lt;/ment&gt;-PPs express &lt;fen&gt;Percept&lt;/fen&gt; rather than &lt;fen&gt;Source&lt;/fen&gt;. &lt;fen&gt;Source&lt;/fen&gt; can be expressed as the External Argument of a support verb, e.g.
&lt;ex&gt;&lt;fex name="Source"&gt;This herb&lt;/fex&gt; &lt;ment&gt;emits&lt;/ment&gt; a strong &lt;t&gt;odour&lt;/t&gt;. &lt;/ex&gt;&lt;/def-root&gt;</definition>
        <semType name="Source" ID="151"/>
    </FE>
    <FE bgColor="0000FF" fgColor="FFFFFF" coreType="Core" cBy="ChW" cDate="02/07/2001 04:12:24 PST Wed" abbrev="Pcpt" name="Percept" ID="341">
        <definition>&lt;def-root&gt;The FE &lt;fen&gt;Percept&lt;/fen&gt; is used for phrases that express the characteristic property of a sensation. Typically this characteristic property is described with reference to the entity or phenomenon that produces the sensation---that  is why this FE can be difficult to distinguish from Source. It is possible for Source and Percept to be expressed separately, however: 
&lt;ex&gt;&lt;fex name="Source"&gt;This herb&lt;/fex&gt; &lt;gov&gt;gives off&lt;/gov&gt; a &lt;t&gt;smell&lt;/t&gt; &lt;fex name="Percept"&gt;of garlic&lt;/fex&gt;.&lt;/ex&gt;
 In cases in which it is impossible to distinguish between Source and Percept, Percept is used as the default FE. &lt;/def-root&gt;</definition>
    </FE>
    <FE bgColor="9F79EE" fgColor="FFFFFF" coreType="Core" cBy="ChW" cDate="02/07/2001 04:12:24 PST Wed" abbrev="BodP" name="Body_part" ID="342">
        <definition>&lt;def-root&gt;This FE is assigned to phrases expressing the body part in which a sensation is located. Since touch is the least localized of sense modalities, words relating to haptic sensations are the ones most likely to occur with this FE: 
&lt;ex&gt;I have a tingling &lt;t&gt;feeling&lt;/t&gt; &lt;fex name="Body_part"&gt;in my hands&lt;/fex&gt;.&lt;/ex&gt;
 Words for other sense modalities can occasionally express this FE as well:
&lt;ex&gt;There is a bitter &lt;t&gt;taste&lt;/t&gt; &lt;fex name="Body_part"&gt;on the back of my tongue&lt;/fex&gt;.&lt;/ex&gt;
&lt;ex&gt;The ringing &lt;t&gt;sound&lt;/t&gt; &lt;fex name="Body_part"&gt;in my left ear&lt;/fex&gt; distracted me during class. &lt;/ex&gt;&lt;/def-root&gt;</definition>
        <semType name="Body_part" ID="10"/>
    </FE>
    <FE bgColor="FF00FF" fgColor="FFFFFF" coreType="Peripheral" cBy="ACW" cDate="07/17/2001 02:50:52 PDT Tue" abbrev="Manr" name="Descriptor" ID="1504">
        <definition>&lt;def-root&gt;A characterization of the sensation not covered by a more specific FE.&lt;/def-root&gt;</definition>
        <semType name="Manner" ID="173"/>
    </FE>
    <FE bgColor="7CCD7C" fgColor="FFFFFF" coreType="Core" cBy="MJE" cDate="09/18/2001 05:59:05 PDT Tue" abbrev="Ground" name="Ground" ID="1988">
        <definition>&lt;def-root&gt;This FE is the perceptual background against which the Phenomenon is experienced by the Perceiver.&lt;/def-root&gt;</definition>
    </FE>
    <FE bgColor="800080" fgColor="FFFFFF" coreType="Peripheral" cBy="KmG" cDate="04/18/2008 04:59:07 PDT Fri" abbrev="Tim" name="Time" ID="12561">
        <definition>&lt;def-root&gt;The &lt;fen&gt;Time&lt;/fen&gt; when the sensation is perceived.&lt;/def-root&gt;</definition>
    </FE>
    <FE bgColor="FF69B4" fgColor="FFFFFF" coreType="Peripheral" cBy="KmG" cDate="04/18/2008 05:00:03 PDT Fri" abbrev="Deg" name="Degree" ID="12562">
        <definition>&lt;def-root&gt;This FE describes how strong the sensation is.&lt;/def-root&gt;</definition>
    </FE>
    <frameRelation type="Inherits from">
        <relatedFrame ID="8">Perception</relatedFrame>
    </frameRelation>
    <frameRelation type="Is Inherited by"/>
    <frameRelation type="Perspective on"/>
    <frameRelation type="Is Perspectivized in"/>
    <frameRelation type="Uses"/>
    <frameRelation type="Is Used by"/>
    <frameRelation type="Subframe of"/>
    <frameRelation type="Has Subframe(s)"/>
    <frameRelation type="Precedes"/>
    <frameRelation type="Is Preceded by"/>
    <frameRelation type="Is Inchoative of"/>
    <frameRelation type="Is Causative of"/>
    <frameRelation type="See also"/>
    <lexUnit status="FN1_Sent" POS="N" name="aroma.n" ID="1539" lemmaID="1959" cBy="ChW" cDate="02/08/2001 01:30:01 PST Thu">
        <definition>COD: a pleasant and distinctive smell.</definition>
        <sentenceCount annotated="7" total="100"/>
        <lexeme order="1" headword="false" breakBefore="false" POS="N" name="aroma"/>
    </lexUnit>
    <lexUnit status="FN1_Sent" POS="N" name="bouquet.n" ID="1540" lemmaID="4318" cBy="ChW" cDate="02/08/2001 01:30:01 PST Thu">
        <definition>COD: the characteristic scent of a wine or perfume.</definition>
        <sentenceCount annotated="8" total="100"/>
        <lexeme order="1" headword="false" breakBefore="false" POS="N" name="bouquet"/>
    </lexUnit>
    <lexUnit status="Finished_Initial" POS="N" name="feel.n" ID="1541" lemmaID="14125" cBy="ChW" cDate="02/08/2001 01:30:01 PST Thu">
        <definition>COD: a sensation given by an object or material when touched. </definition>
        <sentenceCount annotated="14" total="111"/>
        <lexeme order="1" headword="false" breakBefore="false" POS="N" name="feel"/>
    </lexUnit>
    <lexUnit status="FN1_Sent" POS="N" name="feeling.n" ID="1542" lemmaID="14128" cBy="ChW" cDate="02/08/2001 01:30:01 PST Thu">
        <definition>COD: an emotional state or reaction</definition>
        <sentenceCount annotated="21" total="216"/>
        <lexeme order="1" headword="false" breakBefore="false" POS="N" name="feeling"/>
    </lexUnit>
    <lexUnit status="FN1_Sent" POS="N" name="flavour.n" ID="1543" lemmaID="26" cBy="ChW" cDate="02/08/2001 01:30:01 PST Thu">
        <definition>COD: the distinctive taste of a food or drink.</definition>
        <sentenceCount annotated="33" total="124"/>
        <lexeme order="1" headword="false" breakBefore="false" POS="N" name="flavor"/>
    </lexUnit>
    <lexUnit status="FN1_Sent" POS="N" name="fragrance.n" ID="1544" lemmaID="15306" cBy="ChW" cDate="02/08/2001 01:30:02 PST Thu">
        <definition>COD: a pleasant, sweet smell or perfume</definition>
        <sentenceCount annotated="15" total="105"/>
        <lexeme order="1" headword="false" breakBefore="false" POS="N" name="fragrance"/>
    </lexUnit>
    <lexUnit status="Finished_Initial" POS="N" name="incense.n" ID="1545" lemmaID="19390" cBy="ChW" cDate="02/08/2001 01:30:02 PST Thu">
        <definition>COD: a gum, spice, or other substance that is burned for the sweet smell it produces</definition>
        <sentenceCount annotated="7" total="45"/>
        <lexeme order="1" headword="false" breakBefore="false" POS="N" name="incense"/>
    </lexUnit>
    <lexUnit status="FN1_Sent" POS="N" name="noise.n" ID="1546" lemmaID="25976" cBy="ChW" cDate="02/08/2001 01:30:02 PST Thu">
        <definition>FN: a loud, unpleasant sound</definition>
        <sentenceCount annotated="34" total="179"/>
        <lexeme order="1" headword="false" breakBefore="false" POS="N" name="noise"/>
    </lexUnit>
    <lexUnit status="FN1_Sent" POS="N" name="odor.n" ID="1547" lemmaID="37" cBy="ChW" cDate="02/08/2001 01:30:02 PST Thu">
        <definition>COD: a distinctive smell.</definition>
        <sentenceCount annotated="17" total="117"/>
        <lexeme order="1" headword="false" breakBefore="false" POS="N" name="odor"/>
    </lexUnit>
    <lexUnit status="FN1_Sent" POS="N" name="perception.n" ID="1548" lemmaID="28400" cBy="ChW" cDate="02/08/2001 01:30:02 PST Thu">
        <definition>FN: the ability to become aware of something through the senses</definition>
        <sentenceCount annotated="18" total="146"/>
        <lexeme order="1" headword="false" breakBefore="false" POS="N" name="perception"/>
    </lexUnit>
    <lexUnit status="FN1_Sent" POS="N" name="perfume.n" ID="1549" lemmaID="28445" cBy="ChW" cDate="02/08/2001 01:30:02 PST Thu">
        <definition>COD: a pleasant smell.</definition>
        <sentenceCount annotated="12" total="106"/>
        <lexeme order="1" headword="false" breakBefore="false" POS="N" name="perfume"/>
    </lexUnit>
    <lexUnit status="FN1_Sent" POS="N" name="reek.n" ID="1550" lemmaID="32287" cBy="ChW" cDate="02/08/2001 01:30:02 PST Thu">
        <definition>COD: a foul smell.</definition>
        <sentenceCount annotated="12" total="32"/>
        <lexeme order="1" headword="false" breakBefore="false" POS="N" name="reek"/>
        <semType name="Negative_judgment" ID="14"/>
    </lexUnit>
    <lexUnit status="FN1_Sent" POS="N" name="savour.n" ID="1551" lemmaID="47" cBy="ChW" cDate="02/08/2001 01:30:02 PST Thu">
        <definition>COD: a characteristic taste, flavour, or smell.</definition>
        <sentenceCount annotated="8" total="26"/>
        <lexeme order="1" headword="false" breakBefore="false" POS="N" name="savor"/>
    </lexUnit>
    <lexUnit status="FN1_Sent" POS="N" name="scent.n" ID="1552" lemmaID="34381" cBy="ChW" cDate="02/08/2001 01:30:03 PST Thu">
        <definition>FN: a distinctive, pleasant smell</definition>
        <sentenceCount annotated="24" total="126"/>
        <lexeme order="1" headword="false" breakBefore="false" POS="N" name="scent"/>
    </lexUnit>
    <lexUnit status="FN1_Sent" POS="N" name="sensation.n" ID="1553" lemmaID="35069" cBy="ChW" cDate="02/08/2001 01:30:03 PST Thu">
        <definition>COD: a physical feeling or perception resulting from something that happens to or comes into contact with the body</definition>
        <sentenceCount annotated="27" total="174"/>
        <lexeme order="1" headword="false" breakBefore="false" POS="N" name="sensation"/>
    </lexUnit>
    <lexUnit status="FN1_Sent" POS="N" name="sense.n" ID="1554" lemmaID="35074" cBy="ChW" cDate="02/08/2001 01:30:03 PST Thu">
        <definition>COD: an awareness of something or feeling that something is the case.</definition>
        <sentenceCount annotated="32" total="236"/>
        <lexeme order="1" headword="false" breakBefore="false" POS="N" name="sense"/>
    </lexUnit>
    <lexUnit status="FN1_Sent" POS="N" name="sight.n" ID="1555" lemmaID="35854" cBy="ChW" cDate="02/08/2001 01:30:03 PST Thu">
        <definition>COD: the action or fact of seeing someone or something</definition>
        <sentenceCount annotated="68" total="227"/>
        <lexeme order="1" headword="false" breakBefore="false" POS="N" name="sight"/>
    </lexUnit>
    <lexUnit status="FN1_Sent" POS="N" name="smell.n" ID="1556" lemmaID="36505" cBy="ChW" cDate="02/08/2001 01:30:03 PST Thu">
        <definition>COD:  a quality in something that is perceived by this faculty</definition>
        <sentenceCount annotated="42" total="154"/>
        <lexeme order="1" headword="false" breakBefore="false" POS="N" name="smell"/>
    </lexUnit>
    <lexUnit status="FN1_Sent" POS="N" name="sound.n" ID="1557" lemmaID="37035" cBy="ChW" cDate="02/08/2001 01:30:03 PST Thu">
        <definition>COD: vibrations which travel through the air or another medium and are sensed by the ear</definition>
        <sentenceCount annotated="81" total="220"/>
        <lexeme order="1" headword="false" breakBefore="false" POS="N" name="sound"/>
    </lexUnit>
    <lexUnit status="FN1_Sent" POS="N" name="stink.n" ID="1558" lemmaID="38080" cBy="ChW" cDate="02/08/2001 01:30:03 PST Thu">
        <definition>COD: a strong, unpleasant smell</definition>
        <sentenceCount annotated="14" total="79"/>
        <lexeme order="1" headword="false" breakBefore="false" POS="N" name="stink"/>
    </lexUnit>
    <lexUnit status="FN1_Sent" POS="N" name="taste.n" ID="1559" lemmaID="39581" cBy="ChW" cDate="02/08/2001 01:30:03 PST Thu">
        <definition>COD: the sensation of flavour perceived in the mouth on contact with a substance.</definition>
        <sentenceCount annotated="19" total="167"/>
        <lexeme order="1" headword="false" breakBefore="false" POS="N" name="taste"/>
    </lexUnit>
    <lexUnit status="FN1_Sent" POS="N" name="whiff.n" ID="1561" lemmaID="43968" cBy="ChW" cDate="02/08/2001 01:30:03 PST Thu">
        <definition>COD: a smell that is smelt only briefly or faintly.</definition>
        <sentenceCount annotated="13" total="42"/>
        <lexeme order="1" headword="false" breakBefore="false" POS="N" name="whiff"/>
    </lexUnit>
    <lexUnit status="Created" POS="N" name="scene.n" ID="10189" lemmaID="34375" cBy="JKR" cDate="03/04/2004 03:39:11 PST Thu">
        <definition>FN: a real or imaginary complex visual image, usually suggesting a prototypical situation</definition>
        <sentenceCount annotated="1" total="2"/>
        <lexeme order="1" headword="false" breakBefore="false" POS="N" name="scene"/>
    </lexUnit>
    <lexUnit status="Created" POS="N" name="image.n" ID="15717" lemmaID="19008" cBy="AlK" cDate="03/19/2010 12:07:01 PDT Fri">
        <definition>FN: something that invokes the visual senses</definition>
        <sentenceCount annotated="11" total="12"/>
        <lexeme order="1" headword="false" breakBefore="false" POS="N" name="image"/>
    </lexUnit>
</frame>