<?xml version="1.0" encoding="UTF-8" standalone="yes"?>
<?xml-stylesheet type="text/xsl" href="frame.xsl"?>
<frame cBy="WMcQ" cDate="04/14/2015 03:13:06 PDT Tue" name="Sex" ID="2913" xsi:schemaLocation="../schema/frame.xsd" xmlns="http://framenet.icsi.berkeley.edu" xmlns:xsi="http://www.w3.org/2001/XMLSchema-instance">
    <definition>&lt;def-root&gt;&lt;fen&gt;Participants&lt;/fen&gt; in a Sex act engage in or are subjected to sexual contact. Often the LUs in this frame are suggestive euphemisms which refer to non-sexual physical contact, Giving/Receiving scenarios, frames related to travel, physical orientation, body metonymy, biological necessity, or a simple completion of Activity.

&lt;/def-root&gt;</definition>
    <FE bgColor="FF0000" fgColor="FFFFFF" coreType="Core" cBy="WMcQ" cDate="04/14/2015 03:13:27 PDT Tue" abbrev="" name="Participants" ID="16354">
        <definition>&lt;def-root&gt;The set of entities engaged in or subjected to sexual contact.&lt;/def-root&gt;</definition>
    </FE>
    <FE bgColor="FFD700" fgColor="000000" coreType="Core" cBy="WMcQ" cDate="04/14/2015 03:14:55 PDT Tue" abbrev="" name="Participant_1" ID="16355">
        <definition>&lt;def-root&gt;One party present for sex.&lt;/def-root&gt;</definition>
        <excludesFE name="Participants" ID="16354"/>
    </FE>
    <FE bgColor="000000" fgColor="FFD700" coreType="Core" cBy="WMcQ" cDate="04/14/2015 03:16:07 PDT Tue" abbrev="" name="Participant_2" ID="16356">
        <definition>&lt;def-root&gt;Another party present for sex.&lt;/def-root&gt;</definition>
        <excludesFE name="Participants" ID="16354"/>
    </FE>
    <FE bgColor="FFA500" fgColor="FFFFFF" coreType="Peripheral" cBy="WMcQ" cDate="04/14/2015 03:24:28 PDT Tue" abbrev="" name="Duration" ID="16357">
        <definition>&lt;def-root&gt;This FE describes the length of time that an entire sexual encounter can last, including but not necessarily implying the length of all stages of the encounter.&lt;/def-root&gt;</definition>
    </FE>
    <FE bgColor="FF00FF" fgColor="FFFFFF" coreType="Peripheral" cBy="WMcQ" cDate="04/14/2015 03:36:27 PDT Tue" abbrev="" name="Manner" ID="16358">
        <definition>&lt;def-root&gt;A description of the sex act which is not covered by more specific FEs. In addition, it may indicate salient characteristics of one or more &lt;fen&gt;Participants&lt;/fen&gt; that also affect the action.&lt;/def-root&gt;</definition>
    </FE>
    <FE bgColor="008000" fgColor="FFFFFF" coreType="Peripheral" cBy="WMcQ" cDate="04/14/2015 03:39:03 PDT Tue" abbrev="" name="Place" ID="16359">
        <definition>&lt;def-root&gt;To be clear: the place FE describes the overall location of the &lt;fen&gt;Participants&lt;/fen&gt; of the sexual activity and nothing else.&lt;/def-root&gt;</definition>
    </FE>
    <FE bgColor="FFA500" fgColor="800080" coreType="Peripheral" cBy="WMcQ" cDate="04/14/2015 03:41:59 PDT Tue" abbrev="" name="Time" ID="16360">
        <definition>&lt;def-root&gt;This FE relates the relative time of occurrence of the sexual activity.&lt;/def-root&gt;</definition>
    </FE>
    <FE bgColor="A52A2A" fgColor="FFFFFF" coreType="Extra-Thematic" cBy="WMcQ" cDate="04/14/2015 03:43:09 PDT Tue" abbrev="" name="Domain" ID="16361">
        <definition>&lt;def-root&gt;For a sexual act, the &lt;fen&gt;Domain&lt;/fen&gt; describes the specific realm of the contact between &lt;fen&gt;Participants&lt;/fen&gt;; for example, phone sex.&lt;/def-root&gt;</definition>
    </FE>
    <FE bgColor="800080" fgColor="FFFFFF" coreType="Peripheral" cBy="WMcQ" cDate="04/14/2015 03:45:09 PDT Tue" abbrev="" name="Purpose" ID="16362">
        <definition>&lt;def-root&gt;This FE identifies the justification of a sexual act, for at least one of the &lt;fen&gt;Participants&lt;/fen&gt;.&lt;/def-root&gt;</definition>
    </FE>
    <FE bgColor="FF69B4" fgColor="FFFFFF" coreType="Peripheral" cBy="WMcQ" cDate="04/14/2015 03:57:13 PDT Tue" abbrev="" name="Means" ID="16364">
        <definition>&lt;def-root&gt;This FE identifies the &lt;fen&gt;Means&lt;/fen&gt; by which &lt;fen&gt;Participants&lt;/fen&gt; accomplish a sexual act.&lt;/def-root&gt;</definition>
    </FE>
    <frameRelation type="Inherits from"/>
    <frameRelation type="Is Inherited by">
        <relatedFrame ID="2914">Procreative_sex</relatedFrame>
    </frameRelation>
    <frameRelation type="Perspective on"/>
    <frameRelation type="Is Perspectivized in"/>
    <frameRelation type="Uses"/>
    <frameRelation type="Is Used by"/>
    <frameRelation type="Subframe of"/>
    <frameRelation type="Has Subframe(s)"/>
    <frameRelation type="Precedes"/>
    <frameRelation type="Is Preceded by"/>
    <frameRelation type="Is Inchoative of"/>
    <frameRelation type="Is Causative of"/>
    <frameRelation type="See also"/>
    <lexUnit status="Created" POS="V" name="do.v" ID="17932" lemmaID="11346" cBy="WMcQ" cDate="04/14/2015 03:49:50 PDT Tue">
        <definition>FN: This verb can relate the simplest sense of the completion of a sexual act, or can be combined with the Act FE to relate a more complicated scenario.</definition>
        <sentenceCount annotated="0" total="0"/>
        <lexeme order="1" headword="false" breakBefore="false" POS="V" name="do"/>
    </lexUnit>
    <lexUnit status="Created" POS="V" name="shag.v" ID="17933" lemmaID="35327" cBy="WMcQ" cDate="04/14/2015 05:09:21 PDT Tue">
        <definition>FN: (Often lewd.) To have sex.</definition>
        <sentenceCount annotated="0" total="0"/>
        <lexeme order="1" headword="false" breakBefore="false" POS="V" name="shag"/>
    </lexUnit>
    <lexUnit status="Created" POS="V" name="mate.v" ID="17935" lemmaID="23675" cBy="WMcQ" cDate="04/14/2015 05:25:05 PDT Tue">
        <definition>FN: To have sexual intercourse. Often, used as a biological term.</definition>
        <sentenceCount annotated="0" total="0"/>
        <lexeme order="1" headword="false" breakBefore="false" POS="V" name="mate"/>
    </lexUnit>
    <lexUnit status="Created" POS="V" name="bang.v" ID="17936" lemmaID="2807" cBy="WMcQ" cDate="04/14/2015 05:29:38 PDT Tue">
        <definition>FN: To have sex</definition>
        <sentenceCount annotated="0" total="0"/>
        <lexeme order="1" headword="false" breakBefore="false" POS="V" name="bang"/>
    </lexUnit>
    <lexUnit status="Created" POS="V" name="lay.v" ID="17937" lemmaID="21875" cBy="WMcQ" cDate="04/14/2015 05:31:18 PDT Tue">
        <definition>FN: (archaic) To have sex</definition>
        <sentenceCount annotated="0" total="0"/>
        <lexeme order="1" headword="false" breakBefore="false" POS="V" name="lay"/>
    </lexUnit>
    <lexUnit status="Created" POS="V" name="bump uglies.v" ID="17939" lemmaID="51847" cBy="WMcQ" cDate="04/14/2015 05:43:03 PDT Tue">
        <definition>FN: (euphemism) To have sex </definition>
        <sentenceCount annotated="0" total="0"/>
        <lexeme order="1" headword="true" breakBefore="false" POS="V" name="bump"/>
        <lexeme order="2" headword="false" breakBefore="true" POS="N" name="uglies"/>
    </lexUnit>
    <lexUnit status="Created" POS="V" name="knock boots.v" ID="17940" lemmaID="51848" cBy="WMcQ" cDate="04/14/2015 05:47:20 PDT Tue">
        <definition>FN: (euphemism) To have sex</definition>
        <sentenceCount annotated="0" total="0"/>
        <lexeme order="1" headword="true" breakBefore="false" POS="V" name="knock"/>
        <lexeme order="2" headword="false" breakBefore="true" POS="N" name="boots"/>
    </lexUnit>
    <lexUnit status="Created" POS="V" name="bone.v" ID="17941" lemmaID="4119" cBy="WMcQ" cDate="04/14/2015 05:50:47 PDT Tue">
        <definition>FN: (metonymy) To have sex.</definition>
        <sentenceCount annotated="0" total="0"/>
        <lexeme order="1" headword="false" breakBefore="false" POS="V" name="bone"/>
    </lexUnit>
    <lexUnit status="Created" POS="V" name="slam.v" ID="17942" lemmaID="36227" cBy="WMcQ" cDate="04/14/2015 05:55:25 PDT Tue">
        <definition>FN: To have sex.</definition>
        <sentenceCount annotated="0" total="0"/>
        <lexeme order="1" headword="false" breakBefore="false" POS="V" name="slam"/>
    </lexUnit>
    <lexUnit status="Pre-Marked" POS="N" name="intercourse.n" ID="17945" lemmaID="20306" cBy="WMcQ" cDate="04/14/2015 06:01:31 PDT Tue">
        <definition>FN: A sexual act</definition>
        <sentenceCount annotated="0" total="100"/>
        <lexeme order="1" headword="false" breakBefore="false" POS="N" name="intercourse"/>
    </lexUnit>
    <lexUnit status="Created" POS="V" name="copulate.v" ID="17946" lemmaID="8319" cBy="WMcQ" cDate="04/14/2015 06:04:02 PDT Tue">
        <definition>FN: To have sex.</definition>
        <sentenceCount annotated="0" total="0"/>
        <lexeme order="1" headword="false" breakBefore="false" POS="V" name="copulate"/>
    </lexUnit>
    <lexUnit status="Created" POS="V" name="make love.v" ID="17947" lemmaID="51849" cBy="WMcQ" cDate="04/14/2015 06:05:05 PDT Tue">
        <definition>FN: To have intimate sex</definition>
        <sentenceCount annotated="0" total="0"/>
        <lexeme order="1" headword="true" breakBefore="false" POS="V" name="make"/>
        <lexeme order="2" headword="false" breakBefore="true" POS="N" name="love"/>
    </lexUnit>
    <lexUnit status="Created" POS="A" name="make whoopee.a" ID="17948" lemmaID="51850" cBy="WMcQ" cDate="04/14/2015 06:06:16 PDT Tue">
        <definition>FN: (euphemism) To have sex</definition>
        <sentenceCount annotated="0" total="0"/>
        <lexeme order="1" headword="true" breakBefore="false" POS="V" name="make"/>
        <lexeme order="2" headword="false" breakBefore="false" POS="N" name="whoopie"/>
    </lexUnit>
    <lexUnit status="Created" POS="V" name="pork.v" ID="17949" lemmaID="51851" cBy="WMcQ" cDate="04/14/2015 06:07:31 PDT Tue">
        <definition>FN: (euphemism) To have sex</definition>
        <sentenceCount annotated="0" total="0"/>
        <lexeme order="1" headword="true" breakBefore="false" POS="V" name="pork"/>
    </lexUnit>
    <lexUnit status="Created" POS="V" name="fuck.v" ID="17950" lemmaID="15608" cBy="MJE" cDate="04/14/2015 07:19:36 PDT Tue">
        <definition>FN: (vulgar) have intercourse (with).</definition>
        <sentenceCount annotated="0" total="0"/>
        <lexeme order="1" headword="false" breakBefore="false" POS="V" name="fuck"/>
    </lexUnit>
    <lexUnit status="Created" POS="V" name="do it.v" ID="17951" lemmaID="51852" cBy="MJE" cDate="04/14/2015 07:20:52 PDT Tue">
        <definition>FN: (slightly vulgar) have intercourse.</definition>
        <sentenceCount annotated="0" total="0"/>
        <lexeme order="1" headword="true" breakBefore="false" POS="V" name="do"/>
        <lexeme order="2" headword="false" breakBefore="false" POS="N" name="it"/>
    </lexUnit>
    <lexUnit status="Created" POS="V" name="take.v" ID="17952" lemmaID="39414" cBy="MJE" cDate="04/14/2015 07:22:34 PDT Tue">
        <definition>FN: (euphemistic; us. of males) have sex with.</definition>
        <sentenceCount annotated="0" total="0"/>
        <lexeme order="1" headword="false" breakBefore="false" POS="V" name="take"/>
    </lexUnit>
    <lexUnit status="Created" POS="N" name="sex.n" ID="17953" lemmaID="51853" cBy="MJE" cDate="04/14/2015 09:02:40 PDT Tue">
        <definition>FN: an act of physical intimacy that can lead to orgasm.</definition>
        <sentenceCount annotated="0" total="0"/>
        <lexeme order="1" headword="true" breakBefore="false" POS="N" name="sex"/>
    </lexUnit>
    <lexUnit status="Created" POS="V" name="bed.v" ID="17954" lemmaID="3158" cBy="MJE" cDate="04/14/2015 09:52:00 PDT Tue">
        <definition>FN: (euphemism) have sex with.</definition>
        <sentenceCount annotated="0" total="0"/>
        <lexeme order="1" headword="false" breakBefore="false" POS="V" name="bed"/>
    </lexUnit>
    <lexUnit status="Created" POS="V" name="have.v" ID="17955" lemmaID="51741" cBy="WMcQ" cDate="04/16/2015 01:32:24 PDT Thu">
        <definition>FN: Specifically different from the sense of the support verb, this LU refers to sex as an act of possession.

</definition>
        <sentenceCount annotated="0" total="0"/>
        <lexeme order="1" headword="true" breakBefore="false" POS="V" name="have"/>
    </lexUnit>
    <lexUnit status="Created" POS="V" name="give.v" ID="17958" lemmaID="16270" cBy="WMcQ" cDate="04/16/2015 04:21:34 PDT Thu">
        <definition>FN: (euphemistic; us. of males) have sex with)</definition>
        <sentenceCount annotated="0" total="0"/>
        <lexeme order="1" headword="false" breakBefore="false" POS="V" name="give"/>
    </lexUnit>
    <lexUnit status="Created" POS="N" name="quickie.n" ID="17980" lemmaID="31510" cBy="WMcQ" cDate="04/21/2015 02:32:35 PDT Tue">
        <definition>FN: a sex session, due to time restraint or otherwise</definition>
        <sentenceCount annotated="0" total="0"/>
        <lexeme order="1" headword="false" breakBefore="false" POS="N" name="quickie"/>
    </lexUnit>
    <lexUnit status="Created" POS="V" name="jump bones.v" ID="17981" lemmaID="51856" cBy="WMcQ" cDate="04/21/2015 02:36:38 PDT Tue">
        <definition>FN: (euphemism) to have sex</definition>
        <sentenceCount annotated="0" total="0"/>
        <lexeme order="1" headword="true" breakBefore="false" POS="V" name="jump"/>
        <lexeme order="2" headword="false" breakBefore="true" POS="N" name="bones"/>
    </lexUnit>
    <lexUnit status="Created" POS="V" name="jump.v" ID="17982" lemmaID="21138" cBy="WMcQ" cDate="04/21/2015 02:57:03 PDT Tue">
        <definition>FN: (euphemism) to have sex</definition>
        <sentenceCount annotated="0" total="0"/>
        <lexeme order="1" headword="false" breakBefore="false" POS="V" name="jump"/>
    </lexUnit>
    <lexUnit status="Created" POS="V" name="go at it.v" ID="17983" lemmaID="51857" cBy="MJE" cDate="04/21/2015 06:19:08 PDT Tue">
        <definition>FN: mtually and enthusiastically engage in intercourse or other sex related contact.</definition>
        <sentenceCount annotated="0" total="0"/>
        <lexeme order="1" headword="true" breakBefore="false" POS="V" name="go"/>
        <lexeme order="2" headword="false" breakBefore="true" POS="PREP" name="at"/>
        <lexeme order="3" headword="false" breakBefore="false" POS="PRON" name="it"/>
    </lexUnit>
</frame>