<?xml version="1.0" encoding="UTF-8" standalone="yes"?>
<?xml-stylesheet type="text/xsl" href="frame.xsl"?>
<frame cBy="CVa" cDate="04/18/2013 02:56:58 PDT Thu" name="Sharing" ID="2810" xsi:schemaLocation="../schema/frame.xsd" xmlns="http://framenet.icsi.berkeley.edu" xmlns:xsi="http://www.w3.org/2001/XMLSchema-instance">
    <definition>&lt;def-root&gt;In this frame &lt;fen&gt;Protagonist_1&lt;/fen&gt; and &lt;fen&gt;Protagonist_2&lt;/fen&gt;, collectively &lt;fen&gt;Protagonists&lt;/fen&gt;, allow one another to partake jointly the use of an &lt;fen&gt;Entity&lt;/fen&gt; .   

&lt;ex&gt;&lt;fex name="Pros"&gt;More than half of the group&lt;/fex&gt; &lt;t&gt;shared&lt;/t&gt; &lt;fex name="Ent"&gt;needles&lt;/fex&gt;.&lt;/ex&gt;

&lt;ex&gt;&lt;fex name="Pro1"&gt;I&lt;/fex&gt; &lt;t&gt;shared&lt;/t&gt; &lt;fex name="Ent"&gt;the cake&lt;/fex&gt; &lt;fex name="Pro2"&gt;with the ladies at the DAR meeting&lt;/fex&gt;.&lt;/ex&gt;&lt;/def-root&gt;</definition>
    <FE bgColor="800080" fgColor="FFFFFF" coreType="Core" cBy="CVa" cDate="04/18/2013 03:13:31 PDT Thu" abbrev="Pros" name="Protagonists" ID="15880">
        <definition>&lt;def-root&gt;The jointly expressed participants in the use of the &lt;fen&gt;Entity&lt;/fen&gt;.

&lt;ex&gt;It was a small house so &lt;fex name="Pros"&gt;they&lt;/fex&gt; had to &lt;t&gt;share&lt;/t&gt; the bed.&lt;/ex&gt;&lt;/def-root&gt;</definition>
    </FE>
    <FE bgColor="FF0000" fgColor="FFFFFF" coreType="Core" cBy="CVa" cDate="04/18/2013 03:15:30 PDT Thu" abbrev="Pro1" name="Protagonist_1" ID="15881">
        <definition>&lt;def-root&gt;The participant that is encoded as the subject of an active-form sentence or as a by-PP in a passive, who partakes in the joint usage of the &lt;fen&gt;Entity&lt;/fen&gt;.

&lt;ex&gt;&lt;fex name="Pro1"&gt;I&lt;/fex&gt; &lt;t&gt;shared&lt;/t&gt; my breakfast with the woman on my right, because she had forgotten hers.&lt;/ex&gt;&lt;/def-root&gt;</definition>
        <requiresFE name="Protagonist_2" ID="15882"/>
        <excludesFE name="Protagonists" ID="15880"/>
    </FE>
    <FE bgColor="006400" fgColor="FFFFFF" coreType="Core" cBy="CVa" cDate="04/18/2013 03:17:44 PDT Thu" abbrev="Pro2" name="Protagonist_2" ID="15882">
        <definition>&lt;def-root&gt;The participant in the reciprocal event that is coded in a with-PP, who partakes in the usage of the &lt;fen&gt;Entity&lt;/fen&gt; along with &lt;fen&gt;Protagonist_1&lt;/fen&gt;.

&lt;ex&gt;When I looked back, Henry was &lt;t&gt;sharing&lt;/t&gt; his juice &lt;fex name="Pro2"&gt;with his classmate&lt;/fex&gt;.&lt;/ex&gt;&lt;/def-root&gt;</definition>
        <requiresFE name="Protagonist_1" ID="15881"/>
        <excludesFE name="Protagonists" ID="15880"/>
    </FE>
    <FE bgColor="0000FF" fgColor="FFFFFF" coreType="Core" cBy="CVa" cDate="04/18/2013 03:20:14 PDT Thu" abbrev="Ent" name="Entity" ID="15883">
        <definition>&lt;def-root&gt;The object that is shared by the &lt;fen&gt;Protagonists&lt;/fen&gt;.

&lt;ex&gt;Prices are based on two people &lt;t&gt;sharing&lt;/t&gt; &lt;fex name="Entity"&gt;a twin room&lt;/fex&gt;.&lt;/ex&gt;&lt;/def-root&gt;</definition>
    </FE>
    <FE bgColor="FFA500" fgColor="000000" coreType="Peripheral" cBy="CVa" cDate="04/18/2013 04:02:52 PDT Thu" abbrev="" name="Time" ID="15884">
        <definition>&lt;def-root&gt;The time when the &lt;fen&gt;Protagonists&lt;/fen&gt; share the &lt;fen&gt;Entity&lt;/fen&gt;.&lt;/def-root&gt;</definition>
        <semType name="Time" ID="141"/>
    </FE>
    <FE bgColor="FFFF00" fgColor="000000" coreType="Peripheral" cBy="CVa" cDate="04/18/2013 04:04:20 PDT Thu" abbrev="" name="Place" ID="15885">
        <definition>&lt;def-root&gt;The location where the &lt;fen&gt;Protagonists&lt;/fen&gt; partake jointly in the use of the &lt;fen&gt;Entity&lt;/fen&gt;.&lt;/def-root&gt;</definition>
    </FE>
    <frameRelation type="Inherits from">
        <relatedFrame ID="9">Reciprocality</relatedFrame>
    </frameRelation>
    <frameRelation type="Is Inherited by"/>
    <frameRelation type="Perspective on"/>
    <frameRelation type="Is Perspectivized in"/>
    <frameRelation type="Uses"/>
    <frameRelation type="Is Used by"/>
    <frameRelation type="Subframe of"/>
    <frameRelation type="Has Subframe(s)"/>
    <frameRelation type="Precedes"/>
    <frameRelation type="Is Preceded by"/>
    <frameRelation type="Is Inchoative of"/>
    <frameRelation type="Is Causative of"/>
    <frameRelation type="See also"/>
    <lexUnit status="Created" POS="V" name="share.v" ID="17375" lemmaID="35398" cBy="CVa" cDate="04/18/2013 04:05:24 PDT Thu">
        <definition>FN: to use something jointly with another sentient being</definition>
        <sentenceCount annotated="0" total="0"/>
        <lexeme order="1" headword="false" breakBefore="false" POS="V" name="share"/>
    </lexUnit>
</frame>