<?xml version="1.0" encoding="UTF-8" standalone="yes"?>
<?xml-stylesheet type="text/xsl" href="frame.xsl"?>
<frame cBy="JKR" cDate="06/29/2004 09:57:46 PDT Tue" name="Sign_agreement" ID="1151" xsi:schemaLocation="../schema/frame.xsd" xmlns="http://framenet.icsi.berkeley.edu" xmlns:xsi="http://www.w3.org/2001/XMLSchema-instance">
    <definition>&lt;def-root&gt;A &lt;fen&gt;Signatory&lt;/fen&gt; signs an &lt;fen&gt;Agreement&lt;/fen&gt; document, thereby taking on a commitment encoded in the &lt;fen&gt;Agreement&lt;/fen&gt;.

&lt;ex&gt;. &lt;fex name="Time"&gt;During this time&lt;/fex&gt;, &lt;fex name="sig1"&gt;84 countries (including the United States)&lt;/fex&gt; &lt;t&gt;signed&lt;/t&gt; &lt;fex name="agr"&gt;the Protocol&lt;/fex&gt;.&lt;/ex&gt;
&lt;/def-root&gt;</definition>
    <FE bgColor="FF0000" fgColor="FFFFFF" coreType="Core" cBy="JKR" cDate="06/29/2004 09:57:46 PDT Tue" abbrev="sig1" name="Signatory" ID="6651">
        <definition>&lt;def-root&gt;The signatory of the &lt;fen&gt;Agreement&lt;/fen&gt;.

&lt;ex&gt;&lt;fex name="sig1"&gt;Eisenhower&lt;/fex&gt; &lt;t&gt;signed&lt;/t&gt; a treaty  with aliens.&lt;/ex&gt;&lt;/def-root&gt;</definition>
        <semType name="Sentient" ID="5"/>
    </FE>
    <FE bgColor="0000FF" fgColor="FFFFFF" coreType="Core" cBy="JKR" cDate="06/29/2004 09:57:46 PDT Tue" abbrev="sig" name="Signature" ID="6653">
        <definition>&lt;def-root&gt;The entity signifying the identity of the &lt;fen&gt;Signatory&lt;/fen&gt;, resulting from the act of writing on the &lt;fen&gt;Agreement&lt;/fen&gt; document.

&lt;ex&gt;The Attorney General seemingly never &lt;m&gt;put&lt;/m&gt; his &lt;t&gt;&lt;fex name="sig"&gt;signature&lt;/fex&gt;&lt;/t&gt; on the agreement.&lt;/ex&gt;&lt;/def-root&gt;</definition>
    </FE>
    <FE bgColor="2E8B57" fgColor="FFFFFF" coreType="Extra-Thematic" cBy="JKR" cDate="06/29/2004 09:57:46 PDT Tue" abbrev="dep" name="Depictive" ID="6654">
        <definition>&lt;def-root&gt;An expression of the state of the &lt;fen&gt;Signatory&lt;/fen&gt; at the time of signing.

&lt;ex&gt;Jean &lt;t&gt;signed&lt;/t&gt; the contract &lt;fex name="dep"&gt;naked&lt;/fex&gt;.&lt;/ex&gt;&lt;/def-root&gt;</definition>
    </FE>
    <FE bgColor="808080" fgColor="FFFFFF" coreType="Peripheral" cBy="JKR" cDate="06/29/2004 09:57:47 PDT Tue" abbrev="ins" name="Instrument" ID="6655">
        <definition>&lt;def-root&gt;An entity directed by the &lt;fen&gt;Signatory&lt;/fen&gt; that interacts with the &lt;fen&gt;Agreement&lt;/fen&gt; document so as to produce the &lt;fen&gt;Signature&lt;/fen&gt;.

&lt;ex&gt;He &lt;t&gt;signed&lt;/t&gt; the contract &lt;fex name="ins"&gt;with a mixture of his own blood and spit&lt;/fex&gt;.&lt;/ex&gt;&lt;/def-root&gt;</definition>
        <semType name="Physical_entity" ID="70"/>
    </FE>
    <FE bgColor="008000" fgColor="FFFFFF" coreType="Peripheral" cBy="JKR" cDate="06/29/2004 09:57:47 PDT Tue" abbrev="Place" name="Place" ID="6656">
        <definition>&lt;def-root&gt;The place where the signing occurs. &lt;/def-root&gt;</definition>
        <semType name="Locative_relation" ID="182"/>
    </FE>
    <FE bgColor="FF00FF" fgColor="FFFFFF" coreType="Peripheral" cBy="JKR" cDate="06/29/2004 09:57:47 PDT Tue" abbrev="man" name="Manner" ID="6657">
        <definition>&lt;def-root&gt;Any description of the event (or state) which is not covered by more specific FEs, including epistemic modification (&lt;ment&gt;probably&lt;/ment&gt;, &lt;ment&gt;presumably&lt;/ment&gt;), and general descriptions comparing events (the same way). It may indicate salient characteristics of the &lt;fen&gt;Signatory&lt;/fen&gt; that also affect the action (&lt;ment&gt;happily&lt;/ment&gt;, &lt;ment&gt;eagerly&lt;/ment&gt;). 

&lt;ex&gt;Bob &lt;fex name="man"&gt;eagerly&lt;/fex&gt; &lt;t&gt;signed&lt;/t&gt; the contract.&lt;/ex&gt;&lt;/def-root&gt;</definition>
        <semType name="Manner" ID="173"/>
    </FE>
    <FE bgColor="A52A2A" fgColor="FFFFFF" coreType="Peripheral" cBy="JKR" cDate="06/29/2004 09:57:47 PDT Tue" abbrev="mea" name="Means" ID="6658">
        <definition>&lt;def-root&gt;This FE identifies the action whereby the &lt;fen&gt;Signatory&lt;/fen&gt; achieves the signing of the &lt;fen&gt;Agreement&lt;/fen&gt;.


&lt;ex&gt;He &lt;t&gt;signed&lt;/t&gt; the contract &lt;fex name="mea"&gt;by writing his name, Cornelis Wynkoop&lt;/fex&gt;.&lt;/ex&gt;&lt;/def-root&gt;</definition>
        <semType name="State_of_affairs" ID="177"/>
    </FE>
    <FE bgColor="800080" fgColor="FFFFFF" coreType="Peripheral" cBy="JKR" cDate="06/29/2004 09:57:47 PDT Tue" abbrev="pur" name="Purpose" ID="6659">
        <definition>&lt;def-root&gt;The purpose for which the &lt;fen&gt;Signatory&lt;/fen&gt; commits to the &lt;fen&gt;Agreement&lt;/fen&gt;.

&lt;ex&gt;&lt;fex name="pur"&gt;In order to become a Party&lt;/fex&gt; Australia will need to &lt;t&gt;sign&lt;/t&gt; the Protocol by 31 March 1998 and then take the binding step of ratification.&lt;/ex&gt;
&lt;/def-root&gt;</definition>
        <semType name="State_of_affairs" ID="177"/>
    </FE>
    <FE bgColor="FFA500" fgColor="FFFFFF" coreType="Peripheral" cBy="JKR" cDate="06/29/2004 09:57:47 PDT Tue" abbrev="Time" name="Time" ID="6660">
        <definition>&lt;def-root&gt;This FE identifies the &lt;fen&gt;Time&lt;/fen&gt; at which signature is given.&lt;/def-root&gt;</definition>
        <semType name="Time" ID="141"/>
    </FE>
    <FE bgColor="90876C" fgColor="FFFFFF" coreType="Extra-Thematic" cBy="JKR" cDate="06/29/2004 09:57:47 PDT Tue" abbrev="exp" name="Explanation" ID="6664">
        <definition>&lt;def-root&gt;The &lt;fen&gt;Explanation&lt;/fen&gt; for putting signature to paper.

&lt;/def-root&gt;</definition>
        <semType name="State_of_affairs" ID="177"/>
    </FE>
    <FE bgColor="9400D3" fgColor="FFFFFF" coreType="Core" cBy="JKR" cDate="06/29/2004 10:21:01 PDT Tue" abbrev="agr" name="Agreement" ID="6667">
        <definition>&lt;def-root&gt;The document which encodes the commitment of the &lt;fen&gt;Signatory&lt;/fen&gt;.

&lt;ex&gt;I &lt;t&gt;signed&lt;/t&gt; &lt;fex name="agr"&gt;the contract&lt;/fex&gt; and now the dealership claims they made a mistake, quoted the price too low and now I have to pay them more money. &lt;/ex&gt;&lt;/def-root&gt;</definition>
    </FE>
    <FE bgColor="00BFFF" fgColor="FFFFFF" coreType="Extra-Thematic" cBy="RLG" cDate="07/29/2005 04:41:13 PDT Fri" abbrev="co-p" name="Co-participant" ID="8763">
        <definition>&lt;def-root&gt;The &lt;fen&gt;Co-participant&lt;/fen&gt; signs the &lt;fen&gt;Agreement&lt;/fen&gt; along with the &lt;fen&gt;Signatory&lt;/fen&gt;.&lt;/def-root&gt;</definition>
    </FE>
    <FE bgColor="1E90FF" fgColor="000000" coreType="Extra-Thematic" cBy="KmG" cDate="04/25/2006 02:11:23 PDT Tue" abbrev="Ben" name="Beneficiary" ID="10059">
        <definition>&lt;def-root&gt;his extrathematic FE applies to participants that derive a benefit from the occurrence of the event specified by the target predicate. Further, the target predicate should involve some sort of Agent that intends that the benefit go to the Beneficiary.&lt;/def-root&gt;</definition>
    </FE>
    <FE bgColor="EEE8AA" fgColor="000000" coreType="Extra-Thematic" cBy="KmG" cDate="02/22/2007 03:16:49 PST Thu" abbrev="" name="Role" ID="11082">
        <definition>&lt;def-root&gt;The category of the &lt;fen&gt;Signatory&lt;/fen&gt; in the Sign_agreement event. &lt;/def-root&gt;</definition>
    </FE>
    <FEcoreSet>
        <memberFE name="Signature" ID="6653"/>
        <memberFE name="Agreement" ID="6667"/>
    </FEcoreSet>
    <frameRelation type="Inherits from">
        <relatedFrame ID="278">Text_creation</relatedFrame>
    </frameRelation>
    <frameRelation type="Is Inherited by"/>
    <frameRelation type="Perspective on"/>
    <frameRelation type="Is Perspectivized in"/>
    <frameRelation type="Uses"/>
    <frameRelation type="Is Used by"/>
    <frameRelation type="Subframe of"/>
    <frameRelation type="Has Subframe(s)"/>
    <frameRelation type="Precedes"/>
    <frameRelation type="Is Preceded by"/>
    <frameRelation type="Is Inchoative of"/>
    <frameRelation type="Is Causative of"/>
    <frameRelation type="See also"/>
    <lexUnit status="Finished_Initial" POS="V" name="sign.v" ID="10681" lemmaID="35869" cBy="JKR" cDate="06/29/2004 10:50:09 PDT Tue">
        <definition>FN: write one's name on (something) for the purposes of indicating agreement</definition>
        <sentenceCount annotated="75" total="450"/>
        <lexeme order="1" headword="false" breakBefore="false" POS="V" name="sign"/>
    </lexUnit>
    <lexUnit status="Add_Annotation" POS="N" name="signature.n" ID="10682" lemmaID="35878" cBy="JKR" cDate="06/29/2004 10:51:23 PDT Tue">
        <definition>FN: a person's name written in a distinctive way as a form of indicating agreement</definition>
        <sentenceCount annotated="4" total="228"/>
        <lexeme order="1" headword="false" breakBefore="false" POS="N" name="signature"/>
    </lexUnit>
    <lexUnit status="Created" POS="N" name="signatory.n" ID="10683" lemmaID="35877" cBy="JKR" cDate="06/29/2004 10:52:28 PDT Tue">
        <definition>COD:  a party that has signed an agreement.</definition>
        <sentenceCount annotated="4" total="4"/>
        <lexeme order="1" headword="false" breakBefore="false" POS="N" name="signatory"/>
    </lexUnit>
    <lexUnit status="Finished_Initial" POS="V" name="accede.v" ID="12579" lemmaID="246" cBy="JKR" cDate="07/29/2005 03:48:23 PDT Fri">
        <definition>FN: become a party to a agreement or treaty</definition>
        <sentenceCount annotated="31" total="177"/>
        <lexeme order="1" headword="false" breakBefore="false" POS="V" name="accede"/>
    </lexUnit>
</frame>