<?xml version="1.0" encoding="UTF-8" standalone="yes"?>
<?xml-stylesheet type="text/xsl" href="frame.xsl"?>
<frame cBy="JKR" cDate="11/19/2004 02:17:15 PST Fri" name="Simple_name" ID="1260" xsi:schemaLocation="../schema/frame.xsd" xmlns="http://framenet.icsi.berkeley.edu" xmlns:xsi="http://www.w3.org/2001/XMLSchema-instance">
    <definition>&lt;def-root&gt;A &lt;fen&gt;Term&lt;/fen&gt; is the linguistic sign conventionally used by a &lt;fen&gt;Speaker&lt;/fen&gt; to refer to a type of &lt;fen&gt;Entity&lt;/fen&gt;.

&lt;ex&gt; &lt;fex name="Term"&gt;Perianth&lt;/fex&gt; &lt;m&gt;is&lt;/m&gt; a collective &lt;t&gt;term&lt;/t&gt; &lt;fex name="ent"&gt;for the outer whorls of the flower, which protect the reproductive parts during development&lt;/fex&gt;.&lt;/ex&gt;

&lt;ex&gt;The &lt;fex name="Speaker"&gt;Polish&lt;/fex&gt; &lt;t&gt;word&lt;/t&gt; &lt;fex name="ent"&gt;for it&lt;/fex&gt; &lt;m&gt;is&lt;/m&gt; &lt;fex name="Term"&gt;czarnuszka&lt;/fex&gt;&lt;/ex&gt;&lt;/def-root&gt;</definition>
    <FE bgColor="800080" fgColor="FFFFFF" coreType="Core" cBy="JKR" cDate="11/19/2004 02:18:32 PST Fri" abbrev="ter" name="Term" ID="7271">
        <definition>&lt;def-root&gt;The linguistic sign that is used for referring to a type of &lt;fen&gt;Entity&lt;/fen&gt;.

&lt;ex&gt;The French &lt;t&gt;term&lt;/t&gt; for this is &lt;fex name="ter"&gt;rime pauvre or rime faible&lt;/fex&gt;.&lt;/ex&gt;&lt;/def-root&gt;</definition>
    </FE>
    <FE bgColor="008000" fgColor="FFFFFF" coreType="Core" cBy="JKR" cDate="11/19/2004 02:20:05 PST Fri" abbrev="ent" name="Entity" ID="7272">
        <definition>&lt;def-root&gt;The type of &lt;fen&gt;Entity&lt;/fen&gt; that is conventionally referred to by a &lt;fen&gt;Term&lt;/fen&gt;.

&lt;ex&gt;Jews are still waiting for the "annointed one" to come; their &lt;t&gt;word&lt;/t&gt; &lt;fex name="ent"&gt;for this&lt;/fex&gt; is Messiah.&lt;/ex&gt;&lt;/def-root&gt;</definition>
    </FE>
    <FE bgColor="0000FF" fgColor="FFFFFF" coreType="Peripheral" cBy="JKR" cDate="11/19/2004 02:23:48 PST Fri" abbrev="spe" name="Speaker" ID="7273">
        <definition>&lt;def-root&gt;A speaker or speech community that uses a &lt;fen&gt;Term&lt;/fen&gt; to refer to a particular &lt;fen&gt;Entity&lt;/fen&gt;.

&lt;ex&gt; &lt;fex name="ter"&gt;An antigen&lt;/fex&gt; is &lt;fex name="spe"&gt;biologists?&lt;/fex&gt; &lt;t&gt;term&lt;/t&gt; &lt;fex name="ent"&gt;for an invading organism&lt;/fex&gt;, such as the influenza virus.&lt;/ex&gt;&lt;/def-root&gt;</definition>
        <semType name="Sentient" ID="5"/>
    </FE>
    <frameRelation type="Inherits from"/>
    <frameRelation type="Is Inherited by"/>
    <frameRelation type="Perspective on"/>
    <frameRelation type="Is Perspectivized in"/>
    <frameRelation type="Uses"/>
    <frameRelation type="Is Used by">
        <relatedFrame ID="1261">Simple_naming</relatedFrame>
        <relatedFrame ID="406">Linguistic_meaning</relatedFrame>
    </frameRelation>
    <frameRelation type="Subframe of"/>
    <frameRelation type="Has Subframe(s)"/>
    <frameRelation type="Precedes"/>
    <frameRelation type="Is Preceded by"/>
    <frameRelation type="Is Inchoative of"/>
    <frameRelation type="Is Causative of"/>
    <frameRelation type="See also"/>
    <lexUnit status="Needs_SCs" POS="N" name="term.n" ID="11230" lemmaID="39896" cBy="JKR" cDate="11/19/2004 02:24:46 PST Fri">
        <definition>COD: a word or phrase used to describe a thing or to express a concept</definition>
        <sentenceCount annotated="4" total="124"/>
        <lexeme order="1" headword="false" breakBefore="false" POS="N" name="term"/>
    </lexUnit>
    <lexUnit status="Created" POS="N" name="word.n" ID="11231" lemmaID="44443" cBy="JKR" cDate="11/19/2004 02:28:58 PST Fri">
        <definition>COD: a single distinct meaningful element of speech or writing, used to form sentences with others</definition>
        <sentenceCount annotated="6" total="8"/>
        <lexeme order="1" headword="false" breakBefore="false" POS="N" name="word"/>
    </lexUnit>
</frame>