<?xml version="1.0" encoding="UTF-8" standalone="yes"?>
<?xml-stylesheet type="text/xsl" href="frame.xsl"?>
<frame cBy="HCB" cDate="07/13/2001 10:44:48 PDT Fri" name="Smuggling" ID="175" xsi:schemaLocation="../schema/frame.xsd" xmlns="http://framenet.icsi.berkeley.edu" xmlns:xsi="http://www.w3.org/2001/XMLSchema-instance">
    <definition>&lt;def-root&gt;The words in this frame describe situations in which the &lt;fen&gt;Perpetrator&lt;/fen&gt; secretly takes &lt;fen&gt;Goods&lt;/fen&gt; into or out of a country or other area which are prohibited by law or on which one has not paid the required duty.

&lt;ex&gt;&lt;fex name="Perpetrator"&gt;He&lt;/fex&gt; &lt;t&gt;smuggled&lt;/t&gt; &lt;fex name="Goods"&gt;the bottle&lt;/fex&gt; &lt;fex name="Path"&gt;through customs&lt;/fex&gt;.&lt;/ex&gt;&lt;/def-root&gt;</definition>
    <FE bgColor="FF0000" fgColor="FFFFFF" coreType="Core" cBy="HCB" cDate="07/13/2001 10:46:08 PDT Fri" abbrev="Perp" name="Perpetrator" ID="1337">
        <definition>&lt;def-root&gt;This is the person (or other agent) that illegally takes the goods into or out of a country.&lt;/def-root&gt;</definition>
        <semType name="Sentient" ID="5"/>
    </FE>
    <FE bgColor="800080" fgColor="FFFFFF" coreType="Core" cBy="HCB" cDate="07/13/2001 10:47:46 PDT Fri" abbrev="Goods" name="Goods" ID="1338">
        <definition>&lt;def-root&gt;The FE Goods is anything (including labor, time, or legal rights) that can be illegally taken into our out of a country.&lt;/def-root&gt;</definition>
    </FE>
    <FE bgColor="00008B" fgColor="FFFFFF" coreType="Peripheral" cBy="HCB" cDate="07/13/2001 10:49:51 PDT Fri" abbrev="Dur" name="Duration" ID="1339">
        <definition>&lt;def-root&gt;The amount of time for which a state holds or a process is ongoing.&lt;/def-root&gt;</definition>
        <semType name="Duration" ID="142"/>
    </FE>
    <FE bgColor="A9A9A9" fgColor="FFFFFF" coreType="Peripheral" cBy="HCB" cDate="07/13/2001 10:49:51 PDT Fri" abbrev="Place" name="Place" ID="1342">
        <definition>&lt;def-root&gt;Where the event takes place.&lt;/def-root&gt;</definition>
        <semType name="Locative_relation" ID="182"/>
    </FE>
    <FE bgColor="90876C" fgColor="FFFFFF" coreType="Extra-Thematic" cBy="HCB" cDate="07/13/2001 10:49:51 PDT Fri" abbrev="exp" name="Explanation" ID="1343">
        <definition>&lt;def-root&gt;The &lt;fen&gt;Explanation&lt;/fen&gt; denotes a proposition from which the main clause (headed by the target) logically follows. This often means that the &lt;fen&gt;Explanation&lt;/fen&gt; causes the target's proposition, but not in all cases.&lt;/def-root&gt;</definition>
        <semType name="State_of_affairs" ID="177"/>
    </FE>
    <FE bgColor="FFA500" fgColor="FFFFFF" coreType="Peripheral" cBy="HCB" cDate="07/13/2001 10:49:51 PDT Fri" abbrev="Time" name="Time" ID="1344">
        <definition>&lt;def-root&gt;When the event occurs.&lt;/def-root&gt;</definition>
        <semType name="Time" ID="141"/>
    </FE>
    <FE bgColor="006400" fgColor="FFFFFF" coreType="Core" cBy="HCB" cDate="07/13/2001 10:51:17 PDT Fri" abbrev="Src" name="Source" ID="1345">
        <definition>&lt;def-root&gt;The source is the location the goods occupy initially before change of location.&lt;/def-root&gt;</definition>
        <semType name="Source" ID="151"/>
    </FE>
    <FE bgColor="0000FF" fgColor="FFFFFF" coreType="Core" cBy="HCB" cDate="07/13/2001 10:52:09 PDT Fri" abbrev="Path" name="Path" ID="1346">
        <definition>&lt;def-root&gt;The path refers to (a part of the) ground the Goods travel over or to a landmark the Goods travel by.&lt;/def-root&gt;</definition>
    </FE>
    <FE bgColor="00BFFF" fgColor="FFFFFF" coreType="Core" cBy="HCB" cDate="07/13/2001 10:54:37 PDT Fri" abbrev="Goal" name="Goal" ID="1347">
        <definition>&lt;def-root&gt;Goal is the location the Goods end up in.&lt;/def-root&gt;</definition>
        <semType name="Goal" ID="153"/>
    </FE>
    <FE bgColor="FF00FF" fgColor="FFFFFF" coreType="Peripheral" cBy="ACW" cDate="07/17/2001 04:43:06 PDT Tue" abbrev="Mns" name="Means" ID="1524">
        <definition>&lt;def-root&gt;An act of the &lt;fen&gt;Perpetrator&lt;/fen&gt; which allows them to smuggle the &lt;fen&gt;Goods&lt;/fen&gt;.&lt;/def-root&gt;</definition>
        <semType name="State_of_affairs" ID="177"/>
    </FE>
    <FE bgColor="FFFFFF" fgColor="FF0000" coreType="Peripheral" cBy="MJE" cDate="06/10/2003 07:47:28 PDT Tue" abbrev="" name="Event" ID="4611">
        <definition>&lt;def-root&gt;The unlawful movement of &lt;fen&gt;Goods&lt;/fen&gt;.&lt;/def-root&gt;</definition>
        <semType name="State_of_affairs" ID="177"/>
    </FE>
    <FE bgColor="FF69B4" fgColor="FFFFFF" coreType="Peripheral" cBy="MJE" cDate="06/11/2003 02:31:02 PDT Wed" abbrev="Man" name="Manner" ID="4620">
        <definition>&lt;def-root&gt;A description of the &lt;fen&gt;Event&lt;/fen&gt; not covered by more specific FEs, including secondary effects (&lt;ment&gt;quietly, loudly&lt;/ment&gt;), and general descriptions comparing events (&lt;ment&gt;the same way&lt;/ment&gt;). In most cases, it indicates salient characteristics of a &lt;fen&gt;Perpetrator&lt;/fen&gt; that also affect the action (&lt;ment&gt;presumptuously, coldly, deliberately, eagerly, carefully&lt;/ment&gt;).
&lt;ex&gt;The rebels had &lt;fex name="Manner"&gt;secretly&lt;/fex&gt; &lt;t&gt;smuggled&lt;/t&gt; in several tonnes of explosives.&lt;/ex&gt;&lt;/def-root&gt;</definition>
        <semType name="Manner" ID="173"/>
    </FE>
    <FE bgColor="9400D3" fgColor="FFFFFF" coreType="Peripheral" cBy="MJE" cDate="06/11/2003 02:39:14 PDT Wed" abbrev="Purp" name="Purpose" ID="4621">
        <definition>&lt;def-root&gt;The action that the &lt;fen&gt;Perpetrator&lt;/fen&gt; is trying to accomplish by the act of smuggling.

&lt;ex&gt;We &lt;t&gt;smuggled&lt;/t&gt; you in here &lt;fex name="Purp"&gt;to try to help&lt;/fex&gt; but ...&lt;/ex&gt;&lt;/def-root&gt;</definition>
        <semType name="State_of_affairs" ID="177"/>
    </FE>
    <FE bgColor="0000FF" fgColor="FFFFFF" coreType="Extra-Thematic" cBy="Hay" cDate="10/02/2003 11:40:55 PDT Thu" abbrev="Freq" name="Frequency" ID="5464">
        <definition>&lt;def-root&gt;The number of times that a smuggling event occurs.

&lt;ex&gt;Inmates &lt;fex name="Frequency"&gt;frequently&lt;/fex&gt; &lt;t&gt;smuggle&lt;/t&gt; marijuana into the prison&lt;/ex&gt;&lt;/def-root&gt;</definition>
    </FE>
    <FE bgColor="2E8B57" fgColor="FFFFFF" coreType="Peripheral" cBy="MJE" cDate="06/14/2006 06:14:32 PDT Wed" abbrev="" name="Constant_location" ID="10286">
        <definition>&lt;def-root&gt;The container, vehicle, or other entity that the &lt;fen&gt;Goods&lt;/fen&gt; move with and remain stationary with respect to.

&lt;ex&gt;She 'll &lt;t&gt;smuggle&lt;/t&gt; them &lt;fex name="Constant_location"&gt;in suit cases&lt;/fex&gt;.&lt;/ex&gt;&lt;/def-root&gt;</definition>
    </FE>
    <FE bgColor="808080" fgColor="FFFFFF" coreType="Peripheral" cBy="MJE" cDate="06/14/2006 06:17:17 PDT Wed" abbrev="dis" name="Distance" ID="10287">
        <definition>&lt;def-root&gt;The distance travelled by the &lt;fen&gt;Goods&lt;/fen&gt;.&lt;/def-root&gt;</definition>
    </FE>
    <FE bgColor="7FFF00" fgColor="000000" coreType="Peripheral" cBy="MJE" cDate="06/14/2006 06:18:41 PDT Wed" abbrev="" name="Speed" ID="10288">
        <definition>&lt;def-root&gt;The amount of time per distance travelled by the &lt;fen&gt;Goods&lt;/fen&gt;.

&lt;ex&gt;They &lt;t&gt;smuggled&lt;/t&gt; the bomb &lt;fex name="Speed"&gt;swiftly&lt;/fex&gt; through customs.&lt;/ex&gt;&lt;/def-root&gt;</definition>
    </FE>
    <FEcoreSet>
        <memberFE name="Path" ID="1346"/>
        <memberFE name="Goal" ID="1347"/>
        <memberFE name="Source" ID="1345"/>
    </FEcoreSet>
    <frameRelation type="Inherits from">
        <relatedFrame ID="700">Committing_crime</relatedFrame>
        <relatedFrame ID="240">Bringing</relatedFrame>
    </frameRelation>
    <frameRelation type="Is Inherited by"/>
    <frameRelation type="Perspective on"/>
    <frameRelation type="Is Perspectivized in"/>
    <frameRelation type="Uses"/>
    <frameRelation type="Is Used by"/>
    <frameRelation type="Subframe of"/>
    <frameRelation type="Has Subframe(s)"/>
    <frameRelation type="Precedes"/>
    <frameRelation type="Is Preceded by"/>
    <frameRelation type="Is Inchoative of"/>
    <frameRelation type="Is Causative of"/>
    <frameRelation type="See also"/>
    <lexUnit status="Finished_Initial" POS="V" name="smuggle.v" ID="3041" lemmaID="36572" cBy="HCB" cDate="07/13/2001 10:57:56 PDT Fri">
        <definition>COD: move (goods) illegally into or out of a country. </definition>
        <sentenceCount annotated="40" total="160"/>
        <lexeme order="1" headword="false" breakBefore="false" POS="V" name="smuggle"/>
    </lexUnit>
    <lexUnit status="Finished_Initial" POS="N" name="smuggling.n" ID="3042" lemmaID="36574" cBy="HCB" cDate="07/13/2001 11:07:51 PDT Fri">
        <definition>FN: the act or instances of moving (goods) illegally into or out of a country</definition>
        <sentenceCount annotated="23" total="108"/>
        <lexeme order="1" headword="false" breakBefore="false" POS="N" name="smuggling"/>
    </lexUnit>
    <lexUnit status="Finished_Initial" POS="N" name="smuggler.n" ID="3043" lemmaID="36573" cBy="HCB" cDate="07/13/2001 11:12:28 PDT Fri">
        <definition>FN: one who moves (goods) illegally into or out of a country</definition>
        <sentenceCount annotated="12" total="78"/>
        <lexeme order="1" headword="false" breakBefore="false" POS="N" name="smuggler"/>
        <semType name="Agentive_noun" ID="102"/>
    </lexUnit>
    <lexUnit status="Finished_Initial" POS="A" name="contraband.a" ID="3044" lemmaID="8099" cBy="HCB" cDate="07/13/2001 11:17:08 PDT Fri">
        <definition>COD: imported or exported illegally. </definition>
        <sentenceCount annotated="4" total="25"/>
        <lexeme order="1" headword="false" breakBefore="false" POS="A" name="contraband"/>
        <semType name="Participating_entity" ID="226"/>
    </lexUnit>
    <lexUnit status="Finished_Initial" POS="N" name="contraband.n" ID="3045" lemmaID="8098" cBy="HCB" cDate="07/13/2001 11:19:25 PDT Fri">
        <definition>COD: goods that have been imported or exported illegally. </definition>
        <sentenceCount annotated="6" total="28"/>
        <lexeme order="1" headword="false" breakBefore="false" POS="N" name="contraband"/>
    </lexUnit>
</frame>