<?xml version="1.0" encoding="UTF-8" standalone="yes"?>
<?xml-stylesheet type="text/xsl" href="frame.xsl"?>
<frame cBy="PKe" cDate="09/29/2011 03:32:38 PDT Thu" name="Social_desirability" ID="2660" xsi:schemaLocation="../schema/frame.xsd" xmlns="http://framenet.icsi.berkeley.edu" xmlns:xsi="http://www.w3.org/2001/XMLSchema-instance">
    <definition>&lt;def-root&gt;This frame contians LUs which are like those of the Desirability frame except the Evaluee incorporates the Parameter as "associated with a percieved place in a social heirarchy" for all LUs. LUs are not restricted to positive or negative implications.

&lt;ex&gt;&lt;fex name="Evaluee"&gt;His manner of dress&lt;/fex&gt; was &lt;t&gt;pedestrian&lt;/t&gt; but tidy.&lt;/ex&gt;&lt;/def-root&gt;</definition>
    <FE bgColor="9F79EE" fgColor="FFFFFF" coreType="Core" cBy="PKe" cDate="09/29/2011 03:32:38 PDT Thu" abbrev="Evaluee" name="Evaluee" ID="15070">
        <definition>&lt;def-root&gt;The &lt;fen&gt;Evaluee&lt;/fen&gt; is being judged for its quality.


&lt;ex&gt; &lt;fex name="Evaluee"&gt;His shirt&lt;/fex&gt; seems very &lt;t&gt;common&lt;/t&gt; compared to their modern fashions.&lt;/ex&gt;&lt;/def-root&gt;</definition>
    </FE>
    <FE bgColor="FFA500" fgColor="FFFFFF" coreType="Peripheral" cBy="PKe" cDate="09/29/2011 03:32:38 PDT Thu" abbrev="Degree" name="Degree" ID="15071">
        <definition>&lt;def-root&gt;This FE identifies the  &lt;fen&gt;Degree&lt;/fen&gt; to which the &lt;fen&gt;Evaluee&lt;/fen&gt; is judged good or bad.

&lt;ex&gt; His shirt seems &lt;fex name="Degree"&gt;very&lt;/fex&gt; &lt;t&gt;common&lt;/t&gt; compared to their modern fashions.&lt;/ex&gt;&lt;/def-root&gt;</definition>
        <semType name="Degree" ID="172"/>
    </FE>
    <FE bgColor="FF0000" fgColor="FFFFFF" coreType="Extra-Thematic" cBy="PKe" cDate="09/29/2011 03:32:38 PDT Thu" abbrev="Circumstances" name="Circumstances" ID="15072">
        <definition>&lt;def-root&gt;&lt;fen&gt;Circumstances&lt;/fen&gt; marks expressions that indicate a set of conditions under which the quality of the &lt;fen&gt;Evaluee&lt;/fen&gt; is being judged.&lt;/def-root&gt;</definition>
    </FE>
    <FE bgColor="FF00FF" fgColor="FFFFFF" coreType="Extra-Thematic" cBy="PKe" cDate="09/29/2011 03:32:38 PDT Thu" abbrev="Comp Set" name="Comparison_set" ID="15074">
        <definition>&lt;def-root&gt;This FE marks expressions that indicate what class of things or events the &lt;fen&gt;Evaluee&lt;/fen&gt; is being judged against.

&lt;ex&gt; His shirt seems very &lt;t&gt;common&lt;/t&gt; &lt;fex name="Comparison_set"&gt;compared to their modern fashions&lt;/fex&gt;.&lt;/ex&gt;

&lt;/def-root&gt;</definition>
    </FE>
    <FE bgColor="9400D3" fgColor="FFFFFF" coreType="Extra-Thematic" cBy="PKe" cDate="09/29/2011 03:32:38 PDT Thu" abbrev="Depictive" name="Depictive" ID="15076">
        <definition>&lt;def-root&gt;The Frame Element &lt;fen&gt;Depictive&lt;/fen&gt; encodes a state that the &lt;fen&gt;Evaluee&lt;/fen&gt; is in and which does not represent a temporary or hypothetical set of &lt;fen&gt;Circumstances&lt;/fen&gt;.


&lt;ex&gt; His shirt seems very &lt;t&gt;common&lt;/t&gt; &lt;fex name="Depictive"&gt;with its generic logo&lt;/fex&gt;.&lt;/ex&gt;&lt;/def-root&gt;</definition>
    </FE>
    <frameRelation type="Inherits from">
        <relatedFrame ID="354">Desirability</relatedFrame>
    </frameRelation>
    <frameRelation type="Is Inherited by"/>
    <frameRelation type="Perspective on"/>
    <frameRelation type="Is Perspectivized in"/>
    <frameRelation type="Uses"/>
    <frameRelation type="Is Used by"/>
    <frameRelation type="Subframe of"/>
    <frameRelation type="Has Subframe(s)"/>
    <frameRelation type="Precedes"/>
    <frameRelation type="Is Preceded by"/>
    <frameRelation type="Is Inchoative of"/>
    <frameRelation type="Is Causative of"/>
    <frameRelation type="See also"/>
    <lexUnit status="Created" POS="A" name="common.a" ID="16645" lemmaID="7376" cBy="PKe" cDate="09/29/2011 04:53:31 PDT Thu">
        <definition>FN: Related to commoners or those otherwise percieved to be of a lower social class than the person declaring the statement.</definition>
        <sentenceCount annotated="1" total="1"/>
        <lexeme order="1" headword="false" breakBefore="false" POS="A" name="common"/>
    </lexUnit>
    <lexUnit status="Created" POS="A" name="plebeian.a" ID="16646" lemmaID="29365" cBy="PKe" cDate="09/29/2011 04:56:09 PDT Thu">
        <definition>FN: Of or pertaining to common people with a negative connotation.</definition>
        <sentenceCount annotated="0" total="0"/>
        <lexeme order="1" headword="false" breakBefore="false" POS="A" name="plebeian"/>
    </lexUnit>
    <lexUnit status="Created" POS="A" name="humble.a" ID="16647" lemmaID="18634" cBy="PKe" cDate="09/29/2011 05:03:43 PDT Thu">
        <definition>FN: Of or pertaining to common people, but with a positive connotation.</definition>
        <sentenceCount annotated="0" total="0"/>
        <lexeme order="1" headword="false" breakBefore="false" POS="A" name="humble"/>
    </lexUnit>
    <lexUnit status="Created" POS="A" name="pedestrian.a" ID="16648" lemmaID="28226" cBy="PKe" cDate="09/29/2011 05:05:05 PDT Thu">
        <definition>FN: Of or pertaining to common people, esp. with a negative implication.</definition>
        <sentenceCount annotated="0" total="0"/>
        <lexeme order="1" headword="false" breakBefore="false" POS="A" name="pedestrian"/>
    </lexUnit>
    <lexUnit status="Created" POS="A" name="low.a" ID="16649" lemmaID="22860" cBy="PKe" cDate="09/29/2011 05:11:36 PDT Thu">
        <definition>FN: Of or pertaining to a social class that is low in a heirarchy.</definition>
        <sentenceCount annotated="0" total="0"/>
        <lexeme order="1" headword="false" breakBefore="false" POS="A" name="low"/>
    </lexUnit>
    <lexUnit status="Created" POS="A" name="proletarian.a" ID="16650" lemmaID="30671" cBy="PKe" cDate="09/29/2011 05:13:02 PDT Thu">
        <definition>FN: Of or related to the Proletariat, a term popularized by Marx to refer to the working class.</definition>
        <sentenceCount annotated="0" total="0"/>
        <lexeme order="1" headword="false" breakBefore="false" POS="A" name="proletarian"/>
    </lexUnit>
    <lexUnit status="Created" POS="A" name="vulgar.a" ID="16651" lemmaID="43278" cBy="PKe" cDate="09/29/2011 05:13:55 PDT Thu">
        <definition>FN: Pertaining to ordinary or common people.</definition>
        <sentenceCount annotated="0" total="0"/>
        <lexeme order="1" headword="false" breakBefore="false" POS="A" name="vulgar"/>
    </lexUnit>
    <lexUnit status="Created" POS="A" name="working-class.a" ID="16652" lemmaID="51418" cBy="PKe" cDate="09/29/2011 05:15:12 PDT Thu">
        <definition>FN: Of or pertaining to the Proletariat, in contrast to management.</definition>
        <sentenceCount annotated="0" total="0"/>
        <lexeme order="1" headword="true" breakBefore="false" POS="A" name="working-class"/>
    </lexUnit>
    <lexUnit status="Created" POS="A" name="upper-class.a" ID="16654" lemmaID="51420" cBy="PKe" cDate="09/29/2011 05:17:49 PDT Thu">
        <definition>FN: Of or pertaining to a rank high in some social heirarchy.</definition>
        <sentenceCount annotated="0" total="0"/>
        <lexeme order="1" headword="true" breakBefore="false" POS="A" name="upper-class"/>
    </lexUnit>
</frame>