<?xml version="1.0" encoding="UTF-8" standalone="yes"?>
<?xml-stylesheet type="text/xsl" href="frame.xsl"?>
<frame cBy="DYo" cDate="08/13/2009 11:05:40 PDT Thu" name="Sound_level" ID="2170" xsi:schemaLocation="../schema/frame.xsd" xmlns="http://framenet.icsi.berkeley.edu" xmlns:xsi="http://www.w3.org/2001/XMLSchema-instance">
    <definition>&lt;def-root&gt;An &lt;fen&gt;Entity&lt;/fen&gt; is judged by a sound &lt;fen&gt;Attribute&lt;/fen&gt; of some perceived level of &lt;fen&gt;Volume&lt;/fen&gt; intensity. 
&lt;ex&gt;&lt;fex name="Entity"&gt;The radio&lt;/fex&gt; is &lt;fex name="Degree"&gt;very&lt;/fex&gt; &lt;t&gt;loud&lt;/t&gt;.&lt;/ex&gt;&lt;/def-root&gt;</definition>
    <FE bgColor="FF0000" fgColor="FFFFFF" coreType="Core" cBy="DYo" cDate="08/14/2009 10:35:26 PDT Fri" abbrev="" name="Entity" ID="13370">
        <definition>&lt;def-root&gt;The &lt;fen&gt;Entity&lt;/fen&gt; for which the sound level &lt;fen&gt;Attribute&lt;/fen&gt; is under consideration.&lt;/def-root&gt;</definition>
    </FE>
    <FE bgColor="1E90FF" fgColor="FFFFFF" coreType="Core" cBy="DYo" cDate="08/14/2009 10:41:58 PDT Fri" abbrev="" name="Attribute" ID="13371">
        <definition>&lt;def-root&gt;The feature of an &lt;fen&gt;Entity&lt;/fen&gt; which is under consideration. This FE is incorporated in each LU in the frame.&lt;/def-root&gt;</definition>
    </FE>
    <FE bgColor="008000" fgColor="FFFFFF" coreType="Core-Unexpressed" cBy="DYo" cDate="08/14/2009 10:43:45 PDT Fri" abbrev="" name="Volume" ID="13372">
        <definition>&lt;def-root&gt;A quantity or characterization of the &lt;fen&gt;Entity&lt;/fen&gt;'s sound output with repspect to its &lt;fen&gt;Attribute&lt;/fen&gt;.&lt;/def-root&gt;</definition>
    </FE>
    <FE bgColor="FF00FF" fgColor="FFFFFF" coreType="Core" cBy="DYo" cDate="08/14/2009 01:47:18 PDT Fri" abbrev="" name="Degree" ID="13394">
        <definition>&lt;def-root&gt;A modifier expressing the deviation of the &lt;fen&gt;Volume&lt;/fen&gt; from the norm. &lt;/def-root&gt;</definition>
    </FE>
    <FE bgColor="A52A2A" fgColor="FFFFFF" coreType="Extra-Thematic" cBy="DYo" cDate="08/14/2009 02:00:39 PDT Fri" abbrev="" name="Circumstances" ID="13397">
        <definition>&lt;def-root&gt;Some specification of the circumstances under which the &lt;fen&gt;Entity&lt;/fen&gt; has a particular &lt;fen&gt;Volume&lt;/fen&gt; for the &lt;fen&gt;Attribute&lt;/fen&gt;.&lt;/def-root&gt;</definition>
    </FE>
    <FE bgColor="FFA500" fgColor="FFFFFF" coreType="Extra-Thematic" cBy="DYo" cDate="08/14/2009 02:03:32 PDT Fri" abbrev="" name="Time" ID="13398">
        <definition>&lt;def-root&gt;The &lt;fen&gt;Time&lt;/fen&gt; during which the &lt;fen&gt;Entity&lt;/fen&gt; is in the state of having  a particular &lt;fen&gt;Volume&lt;/fen&gt; for the &lt;fen&gt;Attribute&lt;/fen&gt;.&lt;/def-root&gt;</definition>
    </FE>
    <FE bgColor="90876C" fgColor="FFFFFF" coreType="Extra-Thematic" cBy="DYo" cDate="08/21/2009 01:13:29 PDT Fri" abbrev="" name="Place" ID="13440">
        <definition>&lt;def-root&gt;The place where an &lt;fen&gt;Entity&lt;/fen&gt; is located.&lt;/def-root&gt;</definition>
    </FE>
    <FE bgColor="00008B" fgColor="FFFFFF" coreType="Extra-Thematic" cBy="AnW" cDate="10/28/2009 05:11:44 PDT Wed" abbrev="" name="Explanation" ID="13463">
        <definition>&lt;def-root&gt;The &lt;fen&gt;Explanation&lt;/fen&gt; denotes a proposition from which the main clause (headed by the target) logically follows.&lt;/def-root&gt;</definition>
    </FE>
    <frameRelation type="Inherits from">
        <relatedFrame ID="965">Measurable_attributes</relatedFrame>
    </frameRelation>
    <frameRelation type="Is Inherited by"/>
    <frameRelation type="Perspective on"/>
    <frameRelation type="Is Perspectivized in"/>
    <frameRelation type="Uses"/>
    <frameRelation type="Is Used by"/>
    <frameRelation type="Subframe of"/>
    <frameRelation type="Has Subframe(s)"/>
    <frameRelation type="Precedes"/>
    <frameRelation type="Is Preceded by"/>
    <frameRelation type="Is Inchoative of"/>
    <frameRelation type="Is Causative of"/>
    <frameRelation type="See also"/>
    <lexUnit status="New" incorporatedFE="Attribute" POS="A" name="loud.a" ID="15480" lemmaID="22806" cBy="DYo" cDate="08/17/2009 03:32:54 PDT Mon">
        <definition>FN: an acoustic output percieved as being a high volume</definition>
        <sentenceCount annotated="12" total="180"/>
        <lexeme order="1" headword="false" breakBefore="false" POS="A" name="loud"/>
    </lexUnit>
    <lexUnit status="Finished_Initial" incorporatedFE="Attribute" POS="A" name="quiet.a" ID="15481" lemmaID="31527" cBy="DYo" cDate="08/17/2009 03:34:09 PDT Mon">
        <definition>FN: an acoustic output percieved as being a low volume</definition>
        <sentenceCount annotated="28" total="132"/>
        <lexeme order="1" headword="false" breakBefore="false" POS="A" name="quiet"/>
    </lexUnit>
</frame>