<?xml version="1.0" encoding="UTF-8" standalone="yes"?>
<?xml-stylesheet type="text/xsl" href="frame.xsl"?>
<frame cBy="JKR" cDate="01/23/2003 07:29:18 PST Thu" name="Speak_on_topic" ID="523" xsi:schemaLocation="../schema/frame.xsd" xmlns="http://framenet.icsi.berkeley.edu" xmlns:xsi="http://www.w3.org/2001/XMLSchema-instance">
    <definition>&lt;def-root&gt;A &lt;fen&gt;Speaker&lt;/fen&gt; addresses an &lt;fen&gt;Audience&lt;/fen&gt; on a particular &lt;fen&gt;Topic&lt;/fen&gt;.  The &lt;fen&gt;Audience&lt;/fen&gt; is generally passive, although for many types of address (including academic talks and press conferences), a discussion or question-answer period is virtually always required.

&lt;ex&gt;&lt;fex name="Speaker"&gt;McNamara&lt;/fex&gt; &lt;t&gt;addressed&lt;/t&gt; &lt;fex name="Audience"&gt;congress&lt;/fex&gt; &lt;fex name="Topic"&gt;on the state of affairs of the Department of Defense&lt;/fex&gt;.&lt;/ex&gt;&lt;/def-root&gt;</definition>
    <FE bgColor="008000" fgColor="FFFFFF" coreType="Core" cBy="JKR" cDate="01/23/2003 07:42:02 PST Thu" abbrev="" name="Audience" ID="4134">
        <definition>&lt;def-root&gt;The person or persons to whom the &lt;fen&gt;Speaker&lt;/fen&gt; delivers their text.

&lt;ex&gt;He &lt;t&gt;lectured&lt;/t&gt; &lt;fex name="Audience"&gt;to the officers of the Scots Guard&lt;/fex&gt;  in  1929.&lt;/ex&gt;&lt;/def-root&gt;</definition>
    </FE>
    <FE bgColor="FF0000" fgColor="FFFFFF" coreType="Core" cBy="JKR" cDate="01/23/2003 07:42:17 PST Thu" abbrev="" name="Speaker" ID="4135">
        <definition>&lt;def-root&gt;The person who orally delivers a text about a &lt;fen&gt;Topic&lt;/fen&gt; to a passive &lt;fen&gt;Audience&lt;/fen&gt;.

&lt;ex&gt;&lt;fex name="Speaker"&gt;You&lt;/fex&gt; have to &lt;t&gt;sermonize&lt;/t&gt; about the good times&lt;/ex&gt;&lt;/def-root&gt;</definition>
        <semType name="Sentient" ID="5"/>
    </FE>
    <FE bgColor="0000FF" fgColor="FFFFFF" coreType="Core" cBy="JKR" cDate="01/23/2003 07:47:29 PST Thu" abbrev="" name="Topic" ID="4136">
        <definition>&lt;def-root&gt;What the text that the &lt;fen&gt;Speaker&lt;/fen&gt; produces is about.

&lt;ex&gt;He was the Director: he could &lt;t&gt;lecture&lt;/t&gt; &lt;fex name="Topic"&gt;on whomever he liked&lt;/fex&gt;.&lt;/ex&gt;

&lt;/def-root&gt;</definition>
    </FE>
    <FE bgColor="FF69B4" fgColor="FFFFFF" coreType="Peripheral" cBy="ACW" cDate="07/30/2003 04:41:43 PDT Wed" abbrev="" name="Manner" ID="4877">
        <definition>&lt;def-root&gt;The &lt;fen&gt;Manner&lt;/fen&gt; is a description of the &lt;fen&gt;Speaker&lt;/fen&gt;'s speech.&lt;/def-root&gt;</definition>
        <semType name="Manner" ID="173"/>
    </FE>
    <FE bgColor="808080" fgColor="FFFFFF" coreType="Peripheral" cBy="ACW" cDate="07/30/2003 04:42:40 PDT Wed" abbrev="" name="Medium" ID="4878">
        <definition>&lt;def-root&gt;This frame element is the &lt;fen&gt;Medium&lt;/fen&gt; through which the &lt;fen&gt;Speaker&lt;/fen&gt; communicates.&lt;/def-root&gt;</definition>
    </FE>
    <FE bgColor="9F79EE" fgColor="FFFFFF" coreType="Peripheral" cBy="ACW" cDate="07/30/2003 04:44:07 PDT Wed" abbrev="" name="Occasion" ID="4879">
        <definition>&lt;def-root&gt;The &lt;fen&gt;Occasion&lt;/fen&gt; is the reason a public statement is given.
&lt;ex&gt;The &lt;fex name="Occasion"&gt;New Year&lt;/fex&gt; &lt;t&gt;address&lt;/t&gt; was well received.&lt;/ex&gt;
&lt;ex&gt;&lt;fex name="Speaker"&gt;Professor Frink&lt;/fex&gt;&lt;m&gt;gave&lt;/m&gt; the &lt;fex name="Occasion"&gt;Macarthur&lt;/fex&gt; &lt;t&gt;lecture&lt;/t&gt; &lt;fex name="Time"&gt;in 1978&lt;/fex&gt;.&lt;/ex&gt;&lt;/def-root&gt;</definition>
    </FE>
    <FE bgColor="FFA500" fgColor="FFFFFF" coreType="Peripheral" cBy="ACW" cDate="07/30/2003 04:47:32 PDT Wed" abbrev="" name="Time" ID="4880">
        <definition>&lt;def-root&gt;The &lt;fen&gt;Time&lt;/fen&gt; describes when the speaking occurs.&lt;/def-root&gt;</definition>
        <semType name="Time" ID="141"/>
    </FE>
    <FE bgColor="7CCD73" fgColor="FFFFFF" coreType="Peripheral" cBy="ACW" cDate="07/30/2003 04:48:07 PDT Wed" abbrev="" name="Place" ID="4881">
        <definition>&lt;def-root&gt;The &lt;fen&gt;Place&lt;/fen&gt; describes the location where the speaking occurs.&lt;/def-root&gt;</definition>
        <semType name="Locative_relation" ID="182"/>
    </FE>
    <FE bgColor="7CCD73" fgColor="000000" coreType="Extra-Thematic" cBy="KmG" cDate="04/18/2006 12:44:39 PDT Tue" abbrev="" name="Explanation" ID="10044">
        <definition>&lt;def-root&gt;Denotes a proposition from which the main clause (headed by the target) logically followes. This often means that the Explanation causes the complaint, but not in all cases. In particular, there are cases when the connection is a bit weaker than normal for causation. In these instances,  cause is mediated by some actor responding in a complex way to the situation. Such cases are not paraphrasable in the language of direct causation. &lt;/def-root&gt;</definition>
        <semType name="State_of_affairs" ID="177"/>
    </FE>
    <frameRelation type="Inherits from"/>
    <frameRelation type="Is Inherited by"/>
    <frameRelation type="Perspective on"/>
    <frameRelation type="Is Perspectivized in"/>
    <frameRelation type="Uses">
        <relatedFrame ID="6">Communication</relatedFrame>
    </frameRelation>
    <frameRelation type="Is Used by"/>
    <frameRelation type="Subframe of"/>
    <frameRelation type="Has Subframe(s)"/>
    <frameRelation type="Precedes"/>
    <frameRelation type="Is Preceded by"/>
    <frameRelation type="Is Inchoative of"/>
    <frameRelation type="Is Causative of"/>
    <frameRelation type="See also"/>
    <lexUnit status="FN1_Sent" POS="V" name="lecture.v" ID="8192" lemmaID="21985" cBy="JKR" cDate="01/23/2003 07:57:47 PST Thu">
        <definition>COD: deliver an educational lecture or lectures</definition>
        <sentenceCount annotated="34" total="222"/>
        <lexeme order="1" headword="false" breakBefore="false" POS="V" name="lecture"/>
    </lexUnit>
    <lexUnit status="Created" POS="V" name="sermonize.v" ID="8193" lemmaID="45877" cBy="JKR" cDate="01/23/2003 07:59:33 PST Thu">
        <definition>COD: a talk on a religious or moral subject, especially one given during a church service and based on a passage from the Bible</definition>
        <sentenceCount annotated="0" total="0"/>
        <lexeme order="1" headword="false" breakBefore="false" POS="V" name="sermonize"/>
    </lexUnit>
    <lexUnit status="Created" POS="V" name="expound.v" ID="8194" lemmaID="13596" cBy="JKR" cDate="01/23/2003 08:01:16 PST Thu">
        <definition>COD: present and explain (a theory or idea) systematically. </definition>
        <sentenceCount annotated="0" total="0"/>
        <lexeme order="1" headword="false" breakBefore="false" POS="V" name="expound"/>
    </lexUnit>
    <lexUnit status="Created" POS="V" name="preach.v" ID="8195" lemmaID="30050" cBy="JKR" cDate="01/23/2003 08:02:36 PST Thu">
        <definition>COD: deliver a religious address to an assembled group of people</definition>
        <sentenceCount annotated="0" total="0"/>
        <lexeme order="1" headword="false" breakBefore="false" POS="V" name="preach"/>
    </lexUnit>
    <lexUnit status="Created" POS="V" name="hold forth.v" ID="8196" lemmaID="45874" cBy="JKR" cDate="01/23/2003 08:03:50 PST Thu">
        <definition>FN: to talk about something at length</definition>
        <sentenceCount annotated="0" total="0"/>
        <lexeme order="1" headword="true" breakBefore="false" POS="V" name="hold"/>
        <lexeme order="2" headword="false" breakBefore="false" POS="ADV" name="forth"/>
    </lexUnit>
    <lexUnit status="Created" POS="V" name="expatiate.v" ID="8197" lemmaID="13507" cBy="JKR" cDate="01/23/2003 08:06:05 PST Thu">
        <definition>COD: speak or write at length or in detail</definition>
        <sentenceCount annotated="0" total="0"/>
        <lexeme order="1" headword="false" breakBefore="false" POS="V" name="expatiate"/>
    </lexUnit>
    <lexUnit status="Created" POS="V" name="ramble.v" ID="8198" lemmaID="31756" cBy="JKR" cDate="01/23/2003 08:08:10 PST Thu">
        <definition>COD: talk or write at length in a confused or inconsequential way</definition>
        <sentenceCount annotated="0" total="0"/>
        <lexeme order="1" headword="false" breakBefore="false" POS="V" name="ramble"/>
    </lexUnit>
    <lexUnit status="Created" POS="V" name="go on.v" ID="8199" lemmaID="47299" cBy="JKR" cDate="01/23/2003 08:09:41 PST Thu">
        <definition>COD: talk at great or excessive length</definition>
        <sentenceCount annotated="0" total="0"/>
        <lexeme order="1" headword="true" breakBefore="false" POS="V" name="go"/>
        <lexeme order="2" headword="false" breakBefore="false" POS="PREP" name="on"/>
    </lexUnit>
    <lexUnit status="Created" POS="V" name="discuss.v" ID="8200" lemmaID="10922" cBy="JKR" cDate="01/23/2003 08:14:09 PST Thu">
        <definition>COD: talk or write about (a topic) in detail.</definition>
        <sentenceCount annotated="1" total="1"/>
        <lexeme order="1" headword="false" breakBefore="false" POS="V" name="discuss"/>
    </lexUnit>
    <lexUnit status="FN1_Sent" POS="V" name="address.v" ID="9170" lemmaID="468" cBy="MJE" cDate="07/29/2003 01:58:01 PDT Tue">
        <definition>COD:  speak formally to.</definition>
        <sentenceCount annotated="48" total="330"/>
        <lexeme order="1" headword="false" breakBefore="false" POS="V" name="address"/>
    </lexUnit>
    <lexUnit status="Created" POS="N" name="address.n" ID="9186" lemmaID="467" cBy="ACW" cDate="07/30/2003 04:46:43 PDT Wed">
        <definition>FN: talk</definition>
        <sentenceCount annotated="42" total="262"/>
        <lexeme order="1" headword="false" breakBefore="false" POS="N" name="address"/>
    </lexUnit>
    <lexUnit status="Created" POS="N" name="lecture.n" ID="9187" lemmaID="21984" cBy="ACW" cDate="07/31/2003 08:35:05 PDT Thu">
        <definition>COD: an educational talk to an audience, especially one of students in a university.</definition>
        <sentenceCount annotated="72" total="267"/>
        <lexeme order="1" headword="false" breakBefore="false" POS="N" name="lecture"/>
    </lexUnit>
    <lexUnit status="Finished_Initial" POS="V" name="pontificate.v" ID="9901" lemmaID="29714" cBy="JKR" cDate="11/05/2003 06:21:37 PST Wed">
        <definition>COD: express one's opinions in a pompous and dogmatic way.</definition>
        <sentenceCount annotated="9" total="27"/>
        <lexeme order="1" headword="false" breakBefore="false" POS="V" name="pontificate"/>
    </lexUnit>
    <lexUnit status="Problem" POS="V" name="deal.v" ID="12856" lemmaID="9681" cBy="MJE" cDate="10/28/2005 04:39:29 PDT Fri">
        <definition>FN: speak on a particular topic.</definition>
        <sentenceCount annotated="13" total="215"/>
        <lexeme order="1" headword="false" breakBefore="false" POS="V" name="deal"/>
    </lexUnit>
    <lexUnit status="Needs_SCs" POS="V" name="tell.v" ID="15384" lemmaID="39772" cBy="JKs" cDate="06/30/2009 03:18:58 PDT Tue">
        <definition>FN: speak on a given topic (used almost or entirely exclusively with the word 'of')</definition>
        <sentenceCount annotated="5" total="457"/>
        <lexeme order="1" headword="false" breakBefore="false" POS="V" name="tell"/>
    </lexUnit>
</frame>