<?xml version="1.0" encoding="UTF-8" standalone="yes"?>
<?xml-stylesheet type="text/xsl" href="frame.xsl"?>
<frame cBy="JKR" cDate="04/12/2004 03:40:01 PDT Mon" name="Spelling_and_pronouncing" ID="1081" xsi:schemaLocation="../schema/frame.xsd" xmlns="http://framenet.icsi.berkeley.edu" xmlns:xsi="http://www.w3.org/2001/XMLSchema-instance">
    <definition>&lt;def-root&gt;A &lt;fen&gt;Speaker&lt;/fen&gt; realizes a &lt;fen&gt;Sign&lt;/fen&gt;, usually a linguistic one, in some &lt;fen&gt;Formal_realization&lt;/fen&gt;. The &lt;fen&gt;Formal_realization&lt;/fen&gt; may be described as correct or incorrect in a &lt;fen&gt;Judgment&lt;/fen&gt; expression, or it may be partially indicated as a &lt;fen&gt;Part_of_form&lt;/fen&gt;.  &lt;fen&gt;Manner&lt;/fen&gt; may be used as a more general indication of the &lt;fen&gt;Formal_realization&lt;/fen&gt;

&lt;ex&gt;&lt;fex name="spe"&gt;A person&lt;/fex&gt; doesn't always &lt;t&gt;pronounce&lt;/t&gt; &lt;fex name="sig"&gt;a word&lt;/fex&gt; &lt;fex name="man"&gt;the way they say  it in context&lt;/fex&gt;&lt;/ex&gt;

&lt;ex&gt;&lt;fex name="spe"&gt;I&lt;/fex&gt; can't &lt;t&gt;spell&lt;/t&gt;. &lt;fex name="sig"&gt;INI&lt;/fex&gt; &lt;fex name="jud"&gt;INI&lt;/fex&gt;&lt;/ex&gt;

&lt;ex&gt;&lt;fex name="spe"&gt;Stephanopolous&lt;/fex&gt; &lt;t&gt;spells&lt;/t&gt; &lt;fex name="sig"&gt;his name&lt;/fex&gt; &lt;fex name="pof"&gt;with a "ph"&lt;/fex&gt;.&lt;/ex&gt;

&lt;ex&gt;&lt;fex name="cxt"&gt;On page 87465&lt;/fex&gt;, &lt;fex name="spe"&gt;you&lt;/fex&gt; &lt;t&gt;spelled&lt;/t&gt; &lt;fex name="sig"&gt;the name of my dog&lt;/fex&gt; &lt;fex name="jud"&gt;incorrectly&lt;/fex&gt; &lt;fex name="for"&gt;as "Checquers"&lt;/fex&gt;.&lt;/ex&gt;

&lt;ex&gt;&lt;fex name="cxt"&gt;In German&lt;/fex&gt;, &lt;fex name="sig"&gt;the word for 'peace'&lt;/fex&gt; is &lt;t&gt;written&lt;/t&gt; &lt;fex name="for"&gt;"Friede"&lt;/fex&gt; &lt;fex name="spe"&gt;CNI&lt;/fex&gt;&lt;/ex&gt;&lt;/def-root&gt;</definition>
    <FE bgColor="FF0000" fgColor="FFFFFF" coreType="Core" cBy="JKR" cDate="04/12/2004 03:43:15 PDT Mon" abbrev="spe" name="Speaker" ID="6296">
        <definition>&lt;def-root&gt;The language user who produces a &lt;fen&gt;Sign&lt;/fen&gt; in some modality.

&lt;ex&gt;&lt;fex name="spe"&gt;He&lt;/fex&gt; insists on &lt;t&gt;mispronouncing&lt;/t&gt; my name every time, the bastard!&lt;/ex&gt;&lt;/def-root&gt;</definition>
        <semType name="Sentient" ID="5"/>
    </FE>
    <FE bgColor="FFA500" fgColor="FFFFFF" coreType="Core" cBy="JKR" cDate="04/12/2004 03:44:04 PDT Mon" abbrev="sig" name="Sign" ID="6297">
        <definition>&lt;def-root&gt;An abstract form-meaning pairing.

&lt;ex&gt;My little nephew can't &lt;t&gt;say&lt;/t&gt; &lt;fex name="sig"&gt;prestidigitation&lt;/fex&gt;&lt;/ex&gt;&lt;/def-root&gt;</definition>
    </FE>
    <FE bgColor="0000FF" fgColor="FFFFFF" coreType="Core" cBy="JKR" cDate="04/12/2004 03:45:04 PDT Mon" abbrev="jud" name="Judgment" ID="6298">
        <definition>&lt;def-root&gt;An evaluation of whether the &lt;fen&gt;Formal_realization&lt;/fen&gt; that the &lt;fen&gt;Speaker&lt;/fen&gt; produced matches the standard or standard range.


&lt;ex&gt;Finally, I would pay more attention to your "oppinion" if you &lt;t&gt;spelled&lt;/t&gt; it &lt;fex name="jud"&gt;correctly&lt;/fex&gt;.&lt;/ex&gt;&lt;/def-root&gt;</definition>
    </FE>
    <FE bgColor="9400D3" fgColor="FFFFFF" coreType="Core" cBy="JKR" cDate="04/12/2004 03:46:20 PDT Mon" abbrev="for" name="Formal_realization" ID="6299">
        <definition>&lt;def-root&gt;The written string, gesture, or vocalized sound sequence that the &lt;fen&gt;Speaker&lt;/fen&gt; produces.

&lt;ex&gt;The old uncensored editions of the Talmud referred to Jesus as Yeshua censored versions &lt;t&gt;spelled&lt;/t&gt; it &lt;fex name="for"&gt;as Yeshu&lt;/fex&gt; &lt;/ex&gt;&lt;/def-root&gt;</definition>
    </FE>
    <FE bgColor="00BFFF" fgColor="FFFFFF" coreType="Core" cBy="JKR" cDate="04/12/2004 03:52:01 PDT Mon" abbrev="pof" name="Part_of_form" ID="6300">
        <definition>&lt;def-root&gt;A constituent part of the &lt;fen&gt;Formal_realization&lt;/fen&gt;. 

&lt;ex&gt;You spelled it &lt;fex name="pof"&gt;with a "t"&lt;/fex&gt;.&lt;/ex&gt;&lt;/def-root&gt;</definition>
    </FE>
    <FE bgColor="FF69B4" fgColor="FFFFFF" coreType="Core" cBy="JKR" cDate="04/12/2004 04:48:14 PDT Mon" abbrev="man" name="Manner" ID="6301">
        <definition>&lt;def-root&gt;The way that the &lt;fen&gt;Speaker&lt;/fen&gt; produces the &lt;fen&gt;Formal_realization&lt;/fen&gt;.

&lt;ex&gt;You &lt;t&gt;spelled&lt;/t&gt; it &lt;fex name="man"&gt;the way it sounds&lt;/fex&gt;.&lt;/ex&gt;&lt;/def-root&gt;</definition>
        <semType name="Manner" ID="173"/>
    </FE>
    <FE bgColor="2E8B57" fgColor="FFFFFF" coreType="Peripheral" cBy="JKR" cDate="04/12/2004 04:50:53 PDT Mon" abbrev="zeit" name="Time" ID="6302">
        <definition>&lt;def-root&gt;The time when the &lt;fen&gt;Speaker&lt;/fen&gt; produces the &lt;fen&gt;Formal_realization&lt;/fen&gt;.

&lt;ex&gt;&lt;fex name="zeit"&gt;Today&lt;/fex&gt; you &lt;t&gt;spelled&lt;/t&gt; it "pjuok". &lt;/ex&gt;&lt;/def-root&gt;</definition>
        <semType name="Time" ID="141"/>
    </FE>
    <FE bgColor="7CCD7C" fgColor="FFFFFF" coreType="Extra-Thematic" cBy="JKR" cDate="04/12/2004 04:53:38 PDT Mon" abbrev="Tex" name="Textual_location" ID="6303">
        <definition>&lt;def-root&gt;The context wherein the &lt;fen&gt;Speaker&lt;/fen&gt; produces a particular &lt;fen&gt;Formal_realization&lt;/fen&gt;.

&lt;ex&gt;&lt;fex name="Textual_location"&gt;On page 1223&lt;/fex&gt;, you &lt;t&gt;spelled&lt;/t&gt; her name wrong. &lt;/ex&gt;&lt;/def-root&gt;</definition>
    </FE>
    <FE bgColor="800080" fgColor="FFFFFF" coreType="Extra-Thematic" cBy="JKR" cDate="04/12/2004 05:06:08 PDT Mon" abbrev="add" name="Addressee" ID="6304">
        <definition>&lt;def-root&gt;The person that the &lt;fen&gt;Speaker&lt;/fen&gt; is producing the &lt;fen&gt;Formal_realization&lt;/fen&gt; for.

&lt;ex&gt;So I asked the ladies down in the kitchen if they could maybe &lt;t&gt;pronounce&lt;/t&gt; your name &lt;fex name="add"&gt;for me&lt;/fex&gt;.&lt;/ex&gt;&lt;/def-root&gt;</definition>
        <semType name="Sentient" ID="5"/>
    </FE>
    <FE bgColor="FFFF00" fgColor="000000" coreType="Extra-Thematic" cBy="JKs" cDate="06/18/2008 10:47:20 PDT Wed" abbrev="Exp" name="Explanation" ID="12817">
        <definition>&lt;def-root&gt;Denotes a proposition from which the main clause (headed by the target) logically followes.&lt;/def-root&gt;</definition>
    </FE>
    <FE bgColor="d0d0d0" fgColor="000000" coreType="Extra-Thematic" cBy="JKs" cDate="06/18/2008 10:48:07 PDT Wed" abbrev="Fre" name="Frequency" ID="12818">
        <definition>&lt;def-root&gt;The amount of times the &lt;fen&gt;Sign&lt;/fen&gt; is spelled or pronounced per some unit of time.&lt;/def-root&gt;</definition>
    </FE>
    <FE bgColor="006400" fgColor="FFFFFF" coreType="Extra-Thematic" cBy="JKs" cDate="06/18/2008 01:22:15 PDT Wed" abbrev="" name="Depictive" ID="12820">
        <definition>&lt;def-root&gt;This FE marks any state that the &lt;fen&gt;Speaker&lt;/fen&gt; is in while spelling or pronouncing.&lt;/def-root&gt;</definition>
    </FE>
    <FE bgColor="00008B" fgColor="FFFFFF" coreType="Extra-Thematic" cBy="JKs" cDate="06/18/2008 01:24:14 PDT Wed" abbrev="Par" name="Particular_iteration" ID="12821">
        <definition>&lt;def-root&gt;Expressions marked with this extra-thematic FE modify a non-iterative use of the target, and indicate that it is conceived as embedded within an iterated series of similar events or states. In addition, most expressions of Particular_iteration indicate which instance of the series is being referred to.&lt;/def-root&gt;</definition>
    </FE>
    <FE bgColor="9F79EE" fgColor="FFFFFF" coreType="Peripheral" cBy="KmG" cDate="06/26/2008 03:23:29 PDT Thu" abbrev="Pur" name="Purpose" ID="12933">
        <definition>&lt;def-root&gt;&lt;/def-root&gt;</definition>
    </FE>
    <FEcoreSet>
        <memberFE name="Formal_realization" ID="6299"/>
        <memberFE name="Judgment" ID="6298"/>
        <memberFE name="Manner" ID="6301"/>
        <memberFE name="Part_of_form" ID="6300"/>
    </FEcoreSet>
    <frameRelation type="Inherits from"/>
    <frameRelation type="Is Inherited by"/>
    <frameRelation type="Perspective on"/>
    <frameRelation type="Is Perspectivized in"/>
    <frameRelation type="Uses">
        <relatedFrame ID="278">Text_creation</relatedFrame>
    </frameRelation>
    <frameRelation type="Is Used by"/>
    <frameRelation type="Subframe of"/>
    <frameRelation type="Has Subframe(s)"/>
    <frameRelation type="Precedes"/>
    <frameRelation type="Is Preceded by"/>
    <frameRelation type="Is Inchoative of"/>
    <frameRelation type="Is Causative of"/>
    <frameRelation type="See also"/>
    <lexUnit status="Finished_Initial" POS="V" name="spell.v" ID="10422" lemmaID="37283" cBy="JKR" cDate="04/12/2004 04:34:41 PDT Mon">
        <definition>FN: write or name the letters that form (a word) </definition>
        <sentenceCount annotated="14" total="144"/>
        <lexeme order="1" headword="false" breakBefore="false" POS="V" name="spell"/>
    </lexUnit>
    <lexUnit status="Created" POS="V" name="misspell.v" ID="10423" lemmaID="24567" cBy="JKR" cDate="04/12/2004 05:22:44 PDT Mon">
        <definition>COD: spell wrongly</definition>
        <sentenceCount annotated="0" total="0"/>
        <lexeme order="1" headword="false" breakBefore="false" POS="V" name="misspell"/>
    </lexUnit>
    <lexUnit status="Finished_Initial" POS="V" name="pronounce.v" ID="10424" lemmaID="30723" cBy="JKR" cDate="04/12/2004 05:23:35 PDT Mon">
        <definition>COD: make the sound of (a word or part of a word).</definition>
        <sentenceCount annotated="20" total="203"/>
        <lexeme order="1" headword="false" breakBefore="false" POS="V" name="pronounce"/>
    </lexUnit>
    <lexUnit status="Created" POS="V" name="mispronounce.v" ID="10425" lemmaID="24546" cBy="JKR" cDate="04/12/2004 05:24:17 PDT Mon">
        <definition>COD: pronounce wrongly.</definition>
        <sentenceCount annotated="0" total="0"/>
        <lexeme order="1" headword="false" breakBefore="false" POS="V" name="mispronounce"/>
    </lexUnit>
    <lexUnit status="Needs_SCs" POS="V" name="say.v" ID="10426" lemmaID="34276" cBy="JKR" cDate="04/12/2004 05:39:07 PDT Mon">
        <definition>FN: pronounce</definition>
        <sentenceCount annotated="0" total="0"/>
        <lexeme order="1" headword="false" breakBefore="false" POS="V" name="say"/>
    </lexUnit>
    <lexUnit status="Created" POS="V" name="write.v" ID="11206" lemmaID="44595" cBy="RLG" cDate="11/19/2004 12:20:28 PST Fri">
        <definition>FN: create a linguistic form by writing.</definition>
        <sentenceCount annotated="5" total="5"/>
        <lexeme order="1" headword="false" breakBefore="false" POS="V" name="write"/>
    </lexUnit>
    <lexUnit status="Created" POS="N" name="sound.n" ID="16210" lemmaID="37035" cBy="AlK" cDate="02/17/2011 10:20:58 PST Thu">
        <definition>FN: a unit of sound produced by language users, into which meaning can be encoded</definition>
        <sentenceCount annotated="18" total="18"/>
        <lexeme order="1" headword="false" breakBefore="false" POS="N" name="sound"/>
        <semType name="Participating_entity" ID="226"/>
    </lexUnit>
</frame>