<?xml version="1.0" encoding="UTF-8" standalone="yes"?>
<?xml-stylesheet type="text/xsl" href="frame.xsl"?>
<frame cBy="MJE" cDate="06/29/2001 06:19:02 PDT Fri" name="State" ID="150" xsi:schemaLocation="../schema/frame.xsd" xmlns="http://framenet.icsi.berkeley.edu" xmlns:xsi="http://www.w3.org/2001/XMLSchema-instance">
    <definition>&lt;def-root&gt;An &lt;fen&gt;Entity&lt;/fen&gt; persists in a stable situation called a &lt;fen&gt;State&lt;/fen&gt;&lt;/def-root&gt;</definition>
    <semType name="Non-Lexical Frame" ID="16"/>
    <FE bgColor="00BFFF" fgColor="FFFFFF" coreType="Core" cBy="MJE" cDate="06/29/2001 06:20:41 PDT Fri" abbrev="Ent" name="Entity" ID="1184">
        <definition>&lt;def-root&gt;Concrete or abstract entity&lt;/def-root&gt;</definition>
    </FE>
    <FE bgColor="FF0000" fgColor="FFFFFF" coreType="Core-Unexpressed" cBy="MJE" cDate="06/29/2001 06:21:35 PDT Fri" abbrev="Sta" name="State" ID="1185">
        <definition>&lt;def-root&gt;State of an Entity.&lt;/def-root&gt;</definition>
    </FE>
    <frameRelation type="Inherits from"/>
    <frameRelation type="Is Inherited by">
        <relatedFrame ID="199">Locative_relation</relatedFrame>
        <relatedFrame ID="152">Process_initial_state</relatedFrame>
        <relatedFrame ID="153">Process_stopped_state</relatedFrame>
        <relatedFrame ID="185">Change_of_state_initial_state</relatedFrame>
        <relatedFrame ID="186">Change_of_state_endstate</relatedFrame>
        <relatedFrame ID="310">Dead_or_alive</relatedFrame>
        <relatedFrame ID="470">Bearing_arms</relatedFrame>
        <relatedFrame ID="1600">State_of_entity</relatedFrame>
        <relatedFrame ID="960">Being_located</relatedFrame>
        <relatedFrame ID="880">Being_in_operation</relatedFrame>
        <relatedFrame ID="791">Attention</relatedFrame>
        <relatedFrame ID="660">Existence</relatedFrame>
        <relatedFrame ID="18">Posture</relatedFrame>
        <relatedFrame ID="307">Being_attached</relatedFrame>
        <relatedFrame ID="234">Process_completed_state</relatedFrame>
        <relatedFrame ID="1764">Process_uncompleted_state</relatedFrame>
        <relatedFrame ID="1771">Thriving</relatedFrame>
        <relatedFrame ID="2055">Dying</relatedFrame>
        <relatedFrame ID="2645">Transportation_status</relatedFrame>
        <relatedFrame ID="2705">Chaos</relatedFrame>
        <relatedFrame ID="1712">Emotions</relatedFrame>
    </frameRelation>
    <frameRelation type="Perspective on"/>
    <frameRelation type="Is Perspectivized in"/>
    <frameRelation type="Uses"/>
    <frameRelation type="Is Used by">
        <relatedFrame ID="1155">State_continue</relatedFrame>
    </frameRelation>
    <frameRelation type="Subframe of"/>
    <frameRelation type="Has Subframe(s)"/>
    <frameRelation type="Precedes"/>
    <frameRelation type="Is Preceded by"/>
    <frameRelation type="Is Inchoative of"/>
    <frameRelation type="Is Causative of"/>
    <frameRelation type="See also"/>
</frame>