<?xml version="1.0" encoding="UTF-8" standalone="yes"?>
<?xml-stylesheet type="text/xsl" href="frame.xsl"?>
<frame cBy="JKR" cDate="07/11/2005 03:01:46 PDT Mon" name="Storing" ID="1550" xsi:schemaLocation="../schema/frame.xsd" xmlns="http://framenet.icsi.berkeley.edu" xmlns:xsi="http://www.w3.org/2001/XMLSchema-instance">
    <definition>&lt;def-root&gt;An &lt;fen&gt;Agent&lt;/fen&gt; has placed a &lt;fen&gt;Theme&lt;/fen&gt; in an accessible but somewhat out of the way &lt;fen&gt;Location&lt;/fen&gt; for the purposes of maintaining it free from harm and illegitimate use while it is not being used.&lt;/def-root&gt;</definition>
    <FE bgColor="FF0000" fgColor="FFFFFF" coreType="Core" cBy="JKR" cDate="07/11/2005 03:01:46 PDT Mon" abbrev="Agt" name="Agent" ID="8442">
        <definition>&lt;def-root&gt;The &lt;fen&gt;Agent&lt;/fen&gt; is the person who has placed the &lt;fen&gt;Theme&lt;/fen&gt; in the &lt;fen&gt;Location&lt;/fen&gt;.

&lt;/def-root&gt;</definition>
        <semType name="Sentient" ID="5"/>
    </FE>
    <FE bgColor="800080" fgColor="FFFFFF" coreType="Core" cBy="JKR" cDate="07/11/2005 03:01:46 PDT Mon" abbrev="Thm" name="Theme" ID="8443">
        <definition>&lt;def-root&gt;The &lt;fen&gt;Theme&lt;/fen&gt; is the object that is kept in a &lt;fen&gt;Location&lt;/fen&gt; by the &lt;fen&gt;Agent&lt;/fen&gt;&lt;/def-root&gt;</definition>
        <semType name="Physical_object" ID="68"/>
    </FE>
    <FE bgColor="00BFFF" fgColor="FFFFFF" coreType="Core" cBy="JKR" cDate="07/11/2005 03:01:46 PDT Mon" abbrev="loc" name="Location" ID="8446">
        <definition>&lt;def-root&gt;The location where the &lt;fen&gt;Theme&lt;/fen&gt; is kept. Some, though not all, LUs in this frame incorporate this FE.
&lt;/def-root&gt;</definition>
        <semType name="Goal" ID="153"/>
    </FE>
    <FE bgColor="FF00FF" fgColor="FFFFFF" coreType="Peripheral" cBy="JKR" cDate="07/11/2005 03:01:46 PDT Mon" abbrev="Manr" name="Manner" ID="8447">
        <definition>&lt;def-root&gt;Any description of the storing state which is not covered by more specific FEs, including general descriptions comparing events (&lt;ment&gt;the same way&lt;/ment&gt;) and salient characteristics of an &lt;fen&gt;Agent&lt;/fen&gt; that also affect the action (&lt;ment&gt;deliberately&lt;/ment&gt;, &lt;ment&gt;carefully&lt;/ment&gt;).

&lt;/def-root&gt;</definition>
        <semType name="Manner" ID="173"/>
    </FE>
    <FE bgColor="FFFF00" fgColor="000000" coreType="Extra-Thematic" cBy="JKR" cDate="07/11/2005 03:01:46 PDT Mon" abbrev="Dep" name="Depictive" ID="8449">
        <definition>&lt;def-root&gt;This FE identifies any &lt;fen&gt;Depictive&lt;/fen&gt; phrase describing the &lt;fen&gt;Agent&lt;/fen&gt; or &lt;fen&gt;Theme&lt;/fen&gt; of the storing event.

&lt;/def-root&gt;</definition>
    </FE>
    <FE bgColor="FFD700" fgColor="FFFFFF" coreType="Peripheral" cBy="JKR" cDate="07/11/2005 03:01:46 PDT Mon" abbrev="Duration" name="Duration" ID="8452">
        <definition>&lt;def-root&gt;The &lt;fen&gt;Duration&lt;/fen&gt; is the amount of time for which the &lt;fen&gt;Theme&lt;/fen&gt; remains in the &lt;fen&gt;Location&lt;/fen&gt;.
&lt;/def-root&gt;</definition>
        <semType name="Duration" ID="142"/>
    </FE>
    <FE bgColor="008000" fgColor="FFFFFF" coreType="Peripheral" cBy="JKR" cDate="07/11/2005 03:01:46 PDT Mon" abbrev="Place" name="Place" ID="8453">
        <definition>&lt;def-root&gt;The &lt;fen&gt;Place&lt;/fen&gt; indicates where the Storing occurs.&lt;/def-root&gt;</definition>
        <semType name="Locative_relation" ID="182"/>
    </FE>
    <FE bgColor="7CCD73" fgColor="FFFFFF" coreType="Extra-Thematic" cBy="JKR" cDate="07/11/2005 03:01:46 PDT Mon" abbrev="exp" name="Explanation" ID="8454">
        <definition>&lt;def-root&gt;The &lt;fen&gt;Explanation&lt;/fen&gt; denotes a proposition from which the storing event logically follows. &lt;/def-root&gt;</definition>
        <semType name="State_of_affairs" ID="177"/>
    </FE>
    <FE bgColor="FFA500" fgColor="FFFFFF" coreType="Peripheral" cBy="JKR" cDate="07/11/2005 03:01:46 PDT Mon" abbrev="tim" name="Time" ID="8455">
        <definition>&lt;def-root&gt;&lt;fen&gt;Time&lt;/fen&gt; is the time period during which the &lt;fen&gt;Theme&lt;/fen&gt; is stored.

&lt;/def-root&gt;</definition>
        <semType name="Time" ID="141"/>
    </FE>
    <FE bgColor="808080" fgColor="FFFFFF" coreType="Peripheral" cBy="JKR" cDate="07/11/2005 03:01:46 PDT Mon" abbrev="Area" name="Area" ID="8456">
        <definition>&lt;def-root&gt;The &lt;fen&gt;Area&lt;/fen&gt; is the setting into which a mass &lt;fen&gt;Theme&lt;/fen&gt; is placed.

&lt;/def-root&gt;</definition>
    </FE>
    <FE bgColor="9F79EE" fgColor="FFFFFF" coreType="Extra-Thematic" cBy="JKR" cDate="07/11/2005 03:01:46 PDT Mon" abbrev="co-p" name="Co-participant" ID="8457">
        <definition>&lt;def-root&gt;&lt;fen&gt;Co-participant&lt;/fen&gt; is an entity that participates in a coordinated way in the storing event either as a co-agent or a co-theme.&lt;/def-root&gt;</definition>
    </FE>
    <FE bgColor="d0d0d0" fgColor="00008B" coreType="Extra-Thematic" cBy="JKR" cDate="07/11/2005 03:01:46 PDT Mon" abbrev="pur" name="Purpose" ID="8461">
        <definition>&lt;def-root&gt;An action that the &lt;fen&gt;Agent&lt;/fen&gt; intends to accomplish by perform the storing action.

&lt;/def-root&gt;</definition>
        <semType name="State_of_affairs" ID="177"/>
    </FE>
    <FE bgColor="90876C" fgColor="FFFFFF" coreType="Extra-Thematic" cBy="AlK" cDate="10/14/2008 04:33:20 PDT Tue" abbrev="" name="Frequency" ID="13082">
        <definition>&lt;def-root&gt;This frame element is defined as the number of times an event occurs per some unit of time. &lt;/def-root&gt;</definition>
    </FE>
    <frameRelation type="Inherits from"/>
    <frameRelation type="Is Inherited by"/>
    <frameRelation type="Perspective on"/>
    <frameRelation type="Is Perspectivized in"/>
    <frameRelation type="Uses">
        <relatedFrame ID="62">Placing</relatedFrame>
    </frameRelation>
    <frameRelation type="Is Used by">
        <relatedFrame ID="1511">Store</relatedFrame>
        <relatedFrame ID="1850">Carry_goods</relatedFrame>
    </frameRelation>
    <frameRelation type="Subframe of"/>
    <frameRelation type="Has Subframe(s)"/>
    <frameRelation type="Precedes"/>
    <frameRelation type="Is Preceded by"/>
    <frameRelation type="Is Inchoative of"/>
    <frameRelation type="Is Causative of"/>
    <frameRelation type="See also"/>
    <lexUnit status="Created" POS="N" name="storage.n" ID="12425" lemmaID="38197" cBy="JKR" cDate="07/11/2005 03:55:33 PDT Mon">
        <definition>COD: the action of storing.</definition>
        <sentenceCount annotated="4" total="7"/>
        <lexeme order="1" headword="false" breakBefore="false" POS="N" name="storage"/>
    </lexUnit>
    <lexUnit status="Finished_Initial" POS="V" name="store.v" ID="12426" lemmaID="38199" cBy="JKR" cDate="07/11/2005 03:56:06 PDT Mon">
        <definition>FN: keep for future use</definition>
        <sentenceCount annotated="30" total="190"/>
        <lexeme order="1" headword="false" breakBefore="false" POS="V" name="store"/>
    </lexUnit>
    <lexUnit status="Created" incorporatedFE="Location" POS="V" name="warehouse.v" ID="12427" lemmaID="44915" cBy="JKR" cDate="07/11/2005 03:57:18 PDT Mon">
        <definition>COD: store (goods) in a warehouse</definition>
        <sentenceCount annotated="0" total="0"/>
        <lexeme order="1" headword="false" breakBefore="false" POS="V" name="warehouse"/>
    </lexUnit>
    <lexUnit status="Created" POS="V" name="cache.v" ID="12428" lemmaID="5144" cBy="JKR" cDate="07/11/2005 03:58:23 PDT Mon">
        <definition>COD: store in a cache.</definition>
        <sentenceCount annotated="0" total="0"/>
        <lexeme order="1" headword="false" breakBefore="false" POS="V" name="cache"/>
    </lexUnit>
    <lexUnit status="Finished_Initial" POS="V" name="keep.v" ID="15068" lemmaID="21234" cBy="JKs" cDate="06/06/2008 02:56:17 PDT Fri">
        <definition>FN: store</definition>
        <sentenceCount annotated="17" total="202"/>
        <lexeme order="1" headword="false" breakBefore="false" POS="V" name="keep"/>
    </lexUnit>
    <lexUnit status="Created" incorporatedFE="Location" POS="V" name="cellar.v" ID="15614" lemmaID="51061" cBy="RLG" cDate="02/08/2010 01:23:47 PST Mon">
        <definition>FN: store in a cellar (often said of wine or beer).</definition>
        <sentenceCount annotated="0" total="0"/>
        <lexeme order="1" headword="true" breakBefore="false" POS="V" name="cellar"/>
    </lexUnit>
    <lexUnit status="Created" POS="V" name="stock.v" ID="15642" lemmaID="38104" cBy="RLG" cDate="02/22/2010 10:52:57 PST Mon">
        <definition>FN: keep with the intention of later use.</definition>
        <sentenceCount annotated="0" total="0"/>
        <lexeme order="1" headword="false" breakBefore="false" POS="V" name="stock"/>
    </lexUnit>
</frame>