<?xml version="1.0" encoding="UTF-8" standalone="yes"?>
<?xml-stylesheet type="text/xsl" href="frame.xsl"?>
<frame cBy="JKR" cDate="03/02/2001 09:25:04 PST Fri" name="Suasion" ID="89" xsi:schemaLocation="../schema/frame.xsd" xmlns="http://framenet.icsi.berkeley.edu" xmlns:xsi="http://www.w3.org/2001/XMLSchema-instance">
    <definition>&lt;def-root&gt;A &lt;fen&gt;Speaker&lt;/fen&gt; expresses through language his wish to get the &lt;fen&gt;Addressee&lt;/fen&gt; to act and as  a result the &lt;fen&gt;Addressee&lt;/fen&gt; forms an intention do so. There is no implication that the &lt;fen&gt;Addressee&lt;/fen&gt; actually acts upon the intention formed. In the case of &lt;ment&gt;convince&lt;/ment&gt; and &lt;ment&gt;persuade&lt;/ment&gt;, the act that the &lt;fen&gt;Speaker&lt;/fen&gt; wishes the &lt;fen&gt;Addressee&lt;/fen&gt; to perform can be the adoption of a belief, which may be expressed as a that-clause or as an of-PP complement.

This frame differs from Attempt_suasion in that in Suasion, the &lt;fen&gt;Addressee&lt;/fen&gt; has changed their mind in accord with the &lt;fen&gt;Speaker&lt;/fen&gt;'s wishes, whereas in Attempt_suasion, the only implication is that the &lt;fen&gt;Speaker&lt;/fen&gt; communicates with the intent of changing the mind of the &lt;fen&gt;Addressee&lt;/fen&gt;.

&lt;ex&gt;&lt;/ex&gt;
&lt;ex&gt;At one point, &lt;fex name="Speaker"&gt;Walter&lt;/fex&gt; tries to &lt;t&gt;convince&lt;/t&gt; &lt;fex name="Addressee"&gt;his wife&lt;/fex&gt; &lt;fex name="Content"&gt;that he has had a story accepted by BBC Radio&lt;/fex&gt;.&lt;/ex&gt;

&lt;ex&gt;&lt;fex name="Addressee"&gt;They&lt;/fex&gt; invaded the bridge, but were &lt;t&gt;dissuaded&lt;/t&gt; &lt;fex name="Content"&gt;from further action&lt;/fex&gt; &lt;fex name="Speaker"&gt;by the captain&lt;/fex&gt;.&lt;/ex&gt;&lt;/def-root&gt;</definition>
    <FE bgColor="006400" fgColor="FFFFFF" coreType="Core" cBy="JKR" cDate="03/02/2001 09:53:45 PST Fri" abbrev="Add" name="Addressee" ID="411">
        <definition>&lt;def-root&gt;The person that the Speaker seeks to influence to act.&lt;/def-root&gt;</definition>
        <semType name="Sentient" ID="5"/>
    </FE>
    <FE bgColor="0000FF" fgColor="FFFFFF" coreType="Core" cBy="JKR" cDate="03/02/2001 09:54:43 PST Fri" abbrev="Spkr" name="Speaker" ID="412">
        <definition>&lt;def-root&gt;The person who intends through the use of language to get another person to act.&lt;/def-root&gt;</definition>
        <semType name="Sentient" ID="5"/>
    </FE>
    <FE bgColor="FF0000" fgColor="FFFFFF" coreType="Core" cBy="JKR" cDate="03/02/2001 09:55:37 PST Fri" abbrev="Cont" name="Content" ID="413">
        <definition>&lt;def-root&gt;The wish for action on the &lt;fen&gt;Addressee&lt;/fen&gt;'s part that the &lt;fen&gt;Speaker&lt;/fen&gt; expresses.&lt;/def-root&gt;</definition>
        <semType name="Content" ID="55"/>
    </FE>
    <FE bgColor="FFFF00" fgColor="006400" coreType="Core" cBy="JKR" cDate="03/08/2001 01:15:35 PST Thu" abbrev="Text" name="Text" ID="424">
        <definition>&lt;def-root&gt;A piece of written or spoken material that changes the mind of the &lt;fen&gt;Addressee&lt;/fen&gt;.
&lt;ex&gt;&lt;fex name="Text"&gt;His speech&lt;/fex&gt; &lt;t&gt;convinced&lt;/t&gt; me to join the Peace Corps.&lt;/ex&gt;&lt;/def-root&gt;</definition>
    </FE>
    <FE bgColor="800080" fgColor="FFFFFF" coreType="Core" cBy="MJE" cDate="03/08/2001 03:00:45 PST Thu" abbrev="Top" name="Topic" ID="428">
        <definition>&lt;def-root&gt;The general item or items that are the focus of the &lt;fen&gt;Content&lt;/fen&gt; of the &lt;fen&gt;Speaker&lt;/fen&gt;'s message.
&lt;ex&gt;You haven't &lt;t&gt;convinced&lt;/t&gt; me &lt;fex name="Top"&gt;about that yet&lt;/fex&gt;.&lt;/ex&gt;&lt;/def-root&gt;</definition>
    </FE>
    <FE bgColor="A52A2A" fgColor="FFFFFF" coreType="Peripheral" cBy="BoC" cDate="07/02/2001 09:41:40 PDT Mon" abbrev="Mns" name="Means" ID="1250">
        <definition>&lt;def-root&gt;An act of the &lt;fen&gt;Speaker&lt;/fen&gt; that accomplishes the persuasion.
&lt;ex&gt;I &lt;t&gt;persuaded&lt;/t&gt; the committee &lt;fex name="Mns"&gt;by giving each member a grand&lt;/fex&gt;.&lt;/ex&gt;&lt;/def-root&gt;</definition>
        <semType name="State_of_affairs" ID="177"/>
    </FE>
    <FE bgColor="FF69B4" fgColor="FFFFFF" coreType="Peripheral" cBy="BoC" cDate="07/02/2001 09:41:40 PDT Mon" abbrev="Degr" name="Degree" ID="1251">
        <definition>&lt;def-root&gt;Degree to which event occurs&lt;/def-root&gt;</definition>
        <semType name="Degree" ID="172"/>
    </FE>
    <FE bgColor="FF00FF" fgColor="FFFFFF" coreType="Peripheral" cBy="KmG" cDate="05/08/2008 02:47:23 PDT Thu" abbrev="Man" name="Manner" ID="12627">
        <definition>&lt;def-root&gt;The way in which the &lt;fen&gt;Speaker&lt;/fen&gt; suades the &lt;fen&gt;Addressee&lt;/fen&gt;.

&lt;ex&gt;The car salesman &lt;fex name="Manner"&gt;expertly&lt;/fex&gt; &lt;t&gt;persuaded&lt;/t&gt; the customer to spend more than he could afford.&lt;/ex&gt;&lt;/def-root&gt;</definition>
    </FE>
    <FE bgColor="FFA500" fgColor="FFFFFF" coreType="Peripheral" cBy="KmG" cDate="05/08/2008 03:13:36 PDT Thu" abbrev="Tim" name="Time" ID="12628">
        <definition>&lt;def-root&gt;When the &lt;fen&gt;Speaker&lt;/fen&gt; suades the &lt;fen&gt;Addressee&lt;/fen&gt;.&lt;/def-root&gt;</definition>
    </FE>
    <FE bgColor="008000" fgColor="FFFFFF" coreType="Peripheral" cBy="CVa" cDate="05/16/2013 03:10:57 PDT Thu" abbrev="" name="Place" ID="15925">
        <definition>&lt;def-root&gt;The location where the Speaker suades the Addressee.&lt;/def-root&gt;</definition>
    </FE>
    <FEcoreSet>
        <memberFE name="Topic" ID="428"/>
        <memberFE name="Content" ID="413"/>
    </FEcoreSet>
    <FEcoreSet>
        <memberFE name="Text" ID="424"/>
        <memberFE name="Speaker" ID="412"/>
    </FEcoreSet>
    <frameRelation type="Inherits from">
        <relatedFrame ID="98">Eventive_cognizer_affecting</relatedFrame>
        <relatedFrame ID="750">Telling</relatedFrame>
    </frameRelation>
    <frameRelation type="Is Inherited by"/>
    <frameRelation type="Perspective on"/>
    <frameRelation type="Is Perspectivized in"/>
    <frameRelation type="Uses">
        <relatedFrame ID="98">Eventive_cognizer_affecting</relatedFrame>
        <relatedFrame ID="87">Attempt_suasion</relatedFrame>
    </frameRelation>
    <frameRelation type="Is Used by">
        <relatedFrame ID="90">Talking_into</relatedFrame>
    </frameRelation>
    <frameRelation type="Subframe of"/>
    <frameRelation type="Has Subframe(s)"/>
    <frameRelation type="Precedes"/>
    <frameRelation type="Is Preceded by"/>
    <frameRelation type="Is Inchoative of"/>
    <frameRelation type="Is Causative of">
        <relatedFrame ID="363">Deciding</relatedFrame>
    </frameRelation>
    <frameRelation type="See also"/>
    <lexUnit status="Finished_Initial" POS="V" name="convince.v" ID="1859" lemmaID="8218" cBy="JKR" cDate="03/02/2001 09:28:00 PST Fri">
        <definition>COD: persuade to do something. </definition>
        <sentenceCount annotated="26" total="206"/>
        <lexeme order="1" headword="false" breakBefore="false" POS="V" name="convince"/>
    </lexUnit>
    <lexUnit status="Finished_Initial" POS="V" name="dissuade.v" ID="1860" lemmaID="11191" cBy="JKR" cDate="03/02/2001 09:29:19 PST Fri">
        <definition>COD: advise someone against; persuade someone not to do something. </definition>
        <sentenceCount annotated="15" total="108"/>
        <lexeme order="1" headword="false" breakBefore="false" POS="V" name="dissuade"/>
    </lexUnit>
    <lexUnit status="Problem" POS="V" name="motivate.v" ID="1861" lemmaID="25023" cBy="JKR" cDate="03/02/2001 09:30:22 PST Fri">
        <definition>COD: provide with a motive. </definition>
        <sentenceCount annotated="4" total="167"/>
        <lexeme order="1" headword="false" breakBefore="false" POS="V" name="motivate"/>
    </lexUnit>
    <lexUnit status="Finished_Initial" POS="V" name="persuade.v" ID="1862" lemmaID="28598" cBy="JKR" cDate="03/02/2001 09:30:46 PST Fri">
        <definition>COD: cause to do something through reasoning or argument. </definition>
        <sentenceCount annotated="28" total="257"/>
        <lexeme order="1" headword="false" breakBefore="false" POS="V" name="persuade"/>
    </lexUnit>
    <lexUnit status="Problem" POS="V" name="sway.v" ID="1863" lemmaID="39097" cBy="JKR" cDate="03/02/2001 09:31:07 PST Fri">
        <definition>COD: cause to change in opinion, action, etc.; influence. </definition>
        <sentenceCount annotated="4" total="173"/>
        <lexeme order="1" headword="false" breakBefore="false" POS="V" name="sway"/>
    </lexUnit>
</frame>