<?xml version="1.0" encoding="UTF-8" standalone="yes"?>
<?xml-stylesheet type="text/xsl" href="frame.xsl"?>
<frame cBy="AlK" cDate="06/02/2011 12:51:47 PDT Thu" name="Subsisting" ID="2560" xsi:schemaLocation="../schema/frame.xsd" xmlns="http://framenet.icsi.berkeley.edu" xmlns:xsi="http://www.w3.org/2001/XMLSchema-instance">
    <definition>&lt;def-root&gt;An &lt;fen&gt;Entity&lt;/fen&gt; survives a situation with some &lt;fen&gt;Support&lt;/fen&gt;, which tends to be far below the accustomed or standard level expected. The &lt;fen&gt;Degree&lt;/fen&gt; to which the &lt;fen&gt;Support&lt;/fen&gt; is responsible for the &lt;fen&gt;Entity&lt;/fen&gt;'s survival may be mentioned, as well as the &lt;fen&gt;Duration&lt;/fen&gt; for which the situation lasts.

&lt;ex&gt;&lt;fex name="Entity"&gt;Harry&lt;/fex&gt; &lt;t&gt;subsisted&lt;/t&gt; &lt;fex name="Support"&gt;on ramen and cheap beer&lt;/fex&gt; through college.&lt;/ex&gt;&lt;/def-root&gt;</definition>
    <FE bgColor="FF0000" fgColor="FFFFFF" coreType="Core" cBy="AlK" cDate="06/02/2011 02:44:37 PDT Thu" abbrev="" name="Entity" ID="14441">
        <definition>&lt;def-root&gt;The living organism which requires the &lt;fen&gt;Support&lt;/fen&gt; to survive.

&lt;ex&gt;&lt;fex name="Entity"&gt;He&lt;/fex&gt; &lt;t&gt;lived&lt;/t&gt; on peanuts until she came along.&lt;/ex&gt;&lt;/def-root&gt;</definition>
    </FE>
    <FE bgColor="008000" fgColor="FFFFFF" coreType="Core" cBy="AlK" cDate="06/02/2011 02:44:55 PDT Thu" abbrev="" name="Support" ID="14442">
        <definition>&lt;def-root&gt;The resource that the &lt;fen&gt;Entity&lt;/fen&gt; relies on to survive through a situation.

&lt;ex&gt;Harry managed to &lt;t&gt;subsist&lt;/t&gt; &lt;fex name="Support"&gt;on ramen and cheap beer&lt;/fex&gt; through college.&lt;/ex&gt;&lt;/def-root&gt;</definition>
    </FE>
    <FE bgColor="1E90FF" fgColor="FFFFFF" coreType="Peripheral" cBy="AlK" cDate="06/02/2011 02:45:14 PDT Thu" abbrev="" name="Duration" ID="14443">
        <definition>&lt;def-root&gt;The amount of time that the &lt;fen&gt;Entity&lt;/fen&gt; survives with the help of the &lt;fen&gt;Support&lt;/fen&gt;.

&lt;ex&gt;John &lt;t&gt;lived&lt;/t&gt; on whatever he could find in dumpsters &lt;fex name="Duration"&gt;for three years&lt;/fex&gt;.&lt;/ex&gt;&lt;/def-root&gt;</definition>
    </FE>
    <FE bgColor="FF00FF" fgColor="FFFFFF" coreType="Peripheral" cBy="AlK" cDate="06/02/2011 02:45:36 PDT Thu" abbrev="" name="Degree" ID="14444">
        <definition>&lt;def-root&gt;The degree to which the &lt;fen&gt;Support&lt;/fen&gt; is responsible for the survival of the &lt;fen&gt;Entity&lt;/fen&gt;.

&lt;ex&gt;She was &lt;fex name="Degree"&gt;barely&lt;/fex&gt; &lt;t&gt;subsisting&lt;/t&gt; on the allowance her parents sent her every month.&lt;/ex&gt;&lt;/def-root&gt;</definition>
    </FE>
    <frameRelation type="Inherits from">
        <relatedFrame ID="310">Dead_or_alive</relatedFrame>
    </frameRelation>
    <frameRelation type="Is Inherited by"/>
    <frameRelation type="Perspective on"/>
    <frameRelation type="Is Perspectivized in"/>
    <frameRelation type="Uses"/>
    <frameRelation type="Is Used by"/>
    <frameRelation type="Subframe of"/>
    <frameRelation type="Has Subframe(s)"/>
    <frameRelation type="Precedes"/>
    <frameRelation type="Is Preceded by"/>
    <frameRelation type="Is Inchoative of"/>
    <frameRelation type="Is Causative of"/>
    <frameRelation type="See also"/>
    <lexUnit status="Created" POS="V" name="subsist.v" ID="16353" lemmaID="38595" cBy="AlK" cDate="06/02/2011 02:46:50 PDT Thu">
        <definition>FN: continue to live</definition>
        <sentenceCount annotated="0" total="0"/>
        <lexeme order="1" headword="false" breakBefore="false" POS="V" name="subsist"/>
    </lexUnit>
    <lexUnit status="New" POS="V" name="live (on).v" ID="16354" lemmaID="22551" cBy="AlK" cDate="06/02/2011 02:46:59 PDT Thu">
        <definition>FN: survive a situation by using or consuming.</definition>
        <sentenceCount annotated="15" total="203"/>
        <lexeme order="1" headword="false" breakBefore="false" POS="V" name="live"/>
    </lexUnit>
</frame>