<?xml version="1.0" encoding="UTF-8" standalone="yes"?>
<?xml-stylesheet type="text/xsl" href="frame.xsl"?>
<frame cBy="JKR" cDate="07/08/2002 05:45:46 PDT Mon" name="Suitability" ID="368" xsi:schemaLocation="../schema/frame.xsd" xmlns="http://framenet.icsi.berkeley.edu" xmlns:xsi="http://www.w3.org/2001/XMLSchema-instance">
    <definition>&lt;def-root&gt;This Frame is concerned with evaluating an &lt;fen&gt;Evaluee&lt;/fen&gt; as being suitable for a &lt;fen&gt;Purpose&lt;/fen&gt; or a &lt;fen&gt;User&lt;/fen&gt;, presupposing some choice that is being made about which &lt;fen&gt;Evaluee&lt;/fen&gt; to use for the &lt;fen&gt;Purpose&lt;/fen&gt; or &lt;fen&gt;User&lt;/fen&gt;.  An LU like suitable.a thus implies that, given a particular &lt;fen&gt;Purpose&lt;/fen&gt; or &lt;fen&gt;User&lt;/fen&gt;, the &lt;fen&gt;Evaluee&lt;/fen&gt; is one which could be or ought to be chosen.  The &lt;fen&gt;Evaluee&lt;/fen&gt; may be deemed suitable to a greater or lesser &lt;fen&gt;Degree&lt;/fen&gt;. This frame has some similarity to the compatibility frame where two Items are evaluated with respect to their compatibility with each other against some background.

&lt;ex&gt;(1) We need to build &lt;fex name="Evaluee"&gt;more houses&lt;/fex&gt; &lt;t&gt;suitable&lt;/t&gt; &lt;fex name="User"&gt;for local residents&lt;/fex&gt;.&lt;/ex&gt;
&lt;ex&gt;(2) &lt;fex name="Evaluee"&gt;These chips&lt;/fex&gt; are not &lt;fex name="Degree"&gt;very&lt;/fex&gt;&lt;t&gt;suitable&lt;/t&gt; &lt;fex name="Purpose"&gt;for parallel processing&lt;/fex&gt;. &lt;/ex&gt;
&lt;ex&gt;(3) We are not sure about &lt;fex name="Evaluee"&gt;the Cathedral's&lt;/fex&gt; &lt;t&gt;suitability&lt;/t&gt; &lt;fex name="Purpose"&gt;for Philharmonic concerts&lt;/fex&gt;.&lt;/ex&gt;&lt;/def-root&gt;</definition>
    <FE bgColor="800080" fgColor="FFFFFF" coreType="Core" cBy="JKR" cDate="07/09/2002 03:08:01 PDT Tue" abbrev="Eva" name="Evaluee" ID="3340">
        <definition>&lt;def-root&gt;This Frame Element marks constituents expressing the entity that is judged to be more or less suitable for some &lt;fen&gt;Purpose&lt;/fen&gt; or &lt;fen&gt;User&lt;/fen&gt;.

&lt;ex&gt;Being a project leader is not a job for which &lt;fex name="Evaluee"&gt;everybody&lt;/fex&gt; is &lt;t&gt;suited&lt;/t&gt;.&lt;/ex&gt;&lt;/def-root&gt;</definition>
    </FE>
    <FE bgColor="FF69B4" fgColor="FFFFFF" coreType="Peripheral" cBy="JKR" cDate="07/09/2002 03:21:40 PDT Tue" abbrev="Deg" name="Degree" ID="3341">
        <definition>&lt;def-root&gt;This Frame Element marks constituents that express the &lt;fen&gt;Degree&lt;/fen&gt; to which the &lt;fen&gt;Evaluee&lt;/fen&gt; is suitable for the Context.

&lt;ex&gt;Please advise on the &lt;fex name="Degree"&gt;most&lt;/fex&gt; &lt;t&gt;suitable&lt;/t&gt; design &lt;/ex&gt;&lt;/def-root&gt;</definition>
        <semType name="Degree" ID="172"/>
    </FE>
    <FE bgColor="008000" fgColor="FFFFFF" coreType="Core" cBy="JKR" cDate="07/09/2002 03:24:56 PDT Tue" abbrev="Pur" name="Purpose" ID="3342">
        <definition>&lt;def-root&gt;This Frame Element marks constituents that express the &lt;fen&gt;Purpose&lt;/fen&gt; for which the &lt;fen&gt;Evaluee&lt;/fen&gt; is judged to be suitable or unsuitable.

&lt;ex&gt;We need to plan more buildings &lt;t&gt;suitable&lt;/t&gt; &lt;fex name="Purpose"&gt;for disabled people&lt;/fex&gt;.&lt;/ex&gt;&lt;/def-root&gt;</definition>
        <semType name="State_of_affairs" ID="177"/>
    </FE>
    <FE bgColor="808080" fgColor="FFFFFF" coreType="Core" cBy="JKR" cDate="07/09/2002 04:34:31 PDT Tue" abbrev="User" name="User" ID="3345">
        <definition>&lt;def-root&gt;This FE marks expressions that indicate a &lt;fen&gt;User&lt;/fen&gt; to whom &lt;/def-root&gt;</definition>
    </FE>
    <FEcoreSet>
        <memberFE name="Purpose" ID="3342"/>
        <memberFE name="User" ID="3345"/>
    </FEcoreSet>
    <frameRelation type="Inherits from">
        <relatedFrame ID="1015">Gradable_attributes</relatedFrame>
    </frameRelation>
    <frameRelation type="Is Inherited by"/>
    <frameRelation type="Perspective on"/>
    <frameRelation type="Is Perspectivized in"/>
    <frameRelation type="Uses"/>
    <frameRelation type="Is Used by"/>
    <frameRelation type="Subframe of"/>
    <frameRelation type="Has Subframe(s)"/>
    <frameRelation type="Precedes"/>
    <frameRelation type="Is Preceded by"/>
    <frameRelation type="Is Inchoative of"/>
    <frameRelation type="Is Causative of"/>
    <frameRelation type="See also"/>
    <lexUnit status="Finished_Initial" POS="A" name="suitable.a" ID="6490" lemmaID="38723" cBy="JKR" cDate="07/08/2002 05:59:10 PDT Mon">
        <definition>COD: right or appropriate for a particular person, purpose, or situation</definition>
        <sentenceCount annotated="21" total="151"/>
        <lexeme order="1" headword="false" breakBefore="false" POS="A" name="suitable"/>
    </lexUnit>
    <lexUnit status="Created" POS="A" name="unsuitable.a" ID="6491" lemmaID="45843" cBy="JKR" cDate="07/08/2002 05:59:23 PDT Mon">
        <definition>COD: not fitting or appropriate. </definition>
        <sentenceCount annotated="2" total="2"/>
        <lexeme order="1" headword="false" breakBefore="false" POS="A" name="unsuitable"/>
        <semType name="Negative" ID="99"/>
    </lexUnit>
    <lexUnit status="Created" POS="N" name="suitability.n" ID="6492" lemmaID="38722" cBy="JKR" cDate="07/08/2002 06:00:59 PDT Mon">
        <definition>FN: state or degree of being suitable for some purpose</definition>
        <sentenceCount annotated="1" total="1"/>
        <lexeme order="1" headword="false" breakBefore="false" POS="N" name="suitability"/>
    </lexUnit>
    <lexUnit status="Created" POS="N" name="unsuitability.n" ID="6493" lemmaID="45844" cBy="JKR" cDate="07/08/2002 06:01:31 PDT Mon">
        <definition>FN: the state or degree of being unsuitable for some purpose</definition>
        <sentenceCount annotated="0" total="0"/>
        <lexeme order="1" headword="false" breakBefore="false" POS="N" name="unsuitability"/>
        <semType name="Negative" ID="99"/>
    </lexUnit>
    <lexUnit status="Created" POS="N" name="suitableness.n" ID="6494" lemmaID="38724" cBy="JKR" cDate="07/08/2002 06:01:54 PDT Mon">
        <definition>FN: the state of being suitable for some purpose</definition>
        <sentenceCount annotated="0" total="0"/>
        <lexeme order="1" headword="false" breakBefore="false" POS="N" name="suitableness"/>
    </lexUnit>
    <lexUnit status="Created" POS="N" name="unsuitableness.n" ID="6495" lemmaID="45845" cBy="JKR" cDate="07/08/2002 06:02:21 PDT Mon">
        <definition>FN: the state of not being suitable for some purpose</definition>
        <sentenceCount annotated="0" total="0"/>
        <lexeme order="1" headword="false" breakBefore="false" POS="N" name="unsuitableness"/>
        <semType name="Negative" ID="99"/>
    </lexUnit>
    <lexUnit status="Created" POS="A" name="fitting.a" ID="6498" lemmaID="14537" cBy="JKR" cDate="07/08/2002 06:04:25 PDT Mon">
        <definition>COD: appropriate; right or proper</definition>
        <sentenceCount annotated="0" total="0"/>
        <lexeme order="1" headword="false" breakBefore="false" POS="A" name="fitting"/>
    </lexUnit>
    <lexUnit status="Created" POS="A" name="fit.a" ID="6500" lemmaID="14528" cBy="JKR" cDate="07/08/2002 06:07:49 PDT Mon">
        <definition>COD: of a suitable quality, standard, or type</definition>
        <sentenceCount annotated="1" total="1"/>
        <lexeme order="1" headword="false" breakBefore="false" POS="A" name="fit"/>
    </lexUnit>
    <lexUnit status="Created" POS="V" name="fit.v" ID="6501" lemmaID="14527" cBy="JKR" cDate="07/08/2002 06:09:16 PDT Mon">
        <definition>COD: be or make suitable for. </definition>
        <sentenceCount annotated="1" total="1"/>
        <lexeme order="1" headword="false" breakBefore="false" POS="V" name="fit"/>
    </lexUnit>
    <lexUnit status="Created" POS="A" name="proper.a" ID="6502" lemmaID="30750" cBy="JKR" cDate="07/08/2002 06:16:32 PDT Mon">
        <definition>COD: suitable or appropriate; correct</definition>
        <sentenceCount annotated="0" total="0"/>
        <lexeme order="1" headword="false" breakBefore="false" POS="A" name="proper"/>
    </lexUnit>
    <lexUnit status="Created" POS="V" name="suit.v" ID="9195" lemmaID="38721" cBy="MJE" cDate="08/01/2003 02:00:41 PDT Fri">
        <definition>COD: go well with or enhance the features, figure, or character of (someone).</definition>
        <sentenceCount annotated="0" total="0"/>
        <lexeme order="1" headword="false" breakBefore="false" POS="V" name="suit"/>
    </lexUnit>
    <lexUnit status="Created" POS="A" name="suited.a" ID="9840" lemmaID="48500" cBy="Hay" cDate="10/20/2003 03:06:19 PDT Mon">
        <definition>COD: appropriate or fitting.</definition>
        <sentenceCount annotated="3" total="3"/>
        <lexeme order="1" headword="true" breakBefore="false" POS="A" name="suited"/>
    </lexUnit>
    <lexUnit status="Created" POS="A" name="right.a" ID="12485" lemmaID="33250" cBy="JKR" cDate="07/18/2005 02:27:04 PDT Mon">
        <definition>COD: most appropriate</definition>
        <sentenceCount annotated="0" total="0"/>
        <lexeme order="1" headword="false" breakBefore="false" POS="A" name="right"/>
    </lexUnit>
    <lexUnit status="Finished_Initial" POS="A" name="correct.a" ID="12486" lemmaID="8425" cBy="JKR" cDate="07/18/2005 02:27:36 PDT Mon">
        <definition>FN: right to a purpose</definition>
        <sentenceCount annotated="16" total="163"/>
        <lexeme order="1" headword="false" breakBefore="false" POS="A" name="correct"/>
    </lexUnit>
    <lexUnit status="Created" POS="V" name="become.v" ID="16057" lemmaID="3154" cBy="AlK" cDate="09/08/2010 10:52:28 PDT Wed">
        <definition>FN: matching a person's perceived character, aesthetically or behaviorally</definition>
        <sentenceCount annotated="0" total="0"/>
        <lexeme order="1" headword="false" breakBefore="false" POS="V" name="become"/>
    </lexUnit>
    <lexUnit status="Finished_Initial" POS="A" name="appropriate.a" ID="16912" lemmaID="1775" cBy="CVa" cDate="02/22/2012 04:04:38 PST Wed">
        <definition>FN: fitting or suitable for a particular entity or event</definition>
        <sentenceCount annotated="16" total="59"/>
        <lexeme order="1" headword="false" breakBefore="false" POS="A" name="appropriate"/>
    </lexUnit>
    <lexUnit status="Created" POS="A" name="inappropriate.a" ID="16913" lemmaID="19333" cBy="CVa" cDate="02/23/2012 10:17:39 PST Thu">
        <definition>FN: not fitting or suitable for an individual or situation</definition>
        <sentenceCount annotated="0" total="0"/>
        <lexeme order="1" headword="false" breakBefore="false" POS="A" name="inappropriate"/>
        <semType name="Negative" ID="99"/>
    </lexUnit>
</frame>