<?xml version="1.0" encoding="UTF-8" standalone="yes"?>
<?xml-stylesheet type="text/xsl" href="frame.xsl"?>
<frame cBy="ACW" cDate="06/19/2002 08:35:31 PDT Wed" name="Surpassing" ID="358" xsi:schemaLocation="../schema/frame.xsd" xmlns="http://framenet.icsi.berkeley.edu" xmlns:xsi="http://www.w3.org/2001/XMLSchema-instance">
    <definition>&lt;def-root&gt;In this frame a &lt;fen&gt;Profiled_item&lt;/fen&gt; is higher that its &lt;fen&gt;Standard_item&lt;/fen&gt; on a scale with respect to some &lt;fen&gt;Attribute&lt;/fen&gt;. The &lt;fen&gt;Extent&lt;/fen&gt; of the difference between the &lt;fen&gt;Standard_item&lt;/fen&gt; and the &lt;fen&gt;Profiled_item&lt;/fen&gt; may also be mentioned. Furthermore, the particular value of the standard or profiled item on a certain scale may be given by the &lt;fen&gt;Standard_attribute&lt;/fen&gt; of the &lt;fen&gt;Profiled_attribute&lt;/fen&gt; respectively.

&lt;ex&gt; &lt;fex name="Profiled_item"&gt;Notices for the Shield Theater's production of Macbeth&lt;/fex&gt; &lt;t&gt;surpassed&lt;/t&gt; &lt;fex name="Standard_item"&gt;all previous reviews&lt;/fex&gt; . &lt;/ex&gt;

&lt;ex&gt; &lt;fex name="Profiled_item"&gt; Radio WKRR&lt;/fex&gt; &lt;fex name="Extent"&gt;far&lt;/fex&gt; &lt;t&gt;surpasses&lt;/t&gt; &lt;fex name="Standard_item"&gt;all radio stations&lt;/fex&gt; &lt;fex name="Comparison_set"&gt;among rural radio stations&lt;/fex&gt; &lt;fex name="Attribute"&gt; as the leading source of regional news &lt;/fex&gt; . &lt;/ex&gt;

&lt;ex&gt; &lt;fex name="Profiled_item"&gt;We&lt;/fex&gt; &lt;t&gt;surpassed&lt;/t&gt; &lt;fex name="Standard_attribute"&gt;father's skills&lt;/fex&gt; &lt;fex name="Time"&gt; before we were 12 &lt;/fex&gt; . &lt;/ex&gt;

&lt;ex&gt; &lt;fex name="Profiled_attribute"&gt;The current price&lt;/fex&gt; &lt;t&gt;surpasses&lt;/t&gt; &lt;fex name="Standard_attribute"&gt;the price this time last year&lt;/fex&gt;.&lt;/ex&gt;&lt;/def-root&gt;</definition>
    <FE bgColor="006400" fgColor="FFFFFF" coreType="Core" cBy="ACW" cDate="06/19/2002 08:49:45 PDT Wed" abbrev="Standard" name="Standard_item" ID="3114">
        <definition>&lt;def-root&gt;The FE &lt;fen&gt;Standard_item&lt;/fen&gt; denotes the entities that are exceeded by the &lt;fen&gt;Item&lt;/fen&gt; with regard to the &lt;fen&gt;Attribute&lt;/fen&gt;.

&lt;ex&gt;In her time, she &lt;t&gt;outstripped&lt;/t&gt; &lt;fex name="Standard"&gt;most politician in the country&lt;/fex&gt;.&lt;/ex&gt;&lt;/def-root&gt;</definition>
    </FE>
    <FE bgColor="800080" fgColor="FFFFFF" coreType="Core" cBy="ACW" cDate="06/19/2002 08:49:45 PDT Wed" abbrev="Item" name="Profiled_item" ID="3115">
        <definition>&lt;def-root&gt;The &lt;fen&gt;Profiled_item&lt;/fen&gt; is the entity that is located closest to the end of the scale evoked by some &lt;fen&gt;Attribute&lt;/fen&gt;.

&lt;ex&gt;&lt;fex name="Item"&gt;The buildings&lt;/fex&gt; were &lt;t&gt;outstripped&lt;/t&gt; in beauty and grace many years ago.&lt;/ex&gt;
&lt;/def-root&gt;</definition>
    </FE>
    <FE bgColor="0000FF" fgColor="FFFFFF" coreType="Core" cBy="ACW" cDate="06/19/2002 08:49:45 PDT Wed" abbrev="Attr" name="Attribute" ID="3116">
        <definition>&lt;def-root&gt;The &lt;fen&gt;Attribute&lt;/fen&gt; is a property that evokes a scale along which the &lt;fen&gt;Item&lt;/fen&gt; is located closer to one extreme in  comparison to the &lt;fen&gt;Standard_item&lt;/fen&gt;. 
&lt;/def-root&gt;</definition>
    </FE>
    <FE bgColor="FF0000" fgColor="FFFFFF" coreType="Peripheral" cBy="ACW" cDate="06/19/2002 08:50:57 PDT Wed" abbrev="Extent" name="Extent" ID="3117">
        <definition>&lt;def-root&gt;The &lt;fen&gt;Extent&lt;/fen&gt; is the degree to which the &lt;fen&gt;Item&lt;/fen&gt; surpasses the &lt;fen&gt;Standard&lt;/fen&gt;.&lt;/def-root&gt;</definition>
    </FE>
    <FE bgColor="FFA500" fgColor="FFFFFF" coreType="Peripheral" cBy="ACW" cDate="06/19/2002 08:52:44 PDT Wed" abbrev="Time" name="Time" ID="3118">
        <definition>&lt;def-root&gt;This FE identifies the &lt;fen&gt;Time&lt;/fen&gt; when the &lt;fen&gt;Item&lt;/fen&gt; is higher on the scale than the &lt;fen&gt;Standard&lt;/fen&gt;.&lt;/def-root&gt;</definition>
        <semType name="Time" ID="141"/>
    </FE>
    <FE bgColor="00008B" fgColor="FFFFFF" coreType="Core" cBy="ACW" cDate="06/26/2002 04:10:11 PDT Wed" abbrev="V_standard" name="Standard_attribute" ID="3253">
        <definition>&lt;def-root&gt;The &lt;fen&gt;Standard_attribute&lt;/fen&gt; is used when the standard is a specific value on  a scale. &lt;ex&gt; We  &lt;t&gt;surpassed&lt;/t&gt; &lt;fex name="Standard_attribute"&gt;our father's skills&lt;/fex&gt; . &lt;/ex&gt;&lt;/def-root&gt;</definition>
        <excludesFE name="Attribute" ID="3116"/>
    </FE>
    <FE bgColor="00BFFF" fgColor="FFFFFF" coreType="Core" cBy="ACW" cDate="06/26/2002 04:14:44 PDT Wed" abbrev="V_item" name="Profiled_attribute" ID="3254">
        <definition>&lt;def-root&gt;The &lt;fen&gt;Profiled_attribute&lt;/fen&gt; is a particular value on a scale which is being compared to an &lt;fen&gt;Attribute&lt;/fen&gt; or &lt;fen&gt;Standard_item&lt;/fen&gt;.&lt;/def-root&gt;</definition>
        <excludesFE name="Attribute" ID="3116"/>
    </FE>
    <FE bgColor="A52A2A" fgColor="FFFFFF" coreType="Extra-Thematic" cBy="ACW" cDate="06/27/2002 02:48:30 PDT Thu" abbrev="Comp_set" name="Comparison_set" ID="3283">
        <definition>&lt;def-root&gt;The &lt;fen&gt;Comparison_set&lt;/fen&gt; includes the &lt;fen&gt;Standard&lt;/fen&gt; and is what the &lt;fen&gt;Item&lt;/fen&gt; is judged with respect to.&lt;/def-root&gt;</definition>
    </FE>
    <FE bgColor="d0d0d0" fgColor="000000" coreType="Extra-Thematic" cBy="KmG" cDate="04/28/2006 10:08:10 PDT Fri" abbrev="Ite" name="Iterations" ID="10066">
        <definition>&lt;def-root&gt;The frame element &lt;fex name="Iterations"&gt;Iterations&lt;/fex&gt; is used for expressions that indicate the number of times an event or state (of the kind denoted by the target in its clause) has taken place or held.
 &lt;/def-root&gt;</definition>
    </FE>
    <FE bgColor="FFFF00" fgColor="000000" coreType="Extra-Thematic" cBy="KmG" cDate="06/14/2006 05:42:27 PDT Wed" abbrev="" name="Circumstances" ID="10285">
        <definition>&lt;def-root&gt;Circumstances describe the state of the world (at a particular time and place) which is specifically independent of the event itself and any of its participants. &lt;/def-root&gt;</definition>
    </FE>
    <FEcoreSet>
        <memberFE name="Profiled_item" ID="3115"/>
        <memberFE name="Profiled_attribute" ID="3254"/>
    </FEcoreSet>
    <FEcoreSet>
        <memberFE name="Standard_item" ID="3114"/>
        <memberFE name="Standard_attribute" ID="3253"/>
    </FEcoreSet>
    <frameRelation type="Inherits from">
        <relatedFrame ID="95">Position_on_a_scale</relatedFrame>
    </frameRelation>
    <frameRelation type="Is Inherited by"/>
    <frameRelation type="Perspective on"/>
    <frameRelation type="Is Perspectivized in"/>
    <frameRelation type="Uses"/>
    <frameRelation type="Is Used by">
        <relatedFrame ID="356">Beyond_compare</relatedFrame>
    </frameRelation>
    <frameRelation type="Subframe of"/>
    <frameRelation type="Has Subframe(s)"/>
    <frameRelation type="Precedes"/>
    <frameRelation type="Is Preceded by"/>
    <frameRelation type="Is Inchoative of"/>
    <frameRelation type="Is Causative of"/>
    <frameRelation type="See also"/>
    <lexUnit status="Finished_Initial" POS="V" name="outstrip.v" ID="6210" lemmaID="27167" cBy="ACW" cDate="06/19/2002 09:42:19 PDT Wed">
        <definition>COD: exceed</definition>
        <sentenceCount annotated="23" total="74"/>
        <lexeme order="1" headword="false" breakBefore="false" POS="V" name="outstrip"/>
    </lexUnit>
    <lexUnit status="Finished_Initial" POS="V" name="outshine.v" ID="6214" lemmaID="27148" cBy="ACW" cDate="06/19/2002 01:23:44 PDT Wed">
        <definition>COD: be much better than.</definition>
        <sentenceCount annotated="15" total="54"/>
        <lexeme order="1" headword="false" breakBefore="false" POS="V" name="outshine"/>
    </lexUnit>
    <lexUnit status="Finished_Initial" POS="V" name="surpass.v" ID="6215" lemmaID="38988" cBy="ACW" cDate="06/19/2002 03:38:20 PDT Wed">
        <definition>COD: be greater or better than. </definition>
        <sentenceCount annotated="45" total="143"/>
        <lexeme order="1" headword="false" breakBefore="false" POS="V" name="surpass"/>
    </lexUnit>
    <lexUnit status="Finished_Initial" POS="V" name="outdo.v" ID="6216" lemmaID="27071" cBy="ACW" cDate="06/19/2002 04:01:28 PDT Wed">
        <definition>COD: be superior to in action or performance</definition>
        <sentenceCount annotated="22" total="98"/>
        <lexeme order="1" headword="false" breakBefore="false" POS="V" name="outdo"/>
    </lexUnit>
    <lexUnit status="Finished_Initial" POS="V" name="better.v" ID="6217" lemmaID="3466" cBy="ACW" cDate="06/19/2002 04:03:49 PDT Wed">
        <definition>COD: improve on or surpass. </definition>
        <sentenceCount annotated="6" total="57"/>
        <lexeme order="1" headword="false" breakBefore="false" POS="V" name="better"/>
    </lexUnit>
    <lexUnit status="Finished_Initial" POS="V" name="eclipse.v" ID="12885" lemmaID="12180" cBy="RLG" cDate="11/09/2005 09:18:51 PST Wed">
        <definition>FN: surpass or be greater than.</definition>
        <sentenceCount annotated="20" total="187"/>
        <lexeme order="1" headword="false" breakBefore="false" POS="V" name="eclipse"/>
    </lexUnit>
    <lexUnit status="Created" POS="V" name="pale.v" ID="13182" lemmaID="27572" cBy="MJE" cDate="04/28/2006 07:20:15 PDT Fri">
        <definition>COD: seem or become less important.</definition>
        <sentenceCount annotated="0" total="0"/>
        <lexeme order="1" headword="false" breakBefore="false" POS="V" name="pale"/>
    </lexUnit>
    <lexUnit status="Created" POS="V" name="exceed.v" ID="15300" lemmaID="13341" cBy="RLG" cDate="01/30/2009 02:19:48 PST Fri">
        <definition>FN: be greater than (especially in quantifiable value).</definition>
        <sentenceCount annotated="0" total="0"/>
        <lexeme order="1" headword="false" breakBefore="false" POS="V" name="exceed"/>
    </lexUnit>
</frame>