<?xml version="1.0" encoding="UTF-8" standalone="yes"?>
<?xml-stylesheet type="text/xsl" href="frame.xsl"?>
<frame cBy="MJE" cDate="03/30/2015 03:51:19 PDT Mon" name="Surrounding" ID="2911" xsi:schemaLocation="../schema/frame.xsd" xmlns="http://framenet.icsi.berkeley.edu" xmlns:xsi="http://www.w3.org/2001/XMLSchema-instance">
    <definition>&lt;def-root&gt;A &lt;fen&gt;Figure&lt;/fen&gt; surrounds a &lt;fen&gt;Ground&lt;/fen&gt;.  The &lt;fen&gt;Ground&lt;/fen&gt; location is presented as more likely to be a known location than the location of the &lt;fen&gt;Figure&lt;/fen&gt;. Some lexical units entail more-or-less complete surrounding in two or three dimensions (e.g. surround.v), while others entail surrounding on only two sides (e.g. astride.prep, straddle.v).  Like other locative relations, the &lt;fen&gt;Figure&lt;/fen&gt; may be any of a movable entity, an immovable entity, or an event.

&lt;ex&gt;&lt;fex name="Figure"&gt;The hand&lt;/fex&gt; &lt;t&gt;around&lt;/t&gt; &lt;fex name="Ground"&gt;the sword-hilt&lt;/fex&gt; was no less impressive than the sword .&lt;/ex&gt;
&lt;ex&gt;&lt;fex name="Figure"&gt;The drug war&lt;/fex&gt; &lt;t&gt;straddles&lt;/t&gt; &lt;fex name="Ground"&gt;the border of the US and Mexico&lt;/fex&gt; .&lt;/ex&gt;

This frame resembles the Adorning frame, in that both involve a &lt;fen&gt;Figure&lt;/fen&gt; "covering" some &lt;fen&gt;Ground&lt;/fen&gt;, but the Surrounding frame differs in that the &lt;fen&gt;Profiled_region&lt;/fen&gt; is not coextensive with the &lt;fen&gt;Ground&lt;/fen&gt;, as it is in the Adorning frame, and, in fact, unusually for a locative relation, the &lt;fen&gt;Ground&lt;/fen&gt; entity is normally smaller than the &lt;fen&gt;Figure&lt;/fen&gt;.  For this reason, the verbs of this frame are often used in the passive (restoring the normal relationship of stative subjects to oblique elements).
&lt;ex&gt;&lt;/ex&gt;
In addition to several lexical units of this frame originating as metaphorical extentions of much more specific posture descriptions (straddle.v, astride.prep), this frame is itself used in a productive metaphor, involving abstract entities metaphorically "impinging" on other entities (in terms of derivative similarity, control, etc.), as in the following:
&lt;ex&gt;that led to Dolce and Gabbana to &lt;fex name="Figure"&gt;base their autumn/winter D and G collection&lt;/fex&gt; &lt;t&gt;around&lt;/t&gt; &lt;fex name="Ground"&gt;her style&lt;/fex&gt; in 2008&lt;/ex&gt;
&lt;ex&gt;But he discovered that &lt;fex name="Ground"&gt;the literary world&lt;/fex&gt; was a battlefield— mined with hatred, &lt;t&gt;rimmed&lt;/t&gt; &lt;fex name="Figure"&gt;with snipers&lt;/fex&gt;. &lt;/ex&gt;
&lt;ex&gt;&lt;fex name="Figure"&gt;Countless legends&lt;/fex&gt; sprung up &lt;t&gt;around&lt;/t&gt; &lt;fex name="Ground"&gt;the knight&lt;/fex&gt;.&lt;/ex&gt;

Common abstract entities that serve as &lt;fen&gt;Figure&lt;/fen&gt; include emotions ('the hopelessness &lt;t&gt;surrounding&lt;/t&gt; them'), as well as theories, arguments, and collective philosophies ('Ageism &lt;t&gt;surrounds&lt;/t&gt; us, but passes largely unnoticed'). 
This metaphor arises from the normal invited implicature of this frame that the &lt;fen&gt;Figure&lt;/fen&gt; may physically impinge on the &lt;fen&gt;Ground&lt;/fen&gt;, either protecting it, or limiting its motion, or even supporting it.&lt;/def-root&gt;</definition>
    <FE bgColor="FF0000" fgColor="FFFFFF" coreType="Core" cBy="MJE" cDate="03/30/2015 03:51:19 PDT Mon" abbrev="fig" name="Figure" ID="16332">
        <definition>&lt;def-root&gt;The &lt;fen&gt;Figure&lt;/fen&gt; is the entity located with respect to the &lt;fen&gt;Ground&lt;/fen&gt;.

&lt;ex&gt;He had &lt;fex name="Figure"&gt;both hands&lt;/fex&gt; wrapped &lt;t&gt;around&lt;/t&gt; her arm .&lt;/ex&gt;&lt;/def-root&gt;</definition>
    </FE>
    <FE bgColor="008000" fgColor="FFFFFF" coreType="Core" cBy="MJE" cDate="03/30/2015 03:51:19 PDT Mon" abbrev="gro" name="Ground" ID="16333">
        <definition>&lt;def-root&gt;The &lt;fen&gt;Ground&lt;/fen&gt; is the area that the &lt;fen&gt;Figure&lt;/fen&gt; surrounds.&lt;/def-root&gt;</definition>
    </FE>
    <FE bgColor="FFA500" fgColor="FFFFFF" coreType="Peripheral" cBy="MJE" cDate="03/30/2015 03:51:19 PDT Mon" abbrev="" name="Time" ID="16334">
        <definition>&lt;def-root&gt;The &lt;fen&gt;Time&lt;/fen&gt; during which the &lt;fen&gt;Figure&lt;/fen&gt; is located around the &lt;fen&gt;Ground&lt;/fen&gt;.&lt;/def-root&gt;</definition>
    </FE>
    <FE bgColor="1E90FF" fgColor="FFFFFF" coreType="Extra-Thematic" cBy="MJE" cDate="03/30/2015 03:51:19 PDT Mon" abbrev="dir" name="Direction" ID="16335">
        <definition>&lt;def-root&gt;This FE identifies the &lt;fen&gt;Direction&lt;/fen&gt; from a reference location (generally, the deictic center) of a path to the &lt;fen&gt;Figure&lt;/fen&gt;.

&lt;ex&gt;&lt;fex name="Direction"&gt;Up&lt;/fex&gt; &lt;t&gt;around&lt;/t&gt; the bolt she saw a frayed noose .&lt;/ex&gt;&lt;/def-root&gt;</definition>
    </FE>
    <FE bgColor="9400D3" fgColor="FFFFFF" coreType="Extra-Thematic" cBy="MJE" cDate="03/30/2015 03:51:19 PDT Mon" abbrev="dist" name="Distance" ID="16336">
        <definition>&lt;def-root&gt;This  FE identifies the &lt;fen&gt;Distance&lt;/fen&gt; between the &lt;fen&gt;Figure&lt;/fen&gt; and some reference location (generally, the deictic center or the &lt;fen&gt;Ground&lt;/fen&gt;).

WARNING: Probably not relevant for this frame.&lt;/def-root&gt;</definition>
    </FE>
    <FE bgColor="7CCD7C" fgColor="FFFFFF" coreType="Core" cBy="MJE" cDate="03/30/2015 03:51:19 PDT Mon" abbrev="" name="Profiled_region" ID="16337">
        <definition>&lt;def-root&gt;The area or zone immediately external to the &lt;fen&gt;Ground&lt;/fen&gt;.  This FE excludes &lt;fen&gt;Figure&lt;/fen&gt; and is only used in particular constructions such as the following:

&lt;ex&gt;We looked &lt;fex name="Profiled_region"&gt;&lt;t&gt;around&lt;/t&gt;&lt;/fex&gt; the trees .&lt;/ex&gt;

&lt;/def-root&gt;</definition>
    </FE>
    <FE bgColor="A9A9A9" fgColor="FFFFFF" coreType="Extra-Thematic" cBy="HPh" cDate="05/04/2015 04:54:11 PDT Mon" abbrev="" name="Directness" ID="16422">
        <definition>&lt;def-root&gt;An indication of how closely the position of &lt;fen&gt;Figure&lt;/fen&gt; matches the prototype expected from the image schema associated with the target.  This FE is normally filled by closed-class, dedicated adverbs like right, straight, and directly.

&lt;ex&gt;A single membrane &lt;fex name="Directness"&gt;directly&lt;/fex&gt; &lt;t&gt;surrounds&lt;/t&gt; the cytoplasm.&lt;/ex&gt;&lt;/def-root&gt;</definition>
    </FE>
    <FE bgColor="FF69B4" fgColor="FFFFFF" coreType="Extra-Thematic" cBy="HPh" cDate="05/04/2015 04:57:19 PDT Mon" abbrev="" name="Accessibility" ID="16423">
        <definition>&lt;def-root&gt;An indication of how accessible the &lt;fen&gt;Figure&lt;/fen&gt; is to some participant in the speech context (either the speaker or the addressee, or some other highly salient viewpoint in a narrative). This FE normally describes availability for manipulation and use, but may simply describe how easily seen the &lt;fen&gt;Figure&lt;/fen&gt; is. There is a closed class of items that can fill this slot, including only 'just' and 'right' indicating ease of access. 

&lt;ex&gt;The skittles lie &lt;fex name="Accessibility"&gt;just&lt;/fex&gt; &lt;t&gt;around&lt;/t&gt; their empty package.&lt;/ex&gt;&lt;/def-root&gt;</definition>
    </FE>
    <frameRelation type="Inherits from"/>
    <frameRelation type="Is Inherited by"/>
    <frameRelation type="Perspective on"/>
    <frameRelation type="Is Perspectivized in"/>
    <frameRelation type="Uses">
        <relatedFrame ID="1178">Interior_profile_relation</relatedFrame>
    </frameRelation>
    <frameRelation type="Is Used by"/>
    <frameRelation type="Subframe of"/>
    <frameRelation type="Has Subframe(s)"/>
    <frameRelation type="Precedes"/>
    <frameRelation type="Is Preceded by"/>
    <frameRelation type="Is Inchoative of"/>
    <frameRelation type="Is Causative of"/>
    <frameRelation type="See also">
        <relatedFrame ID="76">Distributed_position</relatedFrame>
    </frameRelation>
    <lexUnit status="Finished_Initial" POS="PREP" name="around.prep" ID="17884" lemmaID="1963" cBy="MJE" cDate="03/30/2015 05:37:40 PDT Mon">
        <definition>FN: actually or nearly surrounding.</definition>
        <sentenceCount annotated="36" total="581"/>
        <lexeme order="1" headword="false" breakBefore="false" POS="PREP" name="around"/>
    </lexUnit>
    <lexUnit status="Finished_Initial" POS="V" name="surround.v" ID="17885" lemmaID="39015" cBy="MJE" cDate="03/30/2015 05:38:35 PDT Mon">
        <definition>FN: be located on every side of.</definition>
        <sentenceCount annotated="21" total="120"/>
        <lexeme order="1" headword="false" breakBefore="false" POS="V" name="surround"/>
    </lexUnit>
    <lexUnit status="Finished_Initial" POS="A" name="surrounding.a" ID="17887" lemmaID="39016" cBy="MJE" cDate="03/31/2015 11:06:38 PDT Tue">
        <definition>FN: on all (or virtually all) sides (of).</definition>
        <sentenceCount annotated="22" total="134"/>
        <lexeme order="1" headword="false" breakBefore="false" POS="A" name="surrounding"/>
    </lexUnit>
    <lexUnit status="Finished_Initial" POS="PREP" name="astride.prep" ID="17888" lemmaID="2209" cBy="MJE" cDate="03/31/2015 01:35:30 PDT Tue">
        <definition>FN: with one extreme part on each side of.</definition>
        <sentenceCount annotated="24" total="102"/>
        <lexeme order="1" headword="false" breakBefore="false" POS="PREP" name="astride"/>
    </lexUnit>
    <lexUnit status="Finished_Initial" POS="V" name="straddle.v" ID="17889" lemmaID="38233" cBy="MJE" cDate="03/31/2015 01:37:58 PDT Tue">
        <definition>FN: be on both sides of.</definition>
        <sentenceCount annotated="16" total="101"/>
        <lexeme order="1" headword="false" breakBefore="false" POS="V" name="straddle"/>
    </lexUnit>
    <lexUnit status="Finished_Initial" POS="V" name="ring.v" ID="17890" lemmaID="33296" cBy="MJE" cDate="03/31/2015 02:10:06 PDT Tue">
        <definition>FN: be on all sides of, forming a continuous loop around.</definition>
        <sentenceCount annotated="5" total="8"/>
        <lexeme order="1" headword="false" breakBefore="false" POS="V" name="ring"/>
    </lexUnit>
    <lexUnit status="Insufficient_Attestations" POS="V" name="rim.v" ID="17891" lemmaID="33289" cBy="MJE" cDate="03/31/2015 02:42:05 PDT Tue">
        <definition>FN: surround at the edge.</definition>
        <sentenceCount annotated="0" total="0"/>
        <lexeme order="1" headword="false" breakBefore="false" POS="V" name="rim"/>
    </lexUnit>
    <lexUnit status="Insufficient_Attestations" POS="V" name="edge.v" ID="17892" lemmaID="12216" cBy="MJE" cDate="03/31/2015 02:43:26 PDT Tue">
        <definition>FN: surround (or nearly surround) around the edge.</definition>
        <sentenceCount annotated="0" total="0"/>
        <lexeme order="1" headword="false" breakBefore="false" POS="V" name="edge"/>
    </lexUnit>
    <lexUnit status="Finished_Initial" POS="A" name="straddling.a" ID="18016" lemmaID="51884" cBy="HPh" cDate="05/11/2015 04:36:50 PDT Mon">
        <definition>FN: on both sides of. </definition>
        <sentenceCount annotated="8" total="8"/>
        <lexeme order="1" headword="true" breakBefore="false" POS="A" name="straddling"/>
    </lexUnit>
</frame>