<?xml version="1.0" encoding="UTF-8" standalone="yes"?>
<?xml-stylesheet type="text/xsl" href="frame.xsl"?>
<frame cBy="JKR" cDate="06/20/2005 05:51:03 PDT Mon" name="Surrendering_possession" ID="1500" xsi:schemaLocation="../schema/frame.xsd" xmlns="http://framenet.icsi.berkeley.edu" xmlns:xsi="http://www.w3.org/2001/XMLSchema-instance">
    <definition>&lt;def-root&gt;A &lt;fen&gt;Surrenderer&lt;/fen&gt; is compelled to transfer a &lt;fen&gt;Theme&lt;/fen&gt; to a &lt;fen&gt;Recipient&lt;/fen&gt;.

&lt;ex&gt;Shortly after &lt;fex name="Surrenderer"&gt;the boy&lt;/fex&gt; &lt;t&gt;surrendered&lt;/t&gt; &lt;fex name="Theme"&gt;the gun&lt;/fex&gt;, the three remaining warriors made a rush for liberty.&lt;/ex&gt;

&lt;ex&gt;&lt;fex name="Surrenderer"&gt;He&lt;/fex&gt; &lt;fex name="Time"&gt;finally&lt;/fex&gt; &lt;t&gt;surrendered&lt;/t&gt; &lt;fex name="Theme"&gt;the item&lt;/fex&gt; &lt;fex name="Time"&gt;after cops and Secret Service agents showed up at his home Saturday&lt;/fex&gt;.&lt;/ex&gt;

&lt;ex&gt;&lt;fex name="Surrenderer"&gt;D?Augustino&lt;/fex&gt; &lt;t&gt;yielded&lt;/t&gt; &lt;fex name="Theme"&gt;the weapon&lt;/fex&gt; &lt;fex name="Recipient"&gt;to Herrick&lt;/fex&gt;.&lt;/ex&gt;&lt;/def-root&gt;</definition>
    <FE bgColor="FF0000" fgColor="FFFFFF" coreType="Core" cBy="JKR" cDate="06/20/2005 05:51:05 PDT Mon" abbrev="sur" name="Surrenderer" ID="8205">
        <definition>&lt;def-root&gt;The person compelled to transfer the &lt;fen&gt;Theme&lt;/fen&gt; to the &lt;fen&gt;Recipient&lt;/fen&gt;.

&lt;/def-root&gt;</definition>
    </FE>
    <FE bgColor="0000FF" fgColor="FFFFFF" coreType="Core" cBy="JKR" cDate="06/20/2005 05:51:08 PDT Mon" abbrev="Rec" name="Recipient" ID="8206">
        <definition>&lt;def-root&gt;The entity that ends up in possession of the &lt;fen&gt;Theme&lt;/fen&gt;.&lt;/def-root&gt;</definition>
    </FE>
    <FE bgColor="9400D3" fgColor="FFFFFF" coreType="Core" cBy="JKR" cDate="06/20/2005 05:51:09 PDT Mon" abbrev="the" name="Theme" ID="8207">
        <definition>&lt;def-root&gt;The object that changes possession.&lt;/def-root&gt;</definition>
        <semType name="Physical_object" ID="68"/>
    </FE>
    <FE bgColor="008000" fgColor="FFFFFF" coreType="Peripheral" cBy="JKR" cDate="06/20/2005 05:51:09 PDT Mon" abbrev="Place" name="Place" ID="8208">
        <definition>&lt;def-root&gt;The &lt;fen&gt;Place&lt;/fen&gt; where the &lt;fen&gt;Surrenderer&lt;/fen&gt; gives the &lt;fen&gt;Theme&lt;/fen&gt; to the &lt;fen&gt;Recipient&lt;/fen&gt;.&lt;/def-root&gt;</definition>
        <semType name="Locative_relation" ID="182"/>
    </FE>
    <FE bgColor="808080" fgColor="FFFFFF" coreType="Extra-Thematic" cBy="JKR" cDate="06/20/2005 05:51:09 PDT Mon" abbrev="exp" name="Explanation" ID="8209">
        <definition>&lt;def-root&gt;This FE denotes a proposition from which the surrendering event logically follows.&lt;/def-root&gt;</definition>
        <semType name="State_of_affairs" ID="177"/>
    </FE>
    <FE bgColor="FFA500" fgColor="FFFFFF" coreType="Peripheral" cBy="JKR" cDate="06/20/2005 05:51:10 PDT Mon" abbrev="Time" name="Time" ID="8210">
        <definition>&lt;def-root&gt;The &lt;fen&gt;Time&lt;/fen&gt; is when the &lt;fen&gt;Surrenderer&lt;/fen&gt; gives the &lt;fen&gt;Theme&lt;/fen&gt; to the &lt;fen&gt;Recipient&lt;/fen&gt;.&lt;/def-root&gt;</definition>
        <semType name="Time" ID="141"/>
    </FE>
    <FE bgColor="800080" fgColor="FFFFFF" coreType="Peripheral" cBy="JKR" cDate="06/20/2005 05:51:10 PDT Mon" abbrev="Purp" name="Purpose" ID="8211">
        <definition>&lt;def-root&gt;The &lt;fen&gt;Purpose&lt;/fen&gt; for which the &lt;fen&gt;Surrenderer&lt;/fen&gt; gives the &lt;fen&gt;Theme&lt;/fen&gt; to the &lt;fen&gt;Recipient&lt;/fen&gt;.&lt;/def-root&gt;</definition>
        <semType name="State_of_affairs" ID="177"/>
    </FE>
    <FE bgColor="FF00FF" fgColor="FFFFFF" coreType="Peripheral" cBy="JKR" cDate="06/20/2005 05:51:10 PDT Mon" abbrev="Mns" name="Means" ID="8212">
        <definition>&lt;def-root&gt;The &lt;fen&gt;Means&lt;/fen&gt; by which the &lt;fen&gt;Surrenderer&lt;/fen&gt; gives the &lt;fen&gt;Theme&lt;/fen&gt; to the &lt;fen&gt;Recipient&lt;/fen&gt;.&lt;/def-root&gt;</definition>
        <semType name="State_of_affairs" ID="177"/>
    </FE>
    <FE bgColor="FF69B4" fgColor="FFFFFF" coreType="Peripheral" cBy="JKR" cDate="06/20/2005 05:51:10 PDT Mon" abbrev="Man" name="Manner" ID="8213">
        <definition>&lt;def-root&gt;The &lt;fen&gt;Manner&lt;/fen&gt; is the manner in which the &lt;fen&gt;Surrenderer&lt;/fen&gt; gives the &lt;fen&gt;Theme&lt;/fen&gt; to the &lt;fen&gt;Recipient&lt;/fen&gt;.&lt;/def-root&gt;</definition>
        <semType name="Manner" ID="173"/>
    </FE>
    <FE bgColor="9F79EE" fgColor="FFFFFF" coreType="Extra-Thematic" cBy="JKR" cDate="06/20/2005 05:51:10 PDT Mon" abbrev="cir" name="Circumstances" ID="8214">
        <definition>&lt;def-root&gt;&lt;fen&gt;Circumstances&lt;/fen&gt; describe the state of the world (at a particular time and place) which is specifically independent of the Surrendering event itself and any of its participants. 


&lt;ex&gt;John &lt;t&gt;surrendered&lt;/t&gt; the gun &lt;fex name="cir"&gt;with everybody looking on in stunned silence&lt;/fex&gt;.&lt;/ex&gt;&lt;/def-root&gt;</definition>
    </FE>
    <FE bgColor="7CCD73" fgColor="FFFFFF" coreType="Extra-Thematic" cBy="KmG" cDate="08/14/2006 02:47:43 PDT Mon" abbrev="Per" name="Period_of_iterations" ID="10470">
        <definition>&lt;def-root&gt;This FE modifies a clause with an iterative interpretation, which may be signified by the simple present tense on the main verb.&lt;/def-root&gt;</definition>
    </FE>
    <FE bgColor="90876C" fgColor="000000" coreType="Extra-Thematic" cBy="KmG" cDate="09/01/2006 02:18:40 PDT Fri" abbrev="Eve" name="Event_description" ID="10593">
        <definition>&lt;def-root&gt;In general, this FE is used for phrases that describe the clause of the target as a whole. There are two somewhat distinct subgroups of sentence modifiers that cover this function.&lt;/def-root&gt;</definition>
    </FE>
    <FE bgColor="00BFFF" fgColor="FFFFFF" coreType="Extra-Thematic" cBy="KmG" cDate="09/01/2006 02:34:47 PDT Fri" abbrev="re-e" name="Re-encoding" ID="10594">
        <definition>&lt;def-root&gt;This FE presents the current frame as an integral part of a larger conceptualization expressed by another frame.&lt;/def-root&gt;</definition>
    </FE>
    <FE bgColor="FFD700" fgColor="000000" coreType="Extra-Thematic" cBy="KmG" cDate="09/01/2006 02:53:58 PDT Fri" abbrev="Vie" name="Viewpoint" ID="10595">
        <definition>&lt;def-root&gt;This FE describes the legal- or "by rule" domain within which the surrendering event is true or operational and may be expressed by words like ?formally? and ?officially? plus maybe ?technically? and ?in law.? &lt;/def-root&gt;</definition>
    </FE>
    <FE bgColor="00008B" fgColor="FFFFFF" coreType="Extra-Thematic" cBy="KmG" cDate="09/01/2006 03:17:34 PDT Fri" abbrev="Par" name="Particular_iteration" ID="10596">
        <definition>&lt;def-root&gt;Expressions marked with this extra-thematic FE modify a non-iterative use of the target, and indicate that it is conceived as embedded within an iterated series of similar events or states. &lt;/def-root&gt;</definition>
    </FE>
    <FE bgColor="2E8B57" fgColor="FFFFFF" coreType="Extra-Thematic" cBy="KmG" cDate="09/01/2006 03:42:02 PDT Fri" abbrev="Dep" name="Depictive" ID="10597">
        <definition>&lt;def-root&gt;This FE describes a participant of the state of affairs introduced by the target as being in some state during the action. &lt;/def-root&gt;</definition>
    </FE>
    <FE bgColor="90876C" fgColor="FFFFFF" coreType="Extra-Thematic" cBy="KmG" cDate="09/01/2006 03:48:07 PDT Fri" abbrev="Con" name="Containing_event" ID="10598">
        <definition>&lt;def-root&gt;This FE denotes an event that occurs or state of affairs that holds at a time that includes the time during which the event or state of affairs reported by the target occurs and of which it is taken to be a part.&lt;/def-root&gt;</definition>
    </FE>
    <FE bgColor="EEE8AA" fgColor="000000" coreType="Extra-Thematic" cBy="KmG" cDate="09/05/2006 04:07:20 PDT Tue" abbrev="Fre" name="Frequency" ID="10599">
        <definition>&lt;def-root&gt;This frame element is defined as the number of times an event occurs per some unit of time. A Frequency expression answers the question how often. It is to be distinguished from Iteration, which pertains simply to the number of times an event occurs-Iteration expressions answer the question how many times. &lt;/def-root&gt;</definition>
    </FE>
    <FE bgColor="1E90FF" fgColor="000000" coreType="Extra-Thematic" cBy="KmG" cDate="09/05/2006 04:55:11 PDT Tue" abbrev="Res" name="Result" ID="10600">
        <definition>&lt;def-root&gt;This FE identifies the &lt;fen&gt;Result&lt;/fen&gt; of an surrendering event.&lt;/def-root&gt;</definition>
    </FE>
    <FE bgColor="FFFF00" fgColor="000000" coreType="Extra-Thematic" cBy="KmG" cDate="01/03/2007 01:41:12 PST Wed" abbrev="Deg" name="Degree" ID="10943">
        <definition>&lt;def-root&gt;This frame element selects some gradable attribute and modifies the expected value for it.&lt;/def-root&gt;</definition>
    </FE>
    <frameRelation type="Inherits from">
        <relatedFrame ID="139">Giving</relatedFrame>
    </frameRelation>
    <frameRelation type="Is Inherited by"/>
    <frameRelation type="Perspective on"/>
    <frameRelation type="Is Perspectivized in"/>
    <frameRelation type="Uses"/>
    <frameRelation type="Is Used by"/>
    <frameRelation type="Subframe of"/>
    <frameRelation type="Has Subframe(s)"/>
    <frameRelation type="Precedes"/>
    <frameRelation type="Is Preceded by"/>
    <frameRelation type="Is Inchoative of"/>
    <frameRelation type="Is Causative of"/>
    <frameRelation type="See also"/>
    <lexUnit status="Finished_Initial" POS="V" name="surrender.v" ID="12241" lemmaID="39007" cBy="JKR" cDate="06/20/2005 06:21:58 PDT Mon">
        <definition>COD: give up (a person, right, or possession) on compulsion or demand.</definition>
        <sentenceCount annotated="19" total="213"/>
        <lexeme order="1" headword="false" breakBefore="false" POS="V" name="surrender"/>
    </lexUnit>
    <lexUnit status="Finished_Initial" POS="V" name="yield.v" ID="12242" lemmaID="44724" cBy="JKR" cDate="06/20/2005 06:26:58 PDT Mon">
        <definition>COD: relinquish possession of</definition>
        <sentenceCount annotated="8" total="213"/>
        <lexeme order="1" headword="false" breakBefore="false" POS="V" name="yield"/>
    </lexUnit>
    <lexUnit status="Finished_Initial" POS="V" name="relinquish.v" ID="13151" lemmaID="32534" cBy="RLG" cDate="03/29/2006 02:21:41 PST Wed">
        <definition>COD: voluntarily cease to keep or claim; give up.</definition>
        <sentenceCount annotated="27" total="177"/>
        <lexeme order="1" headword="false" breakBefore="false" POS="V" name="relinquish"/>
    </lexUnit>
    <lexUnit status="Created" POS="V" name="give up.v" ID="14699" lemmaID="50800" cBy="JKs" cDate="01/24/2008 02:49:20 PST Thu">
        <definition>FN: to unwillingly give an item to a recipient</definition>
        <sentenceCount annotated="0" total="0"/>
        <lexeme order="1" headword="true" breakBefore="false" POS="V" name="give"/>
        <lexeme order="2" headword="false" breakBefore="false" POS="PREP" name="up"/>
    </lexUnit>
</frame>