<?xml version="1.0" encoding="UTF-8" standalone="yes"?>
<?xml-stylesheet type="text/xsl" href="frame.xsl"?>
<frame cBy="MJE" cDate="09/06/2001 05:07:36 PDT Thu" name="Symmetrical_collective_reciprocality" ID="227" xsi:schemaLocation="../schema/frame.xsd" xmlns="http://framenet.icsi.berkeley.edu" xmlns:xsi="http://www.w3.org/2001/XMLSchema-instance">
    <definition>&lt;def-root&gt;Perspective of Reciprocality in which the &lt;fen&gt;Protagonists&lt;/fen&gt; are viewed as essentially identically participating in the Reciprocal event, relation, or situation, not differing in agency, affectedness, or presumed cognitive or conversational accessibility.&lt;/def-root&gt;</definition>
    <semType name="Non-Lexical Frame" ID="16"/>
    <FE bgColor="800080" fgColor="FFFFFF" coreType="Core" cBy="MJE" cDate="09/06/2001 05:10:25 PDT Thu" abbrev="Prots" name="Protagonists" ID="1846">
        <definition>&lt;def-root&gt;All the participants in an event or situation, viewed as symmetrically contributing or participating in the situation.

&lt;ex&gt;&lt;fex name="Protagonists"&gt;We&lt;/fex&gt; are &lt;t&gt;alike&lt;/t&gt; .&lt;/ex&gt;&lt;/def-root&gt;</definition>
    </FE>
    <frameRelation type="Inherits from"/>
    <frameRelation type="Is Inherited by"/>
    <frameRelation type="Perspective on">
        <relatedFrame ID="9">Reciprocality</relatedFrame>
    </frameRelation>
    <frameRelation type="Is Perspectivized in"/>
    <frameRelation type="Uses"/>
    <frameRelation type="Is Used by"/>
    <frameRelation type="Subframe of"/>
    <frameRelation type="Has Subframe(s)"/>
    <frameRelation type="Precedes"/>
    <frameRelation type="Is Preceded by"/>
    <frameRelation type="Is Inchoative of"/>
    <frameRelation type="Is Causative of"/>
    <frameRelation type="See also"/>
</frame>