<?xml version="1.0" encoding="UTF-8" standalone="yes"?>
<?xml-stylesheet type="text/xsl" href="frame.xsl"?>
<frame cBy="RLG" cDate="09/30/2011 10:20:47 PDT Fri" name="Taking_captive" ID="2663" xsi:schemaLocation="../schema/frame.xsd" xmlns="http://framenet.icsi.berkeley.edu" xmlns:xsi="http://www.w3.org/2001/XMLSchema-instance">
    <definition>&lt;def-root&gt;An &lt;fen&gt;Agent&lt;/fen&gt; begins preventing a &lt;fen&gt;Captive&lt;/fen&gt; from moving despite a tendency or desire on the part of the &lt;fen&gt;Captive&lt;/fen&gt; to do so.

&lt;ex&gt;&lt;fex name="Agt"&gt;Authorities&lt;/fex&gt; &lt;fex name="Time"&gt;recently&lt;/fex&gt; &lt;t&gt;captured&lt;/t&gt; &lt;fex name="Captive"&gt;several suspects who were hiding in a remote mountain area&lt;/fex&gt;.&lt;/ex&gt;

&lt;ex&gt;&lt;fex name="Captive"&gt;High value target&lt;/fex&gt; has been &lt;fex name="Manner"&gt;quietly and safely&lt;/fex&gt; &lt;t&gt;secured&lt;/t&gt;.&lt;/ex&gt;&lt;/def-root&gt;</definition>
    <FE bgColor="1E90FF" fgColor="FFFFFF" coreType="Core" cBy="RLG" cDate="09/30/2011 10:20:47 PDT Fri" abbrev="cap" name="Captive" ID="15097">
        <definition>&lt;def-root&gt;The entity which is captured.

&lt;ex&gt;Police have &lt;t&gt;captured&lt;/t&gt; &lt;fex name="cap"&gt;three of the suspected bombers&lt;/fex&gt; after a week-long search.&lt;/ex&gt;&lt;/def-root&gt;</definition>
        <semType name="Physical_object" ID="68"/>
    </FE>
    <FE bgColor="FF0000" fgColor="FFFFFF" coreType="Core" cBy="RLG" cDate="09/30/2011 10:20:47 PDT Fri" abbrev="Agt" name="Agent" ID="15099">
        <definition>&lt;def-root&gt;The &lt;fen&gt;Agent&lt;/fen&gt; brings the &lt;fen&gt;Captive&lt;/fen&gt; into custody.

&lt;ex&gt;&lt;fex name="Agt"&gt;Authorities&lt;/fex&gt; recently &lt;t&gt;captured&lt;/t&gt; several suspects who were hiding in a remote mountain area.&lt;/ex&gt;&lt;/def-root&gt;</definition>
        <semType name="Sentient" ID="5"/>
    </FE>
    <FE bgColor="808080" fgColor="FFFFFF" coreType="Extra-Thematic" cBy="RLG" cDate="09/30/2011 10:20:47 PDT Fri" abbrev="Ins" name="Instrument" ID="15100">
        <definition>&lt;def-root&gt;The instrument with which the capturing is carried out.
&lt;/def-root&gt;</definition>
        <semType name="Physical_entity" ID="70"/>
    </FE>
    <FE bgColor="00008B" fgColor="FFFFFF" coreType="Extra-Thematic" cBy="RLG" cDate="09/30/2011 10:20:47 PDT Fri" abbrev="Rec" name="Reciprocation" ID="15101">
        <definition>&lt;def-root&gt;The reason for the confinement.

&lt;ex&gt;He was &lt;t&gt;captured&lt;/t&gt; &lt;fex name="Reciprocation"&gt;for treason&lt;/fex&gt;.&lt;/ex&gt;
&lt;/def-root&gt;</definition>
    </FE>
    <FE bgColor="008000" fgColor="FFFFFF" coreType="Peripheral" cBy="RLG" cDate="09/30/2011 10:20:47 PDT Fri" abbrev="pla" name="Place" ID="15102">
        <definition>&lt;def-root&gt;This FE identifies the &lt;fen&gt;Place&lt;/fen&gt; where the event occurs.

&lt;ex&gt;Authorities &lt;t&gt;secured&lt;/t&gt; the target &lt;fex name="pla"&gt;in a private residence&lt;/fex&gt;.&lt;/ex&gt;&lt;/def-root&gt;</definition>
        <semType name="Locative_relation" ID="182"/>
    </FE>
    <FE bgColor="FFA500" fgColor="FFFFFF" coreType="Peripheral" cBy="RLG" cDate="09/30/2011 10:20:47 PDT Fri" abbrev="Time" name="Time" ID="15103">
        <definition>&lt;def-root&gt;When the event occurs.&lt;/def-root&gt;</definition>
        <semType name="Time" ID="141"/>
    </FE>
    <FE bgColor="800080" fgColor="FFFFFF" coreType="Peripheral" cBy="RLG" cDate="09/30/2011 10:20:47 PDT Fri" abbrev="Purp" name="Purpose" ID="15104">
        <definition>&lt;def-root&gt;The purpose for which the &lt;fen&gt;Agent&lt;/fen&gt; takes the &lt;fen&gt;Captive&lt;/fen&gt; into custody.

&lt;ex&gt;These targets were &lt;t&gt;secured&lt;/t&gt; &lt;fex name="Purpose"&gt;to ensure that they would pose no danger during the trial&lt;/fex&gt;.&lt;/ex&gt;
&lt;/def-root&gt;</definition>
        <semType name="State_of_affairs" ID="177"/>
    </FE>
    <FE bgColor="0000FF" fgColor="FFFFFF" coreType="Peripheral" cBy="RLG" cDate="09/30/2011 10:20:47 PDT Fri" abbrev="Mns" name="Means" ID="15105">
        <definition>&lt;def-root&gt;An intentional action performed by the &lt;fen&gt;Agent&lt;/fen&gt; that accomplishes the action indicated by the target. 

&lt;ex&gt;Troops &lt;t&gt;secured&lt;/t&gt; the target &lt;fex name="Mns"&gt;by entering his compound in small numbers and under the cover of darkness&lt;/fex&gt;.&lt;/ex&gt;&lt;/def-root&gt;</definition>
        <semType name="State_of_affairs" ID="177"/>
    </FE>
    <FE bgColor="FF00FF" fgColor="FFFFFF" coreType="Peripheral" cBy="RLG" cDate="09/30/2011 10:20:47 PDT Fri" abbrev="Mnr" name="Manner" ID="15106">
        <definition>&lt;def-root&gt;Any description of the event (or state) which is not covered by more specific FEs, including epistemic modification (probably, presumably, mysteriously), force (hard, softly), secondary effects (quietly, loudly), and general descriptions comparing events (the same way). It may also indicate salient characteristics of the &lt;fen&gt;Agent&lt;/fen&gt; that affect the action (presumptuously, coldly, deliberately, eagerly, carefully). &lt;/def-root&gt;</definition>
        <semType name="Manner" ID="173"/>
    </FE>
    <FE bgColor="9F79EE" fgColor="FFFFFF" coreType="Extra-Thematic" cBy="RLG" cDate="09/30/2011 10:20:47 PDT Fri" abbrev="Exp" name="Explanation" ID="15107">
        <definition>&lt;def-root&gt;A state of affairs that the &lt;fen&gt;Agent&lt;/fen&gt; is responding to in capturing the &lt;fen&gt;Captive&lt;/fen&gt;.

&lt;ex&gt;She was &lt;t&gt;captured&lt;/t&gt; quickly &lt;fex name="Explanation"&gt;beacuse she was on the department's high priority targets list&lt;/fex&gt;.&lt;/ex&gt;
&lt;/def-root&gt;</definition>
        <semType name="State_of_affairs" ID="177"/>
    </FE>
    <FE bgColor="2E8B57" fgColor="FFFFFF" coreType="Core" cBy="RLG" cDate="09/30/2011 10:20:47 PDT Fri" abbrev="" name="Cause" ID="15109">
        <definition>&lt;def-root&gt;The &lt;fen&gt;Cause&lt;/fen&gt; is the non-sentient entity which is responsible for restricting the movement or location of the &lt;fen&gt;Captive&lt;/fen&gt;.&lt;/def-root&gt;</definition>
    </FE>
    <FE bgColor="A52A2A" fgColor="FFFFFF" coreType="Extra-Thematic" cBy="RLG" cDate="01/11/2012 01:44:13 PST Wed" abbrev="dep" name="Depictive" ID="15396">
        <definition>&lt;def-root&gt;The description of one of the participants in the capturing event.

&lt;ex&gt;Make sure they're &lt;t&gt;taken&lt;/t&gt; &lt;fex name="dep"&gt;alive&lt;/fex&gt;!&lt;/ex&gt;&lt;/def-root&gt;</definition>
    </FE>
    <FE bgColor="9400D3" fgColor="FFFFFF" coreType="Extra-Thematic" cBy="RLG" cDate="01/11/2012 02:01:34 PST Wed" abbrev="con" name="Containing_event" ID="15397">
        <definition>&lt;def-root&gt;The larger event which contains or during which occurs the event of taking the &lt;fen&gt;Captive&lt;/fen&gt; captive.

&lt;ex&gt;The suspects were &lt;t&gt;secured&lt;/t&gt; &lt;fex name="con"&gt;in a large raid conducted by both nations' police forces&lt;/fex&gt;.&lt;/ex&gt;&lt;/def-root&gt;</definition>
    </FE>
    <frameRelation type="Inherits from"/>
    <frameRelation type="Is Inherited by"/>
    <frameRelation type="Perspective on"/>
    <frameRelation type="Is Perspectivized in"/>
    <frameRelation type="Uses"/>
    <frameRelation type="Is Used by"/>
    <frameRelation type="Subframe of">
        <relatedFrame ID="2664">Inhibit_motion_scenario</relatedFrame>
    </frameRelation>
    <frameRelation type="Has Subframe(s)"/>
    <frameRelation type="Precedes">
        <relatedFrame ID="245">Inhibit_movement</relatedFrame>
    </frameRelation>
    <frameRelation type="Is Preceded by"/>
    <frameRelation type="Is Inchoative of"/>
    <frameRelation type="Is Causative of"/>
    <frameRelation type="See also"/>
    <lexUnit status="In_Use" POS="V" name="capture.v" ID="16657" lemmaID="5485" cBy="RLG" cDate="09/30/2011 11:10:10 PDT Fri">
        <definition>FN: take under one's control and prevent from escaping.</definition>
        <sentenceCount annotated="57" total="174"/>
        <lexeme order="1" headword="false" breakBefore="false" POS="V" name="capture"/>
    </lexUnit>
    <lexUnit status="In_Use" POS="V" name="take captive.v" ID="16659" lemmaID="51422" cBy="RLG" cDate="09/30/2011 11:17:43 PDT Fri">
        <definition>FN: take into custody.</definition>
        <sentenceCount annotated="3" total="4"/>
        <lexeme order="1" headword="true" breakBefore="false" POS="V" name="take"/>
        <lexeme order="2" headword="false" breakBefore="true" POS="A" name="captive"/>
    </lexUnit>
    <lexUnit status="Created" POS="V" name="secure.v" ID="16690" lemmaID="34807" cBy="RLG" cDate="10/12/2011 09:17:41 PDT Wed">
        <definition>FN: take under custody.</definition>
        <sentenceCount annotated="0" total="0"/>
        <lexeme order="1" headword="false" breakBefore="false" POS="V" name="secure"/>
    </lexUnit>
    <lexUnit status="In_Use" POS="N" name="capture.n" ID="16835" lemmaID="5484" cBy="RLG" cDate="01/11/2012 02:39:40 PST Wed">
        <definition>FN: the event of taking someone or something captive.</definition>
        <sentenceCount annotated="28" total="69"/>
        <lexeme order="1" headword="false" breakBefore="false" POS="N" name="capture"/>
    </lexUnit>
</frame>