<?xml version="1.0" encoding="UTF-8" standalone="yes"?>
<?xml-stylesheet type="text/xsl" href="frame.xsl"?>
<frame cBy="MJE" cDate="10/04/2002 06:58:29 PDT Fri" name="Taking" ID="410" xsi:schemaLocation="../schema/frame.xsd" xmlns="http://framenet.icsi.berkeley.edu" xmlns:xsi="http://www.w3.org/2001/XMLSchema-instance">
    <definition>&lt;def-root&gt;An &lt;fen&gt;Agent&lt;/fen&gt; removes a &lt;fen&gt;Theme&lt;/fen&gt; from a &lt;fen&gt;Source&lt;/fen&gt; so that the it is in the &lt;fen&gt;Agent&lt;/fen&gt;'s possession.

&lt;ex&gt;&lt;fex name="Agent"&gt;Milton&lt;/fex&gt; &lt;t&gt;took&lt;/t&gt; &lt;fex name="Theme"&gt;the can of beer&lt;/fex&gt; &lt;fex name="Source"&gt;out of the refrigerator&lt;/fex&gt;.&lt;/ex&gt;&lt;/def-root&gt;</definition>
    <FE bgColor="FF0000" fgColor="FFFFFF" coreType="Core" cBy="MRLP" cDate="02/11/2003 11:15:37 PST Tue" abbrev="" name="Agent" ID="4224">
        <definition>&lt;def-root&gt;The person who takes possession of the &lt;fen&gt;Theme&lt;/fen&gt;.

&lt;ex&gt;&lt;fex name="Agent"&gt;Milton&lt;/fex&gt; &lt;t&gt;took&lt;/t&gt; the can of beer out of the refrigerator.&lt;/ex&gt;&lt;/def-root&gt;</definition>
        <semType name="Sentient" ID="5"/>
    </FE>
    <FE bgColor="0000FF" fgColor="FFFFFF" coreType="Core" cBy="MRLP" cDate="02/11/2003 11:16:22 PST Tue" abbrev="" name="Theme" ID="4225">
        <definition>&lt;def-root&gt;The &lt;fen&gt;Agent&lt;/fen&gt; takes possession of the &lt;fen&gt;Theme&lt;/fen&gt;.
&lt;ex&gt;Milton &lt;t&gt;took&lt;/t&gt; &lt;fex name="Theme"&gt;the can of beer&lt;/fex&gt; out of the refrigerator.&lt;/ex&gt;&lt;/def-root&gt;</definition>
        <semType name="Physical_object" ID="68"/>
    </FE>
    <FE bgColor="006400" fgColor="FFFFFF" coreType="Core" cBy="MRLP" cDate="02/11/2003 11:18:41 PST Tue" abbrev="" name="Source" ID="4226">
        <definition>&lt;def-root&gt;The location of the &lt;fen&gt;Theme&lt;/fen&gt; prior to the taking.
&lt;ex&gt;Milton &lt;t&gt;took&lt;/t&gt; the can of beer &lt;fex name="Source"&gt;out of the refrigerator&lt;/fex&gt;.&lt;/ex&gt;&lt;/def-root&gt;</definition>
        <semType name="Source" ID="151"/>
    </FE>
    <FE bgColor="008000" fgColor="FFFFFF" coreType="Peripheral" cBy="RLG" cDate="07/11/2003 03:21:59 PDT Fri" abbrev="" name="Place" ID="4767">
        <definition>&lt;def-root&gt;Where the taking takes place.
&lt;ex&gt;Police &lt;t&gt;seized&lt;/t&gt; several tons of marijuana &lt;fex name="Place"&gt;in Berkeley&lt;/fex&gt; last weekend.&lt;/ex&gt;&lt;/def-root&gt;</definition>
        <semType name="Locative_relation" ID="182"/>
    </FE>
    <FE bgColor="FFA500" fgColor="FFFFFF" coreType="Peripheral" cBy="RLG" cDate="07/11/2003 03:26:49 PDT Fri" abbrev="" name="Time" ID="4768">
        <definition>&lt;def-root&gt;When the taking takes place.
&lt;ex&gt;The government &lt;t&gt;seizure&lt;/t&gt; of a suspected dissident's computer &lt;fex name="Time"&gt;last November&lt;/fex&gt; has increased the tension between citizens and law enforcement.&lt;/ex&gt;&lt;/def-root&gt;</definition>
        <semType name="Time" ID="141"/>
    </FE>
    <FE bgColor="FF00FF" fgColor="FFFFFF" coreType="Peripheral" cBy="RLG" cDate="07/11/2003 03:29:53 PDT Fri" abbrev="Mnr" name="Manner" ID="4769">
        <definition>&lt;def-root&gt;The &lt;fen&gt;Manner&lt;/fen&gt; of the taking.
&lt;ex&gt;Milton &lt;fex name="Mnr"&gt;stealthily&lt;/fex&gt; &lt;t&gt;took&lt;/t&gt; the can of beer out of the refrigerator.&lt;/ex&gt;&lt;/def-root&gt;</definition>
        <semType name="Manner" ID="173"/>
    </FE>
    <FE bgColor="FF69B4" fgColor="FFFFFF" coreType="Peripheral" cBy="RLG" cDate="07/11/2003 03:31:18 PDT Fri" abbrev="Mns" name="Means" ID="4770">
        <definition>&lt;def-root&gt;The intermediate action taken by the &lt;fen&gt;Agent&lt;/fen&gt; to take the &lt;fen&gt;Theme&lt;/fen&gt;.
&lt;ex&gt;Milton &lt;t&gt;took&lt;/t&gt; the can of beer from John &lt;fex name="Mns"&gt;by distracting him with a shiny nickel&lt;/fex&gt;&lt;/ex&gt;.&lt;/def-root&gt;</definition>
        <semType name="State_of_affairs" ID="177"/>
    </FE>
    <FE bgColor="800080" fgColor="FFFFFF" coreType="Peripheral" cBy="RLG" cDate="07/11/2003 03:32:42 PDT Fri" abbrev="Pur" name="Purpose" ID="4771">
        <definition>&lt;def-root&gt;The &lt;fen&gt;Purpose&lt;/fen&gt; for the taking.
&lt;ex&gt;Milton &lt;t&gt;took&lt;/t&gt; the can of beer out of the refrigerator &lt;fex name="Pur"&gt;to make sure no one else took it&lt;/fex&gt;.&lt;/ex&gt;&lt;/def-root&gt;</definition>
        <semType name="State_of_affairs" ID="177"/>
    </FE>
    <FE bgColor="90876C" fgColor="FFFFFF" coreType="Extra-Thematic" cBy="RLG" cDate="07/11/2003 03:34:17 PDT Fri" abbrev="exp" name="Explanation" ID="4772">
        <definition>&lt;def-root&gt;The &lt;fen&gt;Explanation&lt;/fen&gt; for the taking.
&lt;ex&gt;Milton &lt;t&gt;took&lt;/t&gt; the champagne out of the ice &lt;fex name="exp"&gt;because it was getting too cold&lt;/fex&gt;.&lt;/ex&gt;&lt;/def-root&gt;</definition>
        <semType name="State_of_affairs" ID="177"/>
    </FE>
    <FE bgColor="EEE8AA" fgColor="000000" coreType="Extra-Thematic" cBy="RLG" cDate="07/11/2003 04:12:07 PDT Fri" abbrev="CE" name="Containing_event" ID="4773">
        <definition>&lt;def-root&gt;The larger event which contains the Taking event.
&lt;ex&gt;These weapons were &lt;t&gt;seized&lt;/t&gt; &lt;fex name="CE"&gt;in a police raid&lt;/fex&gt;&lt;/ex&gt;.&lt;/def-root&gt;</definition>
    </FE>
    <frameRelation type="Inherits from">
        <relatedFrame ID="179">Getting</relatedFrame>
        <relatedFrame ID="230">Intentionally_affect</relatedFrame>
    </frameRelation>
    <frameRelation type="Is Inherited by">
        <relatedFrame ID="94">Theft</relatedFrame>
    </frameRelation>
    <frameRelation type="Perspective on"/>
    <frameRelation type="Is Perspectivized in"/>
    <frameRelation type="Uses"/>
    <frameRelation type="Is Used by"/>
    <frameRelation type="Subframe of"/>
    <frameRelation type="Has Subframe(s)"/>
    <frameRelation type="Precedes"/>
    <frameRelation type="Is Preceded by"/>
    <frameRelation type="Is Inchoative of"/>
    <frameRelation type="Is Causative of"/>
    <frameRelation type="See also"/>
    <lexUnit status="Created" POS="V" name="take.v" ID="7534" lemmaID="39414" cBy="MJE" cDate="10/04/2002 07:00:30 PDT Fri">
        <definition>FN: to act so as to acquire</definition>
        <sentenceCount annotated="7" total="7"/>
        <lexeme order="1" headword="false" breakBefore="false" POS="V" name="take"/>
    </lexUnit>
    <lexUnit status="Finished_Initial" POS="V" name="seize.v" ID="7535" lemmaID="34883" cBy="MJE" cDate="10/04/2002 07:00:43 PDT Fri">
        <definition>FN: to take by force, esp. despite the resistance of the current possessor or contrary to law</definition>
        <sentenceCount annotated="33" total="247"/>
        <lexeme order="1" headword="false" breakBefore="false" POS="V" name="seize"/>
    </lexUnit>
    <lexUnit status="Finished_Initial" POS="N" name="seizure.n" ID="7536" lemmaID="34884" cBy="MJE" cDate="10/04/2002 07:00:55 PDT Fri">
        <definition>COD: the action of seizing.</definition>
        <sentenceCount annotated="30" total="267"/>
        <lexeme order="1" headword="false" breakBefore="false" POS="N" name="seizure"/>
    </lexUnit>
    <lexUnit status="Created" POS="V" name="grab.v" ID="15065" lemmaID="16622" cBy="JKs" cDate="06/06/2008 02:07:12 PDT Fri">
        <definition>FN: take something from a source</definition>
        <sentenceCount annotated="0" total="0"/>
        <lexeme order="1" headword="false" breakBefore="false" POS="V" name="grab"/>
    </lexUnit>
    <lexUnit status="New" POS="V" name="commandeer.v" ID="17601" lemmaID="7322" cBy="CVa" cDate="07/14/2014 04:43:16 PDT Mon">
        <definition>FN: to take possession of something for one's own use, without the authority to do so</definition>
        <sentenceCount annotated="15" total="54"/>
        <lexeme order="1" headword="false" breakBefore="false" POS="V" name="commandeer"/>
    </lexUnit>
</frame>