<?xml version="1.0" encoding="UTF-8" standalone="yes"?>
<?xml-stylesheet type="text/xsl" href="frame.xsl"?>
<frame cBy="CVa" cDate="11/15/2012 11:01:19 PST Thu" name="Temporary_transfer_scenario" ID="2780" xsi:schemaLocation="../schema/frame.xsd" xmlns="http://framenet.icsi.berkeley.edu" xmlns:xsi="http://www.w3.org/2001/XMLSchema-instance">
    <definition>&lt;def-root&gt;In this scenario, the &lt;fen&gt;Theme&lt;/fen&gt; begins in possession of the &lt;fen&gt;Lender&lt;/fen&gt; and ends up in the possession of the &lt;fen&gt;Borrower&lt;/fen&gt;, with the expectation that the &lt;fen&gt;Borrower&lt;/fen&gt; will return the &lt;fen&gt;Theme&lt;/fen&gt; after a &lt;fen&gt;Duration&lt;/fen&gt; of time.  &lt;/def-root&gt;</definition>
    <semType name="Non-Lexical Frame" ID="16"/>
    <FE bgColor="0000FF" fgColor="FFFFFF" coreType="Core" cBy="CVa" cDate="11/15/2012 11:05:10 PST Thu" abbrev="The" name="Theme" ID="15800">
        <definition>&lt;def-root&gt;The object that is transferred from the &lt;fen&gt;Lender&lt;/fen&gt; to the &lt;fen&gt;Borrower&lt;/fen&gt; for a &lt;fen&gt;Duration&lt;/fen&gt;.&lt;/def-root&gt;</definition>
    </FE>
    <FE bgColor="FF0000" fgColor="FFFFFF" coreType="Core" cBy="CVa" cDate="11/15/2012 11:17:06 PST Thu" abbrev="Lend" name="Lender" ID="15801">
        <definition>&lt;def-root&gt;The person or institution who gives the &lt;fen&gt;Theme&lt;/fen&gt; to the &lt;fen&gt;Borrower&lt;/fen&gt; for a &lt;fen&gt;Duration&lt;/fen&gt;.&lt;/def-root&gt;</definition>
    </FE>
    <FE bgColor="800080" fgColor="FFFFFF" coreType="Core" cBy="CVa" cDate="11/15/2012 11:17:52 PST Thu" abbrev="Borr" name="Borrower" ID="15802">
        <definition>&lt;def-root&gt;The person or institution who receives the &lt;fen&gt;Theme&lt;/fen&gt; from the &lt;fen&gt;Lender&lt;/fen&gt; for a &lt;fen&gt;Duration&lt;/fen&gt;.&lt;/def-root&gt;</definition>
    </FE>
    <FE bgColor="FFA500" fgColor="000000" coreType="Peripheral" cBy="CVa" cDate="11/15/2012 11:18:51 PST Thu" abbrev="Dur" name="Duration" ID="15803">
        <definition>&lt;def-root&gt;The amount of time in which the &lt;fen&gt;Borrower&lt;/fen&gt; has possession of the &lt;fen&gt;Theme&lt;/fen&gt;.&lt;/def-root&gt;</definition>
        <semType name="Duration" ID="142"/>
    </FE>
    <frameRelation type="Inherits from">
        <relatedFrame ID="1192">Transfer_scenario</relatedFrame>
    </frameRelation>
    <frameRelation type="Is Inherited by"/>
    <frameRelation type="Perspective on"/>
    <frameRelation type="Is Perspectivized in">
        <relatedFrame ID="2781">Lending</relatedFrame>
        <relatedFrame ID="2783">Borrowing</relatedFrame>
    </frameRelation>
    <frameRelation type="Uses"/>
    <frameRelation type="Is Used by"/>
    <frameRelation type="Subframe of"/>
    <frameRelation type="Has Subframe(s)"/>
    <frameRelation type="Precedes"/>
    <frameRelation type="Is Preceded by"/>
    <frameRelation type="Is Inchoative of"/>
    <frameRelation type="Is Causative of"/>
    <frameRelation type="See also"/>
</frame>