<?xml version="1.0" encoding="UTF-8" standalone="yes"?>
<?xml-stylesheet type="text/xsl" href="frame.xsl"?>
<frame cBy="CVa" cDate="03/09/2012 11:06:25 PST Fri" name="Temporary_leave" ID="2709" xsi:schemaLocation="../schema/frame.xsd" xmlns="http://framenet.icsi.berkeley.edu" xmlns:xsi="http://www.w3.org/2001/XMLSchema-instance">
    <definition>&lt;def-root&gt;A &lt;fen&gt;Person&lt;/fen&gt; takes leave from his or her routine &lt;fen&gt;Activity&lt;/fen&gt; (such as work or school) for a &lt;fen&gt;Duration&lt;/fen&gt; of time.  The &lt;fen&gt;Duration&lt;/fen&gt; can be any length of time, as long as the absence is temporary.   

&lt;ex&gt;&lt;/ex&gt;
&lt;ex&gt;The claimant should then submit medical certificates for the duration of &lt;fex name="Person"&gt;their&lt;/fex&gt; &lt;t&gt;absence&lt;/t&gt; &lt;fex name="Act"&gt;from work&lt;/fex&gt;.&lt;fex name="Dur"&gt;INI&lt;/fex&gt;&lt;/ex&gt;
&lt;ex&gt;&lt;/ex&gt;
&lt;ex&gt;&lt;fex name="Person"&gt;He&lt;/fex&gt; &lt;m&gt;took&lt;/m&gt; &lt;fex name="Dur"&gt;three month's&lt;/fex&gt; &lt;t&gt;leave&lt;/t&gt; and went to our world assembly at Caux. &lt;fex name="Act"&gt;DNI&lt;/fex&gt;&lt;/ex&gt;
&lt;ex&gt;&lt;/ex&gt;
&lt;ex&gt;&lt;fex name="Person"&gt;Negroponte&lt;/fex&gt;, &lt;fex name="Person"&gt;who&lt;/fex&gt; is &lt;m&gt;on&lt;/m&gt; a &lt;fex name="Dur"&gt;two-year&lt;/fex&gt; &lt;t&gt;leave&lt;/t&gt; &lt;t&gt;of&lt;/t&gt; &lt;t&gt;absence&lt;/t&gt; &lt;fex name="Act"&gt;from MIT&lt;/fex&gt;, decided to stay on to the end of the present academic year.&lt;/ex&gt;&lt;/def-root&gt;</definition>
    <FE bgColor="FF0000" fgColor="FFFFFF" coreType="Core" cBy="CVa" cDate="03/09/2012 11:12:28 PST Fri" abbrev="Person" name="Person" ID="15522">
        <definition>&lt;def-root&gt;The person who is absent from his or her &lt;fen&gt;Activity&lt;/fen&gt; for a &lt;fen&gt;Duration&lt;/fen&gt; of time.

&lt;ex&gt;During his &lt;fex name="Person"&gt;wife's&lt;/fex&gt; &lt;t&gt;absence&lt;/t&gt;, Linkworth and his mother had another violent argument.&lt;/ex&gt;

&lt;ex&gt;&lt;fex name="Person"&gt;Lemaire&lt;/fex&gt; &lt;m&gt;took&lt;/m&gt; a &lt;t&gt;sabbatical&lt;/t&gt; from the club.&lt;/ex&gt;

&lt;/def-root&gt;</definition>
        <semType name="Sentient" ID="5"/>
    </FE>
    <FE bgColor="0000FF" fgColor="FFFFFF" coreType="Core" cBy="CVa" cDate="03/09/2012 11:24:47 PST Fri" abbrev="Act" name="Activity" ID="15523">
        <definition>&lt;def-root&gt;This FE describes the activity or responsiblilities from which the &lt;fen&gt;Person&lt;/fen&gt; is taking a temporary leave.

&lt;ex&gt;Such conditions would be likely to lead to &lt;t&gt;absence&lt;/t&gt; &lt;fex name="Act"&gt;from work&lt;/fex&gt;.&lt;/ex&gt;&lt;/def-root&gt;</definition>
    </FE>
    <FE bgColor="FFD700" fgColor="000000" coreType="Core" cBy="CVa" cDate="03/09/2012 11:31:36 PST Fri" abbrev="Dur" name="Duration" ID="15524">
        <definition>&lt;def-root&gt;The amount of time the &lt;fen&gt;Person&lt;/fen&gt; is absent from his or her &lt;fen&gt;Activity&lt;/fen&gt;.  This can also be expressed as a description of a duration, as shown below:

&lt;ex&gt;Dissuaded from resigning, Macmillan took &lt;fex name="Dur"&gt;extended&lt;/fex&gt; &lt;t&gt;leave&lt;/t&gt; rather than restrain his public utterances.&lt;/ex&gt;

&lt;ex&gt;During her &lt;fex name="Dur"&gt;two-year&lt;/fex&gt; &lt;t&gt;absence&lt;/t&gt; Eliza suffered great pangs of homesickness and longing for her children.&lt;/ex&gt;&lt;/def-root&gt;</definition>
    </FE>
    <FE bgColor="008000" fgColor="FFFFFF" coreType="Peripheral" cBy="CVa" cDate="03/09/2012 12:20:29 PST Fri" abbrev="Loc" name="Location" ID="15527">
        <definition>&lt;def-root&gt;The place in which the &lt;fen&gt;Person&lt;/fen&gt; spends his or her leave.

&lt;ex&gt;Chris read many books while on &lt;t&gt;sabbatical&lt;/t&gt; &lt;fex name="Loc"&gt;in Spain&lt;/fex&gt;.&lt;/ex&gt;&lt;/def-root&gt;</definition>
        <semType name="Location" ID="54"/>
    </FE>
    <FE bgColor="808080" fgColor="FFFFFF" coreType="Peripheral" cBy="CVa" cDate="03/09/2012 12:24:55 PST Fri" abbrev="Type" name="Type" ID="15528">
        <definition>&lt;def-root&gt;The kind of leave being taken by the &lt;fen&gt;Person&lt;/fen&gt;.

&lt;ex&gt;She's been on &lt;fex name="Type"&gt;maternity&lt;/fex&gt; &lt;t&gt;leave&lt;/t&gt; for a while.&lt;/ex&gt;&lt;/def-root&gt;</definition>
    </FE>
    <FE bgColor="800080" fgColor="FFFFFF" coreType="Extra-Thematic" cBy="CVa" cDate="03/09/2012 01:33:40 PST Fri" abbrev="Dep" name="Depictive" ID="15529">
        <definition>&lt;def-root&gt;A characterization of the absence.

&lt;ex&gt;After a &lt;fex name="Dep"&gt;mysterious&lt;/fex&gt; five-year &lt;t&gt;absence&lt;/t&gt; from his tribe, Smohalla had returned.&lt;/ex&gt;&lt;/def-root&gt;</definition>
    </FE>
    <FE bgColor="FF00FF" fgColor="000000" coreType="Extra-Thematic" cBy="CVa" cDate="03/09/2012 01:37:04 PST Fri" abbrev="Freq" name="Frequency" ID="15530">
        <definition>&lt;def-root&gt;How often the absences occur.

&lt;ex&gt;Laura's &lt;fex name="Freq"&gt;frequent&lt;/fex&gt; &lt;t&gt;absences&lt;/t&gt; in London meant that her baby, Emma, was often left behind with Gwenny. &lt;/ex&gt;

&lt;/def-root&gt;</definition>
    </FE>
    <FE bgColor="90876C" fgColor="FFFFFF" coreType="Extra-Thematic" cBy="CVa" cDate="03/09/2012 01:48:41 PST Fri" abbrev="exp" name="Explanation" ID="15531">
        <definition>&lt;def-root&gt;The &lt;fen&gt;Explanation&lt;/fen&gt; for the &lt;fen&gt;Person&lt;/fen&gt;'s absence.

&lt;ex&gt;Ukraine's &lt;t&gt;absence&lt;/t&gt; from the negotiations &lt;fex name="exp"&gt;because of the forthcoming referendum on independence&lt;/fex&gt;, had made the signing of a Union Treaty unlikely.&lt;/ex&gt;&lt;/def-root&gt;</definition>
    </FE>
    <FE bgColor="EEE8AA" fgColor="000000" coreType="Peripheral" cBy="CVa" cDate="03/09/2012 02:03:27 PST Fri" abbrev="Pur" name="Purpose" ID="15532">
        <definition>&lt;def-root&gt;The &lt;fen&gt;Person&lt;/fen&gt;'s intended purpose for the temporary leave.

&lt;ex&gt;Mark Morrow will replace Ben Bradlee Jr., who is &lt;m&gt;taking&lt;/m&gt; a &lt;t&gt;leave&lt;/t&gt; &lt;fex name="Pur"&gt;to write a book&lt;/fex&gt;.&lt;/ex&gt;&lt;/def-root&gt;</definition>
    </FE>
    <FE bgColor="FFFF00" fgColor="000000" coreType="Peripheral" cBy="CVa" cDate="03/09/2012 02:11:02 PST Fri" abbrev="Time" name="Time" ID="15533">
        <definition>&lt;def-root&gt;The time at which the leave occurs.

&lt;ex&gt;Columbus took &lt;t&gt;leave&lt;/t&gt; of the known world &lt;fex name="Time"&gt;on 6 September 1492&lt;/fex&gt;.&lt;/ex&gt;
&lt;/def-root&gt;</definition>
        <semType name="Time" ID="141"/>
    </FE>
    <frameRelation type="Inherits from">
        <relatedFrame ID="1619">Expected_location_of_person</relatedFrame>
    </frameRelation>
    <frameRelation type="Is Inherited by"/>
    <frameRelation type="Perspective on"/>
    <frameRelation type="Is Perspectivized in"/>
    <frameRelation type="Uses">
        <relatedFrame ID="392">Being_obligated</relatedFrame>
    </frameRelation>
    <frameRelation type="Is Used by"/>
    <frameRelation type="Subframe of"/>
    <frameRelation type="Has Subframe(s)"/>
    <frameRelation type="Precedes"/>
    <frameRelation type="Is Preceded by"/>
    <frameRelation type="Is Inchoative of"/>
    <frameRelation type="Is Causative of"/>
    <frameRelation type="See also"/>
    <lexUnit status="Finished_Initial" incorporatedFE="Duration" POS="N" name="absence.n" ID="16944" lemmaID="184" cBy="CVa" cDate="03/09/2012 12:27:36 PST Fri">
        <definition>FN: a missed responsibility or duty, usually referring to a work day or school period</definition>
        <sentenceCount annotated="25" total="106"/>
        <lexeme order="1" headword="false" breakBefore="false" POS="N" name="absence"/>
    </lexUnit>
    <lexUnit status="Finished_Initial" POS="N" name="leave.n" ID="16945" lemmaID="21966" cBy="CVa" cDate="03/09/2012 12:29:49 PST Fri">
        <definition>FN: a temporary period of time in which someone is away</definition>
        <sentenceCount annotated="13" total="81"/>
        <lexeme order="1" headword="false" breakBefore="false" POS="N" name="leave"/>
    </lexUnit>
    <lexUnit status="Created" POS="N" name="sabbatical.n" ID="16946" lemmaID="33859" cBy="CVa" cDate="03/09/2012 12:30:37 PST Fri">
        <definition>FN: an extended period of time away, taken by an employee, which is sometimes paid partially or fully by the employer</definition>
        <sentenceCount annotated="0" total="0"/>
        <lexeme order="1" headword="false" breakBefore="false" POS="N" name="sabbatical"/>
    </lexUnit>
    <lexUnit status="Finished_Initial" POS="N" name="leave of absence.n" ID="16947" lemmaID="51500" cBy="CVa" cDate="03/09/2012 12:32:08 PST Fri">
        <definition>FN: a period of time in which an employee is temporarily away from work</definition>
        <sentenceCount annotated="14" total="23"/>
        <lexeme order="1" headword="false" breakBefore="false" POS="N" name="leave"/>
        <lexeme order="2" headword="false" breakBefore="false" POS="PREP" name="of"/>
        <lexeme order="3" headword="true" breakBefore="false" POS="N" name="absence"/>
    </lexUnit>
    <lexUnit status="Created" POS="N" name="vacation.n" ID="16949" lemmaID="42621" cBy="CVa" cDate="03/09/2012 12:37:55 PST Fri">
        <definition>FN: a period of time spent away from work or school</definition>
        <sentenceCount annotated="0" total="0"/>
        <lexeme order="1" headword="false" breakBefore="false" POS="N" name="vacation"/>
    </lexUnit>
    <lexUnit status="Created" POS="N" name="holiday.n" ID="16950" lemmaID="18222" cBy="CVa" cDate="03/09/2012 12:38:19 PST Fri">
        <definition>FN: a period of time spent away from work or school</definition>
        <sentenceCount annotated="0" total="0"/>
        <lexeme order="1" headword="false" breakBefore="false" POS="N" name="holiday"/>
    </lexUnit>
    <lexUnit status="Created" POS="N" name="furlough.n" ID="16951" lemmaID="15722" cBy="CVa" cDate="03/09/2012 12:39:43 PST Fri">
        <definition>FN: a period of time spent away from work; a leave of absence</definition>
        <sentenceCount annotated="0" total="0"/>
        <lexeme order="1" headword="false" breakBefore="false" POS="N" name="furlough"/>
    </lexUnit>
    <lexUnit status="Finished_Initial" POS="N" name="time off.n" ID="16952" lemmaID="51501" cBy="CVa" cDate="03/09/2012 12:42:43 PST Fri">
        <definition>FN: a period of time spent away from everyday responsibilities</definition>
        <sentenceCount annotated="10" total="20"/>
        <lexeme order="1" headword="true" breakBefore="false" POS="N" name="time"/>
        <lexeme order="2" headword="false" breakBefore="false" POS="PREP" name="off"/>
    </lexUnit>
    <lexUnit status="Created" POS="N" name="PTO.n" ID="16976" lemmaID="31033" cBy="CVa" cDate="03/20/2012 04:28:05 PDT Tue">
        <definition>paid time off; a period of time spent away from work with pay</definition>
        <sentenceCount annotated="0" total="0"/>
        <lexeme order="1" headword="false" breakBefore="false" POS="N" name="pto"/>
    </lexUnit>
    <lexUnit status="Created" POS="V" name="absent.v" ID="17363" lemmaID="185" cBy="CVa" cDate="04/16/2013 05:13:45 PDT Tue">
        <definition>FN: to remove oneself from an activity or location for a period of time</definition>
        <sentenceCount annotated="0" total="0"/>
        <lexeme order="1" headword="false" breakBefore="false" POS="V" name="absent"/>
    </lexUnit>
</frame>