<?xml version="1.0" encoding="UTF-8" standalone="yes"?>
<?xml-stylesheet type="text/xsl" href="frame.xsl"?>
<frame cBy="RLG" cDate="08/21/2006 03:44:49 PDT Mon" name="Thriving" ID="1771" xsi:schemaLocation="../schema/frame.xsd" xmlns="http://framenet.icsi.berkeley.edu" xmlns:xsi="http://www.w3.org/2001/XMLSchema-instance">
    <definition>&lt;def-root&gt;An &lt;fen&gt;Entity&lt;/fen&gt; is in a state such that it participates in a preponderance of states and events which are desirable for it. For living entities, this may entail a proliferation of instances of the entity, or of desirable properties associated with the (single) entity. For non-living entities (economies, political locales, academic topics, etc.), this entails a proliferation of instances, or of activities that lead to instances, or any attribute that would prevent the entity from disappearing. This state is conceived of as temporary, or at least contingent on a number of changeable factors. Words expressing the opposite state, i.e., a lack of such positive activity, are also in this frame.

&lt;ex&gt;&lt;fex name="tim"&gt;In the 1920s&lt;/fex&gt; &lt;fex name="ent"&gt;the peach industry&lt;/fex&gt; &lt;t&gt;flourished&lt;/t&gt; &lt;fex name="pla"&gt;in Upson County&lt;/fex&gt;.&lt;/ex&gt;

&lt;ex&gt;&lt;fex name="ent"&gt;Construction companies&lt;/fex&gt; &lt;t&gt;thrive&lt;/t&gt; &lt;fex name="cir"&gt;on public projects&lt;/fex&gt;.&lt;/ex&gt;&lt;/def-root&gt;</definition>
    <FE bgColor="FF0000" fgColor="FFFFFF" coreType="Core" cBy="RLG" cDate="08/21/2006 04:12:14 PDT Mon" abbrev="ent" name="Entity" ID="10527">
        <definition>&lt;def-root&gt;The &lt;t&gt;Entity&lt;/t&gt; is experiencing a period of desirable events or states.

&lt;ex&gt;In the 1920s &lt;fex name="ent"&gt;the peach industry&lt;/fex&gt; &lt;t&gt;thrived&lt;/t&gt; in Upson County.&lt;/ex&gt;&lt;/def-root&gt;</definition>
    </FE>
    <FE bgColor="808080" fgColor="FFFFFF" coreType="Peripheral" cBy="RLG" cDate="08/21/2006 04:12:55 PDT Mon" abbrev="cir" name="Circumstances" ID="10528">
        <definition>&lt;def-root&gt;&lt;fen&gt;Circumstances&lt;/fen&gt; describe the state of the world (at a particular time and place) which is specifically independent of the event itself and any of its participants. 

&lt;ex&gt;In those nations, the economy &lt;t&gt;languishes&lt;/t&gt; &lt;fex name="cir"&gt;under repressive regimes which do not govern for their people but rather against them&lt;/fex&gt;.&lt;/ex&gt;&lt;/def-root&gt;</definition>
        <semType name="State_of_affairs" ID="177"/>
    </FE>
    <FE bgColor="FFA500" fgColor="FFFFFF" coreType="Peripheral" cBy="RLG" cDate="08/21/2006 04:32:01 PDT Mon" abbrev="tim" name="Time" ID="10529">
        <definition>&lt;def-root&gt;The &lt;fen&gt;Time&lt;/fen&gt; during which the &lt;fen&gt;Entity&lt;/fen&gt; thrives.

&lt;ex&gt;&lt;fex name="tim"&gt;In the 1920s&lt;/fex&gt; the peach industry &lt;t&gt;thrived&lt;/t&gt; in Upson County.&lt;/ex&gt;&lt;/def-root&gt;</definition>
    </FE>
    <FE bgColor="008000" fgColor="FFFFFF" coreType="Peripheral" cBy="RLG" cDate="08/21/2006 04:35:17 PDT Mon" abbrev="pla" name="Place" ID="10530">
        <definition>&lt;def-root&gt;The &lt;fen&gt;Place&lt;/fen&gt; where the thriving takes place.

&lt;ex&gt;Why was it that democracy &lt;t&gt;flourished&lt;/t&gt; &lt;fex name="pla"&gt;in America&lt;/fex&gt;?&lt;/ex&gt;&lt;/def-root&gt;</definition>
    </FE>
    <FE bgColor="0000FF" fgColor="FFFFFF" coreType="Extra-Thematic" cBy="KmG" cDate="11/20/2006 03:50:58 PST Mon" abbrev="fre" name="Frequency" ID="10843">
        <definition>&lt;def-root&gt;This frame element is defined as the number of times an event occurs per some unit of time. &lt;/def-root&gt;</definition>
    </FE>
    <FE bgColor="800080" fgColor="FFFFFF" coreType="Extra-Thematic" cBy="KmG" cDate="02/23/2007 05:00:33 PST Fri" abbrev="rol" name="Role" ID="11094">
        <definition>&lt;def-root&gt;The category in which the &lt;fen&gt;Entity&lt;/fen&gt; thrives. &lt;/def-root&gt;</definition>
    </FE>
    <FE bgColor="FFFF00" fgColor="000000" coreType="Extra-Thematic" cBy="KmG" cDate="03/15/2007 11:14:17 PDT Thu" abbrev="par" name="Particular_iteration" ID="11198">
        <definition>&lt;def-root&gt;Expressions marked with this extra-thematic FE modify a non-iterative use of the target, and indicate that it is conceived as embedded within an iterated series of similar events or states. &lt;/def-root&gt;</definition>
    </FE>
    <FE bgColor="1E90FF" fgColor="FFFFFF" coreType="Peripheral" cBy="KmG" cDate="04/02/2007 02:53:08 PDT Mon" abbrev="dur" name="Duration" ID="11596">
        <definition>&lt;def-root&gt;Duration denotes the length of time from the beginning of a continuous situation to its end. In many cases, the continuous situation is a dynamic action which is ongoing, while in others it is simply an undifferentiated state.&lt;/def-root&gt;</definition>
    </FE>
    <FE bgColor="00008B" fgColor="FFFFFF" coreType="Extra-Thematic" cBy="JKs" cDate="06/20/2008 10:45:39 PDT Fri" abbrev="" name="Explanation" ID="12860">
        <definition>&lt;def-root&gt;The &lt;fen&gt;Explanation&lt;/fen&gt; for why or how the &lt;fen&gt;Entity&lt;/fen&gt; thrives.&lt;/def-root&gt;</definition>
    </FE>
    <FE bgColor="FF00FF" fgColor="FFFFFF" coreType="Core" cBy="AlK" cDate="06/07/2011 05:46:04 PDT Tue" abbrev="" name="Desirability" ID="14447">
        <definition>&lt;def-root&gt;This FE describes the state of the &lt;fen&gt;Entity&lt;/fen&gt;. It is often incorporated into the LUs of this frame.

&lt;ex&gt;He was &lt;t&gt;living&lt;/t&gt; &lt;fex name="Desirability"&gt;well&lt;/fex&gt; after his promotion.&lt;/ex&gt;&lt;/def-root&gt;</definition>
    </FE>
    <frameRelation type="Inherits from">
        <relatedFrame ID="150">State</relatedFrame>
    </frameRelation>
    <frameRelation type="Is Inherited by"/>
    <frameRelation type="Perspective on"/>
    <frameRelation type="Is Perspectivized in"/>
    <frameRelation type="Uses">
        <relatedFrame ID="354">Desirability</relatedFrame>
    </frameRelation>
    <frameRelation type="Is Used by"/>
    <frameRelation type="Subframe of"/>
    <frameRelation type="Has Subframe(s)"/>
    <frameRelation type="Precedes"/>
    <frameRelation type="Is Preceded by"/>
    <frameRelation type="Is Inchoative of"/>
    <frameRelation type="Is Causative of"/>
    <frameRelation type="See also"/>
    <lexUnit status="Finished_Initial" incorporatedFE="Desirability" POS="V" name="thrive.v" ID="13517" lemmaID="40277" cBy="RLG" cDate="08/21/2006 04:21:23 PDT Mon">
        <definition>COD: prosper; flourish.</definition>
        <sentenceCount annotated="28" total="135"/>
        <lexeme order="1" headword="false" breakBefore="false" POS="V" name="thrive"/>
    </lexUnit>
    <lexUnit status="Finished_Initial" incorporatedFE="Desirability" POS="V" name="flourish.v" ID="13518" lemmaID="14789" cBy="RLG" cDate="08/21/2006 04:22:15 PDT Mon">
        <definition>COD: grow or develop in a healthy or vigorous way.</definition>
        <sentenceCount annotated="26" total="156"/>
        <lexeme order="1" headword="false" breakBefore="false" POS="V" name="flourish"/>
    </lexUnit>
    <lexUnit status="Created" incorporatedFE="Desirability" POS="V" name="prosper.v" ID="13519" lemmaID="30826" cBy="RLG" cDate="08/21/2006 04:22:34 PDT Mon">
        <definition>COD: succeed or flourish, especially financially; thrive.</definition>
        <sentenceCount annotated="0" total="0"/>
        <lexeme order="1" headword="false" breakBefore="false" POS="V" name="prosper"/>
    </lexUnit>
    <lexUnit status="Created" incorporatedFE="Desirability" POS="V" name="languish.v" ID="13520" lemmaID="21683" cBy="RLG" cDate="08/21/2006 04:25:57 PDT Mon">
        <definition>FN: be in a weakened, unactive or depreciated state.</definition>
        <sentenceCount annotated="0" total="0"/>
        <lexeme order="1" headword="false" breakBefore="false" POS="V" name="languish"/>
    </lexUnit>
    <lexUnit status="Created" incorporatedFE="Desirability" POS="N" name="slump.n" ID="13521" lemmaID="36455" cBy="RLG" cDate="08/21/2006 04:29:48 PDT Mon">
        <definition>FN: a period of inactivity.</definition>
        <sentenceCount annotated="0" total="0"/>
        <lexeme order="1" headword="false" breakBefore="false" POS="N" name="slump"/>
    </lexUnit>
    <lexUnit status="Created" POS="V" name="do.v" ID="13850" lemmaID="11346" cBy="MJE" cDate="02/25/2007 04:21:23 PST Sun">
        <definition>FN: be (in the specified desirable or undesirable state).</definition>
        <sentenceCount annotated="0" total="0"/>
        <lexeme order="1" headword="false" breakBefore="false" POS="V" name="do"/>
    </lexUnit>
    <lexUnit status="Created" POS="V" name="fare.v" ID="13851" lemmaID="13944" cBy="MJE" cDate="02/25/2007 04:24:19 PST Sun">
        <definition>COD: perform in a specified way in a particular situation or period: </definition>
        <sentenceCount annotated="0" total="0"/>
        <lexeme order="1" headword="false" breakBefore="false" POS="V" name="fare"/>
    </lexUnit>
    <lexUnit status="Created" incorporatedFE="Desirability" POS="N" name="prosperity.n" ID="13852" lemmaID="30827" cBy="MJE" cDate="02/25/2007 04:25:26 PST Sun">
        <definition>FN: the state or degree of (financial) well-being.</definition>
        <sentenceCount annotated="5" total="6"/>
        <lexeme order="1" headword="false" breakBefore="false" POS="N" name="prosperity"/>
    </lexUnit>
    <lexUnit status="Finished_Initial" POS="V" name="live.v" ID="16358" lemmaID="22551" cBy="AlK" cDate="06/07/2011 05:48:48 PDT Tue">
        <definition>FN: to exist (with a particular level of comfort)</definition>
        <sentenceCount annotated="9" total="61"/>
        <lexeme order="1" headword="false" breakBefore="false" POS="V" name="live"/>
    </lexUnit>
</frame>