<?xml version="1.0" encoding="UTF-8" standalone="yes"?>
<?xml-stylesheet type="text/xsl" href="frame.xsl"?>
<frame cBy="AnW" cDate="05/11/2010 02:37:35 PDT Tue" name="Time_period_of_action" ID="2290" xsi:schemaLocation="../schema/frame.xsd" xmlns="http://framenet.icsi.berkeley.edu" xmlns:xsi="http://www.w3.org/2001/XMLSchema-instance">
    <definition>&lt;def-root&gt;LUs in this frame denote a period of time in which an &lt;fen&gt;Enabled_action&lt;/fen&gt; becomes possible.  The &lt;fen&gt;Duration&lt;/fen&gt; of this time period can be both exact and inexact.  An &lt;fen&gt;Agent&lt;/fen&gt; who performs the &lt;fen&gt;Enabled_action&lt;/fen&gt; may be mentioned as well.
&lt;ex&gt;Allow a &lt;fex name="Duration"&gt;three-day&lt;/fex&gt; &lt;t&gt;window&lt;/t&gt; &lt;fex name="Enabled_action"&gt;for delivery&lt;/fex&gt;.  &lt;fex name="Agent"&gt;DNI&lt;/fex&gt;&lt;/ex&gt;&lt;/def-root&gt;</definition>
    <FE bgColor="0000FF" fgColor="FFFFFF" coreType="Core" cBy="AnW" cDate="05/11/2010 02:52:34 PDT Tue" abbrev="enab" name="Enabled_action" ID="13840">
        <definition>&lt;def-root&gt;The action that becomes possible through the existence of the period of time.&lt;/def-root&gt;</definition>
    </FE>
    <FE bgColor="FFFF00" fgColor="000000" coreType="Core" cBy="AnW" cDate="05/11/2010 02:53:09 PDT Tue" abbrev="dur" name="Duration" ID="13841">
        <definition>&lt;def-root&gt;A quantity or other characterization of the period of the time in which an &lt;fen&gt;Enabled_action&lt;/fen&gt; is allowed.  In this frame, the duration may be exact or inexact.&lt;/def-root&gt;</definition>
    </FE>
    <FE bgColor="FF0000" fgColor="FFFFFF" coreType="Core" cBy="AnW" cDate="05/11/2010 02:53:28 PDT Tue" abbrev="ag" name="Agent" ID="13842">
        <definition>&lt;def-root&gt;The &lt;fen&gt;Agent&lt;/fen&gt; is the one who performs the &lt;fen&gt;Enabled_action&lt;/fen&gt;.&lt;/def-root&gt;</definition>
        <semType name="Sentient" ID="5"/>
    </FE>
    <FE bgColor="800080" fgColor="FFFFFF" coreType="Peripheral" cBy="AnW" cDate="05/11/2010 03:10:39 PDT Tue" abbrev="wh" name="Whole" ID="13843">
        <definition>&lt;def-root&gt;The &lt;fen&gt;Whole&lt;/fen&gt; is the larger time period to which target is a part of.&lt;/def-root&gt;</definition>
    </FE>
    <frameRelation type="Inherits from">
        <relatedFrame ID="2142">Timespan</relatedFrame>
    </frameRelation>
    <frameRelation type="Is Inherited by"/>
    <frameRelation type="Perspective on"/>
    <frameRelation type="Is Perspectivized in"/>
    <frameRelation type="Uses">
        <relatedFrame ID="1931">Alternatives</relatedFrame>
    </frameRelation>
    <frameRelation type="Is Used by"/>
    <frameRelation type="Subframe of"/>
    <frameRelation type="Has Subframe(s)"/>
    <frameRelation type="Precedes"/>
    <frameRelation type="Is Preceded by"/>
    <frameRelation type="Is Inchoative of"/>
    <frameRelation type="Is Causative of"/>
    <frameRelation type="See also"/>
    <lexUnit status="Created" POS="N" name="window.n" ID="15801" lemmaID="44223" cBy="AnW" cDate="05/11/2010 03:26:07 PDT Tue">
        <definition>FN: a time period that allows an action to occur</definition>
        <sentenceCount annotated="8" total="8"/>
        <lexeme order="1" headword="false" breakBefore="false" POS="N" name="window"/>
    </lexUnit>
</frame>