<?xml version="1.0" encoding="UTF-8" standalone="yes"?>
<?xml-stylesheet type="text/xsl" href="frame.xsl"?>
<frame cBy="CVa" cDate="07/22/2014 12:15:57 PDT Tue" name="Timetable" ID="2844" xsi:schemaLocation="../schema/frame.xsd" xmlns="http://framenet.icsi.berkeley.edu" xmlns:xsi="http://www.w3.org/2001/XMLSchema-instance">
    <definition>&lt;def-root&gt;A &lt;fen&gt;Timetable&lt;/fen&gt; of &lt;fen&gt;Events&lt;/fen&gt; is a mental object deliberately created, modified or kept by a &lt;fen&gt;Cognizer&lt;/fen&gt;. The &lt;fen&gt;Timetable&lt;/fen&gt; is often modified by an adjective depicting a &lt;fen&gt;Period_of_iterations&lt;/fen&gt; or a dependent noun expressing the &lt;fen&gt;Events&lt;/fen&gt; of the &lt;fen&gt;Timetable&lt;/fen&gt;.

Note that this frame does not include the physical representation of a timetable.

&lt;ex&gt;&lt;/ex&gt;
As of now this frame does not have an inheritance relationship, but in the future a *Mental_object frame will be developed from which Timetable will inherit.
&lt;ex&gt;&lt;/ex&gt;

&lt;ex&gt;Changes to &lt;fex name="Cog"&gt;an employee's&lt;/fex&gt; &lt;fex name="Events"&gt;work&lt;/fex&gt; &lt;t&gt;&lt;fex name="tt"&gt;schedule&lt;/fex&gt;&lt;/t&gt; should generally be approved prior to the change actually occuring.&lt;/ex&gt;

&lt;ex&gt;&lt;fex name="Cog"&gt;The science students&lt;/fex&gt; &lt;m&gt;had&lt;/m&gt; &lt;fex name="Descriptor"&gt;very full&lt;/fex&gt; &lt;t&gt;&lt;fex name="tt"&gt;timetables&lt;/fex&gt;&lt;/t&gt;; these consisted mainly of lectures, with some lab sessions and problem classes or tutorials.&lt;/ex&gt;&lt;/def-root&gt;</definition>
    <FE bgColor="0000FF" fgColor="FFFFFF" coreType="Core" cBy="CVa" cDate="07/22/2014 12:26:25 PDT Tue" abbrev="tt" name="Timetable" ID="16173">
        <definition>&lt;def-root&gt;The mental schedule of times at which the &lt;fen&gt;Events&lt;/fen&gt; are set to take place.

&lt;ex&gt;My idiot friend forgot his class &lt;t&gt;&lt;fex name="tt"&gt;schedule&lt;/fex&gt;&lt;/t&gt; again.&lt;/ex&gt;&lt;/def-root&gt;</definition>
    </FE>
    <FE bgColor="800080" fgColor="FFFFFF" coreType="Core" cBy="CVa" cDate="07/22/2014 12:28:31 PDT Tue" abbrev="" name="Events" ID="16174">
        <definition>&lt;def-root&gt;The events which are to take place at specified times acording to the &lt;fen&gt;Timetable&lt;/fen&gt;.

&lt;ex&gt;What's your &lt;fex name="Events"&gt;class&lt;/fex&gt; &lt;t&gt;schedule&lt;/t&gt; like this spring?&lt;/ex&gt;&lt;/def-root&gt;</definition>
    </FE>
    <FE bgColor="FF0000" fgColor="FFFFFF" coreType="Core" cBy="CVa" cDate="07/22/2014 12:30:16 PDT Tue" abbrev="Cog" name="Cognizer" ID="16175">
        <definition>&lt;def-root&gt;The sentient entity who keeps the &lt;fen&gt;Timetable&lt;/fen&gt;.

&lt;ex&gt;&lt;fex name="Cog"&gt;John's&lt;/fex&gt; &lt;t&gt;schedule&lt;/t&gt; is packed this afternoon.&lt;/ex&gt;&lt;/def-root&gt;</definition>
    </FE>
    <FE bgColor="FFFF00" fgColor="000000" coreType="Peripheral" cBy="CVa" cDate="07/22/2014 12:32:38 PDT Tue" abbrev="poi" name="Period_of_iterations" ID="16176">
        <definition>&lt;def-root&gt;The time period within which the &lt;fen&gt;Timetable&lt;/fen&gt; repeats.

&lt;ex&gt;Depending on the camper's age group, his or her &lt;fex name="poi"&gt;daily&lt;/fex&gt; &lt;t&gt;schedule&lt;/t&gt; will vary.&lt;/ex&gt;&lt;/def-root&gt;</definition>
    </FE>
    <FE bgColor="2E8B57" fgColor="FFFFFF" coreType="Peripheral" cBy="CVa" cDate="07/22/2014 12:44:24 PDT Tue" abbrev="toi" name="Time_of_implementation" ID="16178">
        <definition>&lt;def-root&gt;The time at which the &lt;fen&gt;Events&lt;/fen&gt; on the &lt;fen&gt;Timetable&lt;/fen&gt; transpire.

&lt;ex&gt;What's on the &lt;t&gt;agenda&lt;/t&gt; &lt;fex name="toi"&gt;today&lt;/fex&gt;?&lt;/ex&gt;&lt;/def-root&gt;</definition>
    </FE>
    <FE bgColor="00BFFF" fgColor="FFFFFF" coreType="Peripheral" cBy="CVa" cDate="07/22/2014 12:44:59 PDT Tue" abbrev="" name="Purpose" ID="16179">
        <definition>&lt;def-root&gt;The purpose for which the &lt;fen&gt;Cognizer&lt;/fen&gt; keeps the &lt;fen&gt;Timetable&lt;/fen&gt;.

&lt;ex&gt;You need to develop a weekly &lt;t&gt;timetable&lt;/t&gt; &lt;fex name="Purpose"&gt;to manage your goals&lt;/fex&gt;.&lt;/ex&gt;&lt;/def-root&gt;</definition>
    </FE>
    <FE bgColor="FF00FF" fgColor="000000" coreType="Peripheral" cBy="CVa" cDate="07/22/2014 12:48:15 PDT Tue" abbrev="" name="Descriptor" ID="16180">
        <definition>&lt;def-root&gt;A characterization of the &lt;fen&gt;Timetable&lt;/fen&gt;.

&lt;ex&gt;University students have &lt;fex name="Descriptor"&gt;very full&lt;/fex&gt; &lt;t&gt;schedules&lt;/t&gt;.&lt;/ex&gt;&lt;/def-root&gt;</definition>
    </FE>
    <frameRelation type="Inherits from"/>
    <frameRelation type="Is Inherited by"/>
    <frameRelation type="Perspective on"/>
    <frameRelation type="Is Perspectivized in"/>
    <frameRelation type="Uses"/>
    <frameRelation type="Is Used by"/>
    <frameRelation type="Subframe of"/>
    <frameRelation type="Has Subframe(s)"/>
    <frameRelation type="Precedes"/>
    <frameRelation type="Is Preceded by"/>
    <frameRelation type="Is Inchoative of"/>
    <frameRelation type="Is Causative of"/>
    <frameRelation type="See also"/>
    <lexUnit status="New" POS="N" name="schedule.n" ID="17652" lemmaID="34390" cBy="CVa" cDate="07/22/2014 01:14:41 PDT Tue">
        <definition>FN: a mental plan of events</definition>
        <sentenceCount annotated="19" total="203"/>
        <lexeme order="1" headword="false" breakBefore="false" POS="N" name="schedule"/>
    </lexUnit>
    <lexUnit status="New" POS="N" name="timetable.n" ID="17653" lemmaID="51720" cBy="CVa" cDate="07/22/2014 01:15:51 PDT Tue">
        <definition>FN: a mental schedule of events</definition>
        <sentenceCount annotated="5" total="94"/>
        <lexeme order="1" headword="true" breakBefore="false" POS="N" name="timetable"/>
    </lexUnit>
    <lexUnit status="Created" POS="N" name="agenda.n" ID="17654" lemmaID="781" cBy="CVa" cDate="07/22/2014 01:16:16 PDT Tue">
        <definition>FN: a plan of things to be done</definition>
        <sentenceCount annotated="0" total="0"/>
        <lexeme order="1" headword="false" breakBefore="false" POS="N" name="agenda"/>
    </lexUnit>
    <lexUnit status="New" POS="N" name="itinerary.n" ID="17655" lemmaID="20750" cBy="CVa" cDate="07/22/2014 01:16:53 PDT Tue">
        <definition>FN: a planned schedule of events and routes, usually used when traveling  </definition>
        <sentenceCount annotated="2" total="114"/>
        <lexeme order="1" headword="false" breakBefore="false" POS="N" name="itinerary"/>
    </lexUnit>
</frame>