<?xml version="1.0" encoding="UTF-8" standalone="yes"?>
<?xml-stylesheet type="text/xsl" href="frame.xsl"?>
<frame cBy="RyC" cDate="04/06/2012 07:04:30 PDT Fri" name="Tool_purpose" ID="2717" xsi:schemaLocation="../schema/frame.xsd" xmlns="http://framenet.icsi.berkeley.edu" xmlns:xsi="http://www.w3.org/2001/XMLSchema-instance">
    <definition>&lt;def-root&gt;A living entity intends a &lt;fen&gt;Tool&lt;/fen&gt; to be able to fulfill a generic &lt;fen&gt;Purpose&lt;/fen&gt;.  The material from which the tool is created can be something natural or something manmade, including another tool.

&lt;ex&gt;The &lt;t&gt;use&lt;/t&gt; &lt;fex name="Tool"&gt;of a saw&lt;/fex&gt; &lt;m&gt;is&lt;/m&gt; &lt;fex name="Purpose"&gt;to cut down trees&lt;/fex&gt;.&lt;/ex&gt;&lt;/def-root&gt;</definition>
    <FE bgColor="0000FF" fgColor="FFFFFF" coreType="Core" cBy="RyC" cDate="04/06/2012 07:06:45 PDT Fri" abbrev="" name="Purpose" ID="15573">
        <definition>&lt;def-root&gt;A &lt;fen&gt;Purpose&lt;/fen&gt; is a generic goal associated with the &lt;fen&gt;Tool&lt;/fen&gt;.&lt;/def-root&gt;</definition>
    </FE>
    <FE bgColor="FF0000" fgColor="FFFFFF" coreType="Core" cBy="RyC" cDate="04/06/2012 07:07:26 PDT Fri" abbrev="" name="Tool" ID="15574">
        <definition>&lt;def-root&gt;A &lt;fen&gt;Tool&lt;/fen&gt; is the object or process that has been designed specifically to achieve a &lt;fen&gt;Purpose&lt;/fen&gt;.&lt;/def-root&gt;</definition>
    </FE>
    <FE bgColor="006400" fgColor="FFFFFF" coreType="Peripheral" cBy="RyC" cDate="04/11/2012 05:41:25 PDT Wed" abbrev="" name="Type" ID="15585">
        <definition>&lt;def-root&gt;A description of the &lt;fen&gt;Purpose&lt;/fen&gt;.&lt;/def-root&gt;</definition>
    </FE>
    <FE bgColor="A9A9A9" fgColor="000000" coreType="Peripheral" cBy="RyC" cDate="04/11/2012 05:54:39 PDT Wed" abbrev="" name="Domain" ID="15586">
        <definition>&lt;def-root&gt;The sphere of activity in which the &lt;fen&gt;Tool&lt;/fen&gt; is typically used.&lt;/def-root&gt;</definition>
    </FE>
    <frameRelation type="Inherits from">
        <relatedFrame ID="2716">Inherent_purpose</relatedFrame>
    </frameRelation>
    <frameRelation type="Is Inherited by"/>
    <frameRelation type="Perspective on"/>
    <frameRelation type="Is Perspectivized in"/>
    <frameRelation type="Uses">
        <relatedFrame ID="513">Purpose</relatedFrame>
    </frameRelation>
    <frameRelation type="Is Used by"/>
    <frameRelation type="Subframe of"/>
    <frameRelation type="Has Subframe(s)"/>
    <frameRelation type="Precedes"/>
    <frameRelation type="Is Preceded by"/>
    <frameRelation type="Is Inchoative of"/>
    <frameRelation type="Is Causative of"/>
    <frameRelation type="See also"/>
    <lexUnit status="Created" POS="N" name="use.n" ID="17007" lemmaID="42556" cBy="RyC" cDate="04/06/2012 07:39:36 PDT Fri">
        <definition>COD: the action of using or state of being use; a purpose or way in which something can be used.</definition>
        <sentenceCount annotated="0" total="0"/>
        <lexeme order="1" headword="false" breakBefore="false" POS="N" name="use"/>
    </lexUnit>
    <lexUnit status="Created" POS="N" name="function.n" ID="17008" lemmaID="15675" cBy="RyC" cDate="04/06/2012 07:41:32 PDT Fri">
        <definition>FN: an essential activity for which an instrument was created</definition>
        <sentenceCount annotated="22" total="22"/>
        <lexeme order="1" headword="false" breakBefore="false" POS="N" name="function"/>
    </lexUnit>
</frame>