<?xml version="1.0" encoding="UTF-8" standalone="yes"?>
<?xml-stylesheet type="text/xsl" href="frame.xsl"?>
<frame cBy="MJE" cDate="03/28/2007 11:12:09 PDT Wed" name="Touring" ID="1907" xsi:schemaLocation="../schema/frame.xsd" xmlns="http://framenet.icsi.berkeley.edu" xmlns:xsi="http://www.w3.org/2001/XMLSchema-instance">
    <definition>&lt;def-root&gt;A &lt;fen&gt;Tourist&lt;/fen&gt; experiences an &lt;fen&gt;Attraction&lt;/fen&gt;, a location with a unique history or other societally recognized individual character, with the goal of seeing and learning about it. Typically, the &lt;fen&gt;Attraction&lt;/fen&gt; has a source of information about the &lt;fen&gt;Attraction&lt;/fen&gt;--a guide, pamphlets, or displays.

&lt;ex&gt;&lt;fex name="Tourist"&gt;We&lt;/fex&gt; &lt;t&gt;toured&lt;/t&gt; &lt;fex name="Attraction"&gt;the Grand Canyon&lt;/fex&gt;.&lt;/ex&gt;
&lt;/def-root&gt;</definition>
    <FE bgColor="FF0000" fgColor="FFFFFF" coreType="Core" cBy="MJE" cDate="03/28/2007 11:12:09 PDT Wed" abbrev="per" name="Tourist" ID="11395">
        <definition>&lt;def-root&gt;The individual that is seeking an experience at an Attraction.&lt;/def-root&gt;</definition>
        <semType name="Sentient" ID="5"/>
    </FE>
    <FE bgColor="0000FF" fgColor="FFFFFF" coreType="Core" cBy="MJE" cDate="03/28/2007 11:12:09 PDT Wed" abbrev="Phen" name="Attraction" ID="11396">
        <definition>&lt;def-root&gt;The societally-recognized unique location that the &lt;fen&gt;Tourist&lt;/fen&gt; experiences.&lt;/def-root&gt;</definition>
        <semType name="Location" ID="54"/>
    </FE>
    <FE bgColor="9400D3" fgColor="FFFFFF" coreType="Extra-Thematic" cBy="MJE" cDate="03/28/2007 11:12:10 PDT Wed" abbrev="State" name="Depictive" ID="11400">
        <definition>&lt;def-root&gt;The state of the &lt;fen&gt;Tourist&lt;/fen&gt; or the &lt;fen&gt;Attraction&lt;/fen&gt; during the tour.&lt;/def-root&gt;</definition>
    </FE>
    <FE bgColor="A52A2A" fgColor="FFFFFF" coreType="Extra-Thematic" cBy="MJE" cDate="03/28/2007 11:12:10 PDT Wed" abbrev="Ground" name="Ground" ID="11401">
        <definition>&lt;def-root&gt;The perceptual background against which the &lt;fen&gt;Attraction&lt;/fen&gt; is experienced by the &lt;fen&gt;Tourist&lt;/fen&gt;. &lt;/def-root&gt;</definition>
    </FE>
    <FE bgColor="FF00FF" fgColor="FFFFFF" coreType="Peripheral" cBy="MJE" cDate="03/28/2007 11:12:10 PDT Wed" abbrev="Manr" name="Manner" ID="11402">
        <definition>&lt;def-root&gt;Any description of the details of the event in terms of how they compare to other events (&lt;ment&gt;the same way&lt;/ment&gt;) or in terms of how the state of the &lt;fen&gt;Tourist&lt;/fen&gt; affects them (&lt;ment&gt;happily, obliviously&lt;/ment&gt;).&lt;/def-root&gt;</definition>
        <semType name="Manner" ID="173"/>
    </FE>
    <FE bgColor="00BFFF" fgColor="FFFFFF" coreType="Peripheral" cBy="MJE" cDate="03/28/2007 11:12:10 PDT Wed" abbrev="Mns" name="Means" ID="11403">
        <definition>&lt;def-root&gt;The &lt;fen&gt;Means&lt;/fen&gt; indicates a method the &lt;fen&gt;Tourist&lt;/fen&gt; is using to participate in a tour.

&lt;/def-root&gt;</definition>
        <semType name="State_of_affairs" ID="177"/>
    </FE>
    <FE bgColor="FFA500" fgColor="FFFFFF" coreType="Peripheral" cBy="MJE" cDate="03/28/2007 11:12:10 PDT Wed" abbrev="Tim" name="Time" ID="11404">
        <definition>&lt;def-root&gt;The time that the touring takes place.&lt;/def-root&gt;</definition>
        <semType name="Time" ID="141"/>
    </FE>
    <FE bgColor="1E90FF" fgColor="FFFFFF" coreType="Peripheral" cBy="MJE" cDate="03/28/2007 11:12:10 PDT Wed" abbrev="Purp" name="Purpose" ID="11405">
        <definition>&lt;def-root&gt;Some action that the &lt;fen&gt;Tourist&lt;/fen&gt; is trying to accomplish with touring.  This is generally (at a minimum) for the purposes of entertainment and learning.
&lt;/def-root&gt;</definition>
        <semType name="State_of_affairs" ID="177"/>
    </FE>
    <FE bgColor="008000" fgColor="FFFFFF" coreType="Peripheral" cBy="MJE" cDate="03/28/2007 11:12:10 PDT Wed" abbrev="" name="Place" ID="11406">
        <definition>&lt;def-root&gt;The location where the touring takes place.&lt;/def-root&gt;</definition>
        <semType name="Locative_relation" ID="182"/>
    </FE>
    <FE bgColor="d0d0d0" fgColor="000000" coreType="Peripheral" cBy="MJE" cDate="03/28/2007 11:12:10 PDT Wed" abbrev="Dur" name="Duration" ID="11407">
        <definition>&lt;def-root&gt;The amount of  time the touring activity lasts.&lt;/def-root&gt;</definition>
        <semType name="Duration" ID="142"/>
    </FE>
    <FE bgColor="00008B" fgColor="FFFFFF" coreType="Extra-Thematic" cBy="KmG" cDate="04/18/2007 11:51:51 PDT Wed" abbrev="" name="Particular_iteration" ID="11693">
        <definition>&lt;def-root&gt;Expressions marked with this extra-thematic FE modify a non-iterative use of the target, and indicate that it is conceived as embedded within an iterated series of similar events or states. &lt;/def-root&gt;</definition>
    </FE>
    <FE bgColor="2E8B57" fgColor="FFFFFF" coreType="Extra-Thematic" cBy="AnW" cDate="01/26/2010 05:43:34 PST Tue" abbrev="co-p" name="Co-participant" ID="13490">
        <definition>&lt;def-root&gt;The &lt;fen&gt;Co-participant&lt;/fen&gt; is an entity that participates in a coordinated way in the touring event with the &lt;fen&gt;Tourist&lt;/fen&gt;.&lt;/def-root&gt;</definition>
        <semType name="Sentient" ID="5"/>
    </FE>
    <frameRelation type="Inherits from">
        <relatedFrame ID="66">Perception_active</relatedFrame>
    </frameRelation>
    <frameRelation type="Is Inherited by"/>
    <frameRelation type="Perspective on"/>
    <frameRelation type="Is Perspectivized in"/>
    <frameRelation type="Uses">
        <relatedFrame ID="1911">Visiting</relatedFrame>
    </frameRelation>
    <frameRelation type="Is Used by"/>
    <frameRelation type="Subframe of"/>
    <frameRelation type="Has Subframe(s)"/>
    <frameRelation type="Precedes"/>
    <frameRelation type="Is Preceded by"/>
    <frameRelation type="Is Inchoative of"/>
    <frameRelation type="Is Causative of"/>
    <frameRelation type="See also"/>
    <lexUnit status="Finished_Initial" POS="V" name="tour.v" ID="14186" lemmaID="40843" cBy="MJE" cDate="03/28/2007 01:44:18 PDT Wed">
        <definition>FN: to leisurely visit a location</definition>
        <sentenceCount annotated="20" total="210"/>
        <lexeme order="1" headword="false" breakBefore="false" POS="V" name="tour"/>
    </lexUnit>
    <lexUnit status="Created" POS="N" name="tour.n" ID="14187" lemmaID="40842" cBy="MJE" cDate="03/28/2007 01:44:27 PDT Wed">
        <definition>COD: a journey for pleasure in which several different places are visited.</definition>
        <sentenceCount annotated="7" total="7"/>
        <lexeme order="1" headword="false" breakBefore="false" POS="N" name="tour"/>
    </lexUnit>
    <lexUnit status="Created" POS="N" name="tourist.n" ID="14188" lemmaID="40847" cBy="MJE" cDate="03/28/2007 01:44:38 PDT Wed">
        <definition>COD: a person who travels for pleasure.</definition>
        <sentenceCount annotated="12" total="12"/>
        <lexeme order="1" headword="false" breakBefore="false" POS="N" name="tourist"/>
    </lexUnit>
    <lexUnit status="Insufficient_Attestations" POS="V" name="see.v" ID="14189" lemmaID="34838" cBy="MJE" cDate="03/28/2007 01:44:50 PDT Wed">
        <definition>FN: visit and experience (a place)</definition>
        <sentenceCount annotated="4" total="70"/>
        <lexeme order="1" headword="false" breakBefore="false" POS="V" name="see"/>
    </lexUnit>
    <lexUnit status="Created" POS="N" name="sights.n" ID="14190" lemmaID="50595" cBy="MJE" cDate="03/28/2007 01:45:06 PDT Wed">
        <definition>COD: places of interest to tourists and other visitors.</definition>
        <sentenceCount annotated="20" total="20"/>
        <lexeme order="1" headword="true" breakBefore="false" POS="N" name="sights"/>
    </lexUnit>
    <lexUnit status="Created" POS="V" name="do.v" ID="14191" lemmaID="11346" cBy="MJE" cDate="03/28/2007 01:45:21 PDT Wed">
        <definition>FN: see/travel around (a place). </definition>
        <sentenceCount annotated="0" total="0"/>
        <lexeme order="1" headword="false" breakBefore="false" POS="V" name="do"/>
    </lexUnit>
    <lexUnit status="Created" POS="N" name="sight seer.n" ID="14192" lemmaID="50596" cBy="MJE" cDate="03/28/2007 01:46:16 PDT Wed">
        <definition>FN: a tourist; one who sees the sights of a tourist location.</definition>
        <sentenceCount annotated="0" total="0"/>
        <lexeme order="1" headword="false" breakBefore="false" POS="N" name="sight"/>
        <lexeme order="2" headword="true" breakBefore="false" POS="N" name="seer"/>
    </lexUnit>
    <lexUnit status="Created" POS="V" name="sight-see.v" ID="14193" lemmaID="50597" cBy="MJE" cDate="03/28/2007 01:47:02 PDT Wed">
        <definition>FN: to visit tourist locations and landmarks</definition>
        <sentenceCount annotated="0" total="0"/>
        <lexeme order="1" headword="true" breakBefore="false" POS="V" name="sight-see"/>
    </lexUnit>
    <lexUnit status="Created" POS="N" name="tourism.n" ID="14825" lemmaID="40846" cBy="KmG" cDate="03/04/2008 04:34:13 PST Tue">
        <definition>FN: peoples visiting a foreign land for pleasure and with the intention of becoming more aquainted with the particularities of the area.</definition>
        <sentenceCount annotated="3" total="4"/>
        <lexeme order="1" headword="false" breakBefore="false" POS="N" name="tourism"/>
    </lexUnit>
</frame>