<?xml version="1.0" encoding="UTF-8" standalone="yes"?>
<?xml-stylesheet type="text/xsl" href="frame.xsl"?>
<frame cBy="MJE" cDate="07/16/2004 03:02:54 PDT Fri" name="Transfer_scenario" ID="1192" xsi:schemaLocation="../schema/frame.xsd" xmlns="http://framenet.icsi.berkeley.edu" xmlns:xsi="http://www.w3.org/2001/XMLSchema-instance">
    <definition>&lt;def-root&gt;In this scenario, the &lt;fen&gt;Theme&lt;/fen&gt; begins in the possession of the &lt;fen&gt;Donor&lt;/fen&gt; and ends up in the possession of the &lt;fen&gt;Recipient&lt;/fen&gt;.  Alternatively, these two participants may be jointly construed as &lt;fen&gt;Transferors&lt;/fen&gt;.

&lt;/def-root&gt;</definition>
    <semType name="Non-Lexical Frame" ID="16"/>
    <FE bgColor="0000FF" fgColor="FFFFFF" coreType="Core" cBy="MJE" cDate="07/16/2004 03:02:54 PDT Fri" abbrev="Rec" name="Recipient" ID="6951">
        <definition>&lt;def-root&gt;The entity that ends up in possession of the &lt;fen&gt;Theme&lt;/fen&gt;.&lt;/def-root&gt;</definition>
    </FE>
    <FE bgColor="9400D3" fgColor="FFFFFF" coreType="Core" cBy="MJE" cDate="07/16/2004 03:02:54 PDT Fri" abbrev="Thm" name="Theme" ID="6952">
        <definition>&lt;def-root&gt;The object that changes ownership.&lt;/def-root&gt;</definition>
        <semType name="Physical_object" ID="68"/>
    </FE>
    <FE bgColor="FFD700" fgColor="000000" coreType="Core" cBy="MJE" cDate="07/16/2004 03:02:54 PDT Fri" abbrev="Donor" name="Donor" ID="6953">
        <definition>&lt;def-root&gt;The person that begins in possession of the &lt;fen&gt;Theme&lt;/fen&gt; and causes it to be in the possession of the &lt;fen&gt;Recipient&lt;/fen&gt;.&lt;/def-root&gt;</definition>
    </FE>
    <FE bgColor="FF0000" fgColor="FFFFFF" coreType="Core" cBy="MJE" cDate="07/16/2004 03:02:55 PDT Fri" abbrev="tra" name="Transferors" ID="6957">
        <definition>&lt;def-root&gt;The &lt;fen&gt;Donor&lt;/fen&gt; and &lt;fen&gt;Recipient&lt;/fen&gt; conceived of as a unit.&lt;/def-root&gt;</definition>
    </FE>
    <frameRelation type="Inherits from"/>
    <frameRelation type="Is Inherited by">
        <relatedFrame ID="2780">Temporary_transfer_scenario</relatedFrame>
    </frameRelation>
    <frameRelation type="Perspective on"/>
    <frameRelation type="Is Perspectivized in">
        <relatedFrame ID="1180">Receiving_scenario</relatedFrame>
        <relatedFrame ID="1190">Giving_scenario</relatedFrame>
    </frameRelation>
    <frameRelation type="Uses"/>
    <frameRelation type="Is Used by">
        <relatedFrame ID="1170">Exchange</relatedFrame>
    </frameRelation>
    <frameRelation type="Subframe of"/>
    <frameRelation type="Has Subframe(s)">
        <relatedFrame ID="1188">Pre_transfer</relatedFrame>
        <relatedFrame ID="178">Transfer</relatedFrame>
        <relatedFrame ID="1189">Post_transfer</relatedFrame>
    </frameRelation>
    <frameRelation type="Precedes"/>
    <frameRelation type="Is Preceded by"/>
    <frameRelation type="Is Inchoative of"/>
    <frameRelation type="Is Causative of"/>
    <frameRelation type="See also"/>
</frame>