<?xml version="1.0" encoding="UTF-8" standalone="yes"?>
<?xml-stylesheet type="text/xsl" href="frame.xsl"?>
<frame cBy="JKR" cDate="11/16/2005 01:56:58 PST Wed" name="Translating" ID="1645" xsi:schemaLocation="../schema/frame.xsd" xmlns="http://framenet.icsi.berkeley.edu" xmlns:xsi="http://www.w3.org/2001/XMLSchema-instance">
    <definition>&lt;def-root&gt;A &lt;fen&gt;Cognizer&lt;/fen&gt; produces a &lt;fen&gt;Target_symbol&lt;/fen&gt; which represents, in the &lt;fen&gt;Target_representation&lt;/fen&gt; format, a &lt;fen&gt;Content&lt;/fen&gt; that pre-exists in the form of a &lt;fen&gt;Source_symbol&lt;/fen&gt; in a &lt;fen&gt;Source_representation&lt;/fen&gt; format.
&lt;ex&gt;&lt;/ex&gt;

&lt;ex&gt;&lt;fex name="Source_symbol"&gt;This word&lt;/fex&gt; is &lt;fex name="Time"&gt;sometimes&lt;/fex&gt;  &lt;t&gt;translated&lt;/t&gt; &lt;fex name="Target_symbol"&gt;as ` girl '&lt;/fex&gt;. &lt;fex name="Cognizer"&gt;CNI&lt;/fex&gt;&lt;/ex&gt;

&lt;ex&gt;They all wore symbolic black clothes over bright yellow T-shirts and all spoke in Welsh, &lt;fex name="Content"&gt;their statements&lt;/fex&gt; being &lt;t&gt;translated&lt;/t&gt; &lt;fex name="Target_representation"&gt;into English&lt;/fex&gt; &lt;fex name="Time"&gt;afterwards&lt;/fex&gt;. &lt;fex name="Cognizer"&gt;CNI&lt;/fex&gt;&lt;/ex&gt;

&lt;ex&gt;&lt;fex name="Source_symbol"&gt;His texts&lt;/fex&gt; were &lt;t&gt;translated&lt;/t&gt; &lt;fex name="Source_representation"&gt;from French&lt;/fex&gt; &lt;fex name="Target_representation"&gt;into Scots&lt;/fex&gt; &lt;fex name="Cognizer"&gt;by Carl Gronau&lt;/fex&gt;.&lt;/ex&gt;

&lt;ex&gt;Perhaps when Irish monks spoke in Latin about lionn, meaning ale, &lt;fex name="Cognizer"&gt;they&lt;/fex&gt; &lt;t&gt;translated&lt;/t&gt; &lt;fex name="Source_symbol"&gt;the word&lt;/fex&gt; &lt;fex name="Equivalence"&gt;literally&lt;/fex&gt; &lt;fex name="Source_representation"&gt;from Irish&lt;/fex&gt; &lt;fex name="Target_representation"&gt;into Latin&lt;/fex&gt; &lt;fex name="Target_symbol"&gt;as biber, 'drink'&lt;/fex&gt;.&lt;/ex&gt;

&lt;ex&gt;&lt;fex name="Source_symbol"&gt;Each of the ten Greek nouns below&lt;/fex&gt; can be &lt;fex name="Equivalence"&gt;accurately&lt;/fex&gt; &lt;t&gt;translated&lt;/t&gt; &lt;fex name="Mns"&gt;by using just one English word&lt;/fex&gt;. &lt;fex name="Cog"&gt;CNI&lt;/fex&gt;.&lt;/ex&gt;&lt;/def-root&gt;</definition>
    <FE bgColor="0000FF" fgColor="FFFFFF" coreType="Core" cBy="JKR" cDate="11/16/2005 01:56:58 PST Wed" abbrev="Cog" name="Cognizer" ID="9290">
        <definition>&lt;def-root&gt;This is the person who carries out the translation.


&lt;ex&gt;The text was published in Lescarbot's Les Muses de la Nouvelle-France (Paris
1609) and later &lt;t&gt;translated&lt;/t&gt; &lt;fex name="Cog"&gt;by HT Richardson&lt;/fex&gt;.&lt;/ex&gt;&lt;/def-root&gt;</definition>
        <semType name="Sentient" ID="5"/>
    </FE>
    <FE bgColor="7FFF00" fgColor="000000" coreType="Core" cBy="JKR" cDate="11/16/2005 01:57:02 PST Wed" abbrev="sous" name="Source_symbol" ID="9291">
        <definition>&lt;def-root&gt;A symbol or set of symbols representing the &lt;fen&gt;Content&lt;/fen&gt; in the &lt;fen&gt;Source_representation&lt;/fen&gt; format.

&lt;ex&gt;Biblical scholars typically &lt;t&gt;translate&lt;/t&gt; &lt;fex name="sous"&gt;kenosis&lt;/fex&gt; as self-emptying or self-offering.&lt;/ex&gt;&lt;/def-root&gt;</definition>
    </FE>
    <FE bgColor="00BFFF" fgColor="FFFFFF" coreType="Core" cBy="JKR" cDate="11/16/2005 01:57:02 PST Wed" abbrev="sour" name="Source_representation" ID="9292">
        <definition>&lt;def-root&gt;The representation system in which the &lt;fen&gt;Content&lt;/fen&gt; pre-exists.

&lt;ex&gt;More books were &lt;t&gt;translated&lt;/t&gt; &lt;fex name="sour"&gt;from other languages&lt;/fex&gt; into Russian in the 1980s , including record numbers from English , German and French.&lt;/ex&gt;&lt;/def-root&gt;</definition>
    </FE>
    <FE bgColor="FF00FF" fgColor="FFFFFF" coreType="Peripheral" cBy="JKR" cDate="11/16/2005 01:57:03 PST Wed" abbrev="Manr" name="Manner" ID="9294">
        <definition>&lt;def-root&gt;Any description of the translation event which is not covered by more specific FEs, including secondary effects (quietly, loudly), and general descriptions comparing events (the same way). It may indicate salient characteristics of the Cognizer that also affect the action (deliberately, eagerly, carefully). 

&lt;ex&gt;His book, &lt;fex name="Manner"&gt;carefully&lt;/fex&gt; &lt;t&gt;translated&lt;/t&gt; by Teresa Lavender Fagan, is a fascinating account for the layman, of the cuisine of the Mesopotamia. &lt;/ex&gt;&lt;/def-root&gt;</definition>
        <semType name="Manner" ID="173"/>
    </FE>
    <FE bgColor="A52A2A" fgColor="FFFFFF" coreType="Peripheral" cBy="JKR" cDate="11/16/2005 01:57:03 PST Wed" abbrev="Mns" name="Means" ID="9295">
        <definition>&lt;def-root&gt;An intentional action performed by the &lt;fen&gt;Cognizer&lt;/fen&gt; which accomplishes the translation of the &lt;fen&gt;Content&lt;/fen&gt;.

&lt;ex&gt;We also &lt;t&gt;translated&lt;/t&gt; the queries into Chinese &lt;fex name="Mns"&gt;by looking up each English word in the bilingual dictionary&lt;/fex&gt;.&lt;/ex&gt;&lt;/def-root&gt;</definition>
        <semType name="State_of_affairs" ID="177"/>
    </FE>
    <FE bgColor="FFA500" fgColor="FFFFFF" coreType="Peripheral" cBy="JKR" cDate="11/16/2005 01:57:03 PST Wed" abbrev="Tm" name="Time" ID="9296">
        <definition>&lt;def-root&gt;This Frame Element marks expressions that indicate when a certain Categorization was made.

&lt;ex&gt;&lt;fex name="Time"&gt;Last year&lt;/fex&gt; I &lt;t&gt;translated&lt;/t&gt; a short book on the artist Anne Ratkowski (of the pre-war November Group in Berlin) from German into English.&lt;/ex&gt;&lt;/def-root&gt;</definition>
        <semType name="Time" ID="141"/>
    </FE>
    <FE bgColor="9F79EE" fgColor="FFFFFF" coreType="Extra-Thematic" cBy="JKR" cDate="11/16/2005 01:57:03 PST Wed" abbrev="cir" name="Circumstances" ID="9297">
        <definition>&lt;def-root&gt;The &lt;fen&gt;Circumstances&lt;/fen&gt; are the set of conditions in which the translation is made.

&lt;ex&gt;&lt;fex name="cir"&gt;With everybody waiting for him&lt;/fex&gt;, he simply &lt;t&gt;translated&lt;/t&gt; the word as ?son? or ?child?.&lt;/ex&gt;&lt;/def-root&gt;</definition>
    </FE>
    <FE bgColor="2E8B57" fgColor="FFFFFF" coreType="Core" cBy="JKR" cDate="11/16/2005 02:11:42 PST Wed" abbrev="tars" name="Target_symbol" ID="9298">
        <definition>&lt;def-root&gt;A symbol or set of symbols representing the &lt;fen&gt;Content&lt;/fen&gt; in the &lt;fen&gt;Target_representation&lt;/fen&gt; format.

&lt;ex&gt; Together with the French Prime Minister, Guizot, he &lt;t&gt;translated&lt;/t&gt; it into French &lt;fex name="tars"&gt;as entente cordiale&lt;/fex&gt; for King Louis Philippe to use in his speech.&lt;/ex&gt;&lt;/def-root&gt;</definition>
    </FE>
    <FE bgColor="006400" fgColor="FFFFFF" coreType="Core" cBy="JKR" cDate="11/16/2005 02:14:27 PST Wed" abbrev="tarr" name="Target_representation" ID="9299">
        <definition>&lt;def-root&gt;The representation system into which the &lt;fen&gt;Content&lt;/fen&gt; is rendered by the &lt;fen&gt;Cognizer&lt;/fen&gt;.

&lt;ex&gt;Well they &lt;t&gt;translated&lt;/t&gt; it &lt;fex name="Target_representation"&gt;into Spanish&lt;/fex&gt; as "Uno-Dos-Tres Meneha Meneha!"&lt;/ex&gt;&lt;/def-root&gt;</definition>
    </FE>
    <FE bgColor="FF0000" fgColor="FFFFFF" coreType="Core" cBy="JKR" cDate="11/16/2005 02:15:39 PST Wed" abbrev="con" name="Content" ID="9300">
        <definition>&lt;def-root&gt;The information that is meant to be represented by the &lt;fen&gt;Source_symbol&lt;/fen&gt; and &lt;fen&gt;Target_symbol&lt;/fen&gt;.

&lt;ex&gt;She guided me through the dishes available that afternoon and &lt;t&gt;translated&lt;/t&gt; &lt;fex name="con"&gt;my order&lt;/fex&gt; into Spanish for the older woman in the kitchen.&lt;/ex&gt;&lt;/def-root&gt;</definition>
        <semType name="Content" ID="55"/>
    </FE>
    <FE bgColor="00008B" fgColor="FFFFFF" coreType="Peripheral" cBy="JKR" cDate="11/16/2005 02:51:35 PST Wed" abbrev="equ" name="Equivalence" ID="9301">
        <definition>&lt;def-root&gt;An assessment of how equivalent the &lt;fen&gt;Source_representation&lt;/fen&gt; and the &lt;fen&gt;Target_representation&lt;/fen&gt; are.

&lt;ex&gt;The Japanese term hai is &lt;fex name="equ"&gt;literally&lt;/fex&gt; &lt;t&gt;translated&lt;/t&gt; as yes.&lt;/ex&gt;&lt;/def-root&gt;</definition>
    </FE>
    <FE bgColor="d0d0d0" fgColor="00008B" coreType="Peripheral" cBy="JKR" cDate="11/17/2005 12:10:11 PST Thu" abbrev="med" name="Medium" ID="9390">
        <definition>&lt;def-root&gt;The Medium is a text produced by the &lt;fen&gt;Cognizer&lt;/fen&gt; in which she uses a &lt;fen&gt;Target_symbol&lt;/fen&gt; to express &lt;fen&gt;Content&lt;/fen&gt; from a &lt;fen&gt;Source_representation&lt;/fen&gt; system.

&lt;ex&gt;Gearóid Ó Cairealláin &lt;t&gt;translates&lt;/t&gt; Texas as Teicseas &lt;fex name="Medium"&gt;in an article in Lá&lt;/fex&gt;.&lt;/ex&gt;&lt;/def-root&gt;</definition>
    </FE>
    <FE bgColor="800080" fgColor="FFFFFF" coreType="Peripheral" cBy="MJE" cDate="08/15/2006 11:02:29 PDT Tue" abbrev="pla" name="Place" ID="10479">
        <definition>&lt;def-root&gt;The location where the translation takes place.&lt;/def-root&gt;</definition>
    </FE>
    <FE bgColor="9400D3" fgColor="FFFFFF" coreType="Peripheral" cBy="MJE" cDate="08/15/2006 11:03:18 PDT Tue" abbrev="pur" name="Purpose" ID="10480">
        <definition>&lt;def-root&gt;The state-of-affairs that the &lt;fen&gt;Cognizer&lt;/fen&gt; hopes to bring about by translating.&lt;/def-root&gt;</definition>
    </FE>
    <FEcoreSet>
        <memberFE name="Source_representation" ID="9292"/>
        <memberFE name="Source_symbol" ID="9291"/>
    </FEcoreSet>
    <FEcoreSet>
        <memberFE name="Target_representation" ID="9299"/>
        <memberFE name="Target_symbol" ID="9298"/>
    </FEcoreSet>
    <frameRelation type="Inherits from">
        <relatedFrame ID="280">Intentionally_create</relatedFrame>
    </frameRelation>
    <frameRelation type="Is Inherited by"/>
    <frameRelation type="Perspective on"/>
    <frameRelation type="Is Perspectivized in"/>
    <frameRelation type="Uses">
        <relatedFrame ID="1710">Mental_activity</relatedFrame>
    </frameRelation>
    <frameRelation type="Is Used by">
        <relatedFrame ID="1654">Have_as_translation_equivalent</relatedFrame>
        <relatedFrame ID="1655">Be_translation_equivalent</relatedFrame>
    </frameRelation>
    <frameRelation type="Subframe of"/>
    <frameRelation type="Has Subframe(s)"/>
    <frameRelation type="Precedes"/>
    <frameRelation type="Is Preceded by"/>
    <frameRelation type="Is Inchoative of"/>
    <frameRelation type="Is Causative of"/>
    <frameRelation type="See also"/>
    <lexUnit status="Needs_SCs" POS="V" name="translate.v" ID="12922" lemmaID="41029" cBy="JKR" cDate="11/16/2005 03:00:14 PST Wed">
        <definition>COD: express the sense of (words or text) in another language.</definition>
        <sentenceCount annotated="5" total="5"/>
        <lexeme order="1" headword="false" breakBefore="false" POS="V" name="translate"/>
    </lexUnit>
    <lexUnit status="Created" POS="N" name="translation.n" ID="12923" lemmaID="41030" cBy="JKR" cDate="11/16/2005 03:00:48 PST Wed">
        <definition>COD: the action or process of translating.</definition>
        <sentenceCount annotated="1" total="1"/>
        <lexeme order="1" headword="false" breakBefore="false" POS="N" name="translation"/>
    </lexUnit>
</frame>