<?xml version="1.0" encoding="UTF-8" standalone="yes"?>
<?xml-stylesheet type="text/xsl" href="frame.xsl"?>
<frame cBy="PKe" cDate="08/24/2012 03:25:53 PDT Fri" name="Treating_and_mistreating" ID="2770" xsi:schemaLocation="../schema/frame.xsd" xmlns="http://framenet.icsi.berkeley.edu" xmlns:xsi="http://www.w3.org/2001/XMLSchema-instance">
    <definition>&lt;def-root&gt;In this frame an &lt;fen&gt;Agent&lt;/fen&gt; is evaluated as behaving toward an &lt;fen&gt;Affected_Party&lt;/fen&gt; in some &lt;fen&gt;Manner&lt;/fen&gt;, which may or may not be incorporated into the target LU.

&lt;ex&gt;&lt;fex name="Agent"&gt;Douglas&lt;/fex&gt; always &lt;t&gt;treated&lt;/t&gt; &lt;fex name="Affected_Party"&gt;Mary&lt;/fex&gt; &lt;fex name="Manner"&gt;well&lt;/fex&gt;.&lt;/ex&gt;&lt;/def-root&gt;</definition>
    <FE bgColor="FF0000" fgColor="FFFFFF" coreType="Core" cBy="PKe" cDate="08/24/2012 03:25:53 PDT Fri" abbrev="" name="Agent" ID="15770">
        <definition>&lt;def-root&gt;This FE marks expressions that denote the person whose conduct is being evaluated.

&lt;ex&gt;&lt;fex name="Agent"&gt;Douglas&lt;/fex&gt; always &lt;t&gt;treated&lt;/t&gt; Mary well.&lt;/ex&gt;&lt;/def-root&gt;</definition>
        <semType name="Sentient" ID="5"/>
    </FE>
    <FE bgColor="FF00FF" fgColor="FFFFFF" coreType="Core" cBy="PKe" cDate="08/24/2012 03:25:54 PDT Fri" abbrev="" name="Manner" ID="15771">
        <definition>&lt;def-root&gt;This FE marks expressions that characterize the way that the &lt;fen&gt;Agent&lt;/fen&gt; behaves toward the &lt;fen&gt;Affected_Party&lt;/fen&gt;. In the case of mistreat.v, this FE is incorporated.

&lt;ex&gt;Douglas always &lt;t&gt;treated&lt;/t&gt; Mary &lt;fex name="Manner"&gt;well&lt;/fex&gt;.&lt;/ex&gt;&lt;/def-root&gt;</definition>
        <semType name="Manner" ID="173"/>
    </FE>
    <FE bgColor="800080" fgColor="FFFFFF" coreType="Extra-Thematic" cBy="PKe" cDate="08/24/2012 03:25:54 PDT Fri" abbrev="" name="Circumstances" ID="15772">
        <definition>&lt;def-root&gt;This FE marks expressions that indicate a set of &lt;fen&gt;Circumstances&lt;/fen&gt; under which the &lt;fen&gt;Agent&lt;/fen&gt; acts in a particular way.

&lt;ex&gt;&lt;fex name="Circumstances"&gt;When Douglas was in a good mood&lt;/fex&gt; he would never &lt;t&gt;mistreat&lt;/t&gt; us.&lt;/ex&gt;&lt;/def-root&gt;</definition>
    </FE>
    <FE bgColor="006400" fgColor="FFFFFF" coreType="Core" cBy="PKe" cDate="08/24/2012 03:25:54 PDT Fri" abbrev="" name="Affected_party" ID="15773">
        <definition>&lt;def-root&gt;The person to whom behavior is directed by the &lt;fen&gt;Agent&lt;/fen&gt;.

&lt;ex&gt;Douglas always &lt;t&gt;treated&lt;/t&gt; &lt;fex name="Affected_party"&gt;Mary&lt;/fex&gt; well.&lt;/ex&gt;&lt;/def-root&gt;</definition>
    </FE>
    <FE bgColor="0000FF" fgColor="FFFFFF" coreType="Extra-Thematic" cBy="PKe" cDate="08/24/2012 03:25:54 PDT Fri" abbrev="Exp" name="Explanation" ID="15774">
        <definition>&lt;def-root&gt;This FE marks expressions that indicate why an &lt;fen&gt;Agent&lt;/fen&gt; behaved in a certain way.

&lt;ex&gt;Douglas &lt;t&gt;treats&lt;/t&gt; his wife well &lt;fex name="Explanation"&gt;because he loves her&lt;/fex&gt;.&lt;/ex&gt;&lt;/def-root&gt;</definition>
        <semType name="State_of_affairs" ID="177"/>
    </FE>
    <FE bgColor="00008B" fgColor="FFFFFF" coreType="Peripheral" cBy="PKe" cDate="08/24/2012 03:25:54 PDT Fri" abbrev="tim" name="Time" ID="15775">
        <definition>&lt;def-root&gt;The &lt;fen&gt;Time&lt;/fen&gt; when the &lt;fen&gt;Agent&lt;/fen&gt; behaves in a certain way.

&lt;ex&gt;&lt;fex name="Agent"&gt;Douglas&lt;/fex&gt; &lt;fex name="Manner"&gt;ill&lt;/fex&gt;-&lt;t&gt;uses&lt;/t&gt; &lt;fex name="Affected_Party"&gt;us&lt;/fex&gt; &lt;fex name="Time"&gt;every week&lt;/fex&gt; after his son visits.&lt;/ex&gt;&lt;/def-root&gt;</definition>
        <semType name="Time" ID="141"/>
    </FE>
    <FE bgColor="00BFFF" fgColor="FFFFFF" coreType="Peripheral" cBy="PKe" cDate="08/24/2012 03:25:54 PDT Fri" abbrev="pla" name="Place" ID="15776">
        <definition>&lt;def-root&gt;The location at which the &lt;fen&gt;Agent&lt;/fen&gt; exhibits their behavior.

&lt;ex&gt;Douglas &lt;t&gt;mistreated&lt;/t&gt; me &lt;fex name="Place"&gt;in the office&lt;/fex&gt;.&lt;/ex&gt;&lt;/def-root&gt;</definition>
        <semType name="Locative_relation" ID="182"/>
    </FE>
    <FE bgColor="FFA500" fgColor="FFFFFF" coreType="Peripheral" cBy="PKe" cDate="08/24/2012 03:25:54 PDT Fri" abbrev="mea" name="Means" ID="15777">
        <definition>&lt;def-root&gt;The way in which the treating or mistreating is done.

&lt;ex&gt;Douglas &lt;t&gt;mistreats&lt;/t&gt; waiters &lt;fex name="Means"&gt;by yelling at them&lt;/fex&gt;.&lt;/ex&gt;&lt;/def-root&gt;</definition>
        <semType name="State_of_affairs" ID="177"/>
    </FE>
    <FE bgColor="A52A2A" fgColor="FFFFFF" coreType="Peripheral" cBy="PKe" cDate="08/24/2012 03:25:54 PDT Fri" abbrev="dom" name="Domain" ID="15778">
        <definition>&lt;def-root&gt;The &lt;fen&gt;Domain&lt;/fen&gt; of human behavior in which the &lt;fen&gt;Agent&lt;/fen&gt; acts in a certain &lt;fen&gt;Manner&lt;/fen&gt;.

&lt;ex&gt;Douglas rarely &lt;fex name="Domain"&gt;economically&lt;/fex&gt; &lt;t&gt;mistreated&lt;/t&gt; us but often verbally mistreated us instead.&lt;/ex&gt;&lt;/def-root&gt;</definition>
    </FE>
    <FE bgColor="FFD700" fgColor="FFFFFF" coreType="Extra-Thematic" cBy="PKe" cDate="08/24/2012 03:25:54 PDT Fri" abbrev="deg" name="Degree" ID="15779">
        <definition>&lt;def-root&gt;The extent to which the (usually 'good' or 'bad') conduct of the &lt;fen&gt;Agent&lt;/fen&gt; deviates from some standard or norm.

&lt;ex&gt;Douglas always &lt;t&gt;treated&lt;/t&gt; me &lt;fex name="Degree"&gt;very&lt;/fex&gt; &lt;fex name="Manner"&gt;well&lt;/fex&gt;.&lt;/ex&gt;&lt;/def-root&gt;</definition>
        <semType name="Degree" ID="172"/>
    </FE>
    <FE bgColor="90876C" fgColor="FFFFFF" coreType="Peripheral" cBy="PKe" cDate="08/24/2012 03:25:54 PDT Fri" abbrev="sta" name="Standard" ID="15780">
        <definition>&lt;def-root&gt;An explicit point to which the conduct of the &lt;fen&gt;Agent&lt;/fen&gt; is compared.

&lt;ex&gt;He &lt;t&gt;treated&lt;/t&gt; us well &lt;fex name="Standard"&gt;for a teenager&lt;/fex&gt;.&lt;/ex&gt;&lt;/def-root&gt;</definition>
    </FE>
    <frameRelation type="Inherits from">
        <relatedFrame ID="491">Conduct</relatedFrame>
    </frameRelation>
    <frameRelation type="Is Inherited by"/>
    <frameRelation type="Perspective on"/>
    <frameRelation type="Is Perspectivized in"/>
    <frameRelation type="Uses"/>
    <frameRelation type="Is Used by"/>
    <frameRelation type="Subframe of"/>
    <frameRelation type="Has Subframe(s)"/>
    <frameRelation type="Precedes"/>
    <frameRelation type="Is Preceded by"/>
    <frameRelation type="Is Inchoative of"/>
    <frameRelation type="Is Causative of"/>
    <frameRelation type="See also"/>
    <lexUnit status="Created" POS="V" name="treat.v" ID="17160" lemmaID="41134" cBy="PKe" cDate="08/24/2012 03:56:42 PDT Fri">
        <definition>FN: To behave toward someone in some manner.</definition>
        <sentenceCount annotated="0" total="0"/>
        <lexeme order="1" headword="false" breakBefore="false" POS="V" name="treat"/>
    </lexUnit>
    <lexUnit status="Created" incorporatedFE="Manner" POS="V" name="mistreat.v" ID="17161" lemmaID="51560" cBy="PKe" cDate="08/24/2012 03:57:45 PDT Fri">
        <definition>FN: To behave toward someone in some manner other than the way that person desires or expects to be treated.</definition>
        <sentenceCount annotated="0" total="0"/>
        <lexeme order="1" headword="true" breakBefore="false" POS="V" name="mistreat"/>
    </lexUnit>
    <lexUnit status="Created" POS="V" name="use.v" ID="17162" lemmaID="42557" cBy="PKe" cDate="08/24/2012 03:59:36 PDT Fri">
        <definition>FN: To behave toward someone in a negative fashion further described by a required, instantiated manner. (Archaic)</definition>
        <sentenceCount annotated="0" total="0"/>
        <lexeme order="1" headword="false" breakBefore="false" POS="V" name="use"/>
    </lexUnit>
</frame>