<?xml version="1.0" encoding="UTF-8" standalone="yes"?>
<?xml-stylesheet type="text/xsl" href="frame.xsl"?>
<frame cBy="AlK" cDate="07/22/2010 04:29:39 PDT Thu" name="Trying_out" ID="2340" xsi:schemaLocation="../schema/frame.xsd" xmlns="http://framenet.icsi.berkeley.edu" xmlns:xsi="http://www.w3.org/2001/XMLSchema-instance">
    <definition>&lt;def-root&gt;An &lt;fen&gt;Evaluator&lt;/fen&gt; participates in an &lt;fen&gt;Experience&lt;/fen&gt; (or metonymically, a salient &lt;fen&gt;Entity&lt;/fen&gt; of the &lt;fen&gt;Experience&lt;/fen&gt;), often for the first time, in order to form an opinion about its quality. The aspect of quality that is being judged is often implicit but may be expressed as the &lt;fen&gt;Purpose&lt;/fen&gt; of the &lt;fen&gt;Evaluator&lt;/fen&gt;'s participation. 

&lt;ex&gt;Have you &lt;t&gt;tried&lt;/t&gt; my latest get-rich-quick scheme? &lt;fex name="Purpose"&gt;INI&lt;/fex&gt;&lt;/ex&gt;
&lt;ex&gt;Don &lt;t&gt;tried out&lt;/t&gt; the bike &lt;fex name="Purpose"&gt;to see if it was the right size&lt;/fex&gt;.&lt;/ex&gt;&lt;/def-root&gt;</definition>
    <FE bgColor="FF0000" fgColor="FFFFFF" coreType="Core" cBy="AlK" cDate="07/22/2010 05:30:25 PDT Thu" abbrev="" name="Evaluator" ID="14063">
        <definition>&lt;def-root&gt;The person (or metonymic manifestation thereof) that participates in the &lt;fen&gt;Experience&lt;/fen&gt;.

&lt;ex&gt;&lt;fex name="Evaluator"&gt;She&lt;/fex&gt; &lt;t&gt;tested out&lt;/t&gt; six cars before finding the one she liked.&lt;/ex&gt;&lt;/def-root&gt;</definition>
        <semType name="Sentient" ID="5"/>
    </FE>
    <FE bgColor="1E90FF" fgColor="FFFFFF" coreType="Core" cBy="AlK" cDate="07/22/2010 05:30:34 PDT Thu" abbrev="" name="Experience" ID="14064">
        <definition>&lt;def-root&gt;The activity or event that the &lt;fen&gt;Evaluator&lt;/fen&gt; participates in.

&lt;ex&gt;Have you ever &lt;t&gt;tried&lt;/t&gt; &lt;fex name="Experience"&gt;working out with kettlebells?&lt;/fex&gt;&lt;/ex&gt;&lt;/def-root&gt;</definition>
    </FE>
    <FE bgColor="0000FF" fgColor="FFFFFF" coreType="Core" cBy="AlK" cDate="07/22/2010 05:30:44 PDT Thu" abbrev="" name="Entity" ID="14065">
        <definition>&lt;def-root&gt;&lt;fen&gt;Entity&lt;/fen&gt; is something that the &lt;fen&gt;Evaluator&lt;/fen&gt; uses to try an &lt;fen&gt;Experience&lt;/fen&gt;, and metonymically stands in for the &lt;fen&gt;Experience&lt;/fen&gt;.

&lt;ex&gt;We &lt;t&gt;tried out&lt;/t&gt; &lt;fex name="Entity"&gt;the games&lt;/fex&gt;, and they're fun.&lt;/ex&gt;&lt;/def-root&gt;</definition>
    </FE>
    <FE bgColor="FF69B4" fgColor="FFFFFF" coreType="Peripheral" cBy="AlK" cDate="07/22/2010 05:31:02 PDT Thu" abbrev="" name="Manner" ID="14066">
        <definition>&lt;def-root&gt;A description of how the &lt;fen&gt;Evaluator&lt;/fen&gt; acts in having the &lt;fen&gt;Experience&lt;/fen&gt;.

&lt;ex&gt;We &lt;fex name="Manner"&gt;cautiously&lt;/fex&gt; &lt;t&gt;tried&lt;/t&gt; the new system.&lt;/ex&gt;&lt;/def-root&gt;</definition>
    </FE>
    <FE bgColor="FF00FF" fgColor="FFFFFF" coreType="Peripheral" cBy="AlK" cDate="07/22/2010 05:31:08 PDT Thu" abbrev="" name="Means" ID="14067">
        <definition>&lt;def-root&gt;A description of what the &lt;fen&gt;Evaluator&lt;/fen&gt; does in order to participate in the &lt;fen&gt;Experience&lt;/fen&gt;.

&lt;ex&gt;We &lt;t&gt;tried out&lt;/t&gt; the trampoline &lt;fex name="Means"&gt;by letting our 2 year old jump on it&lt;/fex&gt;&lt;/ex&gt;&lt;/def-root&gt;</definition>
    </FE>
    <FE bgColor="800080" fgColor="FFFFFF" coreType="Core" cBy="AlK" cDate="07/22/2010 05:32:30 PDT Thu" abbrev="" name="Purpose" ID="14068">
        <definition>&lt;def-root&gt;A more explicit description of what the &lt;fen&gt;Evaluator&lt;/fen&gt; seeks to learn by having the &lt;fen&gt;Experience&lt;/fen&gt;.

&lt;ex&gt;I &lt;t&gt;tried out&lt;/t&gt; my neighbors vacuums &lt;fex name="Purpose"&gt;to see if they met my needs&lt;/fex&gt;&lt;/ex&gt;&lt;/def-root&gt;</definition>
    </FE>
    <FE bgColor="FFA500" fgColor="FFFFFF" coreType="Peripheral" cBy="AlK" cDate="07/22/2010 05:40:48 PDT Thu" abbrev="" name="Time" ID="14069">
        <definition>&lt;def-root&gt;The temporal location during which the &lt;fen&gt;Experience&lt;/fen&gt; occurs.

&lt;ex&gt;&lt;t&gt;Try&lt;/t&gt; it &lt;t&gt;out&lt;/t&gt; &lt;fex name="Time"&gt;at midnight&lt;/fex&gt;.&lt;/ex&gt;&lt;/def-root&gt;</definition>
    </FE>
    <FE bgColor="006400" fgColor="FFFFFF" coreType="Peripheral" cBy="AlK" cDate="07/22/2010 05:40:54 PDT Thu" abbrev="" name="Place" ID="14070">
        <definition>&lt;def-root&gt;The physical location in which the &lt;fen&gt;Experience&lt;/fen&gt; occurs.

&lt;ex&gt;I &lt;t&gt;tried&lt;/t&gt; it for the first time &lt;fex name="Place"&gt;at home&lt;/fex&gt;.&lt;/ex&gt;&lt;/def-root&gt;</definition>
    </FE>
    <FEcoreSet>
        <memberFE name="Entity" ID="14065"/>
        <memberFE name="Experience" ID="14064"/>
    </FEcoreSet>
    <frameRelation type="Inherits from">
        <relatedFrame ID="1152">Research</relatedFrame>
    </frameRelation>
    <frameRelation type="Is Inherited by">
        <relatedFrame ID="2330">Tasting</relatedFrame>
    </frameRelation>
    <frameRelation type="Perspective on"/>
    <frameRelation type="Is Perspectivized in"/>
    <frameRelation type="Uses"/>
    <frameRelation type="Is Used by"/>
    <frameRelation type="Subframe of"/>
    <frameRelation type="Has Subframe(s)"/>
    <frameRelation type="Precedes"/>
    <frameRelation type="Is Preceded by"/>
    <frameRelation type="Is Inchoative of"/>
    <frameRelation type="Is Causative of"/>
    <frameRelation type="See also"/>
    <lexUnit status="Finished_Initial" POS="V" name="try.v" ID="15921" lemmaID="41411" cBy="AlK" cDate="07/22/2010 05:41:11 PDT Thu">
        <definition>FN: to do something (in order to make an assessment)</definition>
        <sentenceCount annotated="11" total="12"/>
        <lexeme order="1" headword="false" breakBefore="false" POS="V" name="try"/>
    </lexUnit>
    <lexUnit status="Created" POS="V" name="test out.v" ID="15924" lemmaID="51172" cBy="AlK" cDate="07/23/2010 11:29:38 PDT Fri">
        <definition>FN: to use something for the first time (to make an assessment)</definition>
        <sentenceCount annotated="0" total="0"/>
        <lexeme order="1" headword="true" breakBefore="false" POS="V" name="test"/>
        <lexeme order="2" headword="false" breakBefore="true" POS="PREP" name="out"/>
    </lexUnit>
    <lexUnit status="New" POS="V" name="try out.v" ID="15925" lemmaID="51173" cBy="AlK" cDate="07/23/2010 11:29:58 PDT Fri">
        <definition>FN: to do something for the first time (to make an assessment)</definition>
        <sentenceCount annotated="21" total="181"/>
        <lexeme order="1" headword="true" breakBefore="false" POS="V" name="try"/>
        <lexeme order="2" headword="false" breakBefore="true" POS="PREP" name="out"/>
    </lexUnit>
</frame>