<?xml version="1.0" encoding="UTF-8" standalone="yes"?>
<?xml-stylesheet type="text/xsl" href="frame.xsl"?>
<frame cBy="MJE" cDate="09/15/2004 01:40:04 PDT Wed" name="Undressing" ID="1210" xsi:schemaLocation="../schema/frame.xsd" xmlns="http://framenet.icsi.berkeley.edu" xmlns:xsi="http://www.w3.org/2001/XMLSchema-instance">
    <definition>&lt;def-root&gt;A &lt;fen&gt;Wearer&lt;/fen&gt; removes an item of &lt;fen&gt;Clothing&lt;/fen&gt; from a &lt;fen&gt;Body_location&lt;/fen&gt; (the part of the body that the &lt;fen&gt;Clothing&lt;/fen&gt; is prototypically worn on.)

&lt;ex&gt;Walking on sand is better if &lt;fex name="wea"&gt;you&lt;/fex&gt; &lt;t&gt;take&lt;/t&gt; &lt;t&gt;off&lt;/t&gt; &lt;fex name="clo"&gt;your shoes&lt;/fex&gt;. &lt;fex name="bod"&gt;INI&lt;/fex&gt;&lt;/ex&gt;&lt;/def-root&gt;</definition>
    <FE bgColor="FF0000" fgColor="FFFFFF" coreType="Core" cBy="MJE" cDate="09/15/2004 01:40:04 PDT Wed" abbrev="wea" name="Wearer" ID="7060">
        <definition>&lt;def-root&gt;The individual who begins the action wearing the &lt;fen&gt;Clothing&lt;/fen&gt; and ends the action without it.

&lt;ex&gt;&lt;fex name="wea"&gt;The suspects&lt;/fex&gt; had to &lt;t&gt;strip&lt;/t&gt; publically and endure several blasts from a firehose.&lt;/ex&gt;&lt;/def-root&gt;</definition>
        <semType name="Sentient" ID="5"/>
    </FE>
    <FE bgColor="800080" fgColor="FFFFFF" coreType="Core" cBy="MJE" cDate="09/15/2004 01:40:04 PDT Wed" abbrev="clo" name="Clothing" ID="7061">
        <definition>&lt;def-root&gt;The item that the &lt;fen&gt;Wearer&lt;/fen&gt; is initially wearing but then removes.&lt;/def-root&gt;</definition>
        <semType name="Artifact" ID="61"/>
    </FE>
    <FE bgColor="006400" fgColor="FFFFFF" coreType="Peripheral" cBy="MJE" cDate="09/15/2004 01:40:04 PDT Wed" abbrev="bod" name="Body_location" ID="7062">
        <definition>&lt;def-root&gt;The initial location of the &lt;fen&gt;Clothing&lt;/fen&gt; on the body, before it changes location.  Quite often, the location is not overtly specified and is implicitly supplied by the location on the body that the &lt;fen&gt;Clothing&lt;/fen&gt; is prototypically associated with.

&lt;ex&gt;He &lt;t&gt;doffed&lt;/t&gt; his hat &lt;fex name="bod"&gt;from his bald head&lt;/fex&gt;.&lt;/ex&gt;
&lt;ex&gt;&lt;t&gt;Take&lt;/t&gt; &lt;t&gt;off&lt;/t&gt; your shoes and just set 'em over there. &lt;fex name="bod"&gt;INI&lt;/fex&gt;&lt;/ex&gt;&lt;/def-root&gt;</definition>
        <semType name="Source" ID="151"/>
    </FE>
    <FE bgColor="FF00FF" fgColor="FFFFFF" coreType="Peripheral" cBy="MJE" cDate="09/15/2004 01:40:05 PDT Wed" abbrev="man" name="Manner" ID="7065">
        <definition>&lt;def-root&gt;Any description of the clothing removal which is not covered by more specific FEs, including secondary effects (&lt;ment&gt;quietly, loudly&lt;/ment&gt;), and general descriptions comparing events (&lt;ment&gt;the same way&lt;/ment&gt;). In addition, it may indicate salient characteristics of a &lt;fen&gt;Wearer&lt;/fen&gt; that also affect the action (&lt;ment&gt;presumptuously, coldly, deliberately, eagerly, carefully&lt;/ment&gt;). 

&lt;ex&gt;He &lt;fex name="man"&gt;slowly and deliberately&lt;/fex&gt; &lt;t&gt;took&lt;/t&gt; &lt;t&gt;off&lt;/t&gt; each shoe and placed it on the rack.&lt;/ex&gt;
&lt;/def-root&gt;</definition>
        <semType name="Manner" ID="173"/>
    </FE>
    <FE bgColor="FF69B4" fgColor="FFFFFF" coreType="Peripheral" cBy="MJE" cDate="09/15/2004 01:40:05 PDT Wed" abbrev="mea" name="Means" ID="7066">
        <definition>&lt;def-root&gt;The &lt;fen&gt;Means&lt;/fen&gt; is an act whereby the &lt;fen&gt;Wearer&lt;/fen&gt; achieves the removal.

&lt;ex&gt;With her burned hands, she could only &lt;t&gt;take&lt;/t&gt; &lt;t&gt;off&lt;/t&gt; her jacket &lt;fex name="mea"&gt;by sort of vigorously shrugging&lt;/fex&gt;.&lt;/ex&gt;&lt;/def-root&gt;</definition>
        <semType name="State_of_affairs" ID="177"/>
    </FE>
    <FE bgColor="808080" fgColor="FFFFFF" coreType="Extra-Thematic" cBy="MJE" cDate="09/15/2004 01:40:05 PDT Wed" abbrev="Result" name="Result" ID="7067">
        <definition>&lt;def-root&gt;Result of an event&lt;/def-root&gt;</definition>
    </FE>
    <FE bgColor="1E90FF" fgColor="FFFFFF" coreType="Peripheral" cBy="MJE" cDate="09/15/2004 01:40:05 PDT Wed" abbrev="Degr" name="Degree" ID="7068">
        <definition>&lt;def-root&gt;Degree to which event occurs&lt;/def-root&gt;</definition>
        <semType name="Degree" ID="172"/>
    </FE>
    <FE bgColor="0000FF" fgColor="FFFFFF" coreType="Peripheral" cBy="KmG" cDate="06/02/2006 01:37:08 PDT Fri" abbrev="" name="Place" ID="10194">
        <definition>&lt;def-root&gt;The location at which the &lt;fen&gt;Wearer&lt;/fen&gt; undresses an item of &lt;fen&gt;Clothing&lt;/fen&gt;. &lt;/def-root&gt;</definition>
    </FE>
    <FE bgColor="FFA500" fgColor="FFFFFF" coreType="Peripheral" cBy="KmG" cDate="06/02/2006 01:50:02 PDT Fri" abbrev="" name="Time" ID="10197">
        <definition>&lt;def-root&gt;The time at which a &lt;fen&gt;Wearer&lt;/fen&gt; undresses. &lt;/def-root&gt;</definition>
    </FE>
    <FE bgColor="9400D3" fgColor="FFFFFF" coreType="Peripheral" cBy="KmG" cDate="06/02/2006 01:52:13 PDT Fri" abbrev="" name="Purpose" ID="10198">
        <definition>&lt;def-root&gt;The purpose for which a &lt;fen&gt;Wearer&lt;/fen&gt; undresses. &lt;/def-root&gt;</definition>
    </FE>
    <FE bgColor="FFFF00" fgColor="000000" coreType="Extra-Thematic" cBy="KmG" cDate="06/02/2006 01:55:01 PDT Fri" abbrev="" name="Circumstances" ID="10199">
        <definition>&lt;def-root&gt;Circumstances describe the state of the world (at a particular time and place) which is specifically independent of the event itself and any of its participants. &lt;/def-root&gt;</definition>
    </FE>
    <FE bgColor="2E8B57" fgColor="FFFFFF" coreType="Extra-Thematic" cBy="KmG" cDate="06/02/2006 02:00:05 PDT Fri" abbrev="" name="Explanation" ID="10200">
        <definition>&lt;def-root&gt;The Explanation denotes a proposition from which the main clause (headed by the target) logically follows. This often means that the Explanation causes the target's proposition, but not in all cases. &lt;/def-root&gt;</definition>
    </FE>
    <frameRelation type="Inherits from"/>
    <frameRelation type="Is Inherited by"/>
    <frameRelation type="Perspective on"/>
    <frameRelation type="Is Perspectivized in"/>
    <frameRelation type="Uses">
        <relatedFrame ID="63">Removing</relatedFrame>
        <relatedFrame ID="134">Clothing</relatedFrame>
        <relatedFrame ID="158">Accoutrements</relatedFrame>
    </frameRelation>
    <frameRelation type="Is Used by"/>
    <frameRelation type="Subframe of"/>
    <frameRelation type="Has Subframe(s)"/>
    <frameRelation type="Precedes"/>
    <frameRelation type="Is Preceded by"/>
    <frameRelation type="Is Inchoative of"/>
    <frameRelation type="Is Causative of"/>
    <frameRelation type="See also"/>
    <lexUnit status="Finished_Initial" POS="V" name="doff.v" ID="10963" lemmaID="11391" cBy="MJE" cDate="09/15/2004 03:51:36 PDT Wed">
        <definition>COD: remove (an item of clothing, especially a hat).</definition>
        <sentenceCount annotated="5" total="5"/>
        <lexeme order="1" headword="false" breakBefore="false" POS="V" name="doff"/>
    </lexUnit>
    <lexUnit status="Finished_Initial" POS="V" name="take off.v" ID="10964" lemmaID="49554" cBy="MJE" cDate="09/15/2004 03:52:38 PDT Wed">
        <definition>COD: remove (clothing).</definition>
        <sentenceCount annotated="68" total="135"/>
        <lexeme order="1" headword="true" breakBefore="false" POS="V" name="take"/>
        <lexeme order="2" headword="false" breakBefore="true" POS="ADV" name="off"/>
    </lexUnit>
    <lexUnit status="Finished_Initial" POS="V" name="slip.v" ID="10965" lemmaID="36361" cBy="MJE" cDate="09/15/2004 03:54:10 PDT Wed">
        <definition>FN: gracefully take off clothing.</definition>
        <sentenceCount annotated="14" total="131"/>
        <lexeme order="1" headword="false" breakBefore="false" POS="V" name="slip"/>
    </lexUnit>
    <lexUnit status="Finished_Initial" POS="V" name="kick off.v" ID="10985" lemmaID="49575" cBy="MJE" cDate="09/20/2004 06:22:55 PDT Mon">
        <definition>FN: to take off (footwear) by moving the feet and legs.</definition>
        <sentenceCount annotated="8" total="147"/>
        <lexeme order="1" headword="true" breakBefore="false" POS="V" name="kick"/>
        <lexeme order="2" headword="false" breakBefore="false" POS="ADV" name="off"/>
    </lexUnit>
    <lexUnit status="Finished_Initial" POS="V" name="peel off.v" ID="10988" lemmaID="49578" cBy="MJE" cDate="09/20/2004 06:28:29 PDT Mon">
        <definition>FN: to remove (clothing which is snug against the body)</definition>
        <sentenceCount annotated="6" total="6"/>
        <lexeme order="1" headword="true" breakBefore="false" POS="V" name="peel"/>
        <lexeme order="2" headword="false" breakBefore="false" POS="ADV" name="off"/>
    </lexUnit>
    <lexUnit status="Finished_Initial" POS="V" name="pull off.v" ID="10989" lemmaID="49579" cBy="MJE" cDate="09/20/2004 06:40:46 PDT Mon">
        <definition>FN: remove (clothing) with some force</definition>
        <sentenceCount annotated="14" total="15"/>
        <lexeme order="1" headword="true" breakBefore="false" POS="V" name="pull"/>
        <lexeme order="2" headword="false" breakBefore="false" POS="ADV" name="off"/>
    </lexUnit>
    <lexUnit status="Finished_Initial" POS="V" name="remove.v" ID="10990" lemmaID="32602" cBy="MJE" cDate="09/20/2004 06:46:25 PDT Mon">
        <definition>FN: take off (clothing or accoutrements on the body)</definition>
        <sentenceCount annotated="16" total="17"/>
        <lexeme order="1" headword="false" breakBefore="false" POS="V" name="remove"/>
    </lexUnit>
    <lexUnit status="Finished_Initial" POS="V" name="shed.v" ID="10991" lemmaID="35444" cBy="MJE" cDate="09/20/2004 06:48:16 PDT Mon">
        <definition>FN: take off (clothing)</definition>
        <sentenceCount annotated="5" total="138"/>
        <lexeme order="1" headword="false" breakBefore="false" POS="V" name="shed"/>
    </lexUnit>
    <lexUnit status="Finished_Initial" POS="V" name="strip off.v" ID="10994" lemmaID="49584" cBy="MJE" cDate="09/20/2004 06:52:58 PDT Mon">
        <definition>FN: take off (clothing), generally rendering the wearer saliently underattired.</definition>
        <sentenceCount annotated="7" total="9"/>
        <lexeme order="1" headword="true" breakBefore="false" POS="V" name="strip"/>
        <lexeme order="2" headword="false" breakBefore="false" POS="ADV" name="off"/>
    </lexUnit>
    <lexUnit status="Finished_Initial" POS="V" name="throw off.v" ID="10996" lemmaID="49586" cBy="MJE" cDate="09/20/2004 07:03:55 PDT Mon">
        <definition>FN: remove (clothing) quickly.</definition>
        <sentenceCount annotated="14" total="228"/>
        <lexeme order="1" headword="true" breakBefore="false" POS="V" name="throw"/>
        <lexeme order="2" headword="false" breakBefore="false" POS="ADV" name="off"/>
    </lexUnit>
    <lexUnit status="Problem" POS="V" name="undress.v" ID="12770" lemmaID="42054" cBy="JKR" cDate="09/21/2005 02:04:03 PDT Wed">
        <definition>COD:  take off one's clothes</definition>
        <sentenceCount annotated="0" total="79"/>
        <lexeme order="1" headword="false" breakBefore="false" POS="V" name="undress"/>
    </lexUnit>
</frame>