<?xml version="1.0" encoding="UTF-8" standalone="yes"?>
<?xml-stylesheet type="text/xsl" href="frame.xsl"?>
<frame cBy="RLG" cDate="08/24/2011 10:57:36 PDT Wed" name="Victim_operated_IED" ID="2624" xsi:schemaLocation="../schema/frame.xsd" xmlns="http://framenet.icsi.berkeley.edu" xmlns:xsi="http://www.w3.org/2001/XMLSchema-instance">
    <definition>&lt;def-root&gt;An improvised explosive device, the &lt;fen&gt;Bomb&lt;/fen&gt;, is placed so as to be hidden from view or disguised as something not harmful. It is rigged to detonate when triggered by actions of an intended Victim. Possible triggering actions include stepping on a pressure-sensitive plate, activating a trip-wire, or moving an object which activates a spring-loaded device.

&lt;ex&gt;We hit a &lt;t&gt;VOIED&lt;/t&gt; and the lead truck was destroyed.&lt;/ex&gt;&lt;/def-root&gt;</definition>
    <FE bgColor="A52A2A" fgColor="FFFFFF" coreType="Core" cBy="RLG" cDate="08/24/2011 10:57:36 PDT Wed" abbrev="bom" name="Bomb" ID="14818">
        <definition>&lt;def-root&gt;The explosive device which activates when set off by the victim.&lt;/def-root&gt;</definition>
        <semType name="Artifact" ID="61"/>
    </FE>
    <FE bgColor="9400D3" fgColor="FFFFFF" coreType="Peripheral" cBy="RLG" cDate="08/24/2011 10:57:37 PDT Wed" abbrev="Use" name="Use" ID="14819">
        <definition>&lt;def-root&gt;The type of activity that the &lt;fen&gt;Bomb&lt;/fen&gt; is generally involved in.  Often this can be considered a kind of &lt;fen&gt;Type&lt;/fen&gt; specification also.&lt;/def-root&gt;</definition>
    </FE>
    <FE bgColor="9F79EE" fgColor="FFFFFF" coreType="Peripheral" cBy="RLG" cDate="08/24/2011 10:57:37 PDT Wed" abbrev="Typ" name="Type" ID="14820">
        <definition>&lt;def-root&gt;This FE indicates what subtype the &lt;fen&gt;Bomb&lt;/fen&gt; belongs to.
&lt;/def-root&gt;</definition>
    </FE>
    <FE bgColor="A9A9A9" fgColor="000000" coreType="Peripheral" cBy="RLG" cDate="08/24/2011 10:57:37 PDT Wed" abbrev="Mat" name="Material" ID="14821">
        <definition>&lt;def-root&gt;The substance that makes up the &lt;fen&gt;Bomb&lt;/fen&gt;.&lt;/def-root&gt;</definition>
    </FE>
    <FE bgColor="FF0000" fgColor="FFFFFF" coreType="Peripheral" cBy="RLG" cDate="08/24/2011 10:57:37 PDT Wed" abbrev="ber" name="Bomber" ID="14822">
        <definition>&lt;def-root&gt;The person who sets the bomb.&lt;/def-root&gt;</definition>
    </FE>
    <FE bgColor="00008B" fgColor="FFFFFF" coreType="Peripheral" cBy="RLG" cDate="08/24/2011 10:57:37 PDT Wed" abbrev="Part" name="Part" ID="14823">
        <definition>&lt;def-root&gt;This FE identifies a part of the &lt;fen&gt;Bomb&lt;/fen&gt;.  This includes permanent, obligatory parts and mere attachments.&lt;/def-root&gt;</definition>
    </FE>
    <FE bgColor="1E90FF" fgColor="FFFFFF" coreType="Peripheral" cBy="RLG" cDate="08/24/2011 10:57:37 PDT Wed" abbrev="nam" name="Name" ID="14824">
        <definition>&lt;def-root&gt;The term used to refer to a &lt;fen&gt;Bomb&lt;/fen&gt;.&lt;/def-root&gt;</definition>
    </FE>
    <FE bgColor="FF69B4" fgColor="FFFFFF" coreType="Peripheral" cBy="RLG" cDate="08/24/2011 10:57:37 PDT Wed" abbrev="tim" name="Time_of_creation" ID="14825">
        <definition>&lt;def-root&gt;The time at which the &lt;fen&gt;Bomb&lt;/fen&gt; comes into existence.
&lt;/def-root&gt;</definition>
    </FE>
    <FE bgColor="006400" fgColor="FFFFFF" coreType="Peripheral" cBy="RLG" cDate="08/24/2011 10:57:37 PDT Wed" abbrev="cre" name="Creator" ID="14826">
        <definition>&lt;def-root&gt;The individual or group responsible for the creation of the &lt;fen&gt;Bomb&lt;/fen&gt;.&lt;/def-root&gt;</definition>
    </FE>
    <FE bgColor="FFA500" fgColor="FFFFFF" coreType="Peripheral" cBy="RLG" cDate="08/24/2011 10:57:37 PDT Wed" abbrev="dep" name="Descriptor" ID="14827">
        <definition>&lt;def-root&gt;A description or characteristic of the &lt;fen&gt;Bomb&lt;/fen&gt;.&lt;/def-root&gt;</definition>
    </FE>
    <FE bgColor="0000FF" fgColor="FFFFFF" coreType="Core" cBy="RLG" cDate="08/24/2011 11:49:26 PDT Wed" abbrev="vic" name="Victim" ID="14830">
        <definition>&lt;def-root&gt;The &lt;fen&gt;Victim&lt;/fen&gt; inadvertantly causes the &lt;fen&gt;Bomb&lt;/fen&gt; to denotate.&lt;/def-root&gt;</definition>
    </FE>
    <frameRelation type="Inherits from">
        <relatedFrame ID="2623">Improvised_explosive_device</relatedFrame>
    </frameRelation>
    <frameRelation type="Is Inherited by"/>
    <frameRelation type="Perspective on"/>
    <frameRelation type="Is Perspectivized in"/>
    <frameRelation type="Uses"/>
    <frameRelation type="Is Used by"/>
    <frameRelation type="Subframe of"/>
    <frameRelation type="Has Subframe(s)"/>
    <frameRelation type="Precedes"/>
    <frameRelation type="Is Preceded by"/>
    <frameRelation type="Is Inchoative of"/>
    <frameRelation type="Is Causative of"/>
    <frameRelation type="See also"/>
    <lexUnit status="Created" POS="N" name="VOIED.n" ID="16739" lemmaID="51448" cBy="RLG" cDate="10/14/2011 01:25:30 PDT Fri">
        <definition>FN: an explosive rigged to detonate when certain conditions are met by the intended victim.</definition>
        <sentenceCount annotated="0" total="0"/>
        <lexeme order="1" headword="true" breakBefore="false" POS="N" name="VOIED"/>
    </lexUnit>
    <lexUnit status="Created" POS="N" name="PPIED.n" ID="16740" lemmaID="51449" cBy="RLG" cDate="10/14/2011 01:26:11 PDT Fri">
        <definition>FN: pressure plate IED; an explosive device which detonates when a nearby pressure plate is depressed by an intended victim.</definition>
        <sentenceCount annotated="0" total="0"/>
        <lexeme order="1" headword="true" breakBefore="false" POS="N" name="PPIED"/>
    </lexUnit>
</frame>