<?xml version="1.0" encoding="UTF-8" standalone="yes"?>
<?xml-stylesheet type="text/xsl" href="frame.xsl"?>
<frame cBy="RLG" cDate="05/21/2007 02:01:39 PDT Mon" name="Visiting_scenario_arrival" ID="1943" xsi:schemaLocation="../schema/frame.xsd" xmlns="http://framenet.icsi.berkeley.edu" xmlns:xsi="http://www.w3.org/2001/XMLSchema-instance">
    <definition>&lt;def-root&gt;An &lt;fen&gt;Agent&lt;/fen&gt; arrives at a location that should help them achieve their &lt;fen&gt;Purpose&lt;/fen&gt;. This situation is point-of-view-neutral.&lt;/def-root&gt;</definition>
    <semType name="Non-Lexical Frame" ID="16"/>
    <semType name="Non-perspectivalized_frame" ID="52"/>
    <FE bgColor="FF0000" fgColor="FFFFFF" coreType="Core" cBy="RLG" cDate="05/21/2007 02:01:39 PDT Mon" abbrev="Thm" name="Agent" ID="11755">
        <definition>&lt;def-root&gt;&lt;fen&gt;Agent&lt;/fen&gt; is the object that moves under its own power. &lt;/def-root&gt;</definition>
        <semType name="Sentient" ID="5"/>
    </FE>
    <FE bgColor="9F79EE" fgColor="FFFFFF" coreType="Peripheral" cBy="RLG" cDate="05/21/2007 02:01:39 PDT Mon" abbrev="Src" name="Normal_location" ID="11756">
        <definition>&lt;def-root&gt;&lt;fen&gt;Normal_location&lt;/fen&gt; is any expression which implies a definite starting-point of motion. While &lt;fen&gt;Normal_location&lt;/fen&gt; expressions are possible in this frame, they are relatively infrequent.  If present, they often express a general direction from which a &lt;fen&gt;Agent&lt;/fen&gt; moves, rather than a landmark away from which it moves.&lt;/def-root&gt;</definition>
        <semType name="Source" ID="151"/>
    </FE>
    <FE bgColor="0000FF" fgColor="FFFFFF" coreType="Peripheral" cBy="RLG" cDate="05/21/2007 02:01:39 PDT Mon" abbrev="Path" name="Path" ID="11757">
        <definition>&lt;def-root&gt;&lt;fen&gt;Path&lt;/fen&gt; is any description of a trajectory of motion which is neither a &lt;fen&gt;Normal_location&lt;/fen&gt; nor a &lt;fen&gt;Goal&lt;/fen&gt;.  In this frame, &lt;fen&gt;Path&lt;/fen&gt; expressions almost always have a via-sense.&lt;/def-root&gt;</definition>
    </FE>
    <FE bgColor="00BFFF" fgColor="FFFFFF" coreType="Core" cBy="RLG" cDate="05/21/2007 02:01:39 PDT Mon" abbrev="Goal" name="Goal" ID="11758">
        <definition>&lt;def-root&gt;&lt;fen&gt;Goal&lt;/fen&gt; is any expression that tells where the &lt;fen&gt;Agent&lt;/fen&gt; ends up, or would end up, as a result of the motion.  Although always conceptually present and specific, &lt;fen&gt;Goal&lt;/fen&gt; may sometimes be understood from context, rather than expressed by any separate constituent.&lt;/def-root&gt;</definition>
        <semType name="Location" ID="54"/>
    </FE>
    <FE bgColor="FF00FF" fgColor="FFFFFF" coreType="Peripheral" cBy="RLG" cDate="05/21/2007 02:01:39 PDT Mon" abbrev="Manr" name="Manner" ID="11759">
        <definition>&lt;def-root&gt;A &lt;fen&gt;Manner&lt;/fen&gt; expression  describes a property of motion which is not directly related to the trajectory of motion.  Descriptions of speed, steadiness, grace, means of motion, and other things count as &lt;fen&gt;Manner&lt;/fen&gt; expressions.&lt;/def-root&gt;</definition>
        <semType name="Manner" ID="173"/>
    </FE>
    <FE bgColor="A52A2A" fgColor="FFFFFF" coreType="Peripheral" cBy="RLG" cDate="05/21/2007 02:01:39 PDT Mon" abbrev="Mns" name="Means" ID="11760">
        <definition>&lt;def-root&gt;This FE identifies the &lt;fen&gt;Means&lt;/fen&gt; by which an &lt;fen&gt;Agent&lt;/fen&gt; arrives.&lt;/def-root&gt;</definition>
        <semType name="State_of_affairs" ID="177"/>
    </FE>
    <FE bgColor="00008B" fgColor="FFFFFF" coreType="Peripheral" cBy="RLG" cDate="05/21/2007 02:01:39 PDT Mon" abbrev="MoT" name="Mode_of_transportation" ID="11761">
        <definition>&lt;def-root&gt;The &lt;fen&gt;Mode_of_transportation&lt;/fen&gt; expresses how the motion of the &lt;fen&gt;Agent&lt;/fen&gt; is effected, by its body or by a vehicle which holds and conveys the &lt;fen&gt;Agent&lt;/fen&gt;.   Vehicles can move in any way and in any medium. They are usually expressed obliquely with 'in' or 'by'.&lt;/def-root&gt;</definition>
    </FE>
    <FE bgColor="FFA500" fgColor="FFFFFF" coreType="Peripheral" cBy="RLG" cDate="05/21/2007 02:01:39 PDT Mon" abbrev="Time" name="Time" ID="11762">
        <definition>&lt;def-root&gt;This FE identifies the &lt;fen&gt;Time&lt;/fen&gt; when arriving occurs.&lt;/def-root&gt;</definition>
        <semType name="Time" ID="141"/>
    </FE>
    <FE bgColor="006400" fgColor="FFFFFF" coreType="Peripheral" cBy="RLG" cDate="05/21/2007 02:01:39 PDT Mon" abbrev="" name="Purpose" ID="11763">
        <definition>&lt;def-root&gt;This FE identifies the purpose for which the &lt;fen&gt;Agent&lt;/fen&gt; arrives at the &lt;fen&gt;Goal&lt;/fen&gt;.&lt;/def-root&gt;</definition>
        <semType name="State_of_affairs" ID="177"/>
    </FE>
    <FE bgColor="008000" fgColor="FFFFFF" coreType="Peripheral" cBy="JKs" cDate="07/28/2008 02:54:42 PDT Mon" abbrev="" name="Place" ID="13041">
        <definition>&lt;def-root&gt;The place where the visiting occurs&lt;/def-root&gt;</definition>
    </FE>
    <frameRelation type="Inherits from">
        <relatedFrame ID="54">Arriving</relatedFrame>
    </frameRelation>
    <frameRelation type="Is Inherited by">
        <relatedFrame ID="1913">Visitor_arrival</relatedFrame>
        <relatedFrame ID="1947">Visit_host_arrival</relatedFrame>
    </frameRelation>
    <frameRelation type="Perspective on"/>
    <frameRelation type="Is Perspectivized in"/>
    <frameRelation type="Uses"/>
    <frameRelation type="Is Used by"/>
    <frameRelation type="Subframe of">
        <relatedFrame ID="1941">Visiting_scenario</relatedFrame>
    </frameRelation>
    <frameRelation type="Has Subframe(s)"/>
    <frameRelation type="Precedes">
        <relatedFrame ID="1945">Visiting_scenario_stay</relatedFrame>
    </frameRelation>
    <frameRelation type="Is Preceded by"/>
    <frameRelation type="Is Inchoative of"/>
    <frameRelation type="Is Causative of"/>
    <frameRelation type="See also"/>
</frame>