<?xml version="1.0" encoding="UTF-8" standalone="yes"?>
<?xml-stylesheet type="text/xsl" href="frame.xsl"?>
<frame cBy="MJE" cDate="03/28/2007 04:34:12 PDT Wed" name="Visiting" ID="1911" xsi:schemaLocation="../schema/frame.xsd" xmlns="http://framenet.icsi.berkeley.edu" xmlns:xsi="http://www.w3.org/2001/XMLSchema-instance">
    <definition>&lt;def-root&gt;An &lt;fen&gt;Agent&lt;/fen&gt; matches location with an &lt;fen&gt;Entity&lt;/fen&gt; in order to fulfill some  &lt;fen&gt;Purpose&lt;/fen&gt;.

Quite often, the &lt;fen&gt;Purpose&lt;/fen&gt; is social- or entertainment-oriented.

&lt;ex&gt;I ca n't remember how many times &lt;fex name="Agent"&gt;he&lt;/fex&gt; &lt;t&gt;visited&lt;/t&gt; ! &lt;fex name="Entity"&gt;DNI&lt;/fex&gt;&lt;/ex&gt;
&lt;ex&gt;&lt;fex name="Time"&gt;Now&lt;/fex&gt; &lt;fex name="Agent"&gt;she&lt;/fex&gt; &lt;ment&gt;was&lt;/ment&gt; &lt;ment&gt;on&lt;/ment&gt; an &lt;fex name="Purpose"&gt;inspection&lt;/fex&gt; &lt;t&gt;visit&lt;/t&gt; .&lt;/ex&gt;
&lt;ex&gt;&lt;fex name="Agent"&gt;You&lt;/fex&gt; have to &lt;t&gt;visit&lt;/t&gt; &lt;fex name="Entity"&gt;your parents&lt;/fex&gt; &lt;fex name="Frequency"&gt;every once in a while&lt;/fex&gt; .&lt;/ex&gt;&lt;/def-root&gt;</definition>
    <FE bgColor="FF0000" fgColor="FFFFFF" coreType="Core" cBy="MJE" cDate="03/28/2007 04:34:13 PDT Wed" abbrev="" name="Agent" ID="11435">
        <definition>&lt;def-root&gt;The sentient entity that is temporarily with the &lt;fen&gt;Entity&lt;/fen&gt; in order to fulfil some &lt;fen&gt;Purpose&lt;/fen&gt;.&lt;/def-root&gt;</definition>
        <semType name="Sentient" ID="5"/>
    </FE>
    <FE bgColor="008000" fgColor="FFFFFF" coreType="Core" cBy="MJE" cDate="03/28/2007 04:34:14 PDT Wed" abbrev="" name="Entity" ID="11436">
        <definition>&lt;def-root&gt;The physical entity that is permanently associated with entities or characteristics that the &lt;fen&gt;Agent&lt;/fen&gt; wishes to use for some &lt;fen&gt;Purpose&lt;/fen&gt;.  During the visit, the &lt;fen&gt;Agent&lt;/fen&gt; matches location with the &lt;fen&gt;Entity&lt;/fen&gt;.&lt;/def-root&gt;</definition>
        <semType name="Physical_object" ID="68"/>
    </FE>
    <FE bgColor="7FFF00" fgColor="000000" coreType="Extra-Thematic" cBy="MJE" cDate="03/28/2007 04:34:14 PDT Wed" abbrev="Dep" name="Dependent_state" ID="11437">
        <definition>&lt;def-root&gt;A state (of the &lt;fen&gt;Agent&lt;/fen&gt;) that results as a consequence of the &lt;fen&gt;Agent&lt;/fen&gt; being situated at the &lt;fen&gt;Entity&lt;/fen&gt;.
&lt;/def-root&gt;</definition>
    </FE>
    <FE bgColor="1E90FF" fgColor="FFFFFF" coreType="Peripheral" cBy="MJE" cDate="03/28/2007 04:42:48 PDT Wed" abbrev="" name="Purpose" ID="11438">
        <definition>&lt;def-root&gt;The activity that is enabled by the &lt;fen&gt;Entity&lt;/fen&gt; and that the &lt;fen&gt;Agent&lt;/fen&gt; wishes to achieve.&lt;/def-root&gt;</definition>
    </FE>
    <FE bgColor="00008B" fgColor="FFFFFF" coreType="Extra-Thematic" cBy="MJE" cDate="03/28/2007 04:52:44 PDT Wed" abbrev="" name="Normal_location" ID="11439">
        <definition>&lt;def-root&gt;The location that the &lt;fen&gt;Agent&lt;/fen&gt; normally resides in or is (permanently) associated with.&lt;/def-root&gt;</definition>
        <semType name="Source" ID="151"/>
    </FE>
    <FE bgColor="FFA500" fgColor="FFFFFF" coreType="Peripheral" cBy="MJE" cDate="03/28/2007 05:25:08 PDT Wed" abbrev="" name="Time" ID="11486">
        <definition>&lt;def-root&gt;The time at which a visit is made.&lt;/def-root&gt;</definition>
    </FE>
    <FE bgColor="FF69B4" fgColor="FFFFFF" coreType="Peripheral" cBy="MJE" cDate="03/28/2007 05:25:40 PDT Wed" abbrev="" name="Duration" ID="11487">
        <definition>&lt;def-root&gt;The amount of time that the &lt;fen&gt;Agent&lt;/fen&gt; spends with the &lt;fen&gt;Entity&lt;/fen&gt;.&lt;/def-root&gt;</definition>
    </FE>
    <FE bgColor="FF00FF" fgColor="FFFFFF" coreType="Peripheral" cBy="MJE" cDate="03/28/2007 05:26:51 PDT Wed" abbrev="" name="Manner" ID="11488">
        <definition>&lt;def-root&gt;Any overall description of the details of the visit, either in terms of how it matches other events (&lt;ment&gt;the same way&lt;/ment&gt;) or in terms of states of the &lt;fen&gt;Agent&lt;/fen&gt; that affect the action.&lt;/def-root&gt;</definition>
    </FE>
    <FE bgColor="A9A9A9" fgColor="FFFFFF" coreType="Peripheral" cBy="MJE" cDate="03/28/2007 07:53:50 PDT Wed" abbrev="" name="Place" ID="11491">
        <definition>&lt;def-root&gt;A description of the position of the &lt;fen&gt;Agent&lt;/fen&gt; during the visit.&lt;/def-root&gt;</definition>
    </FE>
    <FE bgColor="A52A2A" fgColor="FFFFFF" coreType="Peripheral" cBy="MJE" cDate="03/28/2007 07:55:54 PDT Wed" abbrev="" name="Means" ID="11492">
        <definition>&lt;def-root&gt;An action of the &lt;fen&gt;Agent&lt;/fen&gt; that enables their visit.&lt;/def-root&gt;</definition>
    </FE>
    <FE bgColor="00BFFF" fgColor="000000" coreType="Extra-Thematic" cBy="MJE" cDate="03/28/2007 08:46:38 PDT Wed" abbrev="ite" name="Iterations" ID="11493">
        <definition>&lt;def-root&gt;The number of instances of the described event.

&lt;/def-root&gt;</definition>
    </FE>
    <FE bgColor="d0d0d0" fgColor="000000" coreType="Extra-Thematic" cBy="MJE" cDate="03/28/2007 08:48:38 PDT Wed" abbrev="fre" name="Frequency" ID="11494">
        <definition>&lt;def-root&gt;A characterization of the average number of times a visit happens over a period of time.&lt;/def-root&gt;</definition>
    </FE>
    <FE bgColor="800080" fgColor="FF0000" coreType="Extra-Thematic" cBy="MJE" cDate="05/15/2014 12:48:00 PDT Thu" abbrev="Dep" name="Depictive" ID="16099">
        <definition>&lt;def-root&gt;A description of the state of &lt;fen&gt;Agent&lt;/fen&gt; or &lt;fen&gt;Entity&lt;/fen&gt; during the action.&lt;/def-root&gt;</definition>
    </FE>
    <frameRelation type="Inherits from">
        <relatedFrame ID="960">Being_located</relatedFrame>
        <relatedFrame ID="198">Intentionally_act</relatedFrame>
        <relatedFrame ID="1945">Visiting_scenario_stay</relatedFrame>
    </frameRelation>
    <frameRelation type="Is Inherited by">
        <relatedFrame ID="1885">Temporary_stay</relatedFrame>
    </frameRelation>
    <frameRelation type="Perspective on"/>
    <frameRelation type="Is Perspectivized in"/>
    <frameRelation type="Uses"/>
    <frameRelation type="Is Used by">
        <relatedFrame ID="1907">Touring</relatedFrame>
    </frameRelation>
    <frameRelation type="Subframe of">
        <relatedFrame ID="1912">Visitor_scenario</relatedFrame>
    </frameRelation>
    <frameRelation type="Has Subframe(s)"/>
    <frameRelation type="Precedes">
        <relatedFrame ID="1914">Visitor_departure</relatedFrame>
    </frameRelation>
    <frameRelation type="Is Preceded by">
        <relatedFrame ID="1913">Visitor_arrival</relatedFrame>
    </frameRelation>
    <frameRelation type="Is Inchoative of"/>
    <frameRelation type="Is Causative of"/>
    <frameRelation type="See also"/>
    <lexUnit status="Created" POS="N" name="visitor.n" ID="14215" lemmaID="43132" cBy="MJE" cDate="03/28/2007 04:55:18 PDT Wed">
        <definition>COD: a person visiting a person or place, especially socially. </definition>
        <sentenceCount annotated="26" total="26"/>
        <lexeme order="1" headword="false" breakBefore="false" POS="N" name="visitor"/>
    </lexUnit>
    <lexUnit status="Finished_Initial" POS="V" name="visit.v" ID="14216" lemmaID="43128" cBy="MJE" cDate="03/28/2007 04:55:50 PDT Wed">
        <definition>COD: go to see and spend some time with (someone) socially or as a guest.</definition>
        <sentenceCount annotated="16" total="177"/>
        <lexeme order="1" headword="false" breakBefore="false" POS="V" name="visit"/>
    </lexUnit>
    <lexUnit status="Created" POS="N" name="visit.n" ID="14224" lemmaID="43127" cBy="MJE" cDate="03/28/2007 11:00:34 PDT Wed">
        <definition>COD: an act of visiting.</definition>
        <sentenceCount annotated="8" total="8"/>
        <lexeme order="1" headword="false" breakBefore="false" POS="N" name="visit"/>
    </lexUnit>
    <lexUnit status="Created" POS="V" name="revisit.v" ID="14405" lemmaID="50671" cBy="MJE" cDate="04/11/2007 04:15:03 PDT Wed">
        <definition>COD: come back to or visit again.</definition>
        <sentenceCount annotated="1" total="1"/>
        <lexeme order="1" headword="true" breakBefore="false" POS="V" name="revisit"/>
    </lexUnit>
    <lexUnit status="Created" POS="N" name="call.n" ID="14630" lemmaID="5228" cBy="KmG" cDate="11/07/2007 01:39:39 PST Wed">
        <definition>FN: a visit</definition>
        <sentenceCount annotated="1" total="1"/>
        <lexeme order="1" headword="false" breakBefore="false" POS="N" name="call"/>
    </lexUnit>
</frame>