<?xml version="1.0" encoding="UTF-8" standalone="yes"?>
<?xml-stylesheet type="text/xsl" href="frame.xsl"?>
<frame cBy="RLG" cDate="05/21/2007 03:28:08 PDT Mon" name="Visit_host_arrival" ID="1947" xsi:schemaLocation="../schema/frame.xsd" xmlns="http://framenet.icsi.berkeley.edu" xmlns:xsi="http://www.w3.org/2001/XMLSchema-instance">
    <definition>&lt;def-root&gt;The &lt;fen&gt;Visitor&lt;/fen&gt; arrives at the &lt;fen&gt;Host_location&lt;/fen&gt; to visit the &lt;fen&gt;Host&lt;/fen&gt;.&lt;/def-root&gt;</definition>
    <semType name="Non-Lexical Frame" ID="16"/>
    <semType name="Non-perspectivalized_frame" ID="52"/>
    <FE bgColor="FF0000" fgColor="FFFFFF" coreType="Core" cBy="RLG" cDate="05/21/2007 03:28:08 PDT Mon" abbrev="vis" name="Visitor" ID="11798">
        <definition>&lt;def-root&gt;The &lt;fen&gt;Visitor&lt;/fen&gt; goes to the Host&lt;/def-root&gt;</definition>
        <semType name="Sentient" ID="5"/>
    </FE>
    <FE bgColor="9F79EE" fgColor="FFFFFF" coreType="Peripheral" cBy="RLG" cDate="05/21/2007 03:28:08 PDT Mon" abbrev="Src" name="Normal_location" ID="11799">
        <definition>&lt;def-root&gt;&lt;fen&gt;Normal_location&lt;/fen&gt; is any expression which implies a definite starting-point of motion. While &lt;fen&gt;Normal_location&lt;/fen&gt; expressions are possible in this frame, they are relatively infrequent.  If present, they often express a general direction from which a &lt;fen&gt;Visitor&lt;/fen&gt; moves, rather than a landmark away from which it moves.&lt;/def-root&gt;</definition>
        <semType name="Source" ID="151"/>
    </FE>
    <FE bgColor="0000FF" fgColor="FFFFFF" coreType="Peripheral" cBy="RLG" cDate="05/21/2007 03:28:08 PDT Mon" abbrev="Path" name="Path" ID="11800">
        <definition>&lt;def-root&gt;&lt;fen&gt;Path&lt;/fen&gt; is any description of a trajectory of motion which is neither a &lt;fen&gt;Normal_location&lt;/fen&gt; nor a &lt;fen&gt;Host_location&lt;/fen&gt;.  In this frame, &lt;fen&gt;Path&lt;/fen&gt; expressions almost always have a via-sense.&lt;/def-root&gt;</definition>
    </FE>
    <FE bgColor="00BFFF" fgColor="FFFFFF" coreType="Core" cBy="RLG" cDate="05/21/2007 03:28:08 PDT Mon" abbrev="hos" name="Host" ID="11801">
        <definition>&lt;def-root&gt;The &lt;fen&gt;Host&lt;/fen&gt; welcomes the &lt;fen&gt;Visitor&lt;/fen&gt; as a guest. The location strongly associated with the Host serves as the goal of the &lt;fen&gt;Visitor&lt;/fen&gt;'s motion.&lt;/def-root&gt;</definition>
    </FE>
    <FE bgColor="FF00FF" fgColor="FFFFFF" coreType="Peripheral" cBy="RLG" cDate="05/21/2007 03:28:08 PDT Mon" abbrev="Manr" name="Manner" ID="11802">
        <definition>&lt;def-root&gt;A &lt;fen&gt;Manner&lt;/fen&gt; expression  describes a property of motion which is not directly related to the trajectory of motion.  Descriptions of speed, steadiness, grace, means of motion, and other things count as &lt;fen&gt;Manner&lt;/fen&gt; expressions.&lt;/def-root&gt;</definition>
        <semType name="Manner" ID="173"/>
    </FE>
    <FE bgColor="A52A2A" fgColor="FFFFFF" coreType="Peripheral" cBy="RLG" cDate="05/21/2007 03:28:08 PDT Mon" abbrev="Mns" name="Means" ID="11803">
        <definition>&lt;def-root&gt;This FE identifies the &lt;fen&gt;Means&lt;/fen&gt; by which an &lt;fen&gt;Visitor&lt;/fen&gt; arrives.&lt;/def-root&gt;</definition>
        <semType name="State_of_affairs" ID="177"/>
    </FE>
    <FE bgColor="00008B" fgColor="FFFFFF" coreType="Peripheral" cBy="RLG" cDate="05/21/2007 03:28:08 PDT Mon" abbrev="MoT" name="Mode_of_transportation" ID="11804">
        <definition>&lt;def-root&gt;The &lt;fen&gt;Mode_of_transportation&lt;/fen&gt; expresses how the motion of the &lt;fen&gt;Visitor&lt;/fen&gt; is effected, by its body or by a vehicle which holds and conveys the &lt;fen&gt;Visitor&lt;/fen&gt;.   Vehicles can move in any way and in any medium. They are usually expressed obliquely with 'in' or 'by'.&lt;/def-root&gt;</definition>
    </FE>
    <FE bgColor="FFA500" fgColor="FFFFFF" coreType="Peripheral" cBy="RLG" cDate="05/21/2007 03:28:08 PDT Mon" abbrev="Time" name="Time" ID="11805">
        <definition>&lt;def-root&gt;This FE identifies the &lt;fen&gt;Time&lt;/fen&gt; when arriving occurs.&lt;/def-root&gt;</definition>
        <semType name="Time" ID="141"/>
    </FE>
    <FE bgColor="006400" fgColor="FFFFFF" coreType="Peripheral" cBy="RLG" cDate="05/21/2007 03:28:08 PDT Mon" abbrev="" name="Purpose" ID="11806">
        <definition>&lt;def-root&gt;This FE identifies the purpose for which the &lt;fen&gt;Visitor&lt;/fen&gt; arrives at the &lt;fen&gt;Host&lt;/fen&gt; or &lt;fen&gt;Host_location&lt;/fen&gt;.&lt;/def-root&gt;</definition>
        <semType name="State_of_affairs" ID="177"/>
    </FE>
    <FE bgColor="008000" fgColor="FFFFFF" coreType="Core" cBy="RLG" cDate="05/21/2007 03:32:07 PDT Mon" abbrev="hos_loc" name="Host_location" ID="11807">
        <definition>&lt;def-root&gt;The &lt;fen&gt;Host_location&lt;/fen&gt; is a location associated with the &lt;fen&gt;Host&lt;/fen&gt;, and is commonly the place of residence or employment of the &lt;fen&gt;Host&lt;/fen&gt;.&lt;/def-root&gt;</definition>
    </FE>
    <FE bgColor="7FFF00" fgColor="000000" coreType="Peripheral" cBy="JKs" cDate="07/28/2008 02:56:08 PDT Mon" abbrev="" name="Place" ID="13043">
        <definition>&lt;def-root&gt;The place where the arrival event occurs.&lt;/def-root&gt;</definition>
    </FE>
    <FEcoreSet>
        <memberFE name="Host_location" ID="11807"/>
        <memberFE name="Host" ID="11801"/>
    </FEcoreSet>
    <frameRelation type="Inherits from">
        <relatedFrame ID="1943">Visiting_scenario_arrival</relatedFrame>
    </frameRelation>
    <frameRelation type="Is Inherited by"/>
    <frameRelation type="Perspective on"/>
    <frameRelation type="Is Perspectivized in">
        <relatedFrame ID="1946">Drop_in_on</relatedFrame>
    </frameRelation>
    <frameRelation type="Uses"/>
    <frameRelation type="Is Used by"/>
    <frameRelation type="Subframe of">
        <relatedFrame ID="1942">Visitor_and_host</relatedFrame>
    </frameRelation>
    <frameRelation type="Has Subframe(s)"/>
    <frameRelation type="Precedes">
        <relatedFrame ID="1948">Visit_host_stay</relatedFrame>
    </frameRelation>
    <frameRelation type="Is Preceded by"/>
    <frameRelation type="Is Inchoative of"/>
    <frameRelation type="Is Causative of"/>
    <frameRelation type="See also"/>
</frame>