<?xml version="1.0" encoding="UTF-8" standalone="yes"?>
<?xml-stylesheet type="text/xsl" href="frame.xsl"?>
<frame cBy="ChW" cDate="02/07/2001 04:12:05 PST Wed" name="Volubility" ID="44" xsi:schemaLocation="../schema/frame.xsd" xmlns="http://framenet.icsi.berkeley.edu" xmlns:xsi="http://www.w3.org/2001/XMLSchema-instance">
    <definition>&lt;def-root&gt;These words describe the size of message that a &lt;fen&gt;Speaker&lt;/fen&gt; is judged by a (usually unexpressed) &lt;fen&gt;Judge&lt;/fen&gt; to give, either in a specific occasion or &lt;fen&gt;Topic&lt;/fen&gt; or in general. As in other communication frames, &lt;fen&gt;Medium&lt;/fen&gt; may also be expressed.
&lt;ex&gt;&lt;/ex&gt;
&lt;ex&gt;Graham is very shy with most people, but &lt;fex name="Speaker"&gt;he&lt;/fex&gt; &lt;m&gt;gets&lt;/m&gt; &lt;fex name="Degree"&gt;very&lt;/fex&gt; &lt;t&gt;chatty&lt;/t&gt; &lt;fex name="Company"&gt;with Mr. Roberts&lt;/fex&gt;.&lt;/ex&gt;

&lt;ex&gt;&lt;fex name="Speaker"&gt;Evelyn&lt;/fex&gt; &lt;m&gt;was&lt;/m&gt; &lt;fex name="Degree"&gt;very&lt;/fex&gt; &lt;t&gt;voluble&lt;/t&gt; &lt;fex name="Topic"&gt;on the rights of women&lt;/fex&gt;.&lt;/ex&gt;&lt;/def-root&gt;</definition>
    <FE bgColor="FF0000" fgColor="FFFFFF" coreType="Core" cBy="ChW" cDate="02/07/2001 04:12:05 PST Wed" abbrev="Spkr" name="Speaker" ID="187">
        <definition>&lt;def-root&gt;This is the person who is characterized as talkative, reticent etc.  It is usually the External Argument: 
&lt;ex&gt;&lt;fex name="Spkr"&gt;Pat&lt;/fex&gt; has been &lt;t&gt;silent&lt;/t&gt; on this issue.&lt;/ex&gt; &lt;/def-root&gt;</definition>
        <semType name="Sentient" ID="5"/>
    </FE>
    <FE bgColor="008000" fgColor="FFFFFF" coreType="Peripheral" cBy="ChW" cDate="02/07/2001 04:12:05 PST Wed" abbrev="Comp" name="Company" ID="188">
        <definition>&lt;def-root&gt;The &lt;fen&gt;Company&lt;/fen&gt; in which the &lt;fen&gt;Speaker&lt;/fen&gt; exhibits a certain communicative behavior.  In this frame, &lt;fen&gt;Company&lt;/fen&gt; occurs in PP Complements headed by &lt;ment&gt;with&lt;/ment&gt;: 
&lt;ex&gt;Kim was &lt;t&gt;reticent&lt;/t&gt; &lt;fex name="Company"&gt;with me&lt;/fex&gt; about her family.&lt;/ex&gt;&lt;/def-root&gt;</definition>
    </FE>
    <FE bgColor="0000FF" fgColor="FFFFFF" coreType="Core" cBy="ChW" cDate="02/07/2001 04:12:05 PST Wed" abbrev="Text" name="Text" ID="189">
        <definition>&lt;def-root&gt;&lt;fen&gt;Text&lt;/fen&gt; is rarely expressed because the quantity of information given is the focus of the frame, rather than the information content. Texts can occur as NP objects, but cannot be either direct quotes or complement clauses.

&lt;ex&gt;Kim gave a hesitant, &lt;t&gt;reticent&lt;/t&gt; &lt;fex name="Text"&gt;account&lt;/fex&gt;.&lt;/ex&gt;&lt;/def-root&gt;</definition>
    </FE>
    <FE bgColor="9400D3" fgColor="FFFFFF" coreType="Core" cBy="ChW" cDate="02/07/2001 04:12:05 PST Wed" abbrev="Top" name="Topic" ID="190">
        <definition>&lt;def-root&gt;This FE is the &lt;fen&gt;Topic&lt;/fen&gt; on which much or little information is communicated. &lt;fen&gt;Topic&lt;/fen&gt; is far more frequent than Message in this frame. 
&lt;ex&gt;Kim is very &lt;t&gt;talkative&lt;/t&gt; &lt;fex name="Top"&gt;about her family and childhood&lt;/fex&gt;.&lt;/ex&gt; &lt;/def-root&gt;</definition>
    </FE>
    <FE bgColor="A52A2A" fgColor="FFFFFF" coreType="Peripheral" cBy="ChW" cDate="02/07/2001 04:12:06 PST Wed" abbrev="Medium" name="Medium" ID="191">
        <definition>&lt;def-root&gt;&lt;fen&gt;Medium&lt;/fen&gt; is the physical entity or channel used to communicate,  as in other Communication frames.  It is usually a PP Complement headed by &lt;ment&gt;in&lt;/ment&gt; or &lt;ment&gt;on&lt;/ment&gt;.

&lt;ex&gt;Kim is &lt;t&gt;talkative&lt;/t&gt; &lt;fex name="Medium"&gt;on the phone&lt;/fex&gt;.&lt;/ex&gt;&lt;/def-root&gt;</definition>
    </FE>
    <FE bgColor="FF69B4" fgColor="FFFFFF" coreType="Peripheral" cBy="BoC" cDate="07/02/2001 09:41:35 PDT Mon" abbrev="Degr" name="Degree" ID="1245">
        <definition>&lt;def-root&gt;Degree to which the &lt;fen&gt;Speaker&lt;/fen&gt; withholds or does not withhold information and conversation.&lt;/def-root&gt;</definition>
        <semType name="Degree" ID="172"/>
    </FE>
    <FE bgColor="FF00FF" fgColor="FFFFFF" coreType="Peripheral" cBy="BoC" cDate="07/02/2001 09:41:35 PDT Mon" abbrev="Manr" name="Manner" ID="1246">
        <definition>&lt;def-root&gt;Manner in which the speaker is reticent or voluble.&lt;/def-root&gt;</definition>
        <semType name="Manner" ID="173"/>
    </FE>
    <FE bgColor="00BFFF" fgColor="FFFFFF" coreType="Peripheral" cBy="JKR" cDate="05/06/2004 02:32:47 PDT Thu" abbrev="jud" name="Judge" ID="6396">
        <definition>&lt;def-root&gt;The individual whose point of view is taken in assigning the judgment denoted by the target.&lt;/def-root&gt;</definition>
        <semType name="Sentient" ID="5"/>
    </FE>
    <FEcoreSet>
        <memberFE name="Speaker" ID="187"/>
        <memberFE name="Text" ID="189"/>
    </FEcoreSet>
    <frameRelation type="Inherits from">
        <relatedFrame ID="377">Inclination</relatedFrame>
    </frameRelation>
    <frameRelation type="Is Inherited by"/>
    <frameRelation type="Perspective on"/>
    <frameRelation type="Is Perspectivized in"/>
    <frameRelation type="Uses">
        <relatedFrame ID="6">Communication</relatedFrame>
        <relatedFrame ID="369">Social_behavior_evaluation</relatedFrame>
    </frameRelation>
    <frameRelation type="Is Used by"/>
    <frameRelation type="Subframe of"/>
    <frameRelation type="Has Subframe(s)"/>
    <frameRelation type="Precedes"/>
    <frameRelation type="Is Preceded by"/>
    <frameRelation type="Is Inchoative of"/>
    <frameRelation type="Is Causative of"/>
    <frameRelation type="See also"/>
    <lexUnit status="FN1_Sent" POS="A" name="effusive.a" ID="759" lemmaID="12304" cBy="ChW" cDate="02/08/2001 01:28:40 PST Thu">
        <definition>COD: expressing gratitude, pleasure, or approval in an unrestrained manner</definition>
        <sentenceCount annotated="14" total="35"/>
        <lexeme order="1" headword="false" breakBefore="false" POS="A" name="effusive"/>
    </lexUnit>
    <lexUnit status="Finished_Initial" POS="A" name="glib.a" ID="760" lemmaID="16331" cBy="ChW" cDate="02/08/2001 01:28:40 PST Thu">
        <definition>COD: articulate and voluble but insincere and shallow</definition>
        <sentenceCount annotated="6" total="40"/>
        <lexeme order="1" headword="false" breakBefore="false" POS="A" name="glib"/>
    </lexUnit>
    <lexUnit status="FN1_Sent" POS="A" name="laconic.a" ID="761" lemmaID="21552" cBy="ChW" cDate="02/08/2001 01:28:40 PST Thu">
        <definition>COD: using very few words; terse</definition>
        <sentenceCount annotated="16" total="39"/>
        <lexeme order="1" headword="false" breakBefore="false" POS="A" name="laconic"/>
    </lexUnit>
    <lexUnit status="FN1_Sent" POS="A" name="loquacious.a" ID="762" lemmaID="22777" cBy="ChW" cDate="02/08/2001 01:28:40 PST Thu">
        <definition>FN: characeterized by or showing a tendency to talk a great deal</definition>
        <sentenceCount annotated="6" total="24"/>
        <lexeme order="1" headword="false" breakBefore="false" POS="A" name="loquacious"/>
    </lexUnit>
    <lexUnit status="Finished_Initial" POS="A" name="reticent.a" ID="763" lemmaID="32995" cBy="ChW" cDate="02/08/2001 01:28:40 PST Thu">
        <definition>COD: not revealing one's thoughts or feelings readily</definition>
        <sentenceCount annotated="15" total="97"/>
        <lexeme order="1" headword="false" breakBefore="false" POS="A" name="reticent"/>
    </lexUnit>
    <lexUnit status="FN1_Sent" POS="A" name="silent.a" ID="764" lemmaID="35901" cBy="ChW" cDate="02/08/2001 01:28:40 PST Thu">
        <definition>COD: not prone to speak much</definition>
        <sentenceCount annotated="20" total="148"/>
        <lexeme order="1" headword="false" breakBefore="false" POS="A" name="silent"/>
    </lexUnit>
    <lexUnit status="FN1_Sent" POS="A" name="talkative.a" ID="765" lemmaID="39434" cBy="ChW" cDate="02/08/2001 01:28:40 PST Thu">
        <definition>COD: fond of or given to talking</definition>
        <sentenceCount annotated="15" total="67"/>
        <lexeme order="1" headword="false" breakBefore="false" POS="A" name="talkative"/>
    </lexUnit>
    <lexUnit status="Finished_Initial" POS="A" name="chatty.a" ID="5220" lemmaID="6151" cBy="KCo" cDate="03/14/2002 12:54:13 PST Thu">
        <definition>COD: fond of chatting</definition>
        <sentenceCount annotated="7" total="62"/>
        <lexeme order="1" headword="false" breakBefore="false" POS="A" name="chatty"/>
    </lexUnit>
    <lexUnit status="Finished_Initial" POS="N" name="big mouth.n" ID="5221" lemmaID="45529" cBy="KCo" cDate="03/14/2002 01:07:22 PST Thu">
        <definition>COD: an indiscreet or boastful person. </definition>
        <sentenceCount annotated="4" total="45"/>
        <lexeme order="1" headword="false" breakBefore="false" POS="A" name="big"/>
        <lexeme order="2" headword="true" breakBefore="false" POS="N" name="mouth"/>
    </lexUnit>
    <lexUnit status="Finished_Initial" POS="A" name="brusque.a" ID="5222" lemmaID="4756" cBy="KCo" cDate="03/14/2002 01:09:36 PST Thu">
        <definition>COD: abrupt or offhand. </definition>
        <sentenceCount annotated="6" total="74"/>
        <lexeme order="1" headword="false" breakBefore="false" POS="A" name="brusque"/>
    </lexUnit>
    <lexUnit status="Finished_Initial" POS="A" name="curt.a" ID="5223" lemmaID="9318" cBy="KCo" cDate="03/14/2002 01:11:04 PST Thu">
        <definition>COD: rudely brief. </definition>
        <sentenceCount annotated="10" total="126"/>
        <lexeme order="1" headword="false" breakBefore="false" POS="A" name="curt"/>
    </lexUnit>
    <lexUnit status="Finished_Initial" POS="A" name="expansive.a" ID="5224" lemmaID="13504" cBy="KCo" cDate="03/14/2002 01:14:18 PST Thu">
        <definition>COD: relaxed, genial, and communicative. </definition>
        <sentenceCount annotated="7" total="74"/>
        <lexeme order="1" headword="false" breakBefore="false" POS="A" name="expansive"/>
    </lexUnit>
    <lexUnit status="Finished_Initial" POS="A" name="garrulous.a" ID="5225" lemmaID="15941" cBy="KCo" cDate="03/14/2002 01:17:30 PST Thu">
        <definition>COD: excessively talkative, especially on trivial matters. </definition>
        <sentenceCount annotated="7" total="33"/>
        <lexeme order="1" headword="false" breakBefore="false" POS="A" name="garrulous"/>
    </lexUnit>
    <lexUnit status="Finished_Initial" POS="A" name="gushing.a" ID="5226" lemmaID="17104" cBy="KCo" cDate="03/14/2002 01:21:43 PST Thu">
        <definition>COD: speak or write effusively</definition>
        <sentenceCount annotated="4" total="25"/>
        <lexeme order="1" headword="false" breakBefore="false" POS="A" name="gushing"/>
    </lexUnit>
    <lexUnit status="Finished_Initial" POS="A" name="gushy.a" ID="5227" lemmaID="17106" cBy="KCo" cDate="03/14/2002 01:26:35 PST Thu">
        <definition>COD: -ier, -iest excessively effusive. </definition>
        <sentenceCount annotated="5" total="16"/>
        <lexeme order="1" headword="false" breakBefore="false" POS="A" name="gushy"/>
    </lexUnit>
    <lexUnit status="Finished_Initial" POS="A" name="mum.a" ID="5228" lemmaID="25211" cBy="KCo" cDate="03/14/2002 01:29:46 PST Thu">
        <definition>COD: 2: 1.in phr. keep mum informal remain silent so as not to reveal a secret.</definition>
        <sentenceCount annotated="12" total="77"/>
        <lexeme order="1" headword="false" breakBefore="false" POS="A" name="mum"/>
    </lexUnit>
    <lexUnit status="Finished_Initial" POS="A" name="voluble.a" ID="5229" lemmaID="43225" cBy="KCo" cDate="03/14/2002 01:40:57 PST Thu">
        <definition>COD: speaking or spoken incessantly and fluently. </definition>
        <sentenceCount annotated="6" total="30"/>
        <lexeme order="1" headword="false" breakBefore="false" POS="A" name="voluble"/>
    </lexUnit>
    <lexUnit status="Finished_Initial" POS="A" name="terse.a" ID="5230" lemmaID="39941" cBy="KCo" cDate="03/14/2002 01:51:31 PST Thu">
        <definition>COD: .terser, tersest sparing in the use of words; abrupt. </definition>
        <sentenceCount annotated="12" total="95"/>
        <lexeme order="1" headword="false" breakBefore="false" POS="A" name="terse"/>
    </lexUnit>
    <lexUnit status="Finished_Initial" POS="A" name="uncommunicative.a" ID="5231" lemmaID="45531" cBy="KCo" cDate="03/14/2002 01:55:09 PST Thu">
        <definition>COD: unwilling to talk or impart information. </definition>
        <sentenceCount annotated="4" total="20"/>
        <lexeme order="1" headword="false" breakBefore="false" POS="A" name="uncommunicative"/>
    </lexUnit>
    <lexUnit status="Finished_Initial" POS="N" name="loquacity.n" ID="5232" lemmaID="22780" cBy="KCo" cDate="03/14/2002 02:00:43 PST Thu">
        <definition>FN: talkativeness</definition>
        <sentenceCount annotated="6" total="11"/>
        <lexeme order="1" headword="false" breakBefore="false" POS="N" name="loquacity"/>
    </lexUnit>
    <lexUnit status="Insufficient_Attestations" POS="N" name="loudmouth.n" ID="5233" lemmaID="22810" cBy="KCo" cDate="03/14/2002 02:02:44 PST Thu">
        <definition>COD: informal a person who talks too much, especially tactlessly. </definition>
        <sentenceCount annotated="4" total="7"/>
        <lexeme order="1" headword="false" breakBefore="false" POS="N" name="loudmouth"/>
    </lexUnit>
    <lexUnit status="Finished_Initial" POS="N" name="chatterbox.n" ID="5234" lemmaID="6149" cBy="KCo" cDate="03/14/2002 02:05:50 PST Thu">
        <definition>COD: informal a person who chatters. </definition>
        <sentenceCount annotated="5" total="33"/>
        <lexeme order="1" headword="false" breakBefore="false" POS="N" name="chatterbox"/>
    </lexUnit>
    <lexUnit status="Finished_Initial" POS="N" name="reticence.n" ID="5235" lemmaID="32994" cBy="KCo" cDate="03/14/2002 02:09:42 PST Thu">
        <definition>COD: the act of not revealing one's thoughts or feelings readily</definition>
        <sentenceCount annotated="7" total="78"/>
        <lexeme order="1" headword="false" breakBefore="false" POS="N" name="reticence"/>
    </lexUnit>
    <lexUnit status="Finished_Initial" POS="A" name="reserved.a" ID="5236" lemmaID="32825" cBy="KCo" cDate="03/14/2002 02:24:25 PST Thu">
        <definition>COD: slow to reveal emotion or opinions. </definition>
        <sentenceCount annotated="13" total="87"/>
        <lexeme order="1" headword="false" breakBefore="false" POS="A" name="reserved"/>
    </lexUnit>
    <lexUnit status="Finished_Initial" POS="A" name="taciturn.a" ID="6935" lemmaID="39360" cBy="ACW" cDate="08/01/2002 10:03:26 PDT Thu">
        <definition>COD: reserved or uncommunicative in speech; saying little. </definition>
        <sentenceCount annotated="9" total="52"/>
        <lexeme order="1" headword="false" breakBefore="false" POS="A" name="taciturn"/>
    </lexUnit>
    <lexUnit status="Created" POS="A" name="mute.a" ID="10842" lemmaID="25310" cBy="MJE" cDate="08/10/2004 03:18:53 PDT Tue">
        <definition>COD:  refraining from speech or temporarily speechless.</definition>
        <sentenceCount annotated="1" total="1"/>
        <lexeme order="1" headword="false" breakBefore="false" POS="A" name="mute"/>
    </lexUnit>
    <lexUnit status="Finished_Initial" POS="A" name="quiet.a" ID="15391" lemmaID="31527" cBy="JKs" cDate="07/02/2009 01:20:14 PDT Thu">
        <definition>FN: prone to stay silent; not talkative.</definition>
        <sentenceCount annotated="47" total="411"/>
        <lexeme order="1" headword="false" breakBefore="false" POS="A" name="quiet"/>
    </lexUnit>
</frame>