<?xml version="1.0" encoding="UTF-8" standalone="yes"?>
<?xml-stylesheet type="text/xsl" href="frame.xsl"?>
<frame cBy="MJE" cDate="03/26/2002 04:59:08 PST Tue" name="Waking_up" ID="295" xsi:schemaLocation="../schema/frame.xsd" xmlns="http://framenet.icsi.berkeley.edu" xmlns:xsi="http://www.w3.org/2001/XMLSchema-instance">
    <definition>&lt;def-root&gt;A &lt;fen&gt;Sleeper&lt;/fen&gt; transitions from a state of consciousness where they are largely unaware of their environment to a wakeful state.

&lt;ex&gt;&lt;fex name="Sleeper"&gt;William&lt;/fex&gt; &lt;t&gt;awoke&lt;/t&gt; &lt;fex name="Sleep_state"&gt;from a dream&lt;/fex&gt;.&lt;/ex&gt;&lt;/def-root&gt;</definition>
    <FE bgColor="FFA500" fgColor="FFFFFF" coreType="Peripheral" cBy="MJE" cDate="03/26/2002 05:00:04 PST Tue" abbrev="Place" name="Place" ID="2527">
        <definition>&lt;def-root&gt;This FE identifies the &lt;fen&gt;Place&lt;/fen&gt; where the event occurs.&lt;/def-root&gt;</definition>
        <semType name="Locative_relation" ID="182"/>
    </FE>
    <FE bgColor="FF0000" fgColor="FFFFFF" coreType="Core" cBy="MJE" cDate="03/26/2002 05:00:04 PST Tue" abbrev="Slpr" name="Sleeper" ID="2528">
        <definition>&lt;def-root&gt;This FE identifies the sleeping entity.&lt;/def-root&gt;</definition>
    </FE>
    <FE bgColor="008000" fgColor="FFFFFF" coreType="Peripheral" cBy="MJE" cDate="03/26/2002 05:00:04 PST Tue" abbrev="Time" name="Time" ID="2529">
        <definition>&lt;def-root&gt;This FE identifies the &lt;fen&gt;Time&lt;/fen&gt; when the event occurs.&lt;/def-root&gt;</definition>
        <semType name="Time" ID="141"/>
    </FE>
    <FE bgColor="A52A2A" fgColor="FFFFFF" coreType="Core" cBy="ACW" cDate="08/01/2002 11:53:31 PDT Thu" abbrev="Sleep_state" name="Sleep_state" ID="3471">
        <definition>&lt;def-root&gt;This describes the state out of which the &lt;fen&gt;Sleeper&lt;/fen&gt; awakens.
&lt;ex&gt;He &lt;t&gt;awoke&lt;/t&gt; &lt;fex name="Sleep_state"&gt;out of a deep dream&lt;/fex&gt;.&lt;/ex&gt;&lt;/def-root&gt;</definition>
    </FE>
    <FE bgColor="FF00FF" fgColor="FFFFFF" coreType="Peripheral" cBy="ACW" cDate="08/01/2002 11:54:16 PDT Thu" abbrev="Man" name="Manner" ID="3472">
        <definition>&lt;def-root&gt;The &lt;fen&gt;Manner&lt;/fen&gt; in which the &lt;fen&gt;Sleeper&lt;/fen&gt; awakens.&lt;/def-root&gt;</definition>
        <semType name="Manner" ID="173"/>
    </FE>
    <FE bgColor="9400D3" fgColor="FFFFFF" coreType="Extra-Thematic" cBy="ACW" cDate="08/01/2002 11:54:52 PDT Thu" abbrev="Dep" name="Depictive" ID="3473">
        <definition>&lt;def-root&gt;The state of the &lt;fen&gt;Sleeper&lt;/fen&gt; upon waking up.
&lt;ex&gt;Well, sometimes she just &lt;t&gt;wakes&lt;/t&gt; &lt;t&gt;up&lt;/t&gt; &lt;fex name="Dep"&gt;angry&lt;/fex&gt;.&lt;/ex&gt;&lt;/def-root&gt;</definition>
    </FE>
    <FE bgColor="0000FF" fgColor="FFFFFF" coreType="Extra-Thematic" cBy="ACW" cDate="08/01/2002 11:56:18 PDT Thu" abbrev="New" name="New_situation" ID="3474">
        <definition>&lt;def-root&gt;The &lt;fen&gt;New_situation&lt;/fen&gt; is the situation the &lt;fen&gt;Sleeper&lt;/fen&gt; finds him or herself in upon awaking. 
&lt;ex&gt;I &lt;t&gt;awoke&lt;/t&gt; &lt;fex name="New_situation"&gt;to the sound of the coffeegrinder&lt;/fex&gt;.&lt;/ex&gt;&lt;/def-root&gt;</definition>
    </FE>
    <FE bgColor="7CCD73" fgColor="FFFFFF" coreType="Extra-Thematic" cBy="KmG" cDate="08/09/2006 11:11:40 PDT Wed" abbrev="" name="Circumstances" ID="10457">
        <definition>&lt;def-root&gt;Circumstances describe the state of the world (at a particular time and place) which is specifically independent of the event itself and any of its participants. &lt;/def-root&gt;</definition>
    </FE>
    <FE bgColor="9F79EE" fgColor="FFFFFF" coreType="Extra-Thematic" cBy="KmG" cDate="08/09/2006 11:13:06 PDT Wed" abbrev="" name="Particular_iteration" ID="10458">
        <definition>&lt;def-root&gt;This FE indicates an instance of the Waking_up event within an iterated series of similar events or states. &lt;/def-root&gt;</definition>
    </FE>
    <FE bgColor="00008B" fgColor="FFFFFF" coreType="Extra-Thematic" cBy="KmG" cDate="08/09/2006 11:13:38 PDT Wed" abbrev="" name="Explanation" ID="10459">
        <definition>&lt;def-root&gt;The reason for which the &lt;fen&gt;Sleeper&lt;/fen&gt; awakes from the &lt;fen&gt;Sleep_state&lt;/fen&gt;. &lt;/def-root&gt;</definition>
    </FE>
    <FE bgColor="7FFF00" fgColor="00008B" coreType="Extra-Thematic" cBy="KmG" cDate="09/28/2007 01:45:06 PDT Fri" abbrev="" name="Frequency" ID="11980">
        <definition>&lt;def-root&gt;This frame element is defined as the number of times an event occurs per some unit of time. &lt;/def-root&gt;</definition>
    </FE>
    <frameRelation type="Inherits from">
        <relatedFrame ID="187">Event</relatedFrame>
    </frameRelation>
    <frameRelation type="Is Inherited by"/>
    <frameRelation type="Perspective on"/>
    <frameRelation type="Is Perspectivized in"/>
    <frameRelation type="Uses"/>
    <frameRelation type="Is Used by"/>
    <frameRelation type="Subframe of">
        <relatedFrame ID="294">Sleep_wake_cycle</relatedFrame>
    </frameRelation>
    <frameRelation type="Has Subframe(s)"/>
    <frameRelation type="Precedes">
        <relatedFrame ID="1681">Being_awake</relatedFrame>
    </frameRelation>
    <frameRelation type="Is Preceded by">
        <relatedFrame ID="264">Sleep</relatedFrame>
    </frameRelation>
    <frameRelation type="Is Inchoative of"/>
    <frameRelation type="Is Causative of"/>
    <frameRelation type="See also"/>
    <lexUnit status="Finished_Initial" POS="V" name="come to.v" ID="5375" lemmaID="45583" cBy="MJE" cDate="04/02/2002 05:06:52 PST Tue">
        <definition>FN: wake up</definition>
        <sentenceCount annotated="7" total="150"/>
        <lexeme order="1" headword="true" breakBefore="false" POS="V" name="come"/>
        <lexeme order="2" headword="false" breakBefore="false" POS="ADV" name="to"/>
    </lexUnit>
    <lexUnit status="Finished_Initial" POS="V" name="awake.v" ID="6926" lemmaID="2506" cBy="ACW" cDate="07/31/2002 02:51:02 PDT Wed">
        <definition>COD: stop sleeping. </definition>
        <sentenceCount annotated="30" total="262"/>
        <lexeme order="1" headword="false" breakBefore="false" POS="V" name="awake"/>
    </lexUnit>
    <lexUnit status="Finished_Initial" POS="V" name="wake.v" ID="6927" lemmaID="43355" cBy="ACW" cDate="07/31/2002 04:57:34 PDT Wed">
        <definition>COD: emerge from a state of sleep</definition>
        <sentenceCount annotated="44" total="361"/>
        <lexeme order="1" headword="false" breakBefore="false" POS="V" name="wake"/>
    </lexUnit>
    <lexUnit status="Finished_Initial" POS="V" name="wake up.v" ID="6928" lemmaID="45568" cBy="ACW" cDate="07/31/2002 05:01:47 PDT Wed">
        <definition>COD: emerge from a state of sleep</definition>
        <sentenceCount annotated="24" total="307"/>
        <lexeme order="1" headword="true" breakBefore="false" POS="V" name="wake"/>
        <lexeme order="2" headword="false" breakBefore="true" POS="ADV" name="up"/>
    </lexUnit>
    <lexUnit status="Pre-Marked" POS="V" name="get up.v" ID="9130" lemmaID="45569" cBy="RLG" cDate="07/18/2003 02:44:55 PDT Fri">
        <definition>FN: to wake up</definition>
        <sentenceCount annotated="2" total="292"/>
        <lexeme order="1" headword="true" breakBefore="false" POS="V" name="get"/>
        <lexeme order="2" headword="false" breakBefore="true" POS="ADV" name="up"/>
    </lexUnit>
    <lexUnit status="Insufficient_Attestations" POS="V" name="revive.v" ID="12099" lemmaID="33121" cBy="RLG" cDate="05/19/2005 11:06:42 PDT Thu">
        <definition>FN: to return to consciousness</definition>
        <sentenceCount annotated="4" total="244"/>
        <lexeme order="1" headword="false" breakBefore="false" POS="V" name="revive"/>
    </lexUnit>
    <lexUnit status="Created" POS="V" name="come back around.v" ID="15503" lemmaID="51026" cBy="MJE" cDate="08/20/2009 01:38:09 PDT Thu">
        <definition>FN: return to consciousness with difficulty.</definition>
        <sentenceCount annotated="0" total="0"/>
        <lexeme order="1" headword="true" breakBefore="false" POS="V" name="come"/>
        <lexeme order="2" headword="false" breakBefore="true" POS="ADV" name="back"/>
        <lexeme order="3" headword="false" breakBefore="false" POS="ADV" name="around"/>
    </lexUnit>
</frame>