<?xml version="1.0" encoding="UTF-8" standalone="yes"?>
<?xml-stylesheet type="text/xsl" href="frame.xsl"?>
<frame cBy="ACW" cDate="01/15/2003 03:24:16 PST Wed" name="Want_suspect" ID="505" xsi:schemaLocation="../schema/frame.xsd" xmlns="http://framenet.icsi.berkeley.edu" xmlns:xsi="http://www.w3.org/2001/XMLSchema-instance">
    <definition>&lt;def-root&gt;A &lt;fen&gt;Suspect&lt;/fen&gt; has been investigated and has a warrant issued for his or her arrest on certain &lt;fen&gt;Charges&lt;/fen&gt;. &lt;ex&gt; &lt;fex name="Suspect"&gt;Bill&lt;/fex&gt; &lt;m&gt;is&lt;/m&gt; &lt;t&gt;wanted&lt;/t&gt; &lt;fex name="Charges"&gt;on murder charges&lt;/fex&gt;. &lt;/ex&gt;&lt;/def-root&gt;</definition>
    <FE bgColor="FF0000" fgColor="FFFFFF" coreType="Core" cBy="ACW" cDate="01/15/2003 03:45:09 PST Wed" abbrev="Sus" name="Suspect" ID="4057">
        <definition>&lt;def-root&gt;The &lt;fen&gt;Suspect&lt;/fen&gt; is suspected of having committed a crime by the authorities who want the &lt;fen&gt;Suspect&lt;/fen&gt; to enter the criminal process.&lt;/def-root&gt;</definition>
    </FE>
    <FE bgColor="800080" fgColor="FFFFFF" coreType="Extra-Thematic" cBy="ACW" cDate="01/15/2003 03:47:05 PST Wed" abbrev="Char" name="Charges" ID="4058">
        <definition>&lt;def-root&gt;The &lt;fen&gt;Charges&lt;/fen&gt; are the offenses the &lt;fen&gt;Suspect&lt;/fen&gt; will be accused of committing.&lt;/def-root&gt;</definition>
    </FE>
    <FE bgColor="FF00FF" fgColor="FFFFFF" coreType="Extra-Thematic" cBy="AlK" cDate="10/09/2008 04:11:28 PDT Thu" abbrev="" name="Degree" ID="13080">
        <definition>&lt;def-root&gt;This frame element selects some gradable attribute and modifies the expected value for it.&lt;/def-root&gt;</definition>
    </FE>
    <frameRelation type="Inherits from"/>
    <frameRelation type="Is Inherited by"/>
    <frameRelation type="Perspective on"/>
    <frameRelation type="Is Perspectivized in"/>
    <frameRelation type="Uses">
        <relatedFrame ID="67">Give_impression</relatedFrame>
    </frameRelation>
    <frameRelation type="Is Used by">
        <relatedFrame ID="502">Surrendering</relatedFrame>
    </frameRelation>
    <frameRelation type="Subframe of"/>
    <frameRelation type="Has Subframe(s)"/>
    <frameRelation type="Precedes"/>
    <frameRelation type="Is Preceded by"/>
    <frameRelation type="Is Inchoative of"/>
    <frameRelation type="Is Causative of"/>
    <frameRelation type="See also"/>
    <lexUnit status="Needs_SCs" POS="A" name="wanted.a" ID="8661" lemmaID="47761" cBy="RLG" cDate="04/30/2003 09:32:41 PDT Wed">
        <definition>FN: hunted or seeked by the police for a crime.</definition>
        <sentenceCount annotated="10" total="94"/>
        <lexeme order="1" headword="true" breakBefore="false" POS="A" name="wanted"/>
    </lexUnit>
</frame>