<?xml version="1.0" encoding="UTF-8" standalone="yes"?>
<?xml-stylesheet type="text/xsl" href="frame.xsl"?>
<frame cBy="JKR" cDate="07/19/2005 09:03:49 PDT Tue" name="Waver_between_options" ID="1578" xsi:schemaLocation="../schema/frame.xsd" xmlns="http://framenet.icsi.berkeley.edu" xmlns:xsi="http://www.w3.org/2001/XMLSchema-instance">
    <definition>&lt;def-root&gt;A &lt;fen&gt;Cognizer&lt;/fen&gt; faces a choice on some &lt;fen&gt;Issue&lt;/fen&gt;. They have several &lt;fen&gt;Options&lt;/fen&gt;  available but keep changing their mind between &lt;fen&gt;Option_1&lt;/fen&gt; and &lt;fen&gt;Option_2&lt;/fen&gt;. The &lt;fen&gt;Cognizer&lt;/fen&gt; may in fact act on their choice at some point but they need not; the &lt;fen&gt;Options&lt;/fen&gt; can simply be considered for some time with one being favored for a while and then the other.

&lt;ex&gt;&lt;fex name="Cognizer"&gt;Dave Hayes&lt;/fex&gt; &lt;t&gt;wavered&lt;/t&gt; &lt;fex name="Issue"&gt;about moving to California&lt;/fex&gt; &lt;fex name="Explanation"&gt;because so many of his friends are in Baltimore&lt;/fex&gt;.&lt;/ex&gt;

&lt;ex&gt;&lt;fex name="Cognizer"&gt;He&lt;/fex&gt; had &lt;t&gt;wavered&lt;/t&gt; &lt;fex name="Options"&gt;between half a dozen places&lt;/fex&gt;; it was pure chance that he had chosen Marvis Bay.&lt;/ex&gt;

&lt;ex&gt;In any event, &lt;fex name="Cognizer"&gt;I&lt;/fex&gt; &lt;fex name="Time"&gt;still&lt;/fex&gt; &lt;t&gt;go back and forth&lt;/t&gt; &lt;fex name="Issue"&gt;on what I want to do&lt;/fex&gt;. &lt;/ex&gt;

&lt;ex&gt;&lt;fex name="Cognizer"&gt;He&lt;/fex&gt; was firm in his beliefs, &lt;fex name="Time"&gt;never&lt;/fex&gt; &lt;t&gt;waffled&lt;/t&gt; &lt;fex name="Option_1"&gt;from one platform&lt;/fex&gt; &lt;fex name="Option_2"&gt;to another&lt;/fex&gt; and was always harshly clear in his stance.&lt;/ex&gt;

&lt;ex&gt;&lt;fex name="Cognizer"&gt;Upper management&lt;/fex&gt; &lt;t&gt;waffled&lt;/t&gt; &lt;fex name="Issue"&gt;whether Fletcher fit their salary structure&lt;/fex&gt;.&lt;/ex&gt;&lt;/def-root&gt;</definition>
    <FE bgColor="FF0000" fgColor="FFFFFF" coreType="Core" cBy="JKR" cDate="07/19/2005 09:03:50 PDT Tue" abbrev="Cog" name="Cognizer" ID="8652">
        <definition>&lt;def-root&gt;The &lt;fen&gt;Cognizer&lt;/fen&gt; is the person who repeatedly changes their mind about which of the &lt;fen&gt;Options&lt;/fen&gt; to choose.

&lt;ex&gt;&lt;fex name="Cog"&gt;I&lt;/fex&gt; &lt;t&gt;went back and forth&lt;/t&gt; over whether to post it or not, but the fact is that this blog is as much for you as it is for me.&lt;/ex&gt;&lt;/def-root&gt;</definition>
        <semType name="Sentient" ID="5"/>
    </FE>
    <FE bgColor="006400" fgColor="FFFFFF" coreType="Extra-Thematic" cBy="JKR" cDate="07/19/2005 09:03:50 PDT Tue" abbrev="exp" name="Explanation" ID="8654">
        <definition>&lt;def-root&gt;The &lt;fen&gt;Explanation&lt;/fen&gt; denotes a proposition from which it logically follows that the &lt;fen&gt;Cognizer&lt;/fen&gt; keeps changing their mind about the &lt;fen&gt;Issue&lt;/fen&gt;.

&lt;ex&gt;The arbitrator &lt;t&gt;wavered&lt;/t&gt; on the issue  &lt;fex name="exp"&gt;because of the consequences of such a decision on the worker's employment status&lt;/fex&gt;.&lt;/ex&gt;&lt;/def-root&gt;</definition>
        <semType name="State_of_affairs" ID="177"/>
    </FE>
    <FE bgColor="00BFFF" fgColor="FFFFFF" coreType="Core" cBy="JKR" cDate="07/19/2005 09:03:50 PDT Tue" abbrev="ops" name="Options" ID="8655">
        <definition>&lt;def-root&gt;The &lt;fen&gt;Options&lt;/fen&gt; are the alternative courses of action or the alternative physical or concrete entities that the &lt;fen&gt;Cognizer&lt;/fen&gt; can choose from.

&lt;ex&gt;In the late 1890s Carnegie &lt;t&gt;vacillated&lt;/t&gt; &lt;fex name="Options"&gt;between wanting to dominate the steel industry and wanting to sell out&lt;/fex&gt;. &lt;/ex&gt;
&lt;/def-root&gt;</definition>
    </FE>
    <FE bgColor="008000" fgColor="FFFFFF" coreType="Peripheral" cBy="JKR" cDate="07/19/2005 09:03:50 PDT Tue" abbrev="Place" name="Place" ID="8657">
        <definition>&lt;def-root&gt;This FE identifies the &lt;fen&gt;Place&lt;/fen&gt; where the &lt;fen&gt;Cognizer&lt;/fen&gt; keeps changing their mind between the &lt;fen&gt;Options&lt;/fen&gt; that present themselves.   &lt;ex&gt;Do they know better than us that our &lt;t&gt;dithering&lt;/t&gt; &lt;fex name="Place"&gt;at the UN&lt;/fex&gt; gave Saddam time to hide, destroy, and shuffle his weapons programs?&lt;/ex&gt;&lt;/def-root &gt;</definition>
        <semType name="Locative_relation" ID="182"/>
    </FE>
    <FE bgColor="FFA500" fgColor="FFFFFF" coreType="Peripheral" cBy="JKR" cDate="07/19/2005 09:03:50 PDT Tue" abbrev="Time" name="Time" ID="8659">
        <definition>&lt;def-root&gt;This FE denotes the &lt;fen&gt;Time&lt;/fen&gt; interval during which the &lt;fen&gt;Cognizer&lt;/fen&gt; keeps changing their mind about which of the &lt;fen&gt;Options&lt;/fen&gt; to select.

&lt;ex&gt;Here, however, the Romeros had provided some assurance to Ryan's mother of care,
although the court &lt;fex name="Time"&gt;later&lt;/fex&gt; &lt;t&gt;waffled&lt;/t&gt; upon how much supervision was guaranteed&lt;/ex&gt;&lt;/def-root&gt;</definition>
        <semType name="Time" ID="141"/>
    </FE>
    <FE bgColor="FF00FF" fgColor="FFFFFF" coreType="Peripheral" cBy="JKR" cDate="07/19/2005 09:03:50 PDT Tue" abbrev="Mnr" name="Manner" ID="8660">
        <definition>&lt;def-root&gt;Any description of the selecting event which is not covered by more specific FEs, including general descriptions comparing events (the same way) and salient characteristics of the &lt;fen&gt;Cognizer&lt;/fen&gt; that also affect the action.

&lt;ex&gt;American allies like Italy and Greece &lt;fex name="Manner"&gt;nervously&lt;/fex&gt; &lt;t&gt;vacillated&lt;/t&gt; on their support for the bombing&lt;/ex&gt;&lt;/def-root&gt;</definition>
        <semType name="Manner" ID="173"/>
    </FE>
    <FE bgColor="808080" fgColor="FFFFFF" coreType="Core" cBy="JKR" cDate="07/19/2005 09:03:50 PDT Tue" abbrev="iss" name="Issue" ID="8661">
        <definition>&lt;def-root&gt;The &lt;fen&gt;Issue&lt;/fen&gt; is a question about a course of action or a choice between items.

&lt;ex&gt;Editors &lt;t&gt;go back and forth&lt;/t&gt; on a daily basis &lt;fex name="Issue"&gt;about what gets in the paper&lt;/fex&gt;.&lt;/ex&gt;&lt;/def-root&gt;</definition>
    </FE>
    <FE bgColor="A52A2A" fgColor="FFFFFF" coreType="Core" cBy="JKR" cDate="07/19/2005 09:14:35 PDT Tue" abbrev="op1" name="Option_1" ID="8663">
        <definition>&lt;def-root&gt;When there is an explicitly separate construal of the &lt;fen&gt;Options&lt;/fen&gt;, &lt;fen&gt;Option_1&lt;/fen&gt; is the first-mentioned alternative, typically in the form of a from-PP. When it is clear that  the &lt;fen&gt;Cognizer&lt;/fen&gt; actually acted on their choice, &lt;fen&gt;Option_1&lt;/fen&gt; is the alternative they embraced first before pursuing &lt;fen&gt;Option_2&lt;/fen&gt;.

&lt;ex&gt;You've &lt;t&gt;waffled&lt;/t&gt; &lt;fex name="op1"&gt;from one explanation&lt;/fex&gt; to another.&lt;/ex&gt;&lt;/def-root&gt;</definition>
        <requiresFE name="Option_2" ID="8664"/>
        <excludesFE name="Options" ID="8655"/>
    </FE>
    <FE bgColor="00008B" fgColor="FFFFFF" coreType="Core" cBy="JKR" cDate="07/19/2005 09:15:01 PDT Tue" abbrev="op2" name="Option_2" ID="8664">
        <definition>&lt;def-root&gt;When there is an explicitly separate construal of the &lt;fen&gt;Options&lt;/fen&gt;, &lt;fen&gt;Option_2&lt;/fen&gt; is the second-mentioned alternative, typically in the form of a to-PP. When it is clear that  the &lt;fen&gt;Cognizer&lt;/fen&gt; actually acted on their choice, &lt;fen&gt;Option_2&lt;/fen&gt; is the alternative they embraced after abandoning &lt;fen&gt;Option_1&lt;/fen&gt;.

&lt;ex&gt;The heroine &lt;t&gt;waffled&lt;/t&gt; from one plan &lt;fex name="op2"&gt;to another&lt;/fex&gt; and all of them were way out in "left field".&lt;/ex&gt;&lt;/def-root&gt;</definition>
        <requiresFE name="Option_1" ID="8663"/>
        <excludesFE name="Options" ID="8655"/>
    </FE>
    <FE bgColor="d0d0d0" fgColor="FFFFFF" coreType="Peripheral" cBy="JKR" cDate="07/19/2005 10:36:05 PDT Tue" abbrev="dur" name="Duration" ID="8665">
        <definition>&lt;def-root&gt;In the cases where the &lt;fen&gt;Cognizer&lt;/fen&gt; does not act on their choice, the &lt;fen&gt;Duration&lt;/fen&gt; denotes the length of time from the beginning of the &lt;fen&gt;Cognizer&lt;/fen&gt;'s deliberations to the end. In situations where the &lt;fen&gt;Cognizer&lt;/fen&gt; does act on the &lt;fen&gt;Options&lt;/fen&gt;, the &lt;fen&gt;Duration&lt;/fen&gt; denotes the length of the interval during which the &lt;fen&gt;Cognizer&lt;/fen&gt; repeatly changes from one option to the other.

&lt;ex&gt;Jack &lt;t&gt;wavered&lt;/t&gt; &lt;fex name="dur"&gt;for about six months&lt;/fex&gt;.&lt;/ex&gt;&lt;/def-root&gt;</definition>
        <semType name="Duration" ID="142"/>
    </FE>
    <FE bgColor="EEE8AA" fgColor="000000" coreType="Extra-Thematic" cBy="KmG" cDate="06/09/2006 03:08:55 PDT Fri" abbrev="" name="Frequency" ID="10270">
        <definition>&lt;def-root&gt;This FE describes the number of times within a given period that the Cognizer wavers. &lt;/def-root&gt;</definition>
    </FE>
    <FE bgColor="9F79EE" fgColor="FFFFFF" coreType="Extra-Thematic" cBy="KmG" cDate="06/09/2006 03:39:01 PDT Fri" abbrev="" name="Degree" ID="10272">
        <definition>&lt;def-root&gt;The &lt;fen&gt;Degree&lt;/fen&gt; to which the &lt;fen&gt;Cognizer&lt;/fen&gt; wavers. &lt;/def-root&gt;</definition>
    </FE>
    <FE bgColor="90876C" fgColor="FFFFFF" coreType="Extra-Thematic" cBy="KmG" cDate="06/09/2006 03:51:58 PDT Fri" abbrev="" name="Containing_event" ID="10273">
        <definition>&lt;def-root&gt;This FE denotes an event that occurs or state of affairs that holds at a time that includes the time during which the event or state of affairs reported by the target occurs and of which it is taken to be a part.&lt;/def-root&gt;</definition>
    </FE>
    <FE bgColor="FFFF00" fgColor="000000" coreType="Extra-Thematic" cBy="KmG" cDate="06/09/2006 03:55:10 PDT Fri" abbrev="" name="Circumstances" ID="10274">
        <definition>&lt;def-root&gt;Circumstances describe the state of the world (at a particular time and place) which is specifically independent of the event itself and any of its participants. &lt;/def-root&gt;</definition>
    </FE>
    <FEcoreSet>
        <memberFE name="Options" ID="8655"/>
        <memberFE name="Option_2" ID="8664"/>
        <memberFE name="Issue" ID="8661"/>
        <memberFE name="Option_1" ID="8663"/>
    </FEcoreSet>
    <frameRelation type="Inherits from"/>
    <frameRelation type="Is Inherited by"/>
    <frameRelation type="Perspective on"/>
    <frameRelation type="Is Perspectivized in"/>
    <frameRelation type="Uses">
        <relatedFrame ID="352">Choosing</relatedFrame>
    </frameRelation>
    <frameRelation type="Is Used by"/>
    <frameRelation type="Subframe of"/>
    <frameRelation type="Has Subframe(s)"/>
    <frameRelation type="Precedes"/>
    <frameRelation type="Is Preceded by"/>
    <frameRelation type="Is Inchoative of"/>
    <frameRelation type="Is Causative of"/>
    <frameRelation type="See also"/>
    <lexUnit status="Finished_Initial" POS="V" name="waver.v" ID="12505" lemmaID="43590" cBy="JKR" cDate="07/19/2005 09:15:33 PDT Tue">
        <definition>FN: be unable to firmly settle on one of several options</definition>
        <sentenceCount annotated="13" total="138"/>
        <lexeme order="1" headword="false" breakBefore="false" POS="V" name="waver"/>
    </lexUnit>
    <lexUnit status="Finished_Initial" POS="V" name="vacillate.v" ID="12506" lemmaID="42628" cBy="JKR" cDate="07/19/2005 09:17:04 PDT Tue">
        <definition>COD: waver between different opinions or actions.</definition>
        <sentenceCount annotated="6" total="24"/>
        <lexeme order="1" headword="false" breakBefore="false" POS="V" name="vacillate"/>
    </lexUnit>
    <lexUnit status="Finished_Initial" POS="V" name="waffle.v" ID="12507" lemmaID="43311" cBy="JKR" cDate="07/19/2005 09:17:33 PDT Tue">
        <definition>COD:  fail to make up one's mind.</definition>
        <sentenceCount annotated="6" total="36"/>
        <lexeme order="1" headword="false" breakBefore="false" POS="V" name="waffle"/>
    </lexUnit>
    <lexUnit status="Created" POS="V" name="go back and forth.v" ID="12508" lemmaID="50187" cBy="JKR" cDate="07/19/2005 09:27:33 PDT Tue">
        <definition>FN: waver between </definition>
        <sentenceCount annotated="0" total="0"/>
        <lexeme order="1" headword="true" breakBefore="false" POS="V" name="go"/>
        <lexeme order="2" headword="false" breakBefore="false" POS="ADV" name="back"/>
        <lexeme order="3" headword="false" breakBefore="false" POS="C" name="and"/>
        <lexeme order="4" headword="false" breakBefore="false" POS="ADV" name="forth"/>
    </lexUnit>
    <lexUnit status="Insufficient_Attestations" POS="V" name="flip-flop.v" ID="12509" lemmaID="50188" cBy="JKR" cDate="07/19/2005 10:02:31 PDT Tue">
        <definition>COD: make an abrupt reversal of policy.</definition>
        <sentenceCount annotated="0" total="2"/>
        <lexeme order="1" headword="true" breakBefore="false" POS="V" name="flip-flop"/>
    </lexUnit>
    <lexUnit status="Finished_Initial" POS="V" name="dither.v" ID="12874" lemmaID="11264" cBy="Amy" cDate="11/02/2005 03:38:43 PST Wed">
        <definition>COD: be indecisive.</definition>
        <sentenceCount annotated="5" total="70"/>
        <lexeme order="1" headword="false" breakBefore="false" POS="V" name="dither"/>
    </lexUnit>
</frame>