<?xml version="1.0" encoding="UTF-8" standalone="yes"?>
<?xml-stylesheet type="text/xsl" href="frame.xsl"?>
<frame cBy="JKR" cDate="06/21/2005 08:02:43 PDT Tue" name="Withdraw_from_participation" ID="1518" xsi:schemaLocation="../schema/frame.xsd" xmlns="http://framenet.icsi.berkeley.edu" xmlns:xsi="http://www.w3.org/2001/XMLSchema-instance">
    <definition>&lt;def-root&gt;An individual that is scheduled to be a &lt;fen&gt;Participant&lt;/fen&gt;, or already is a &lt;fen&gt;Participant&lt;/fen&gt; in an &lt;fen&gt;Activity&lt;/fen&gt; or an &lt;fen&gt;Organization&lt;/fen&gt;, indicates that  they will no not or no longer participate in that &lt;fen&gt;Activity&lt;/fen&gt; or &lt;fen&gt;Organization&lt;/fen&gt;. Note that the &lt;fen&gt;Organization&lt;/fen&gt; often is one that is constituted by a treaty or agreement.

&lt;ex&gt;&lt;fex name="Participant"&gt;The Moslem contingent&lt;/fex&gt; had &lt;t&gt;withdrawn&lt;/t&gt; &lt;fex name="Activity"&gt;from the EC talks&lt;/fex&gt; &lt;fex name="Time"&gt;on May 27&lt;/fex&gt;.&lt;/ex&gt;

&lt;ex&gt;&lt;fex name="Participant"&gt;The right-wing nationalist Tsomet Party&lt;/fex&gt; formally &lt;t&gt;withdrew&lt;/t&gt; &lt;fex name="Organization"&gt;from the ruling coalition&lt;/fex&gt;.&lt;/ex&gt;
&lt;/def-root&gt;</definition>
    <FE bgColor="FF0000" fgColor="FFFFFF" coreType="Core" cBy="JKR" cDate="06/21/2005 08:02:43 PDT Tue" abbrev="par" name="Participant" ID="8271">
        <definition>&lt;def-root&gt;The individual or individuals that are engaged or are scheduled to be engaged in an &lt;fen&gt;Activity&lt;/fen&gt;.

&lt;ex&gt;Instead, &lt;fex name="par"&gt;he&lt;/fex&gt; was challenged by Neil Gaudry, and &lt;t&gt;withdrew&lt;/t&gt; from the race when it appeared that he would not be victorious.&lt;/ex&gt;&lt;/def-root&gt;</definition>
        <semType name="Sentient" ID="5"/>
    </FE>
    <FE bgColor="0000FF" fgColor="FFFFFF" coreType="Core" cBy="JKR" cDate="06/21/2005 08:02:43 PDT Tue" abbrev="act" name="Activity" ID="8273">
        <definition>&lt;def-root&gt;The event that the Participant is engaged in or was scheduled to be engaged in.


&lt;ex&gt; In any event , in mid-April he &lt;t&gt;withdrew&lt;/t&gt; &lt;fex name="act"&gt;from the contest&lt;/fex&gt;. &lt;/ex&gt;&lt;/def-root&gt;</definition>
        <excludesFE name="Organization" ID="8292"/>
    </FE>
    <FE bgColor="800080" fgColor="FFFFFF" coreType="Extra-Thematic" cBy="JKR" cDate="06/21/2005 08:02:43 PDT Tue" abbrev="exp" name="Explanation" ID="8275">
        <definition>&lt;def-root&gt;The &lt;fen&gt;Explanation&lt;/fen&gt; denotes a proposition from which the withdrawing event  logically follows.

&lt;ex&gt;Washington says it &lt;t&gt;withdrew&lt;/t&gt; from the agreement &lt;fex name="exp"&gt;because Pyongyang admitted to secretly developing nuclear weapons&lt;/fex&gt;.&lt;/ex&gt;&lt;/def-root&gt;</definition>
        <semType name="State_of_affairs" ID="177"/>
    </FE>
    <FE bgColor="008000" fgColor="FFFFFF" coreType="Peripheral" cBy="JKR" cDate="06/21/2005 08:02:43 PDT Tue" abbrev="pla" name="Place" ID="8277">
        <definition>&lt;def-root&gt;This FE identifies the &lt;fen&gt;Place&lt;/fen&gt; where the Participant ends the participation in the Activity.

&lt;/def-root&gt;</definition>
        <semType name="Locative_relation" ID="182"/>
    </FE>
    <FE bgColor="FFA500" fgColor="FFFFFF" coreType="Peripheral" cBy="JKR" cDate="06/21/2005 08:02:43 PDT Tue" abbrev="tim" name="Time" ID="8278">
        <definition>&lt;def-root&gt;This FE identifies the &lt;fen&gt;Time&lt;/fen&gt; when the Participant ends their participation in the Activity.

&lt;/def-root&gt;</definition>
        <semType name="Time" ID="141"/>
    </FE>
    <FE bgColor="9400D3" fgColor="FFFFFF" coreType="Core" cBy="JKR" cDate="06/21/2005 08:42:14 PDT Tue" abbrev="org" name="Organization" ID="8292">
        <definition>&lt;def-root&gt;The &lt;fen&gt;Organization&lt;/fen&gt; is an intentionally formed human social group with some definite structure to which the &lt;fen&gt;Participant&lt;/fen&gt; belongs.


&lt;ex&gt;This led to the decision to &lt;t&gt;withdraw&lt;/t&gt; &lt;fex name="org"&gt;from IMF agreements&lt;/fex&gt; in May 1987 .&lt;/ex&gt;
&lt;/def-root&gt;</definition>
    </FE>
    <FE bgColor="00008B" fgColor="FFFFFF" coreType="Peripheral" cBy="MJE" cDate="12/06/2005 07:39:38 PST Tue" abbrev="pur" name="Purpose" ID="9578">
        <definition>&lt;def-root&gt;The state-of-affairs that the &lt;fen&gt;Participant&lt;/fen&gt; hopes to bring about by withdrawing&lt;/def-root&gt;</definition>
        <semType name="State_of_affairs" ID="177"/>
    </FE>
    <FE bgColor="808080" fgColor="FFFFFF" coreType="Peripheral" cBy="MJE" cDate="12/06/2005 07:44:44 PST Tue" abbrev="mea" name="Means" ID="9580">
        <definition>&lt;def-root&gt;The act done by the &lt;fen&gt;Participant&lt;/fen&gt; that accomplishes their withdrawal.&lt;/def-root&gt;</definition>
        <semType name="State_of_affairs" ID="177"/>
    </FE>
    <FE bgColor="1E90FF" fgColor="FFFFFF" coreType="Peripheral" cBy="MJE" cDate="12/06/2005 07:45:40 PST Tue" abbrev="med" name="Medium" ID="9581">
        <definition>&lt;def-root&gt;The document that the &lt;fen&gt;Participant&lt;/fen&gt; uses to communicate their withdrawal.

&lt;ex&gt;&lt;fex name="med"&gt;In a memorandum dated May 6&lt;/fex&gt;, they withdrew from the NPT.&lt;/ex&gt;&lt;/def-root&gt;</definition>
    </FE>
    <FE bgColor="FF00FF" fgColor="FFFFFF" coreType="Peripheral" cBy="MJE" cDate="12/06/2005 07:58:28 PST Tue" abbrev="man" name="Manner" ID="9582">
        <definition>&lt;def-root&gt;A description of the attitude of the &lt;fen&gt;Participant&lt;/fen&gt; which also affects the character of the withdrawal.

&lt;ex&gt;After that, she &lt;fex name="man"&gt;gladly&lt;/fex&gt; &lt;t&gt;withdrew&lt;/t&gt; from the match.&lt;/ex&gt;&lt;/def-root&gt;</definition>
        <semType name="Manner" ID="173"/>
    </FE>
    <frameRelation type="Inherits from"/>
    <frameRelation type="Is Inherited by"/>
    <frameRelation type="Perspective on"/>
    <frameRelation type="Is Perspectivized in"/>
    <frameRelation type="Uses">
        <relatedFrame ID="1144">Participation</relatedFrame>
    </frameRelation>
    <frameRelation type="Is Used by"/>
    <frameRelation type="Subframe of"/>
    <frameRelation type="Has Subframe(s)"/>
    <frameRelation type="Precedes"/>
    <frameRelation type="Is Preceded by"/>
    <frameRelation type="Is Inchoative of"/>
    <frameRelation type="Is Causative of"/>
    <frameRelation type="See also"/>
    <lexUnit status="Finished_Initial" POS="V" name="withdraw.v" ID="12297" lemmaID="44321" cBy="JKR" cDate="06/21/2005 08:26:55 PDT Tue">
        <definition>COD: cease to participate in an activity or be a member of a team or organization.</definition>
        <sentenceCount annotated="28" total="252"/>
        <lexeme order="1" headword="false" breakBefore="false" POS="V" name="withdraw"/>
    </lexUnit>
    <lexUnit status="Finished_Initial" POS="N" name="withdrawal.n" ID="12298" lemmaID="44322" cBy="JKR" cDate="06/21/2005 08:32:22 PDT Tue">
        <definition>FN: the act of ending participation in an activity or being a member of a team or organization</definition>
        <sentenceCount annotated="31" total="230"/>
        <lexeme order="1" headword="false" breakBefore="false" POS="N" name="withdrawal"/>
    </lexUnit>
    <lexUnit status="Finished_Initial" POS="V" name="pull out.v" ID="12346" lemmaID="50114" cBy="JKR" cDate="06/27/2005 12:32:52 PDT Mon">
        <definition>COD: withdraw from an undertaking.</definition>
        <sentenceCount annotated="20" total="180"/>
        <lexeme order="1" headword="true" breakBefore="false" POS="V" name="pull"/>
        <lexeme order="2" headword="false" breakBefore="false" POS="ADV" name="out"/>
    </lexUnit>
    <lexUnit status="Finished_Initial" POS="N" name="pull-out.n" ID="12348" lemmaID="31115" cBy="JKR" cDate="06/27/2005 04:01:59 PDT Mon">
        <definition>FN: withdrawal from an undertaking.</definition>
        <sentenceCount annotated="6" total="61"/>
        <lexeme order="1" headword="false" breakBefore="false" POS="N" name="pull-out"/>
    </lexUnit>
    <lexUnit status="Created" POS="V" name="beg off.v" ID="13459" lemmaID="50414" cBy="RLG" cDate="08/14/2006 03:21:12 PDT Mon">
        <definition>COD: withdraw from a promise or undertaking.</definition>
        <sentenceCount annotated="0" total="0"/>
        <lexeme order="1" headword="true" breakBefore="false" POS="V" name="beg"/>
        <lexeme order="2" headword="false" breakBefore="false" POS="ADV" name="off"/>
    </lexUnit>
</frame>